Symbol,Description,FinancialInstrument,Sector,AvgWeight,Return,Contribution,Unrealized_P&L,Realized_P&L,Open
CONTRA REGS HUNT OIL C D06/01/18 06.375% JD28 - CO,CONTRA REGS HUNT OIL C D06/01/18 06.375% JD28 - CONSENT SOLI,Bonds,Unclassified,0.227543504,39900.000001593,-0.002777461,0.00,0.00,No
CREAL 7 1/4 07/20/23 7AA4,CREAL 7 1/4 07/20/23,Bonds,Financials,3.833016262,-90.757976243,-7.91493481,0.00,0.00,No
CYH 6 7/8 04/01/28 7AP3,CYH 6 7/8 04/01/28,Bonds,Healthcare,1.80704035,-6.847393772,-0.152121599,0.00,-931.22,No
DAVIVI 5 7/8 07/09/22,DAVIVI 5 7/8 07/09/22,Bonds,Financials,10.524943803,-1.180098625,-0.007884013,0.00,"-1,592.37",No
GNBSUD 7 1/2 04/16/31,GNBSUD 7 1/2 04/16/31,Bonds,Financials,12.077897554,-26.076762241,-3.739780447,0.00,0.00,No
GNBSUD 7 1/2 07/30/22 VAA0,GNBSUD 7 1/2 07/30/22,Bonds,Financials,12.09775842,3.591285327,0.621876866,0.00,"-1,391.10",No
HNTOIL 6 3/8 06/01/28,HNTOIL 6 3/8 06/01/28,Bonds,Energy,9.38234771,4.439047559,0.412986364,0.00,0.00,No
NAVI 5 1/2 03/15/30,NAVI 5 1/2 03/15/30,Bonds,Financials,2.87598875,2.892139633,0.081876575,0.00,149.25,No
NAVI 6.35 09/15/31,NAVI 6.35 09/15/31,Bonds,Financials,2.507459522,-0.542150806,-0.013516998,0.00,-162.55,No
PEMEX 4 7/8 01/24/22 QBB7,PEMEX 4 7/8 01/24/22,Bonds,Energy,5.128110066,-2.37179092,-0.124964482,0.00,-221.35,No
PEMEX 6.84 01/23/30 QDC3,PEMEX 6.84 01/23/30,Bonds,Energy,2.613509871,3.436250136,0.088725687,0.00,266.25,No
RAGHSA 7 1/4 03/21/24,RAGHSA 7 1/4 03/21/24,Bonds,Real Estate,0.979853662,2.368566013,0.023465352,0.00,-48.75,No
RITM 6 1/4 10/15/25,RITM 6 1/4 10/15/25,Bonds,Real Estate,5.766943301,0.681953279,0.098895172,0.00,-337.55,No
Total Bonds,,,,38.721636671,-27.571622323,-10.460761905,0.00,"-4,269.39"
2828,HANGSENG CHINA ENT INDEX,ETFs,Broad,13.508175225,23.026407678,4.223257925,0.00,"5,131.73",No
BND,VANGUARD TOTAL BOND MARKET,ETFs,Broad,2.705721252,6.033528439,0.136524944,0.00,401.11,No
CEFD,ETRACS 150% CL END FUND ETN,ETFs,Financials,3.699233835,23.723612151,0.923261958,0.00,-52.68,No
ECH,ISHARES MSCI CHILE ETF,ETFs,Broad,0.625596857,10.140256854,0.061394243,0.00,243.97,No
EWZ,ISHARES MSCI BRAZIL ETF,ETFs,Broad,2.107789603,8.183079977,0.410337213,0.00,"1,610.23",No
FLBL,FRANKLIN SENIOR LOAN ETF,ETFs,Broad,22.761844512,-1.077759225,-0.252302994,"-1,376.87",-262.15,Yes
GLD,SPDR GOLD SHARES,ETFs,Basic Materials,33.583694307,-0.050829196,-0.017070322,0.00,-43.69,No
IAU,ISHARES GOLD TRUST,ETFs,Basic Materials,2.26625538,-2.966684034,-0.067794129,0.00,0.00,No
JEPI,JPMORGAN EQUITY PREMIUM INCO,ETFs,Broad,5.807863396,-0.594656919,-0.030917281,0.00,-352.94,No
JETS,US GLOBAL JETS ETF,ETFs,Industrials,1.369436442,7.371959143,0.096404996,0.00,368.69,No
KWEB,KRANESH CSI CHINA INTERNET,ETFs,Technology,0.63986974,14.889988111,0.106939385,0.00,375.97,No
LABU.OLD,DRX DLY S&P BIOTECH BULL 3X,ETFs,Broad,2.895721003,-32.297246375,-0.661561748,0.00,"-2,459.00",No
MJ,ETFMG ALTERNATIVE HARVEST,ETFs,Broad,0.41478302,-19.900381328,-0.089825684,0.00,-336.59,No
PCY,INVESCO EMERGING MARKETS SOV,ETFs,Broad,4.736175573,-6.5275171,0.058611836,0.00,-350.84,No
PFFD,GLOBAL X US PREFERRED ETF,ETFs,Broad,0.611182743,-5.760411027,-0.031297333,0.00,-160.98,No
PPLT,ABRDN PHYSICAL PLATINUM SHRS,ETFs,Basic Materials,0.493062685,0.959608659,0.014910903,0.00,17.56,No
QYLD,GLOBAL X NASD 100 COV CALL,ETFs,Broad,9.059693438,22.378898239,3.121407946,0.00,"7,005.29",No
RYLD,GLOBAL X RUSSELL 2000 COV CL,ETFs,Broad,5.345601189,2.888213853,0.62618635,354.90,-142.99,Yes
SDIV,GLOBAL X SUPERDIVIDEND ETF,ETFs,Broad,7.300820673,23.233285837,1.840386687,0.00,716.75,No
SHV,ISHARES 0-1 YEAR TREASURY BO,ETFs,Government,12.413273779,0.657466709,0.100120422,0.00,68.59,No
SHY,ISHARES 1-3 YEAR TREASURY BO,ETFs,Government,3.146515179,-1.444771847,-0.040079648,0.00,0.00,No
SLV,ISHARES SILVER TRUST,ETFs,Basic Materials,0.796827926,28.842939199,0.242760872,0.00,846.04,No
TBF,PROSHARES SHORT 20+ TREASURY,ETFs,Broad,0.526666472,6.345648036,0.031524439,0.00,118.44,No
TLT,ISHARES 20+ YEAR TREASURY BD,ETFs,Government,3.225570923,-8.961979308,0.101464432,0.00,-182.74,No
TLTW,ISHARES 20+ BOND BUYWRITE,ETFs,Broad,14.551354103,-0.102555698,-0.013256671,-35.06,0.00,Yes
TMF,DRX DLY 20+ YR TREAS BULL 3X,ETFs,Broad,1.813010558,17.889279699,0.421338405,0.00,"-2,537.56",No
TMF.OLD,DRX DLY 20+ YR TREAS BULL 3X,ETFs,Broad,3.25627457,-24.517718765,-1.191948484,0.00,205.85,No
TMV,DRX DLY 20+ YR TREAS BEAR 3X,ETFs,Broad,0.40170128,16.290224162,0.062277643,0.00,235.03,No
TOTL,SS DOUBLELINE TR TACT ETF,ETFs,Broad,2.249128442,-0.042619479,0.03945242,0.00,9.78,No
TYD,DRX DLY 7-10 Y TREAS BULL 3X,ETFs,Broad,4.784822831,-11.322464946,-0.53715567,0.00,"-1,715.64",No
URA,GLOBAL X URANIUM ETF,ETFs,Energy,1.024644757,6.357837085,0.071353982,0.00,258.57,No
WIP,SPDR FTSE INTERNATIONAL GOVE,ETFs,Broad,3.017839993,9.944269732,0.311091045,0.00,941.60,No
Total ETFs,,,,31.790184898,25.171576652,10.182130853,"-1,057.03","9,957.43"
ABNB  260116C00140000,ABNB 16JAN26 140 C,Options,Technology,0.486356942,-25.034457198,-0.130953007,0.00,-367.39,No
AMT   220318C00250000,AMT 18MAR22 250.0 C,Options,Real Estate,0.02710489,15.587605365,0.006159177,0.00,22.65,No
AMZN  230113C00093000,AMZN 13JAN23 93 C,Options,Consumer Cyclicals,0.068554202,135.354290575,0.063000398,0.00,222.68,No
AMZN  240119C00100000,AMZN 19JAN24 100 C,Options,Consumer Cyclicals,0.297401043,-13.285535265,-0.039455656,0.00,-136.26,No
AMZN  240119C00110000,AMZN 19JAN24 110 C,Options,Consumer Cyclicals,0.266167197,26.051910962,0.067022666,0.00,233.33,No
AMZN  250117C00080000,AMZN 17JAN25 80 C,Options,Consumer Cyclicals,0.735149649,21.751399989,0.151118613,0.00,528.69,No
BA    220408C00180000,BA 08APR22 180.0 C,Options,Industrials,0.030970143,-100,-0.050465867,0.00,-190.05,No
BA    230120C00150000,BA 20JAN23 150 C,Options,Industrials,0.592332845,-30.397775468,-0.079214353,0.00,-289.67,No
BA    240517C00220000,BA 17MAY24 220 C,Options,Industrials,0.044440184,-101.586626754,-0.205211248,0.00,-563.40,No
BABA  221216C00100000,BABA 16DEC22 100 C,Options,Technology,0.058670244,-100,-0.206405391,0.00,-692.84,No
BABA  240315C00070000,BABA 15MAR24 70 C,Options,Technology,0.214221739,30.466227193,0.082864024,0.00,214.65,No
BABA  240517C00090000,BABA 17MAY24 90 C,Options,Technology,0.097813553,-85.810507369,-0.14181157,0.00,-379.49,No
BABA1 250620C00080000,BABA1 20JUN25 80 C,Options,Technology,2.231015923,22.563145171,0.629609539,0.00,"1,505.47",No
BABA1 260116C00100000,BABA1 16JAN26 100 C,Options,Technology,2.470520899,-29.29259047,-0.97694731,0.00,"-2,576.94",No
BABA2 260116C00100000,BABA2 16JAN26 100 C,Options,Technology,2.555687532,18.96197585,0.096281568,0.00,217.00,No
BAC   250117C00028000,BAC 17JAN25 28 C,Options,Financials,0.339230636,17.530614076,0.055086034,0.00,156.53,No
BIDU  250620C00090000,BIDU 20JUN25 90 C,Options,Technology,1.005239092,-41.635303628,-0.731100788,0.00,"-1,985.79",No
BLOK  220520C00030000,BLOK 20MAY22 30.0 C,Options,Technology,0.111063221,94.695878124,0.075368552,0.00,274.81,No
BMY   250117C00065000,BMY 17JAN25 65 C,Options,Healthcare,0.144810579,-84.709423552,-0.238394375,0.00,-621.64,No
BMY   260116C00045000,BMY 16JAN26 45 C,Options,Healthcare,0.552815619,42.54812978,0.32978274,0.00,836.53,No
BOIL  230217C00006500,BOIL 17FEB23 6.5 C,Options,Basic Materials,0.012711683,-100,-0.021431245,0.00,-78.20,No
C     220617C00052500,C 17JUN22 52.5 C,Options,Financials,0.043655566,0.13950644,0.001017506,0.00,0.37,No
C     220617C00055000,C 17JUN22 55 C,Options,Financials,0.04539863,-10.911952843,-0.005063198,0.00,-19.10,No
C     240119C00045000,C 19JAN24 45 C,Options,Financials,0.242416466,51.720881569,0.114618051,0.00,395.17,No
C     240119C00050000,C 19JAN24 50 C,Options,Financials,0.170940097,17.496374314,0.038422825,0.00,123.48,No
C     250117C00045000,C 17JAN25 45 C,Options,Financials,0.222704557,16.164664481,0.048994362,0.00,126.99,No
CAT   220318C00210000,CAT 18MAR22 210.0 C,Options,Industrials,0.062121924,14.813396675,0.017553251,0.00,57.93,No
CS    230120C00003900,CS 20JAN23 3.9 C,Options,Financials,0.075313153,4.410822643,0.000249622,0.00,0.34,No
CVS   260116C00050000,CVS 16JAN26 50 C,Options,Healthcare,0.926889558,27.244473215,0.242462499,0.00,690.62,No
DIS   220520C00130000,DIS 20MAY22 130.0 C,Options,Telecomm,0.020603313,-100,-0.070234049,0.00,-260.05,No
ENPH  240426C00135000,ENPH 26APR24 135 C,Options,Energy,0.068602001,-106.00503624,-0.075130185,0.00,-190.59,No
ERIC  250117C00005000,ERIC 17JAN25 5 C,Options,Technology,0.041693297,-37.317528195,-0.017896512,0.00,-63.55,No
EWZ   240119C00020000,EWZ 19JAN24 20 C,Options,Broad,0.639557984,33.513068758,0.426493537,0.00,"1,522.25",No
EWZ   240119C00025000,EWZ 19JAN24 25 C,Options,Broad,0.414626206,43.259981568,0.207687898,0.00,748.79,No
EWZ   240119C00028000,EWZ 19JAN24 28 C,Options,Broad,0.36225527,33.023127628,0.292569786,0.00,"1,045.19",No
EWZ   240621C00030000,EWZ 21JUN24 30 C,Options,Broad,0.182596085,-101.465289967,-0.394504691,0.00,"-1,054.92",No
EWZ   260116C00027000,EWZ 16JAN26 27 C,Options,Broad,0.292662902,11.99077668,0.044213357,0.00,111.77,No
EXPE  230616C00110000,EXPE 16JUN23 110 C,Options,Consumer Cyclicals,0.065501562,-73.153714321,-0.056559755,0.00,-188.28,No
FCX   250221C00049000,FCX 21FEB25 49 C,Options,Basic Materials,-1.51209181,88.380274773,-1.154176386,0.00,"-3,214.56",No
FCX   250221P00043000,FCX 21FEB25 43 P,Options,Basic Materials,2.036365731,-47.588021322,-1.13463897,0.00,"-3,163.51",No
FCX   260116C00035000,FCX 16JAN26 35 C,Options,Basic Materials,0.257265412,47.499578771,0.111833736,0.00,309.96,No
FRC   230317C00050000,FRC 17MAR23 50 C,Options,Financials,0.079278343,-49.83731691,-0.039510468,0.00,-137.20,No
GOLD  240119C00013000,GOLD 19JAN24 13 C,Options,Basic Materials,0.115721477,-6.08564015,-0.006186078,0.00,-29.56,No
GOLD  240119C00015000,GOLD 19JAN24 15 C,Options,Basic Materials,0.190892323,-32.239728122,-0.099397006,0.00,-370.94,No
GOLD  250117C00015000,GOLD 17JAN25 15 C,Options,Basic Materials,0.312509067,60.062090948,0.169755543,0.00,464.03,No
GOOGL 230113C00092000,GOOGL 13JAN23 92 C,Options,Telecomm,0.028738132,15.111336967,0.0033654,0.00,11.34,No
GOOGL 240119C00090000,GOOGL 19JAN24 90 C,Options,Telecomm,0.378394106,16.32775944,0.058801081,0.00,205.90,No
GOOGL 240119C00100000,GOOGL 19JAN24 100 C,Options,Telecomm,0.67931575,16.046583645,0.111645139,0.00,391.58,No
GOOGL 250117C00110000,GOOGL 17JAN25 110 C,Options,Telecomm,0.379174855,22.200446625,0.089870388,0.00,308.73,No
HAS   230317C00060000,HAS 17MAR23 60 C,Options,Consumer Cyclicals,0.028297236,-100,-0.08275273,0.00,-295.30,No
INTC  220617C00045000,INTC 17JUN22 45 C,Options,Technology,0.113774585,169.701451791,0.114333528,0.00,422.36,No
INTC  220715C00045000,INTC 15JUL22 45 C,Options,Technology,0.061195194,35.225986735,0.019198811,0.00,71.38,No
INTC  220819C00040000,INTC 19AUG22 40 C,Options,Technology,0.034567237,-11.599714996,-0.005915378,0.00,-26.11,No
INTC  240119C00025000,INTC 19JAN24 25 C,Options,Technology,0.217918779,-65.367791791,-0.228692907,0.00,-810.43,No
INTC  240119C00030000,INTC 19JAN24 30 C,Options,Technology,0.14135283,-73.608022617,-0.186426566,0.00,-659.25,No
JD    220311P00055000,JD 11MAR22 55.0 P,Options,Consumer Cyclicals,0.016510968,-60.052966724,-0.009709565,0.00,-35.28,No
JD    220318C00065000,JD 18MAR22 65.0 C,Options,Consumer Cyclicals,0.024774377,-72.598447167,-0.039143868,0.00,-145.74,No
JD    220401C00062000,JD 01APR22 62.0 C,Options,Consumer Cyclicals,0.076138399,84.430958415,0.066976089,0.00,251.10,No
JD    220408C00060000,JD 08APR22 60.0 C,Options,Consumer Cyclicals,0.035510395,94.518295104,0.034500522,0.00,130.20,No
JD    220408C00064000,JD 08APR22 64.0 C,Options,Consumer Cyclicals,0.023900421,-100,-0.063995461,0.00,-241.05,No
JD    250117C00040000,JD 17JAN25 40 C,Options,Consumer Cyclicals,0.335642983,-11.689918922,0.081063525,0.00,172.99,No
JETS  220617C00020860,JETS 17JUN22 20.86 C,Options,Industrials,0.041225879,29.670943572,0.013957419,0.00,48.27,No
JETS  230120C00016860,JETS 20JAN23 16.86 C,Options,Industrials,0.062295383,-1.457556578,-0.000850379,0.00,-3.11,No
KMB   270115C00130000,KMB 15JAN27 130 C,Options,Consumer Non-Cyc,0.492918611,-49.267717138,-0.307354539,0.00,-745.00,No
KOLD  220520C00011000,KOLD 20MAY22 11.0 C,Options,Basic Materials,0.017826147,-100,-0.050624073,0.00,-188.25,No
KWEB  220617C00040000,KWEB 17JUN22 40 C,Options,Technology,0.036370346,61.896525046,0.018575319,0.00,67.27,No
KWEB  230519C00030000,KWEB 19MAY23 30 C,Options,Technology,0.155806716,57.388807936,0.097403534,0.00,338.90,No
KWEB  240119C00017420,KWEB 19JAN24 17.42 C,Options,Technology,0.375671301,7.342287693,0.037222742,0.00,118.26,No
KWEB  250117C00020000,KWEB 17JAN25 20 C,Options,Technology,0.828092068,118.636453403,0.700641556,0.00,"2,273.34",No
LABU  220422C00014500,LABU 22APR22 14.5 C,Options,Broad,0.048099379,-100,-0.140008677,0.00,-527.55,No
LABU  220422C00015000,LABU 22APR22 15.0 C,Options,Broad,0.075520094,-1.09470946,-0.000826726,0.00,-3.10,No
LABU  230120C00009000,LABU 20JAN23 9 C,Options,Broad,0.503898046,-1.108646075,0.021479503,0.00,-36.58,No
LABU  230120C00010000,LABU 20JAN23 10 C,Options,Broad,0.774926026,5.587218235,0.041759113,0.00,153.48,No
LVS   220617C00040000,LVS 17JUN22 40 C,Options,Consumer Cyclicals,0.059757188,161.146084174,0.064223416,0.00,233.26,No
LVS   260320C00035000,LVS 20MAR26 35 C,Options,Consumer Cyclicals,0.788185369,-35.809973556,-0.300588233,0.00,-851.17,No
NEM   240119C00035000,NEM 19JAN24 35 C,Options,Basic Materials,0.356900084,7.865034644,0.043890507,0.00,108.60,No
NEM   240426C00038000,NEM 26APR24 38 C,Options,Basic Materials,0.094089807,215.57535764,0.214563159,0.00,544.51,No
NEM   250117C00040000,NEM 17JAN25 40 C,Options,Basic Materials,0.567020004,19.200930925,0.116669157,0.00,311.77,No
NET   230210C00067000,NET 10FEB23 67 C,Options,Technology,0.035170595,-97.234998762,-0.038682777,0.00,-138.85,No
NET   230210P00053000,NET 10FEB23 53 P,Options,Technology,0.042821285,-100.035273374,-0.040733073,0.00,-146.09,No
NFLX  240119C00200000,NFLX 19JAN24 200 C,Options,Telecomm,1.335640139,10.694272347,0.149601916,0.00,508.09,No
NKE   250321C00100000,NKE 21MAR25 100 C,Options,Consumer Cyclicals,-0.362268882,-33.607335051,0.15072455,0.00,430.80,No
NKE   250321P00082500,NKE 21MAR25 82.5 P,Options,Consumer Cyclicals,2.132384026,41.272291326,0.769334588,0.00,"2,167.65",No
NKE   270115C00070000,NKE 15JAN27 70 C,Options,Consumer Cyclicals,0.45170975,8.980350684,0.128657893,0.00,144.39,No
NVDA  240216P00480000,NVDA 16FEB24 480 P,Options,Technology,0.039943132,-100,-0.172356224,0.00,-467.80,No
NVDS1 231215C00010000,NVDS1 15DEC23 10 C,Options,Broad,0.037017734,6.585495571,0.002461648,0.00,6.60,No
OUST1 240119C00002500,OUST1 19JAN24 2.5 C,Options,Technology,0.027725442,33.045855443,0.008533726,0.00,30.75,No
PFE   260116C00020000,PFE 16JAN26 20 C,Options,Healthcare,1.299316397,28.762752899,0.326244791,0.00,836.35,No
PFE   260618C00030000,PFE 18JUN26 30 C,Options,Healthcare,0.254993907,-77.347149632,-0.289667917,0.00,-794.55,No
PLTR  230120C00012500,PLTR 20JAN23 12.5 C,Options,Technology,0.023876958,-90.428246258,-0.049107091,0.00,-180.90,No
PYPL  220204C00170000,PYPL 04FEB22 170.0 C,Options,Financials,0.078628429,111.657360917,0.068886638,0.00,263.22,No
PYPL  220325C00118000,PYPL 25MAR22 118.0 C,Options,Financials,0.1067514,-39.592032793,-0.065267493,0.00,-245.94,No
PYPL  240119C00080000,PYPL 19JAN24 80 C,Options,Financials,0.576248015,19.457595427,0.133085553,0.00,428.27,No
PYPL  240119C00090000,PYPL 19JAN24 90 C,Options,Financials,0.542507982,-0.624203778,0.0002037,0.00,-13.55,No
PYPL  240119C00100000,PYPL 19JAN24 100 C,Options,Financials,0.461654479,-76.308214305,-0.333788691,0.00,"-1,202.31",No
PYPL  240119C00120000,PYPL 19JAN24 120 C,Options,Financials,0.916466792,-11.342718261,0.163938817,0.00,541.97,No
PYPL  251219C00070000,PYPL 19DEC25 70 C,Options,Financials,1.691118883,-9.191270058,-0.138323199,0.00,-307.08,No
PYPL  261218C00060000,PYPL 18DEC26 60 C,Options,Financials,0.773897361,-2.572732219,-0.021857826,0.00,-65.41,No
QCOM  240621C00125000,QCOM 21JUN24 125 C,Options,Technology,0.411381889,52.955408985,0.166931162,0.00,453.32,No
QQQ   240920P00419780,QQQ 20SEP24 419.78 P,Options,Broad,0.329966333,-100,-0.958964777,0.00,"-2,562.79",No
SCHW  230421C00051000,SCHW 21APR23 51 C,Options,Financials,0.317404035,40.49324776,0.126185177,0.00,446.33,No
SCHW  250117C00050000,SCHW 17JAN25 50 C,Options,Financials,0.456822065,41.976061887,0.133658615,0.00,413.73,No
SCHW  250117C00055000,SCHW 17JAN25 55 C,Options,Financials,0.356718985,53.191908336,0.240645479,0.00,621.31,No
SKLZ1 240119C00002500,SKLZ1 19JAN24 2.5 C,Options,Technology,0.043301897,53.501877042,0.020420828,0.00,74.77,No
SLV   220617C00020000,SLV 17JUN22 20 C,Options,Basic Materials,0.052561574,-74.438652845,-0.079642302,0.00,-294.11,No
SOFI  220805C00006000,SOFI 05AUG22 6 C,Options,Financials,0.021619802,128.834642679,0.028803015,0.00,102.44,No
SOXS  220610C00045500,SOXS 10JUN22 45.5 C,Options,Broad,0.049947171,109.762002616,0.045173289,0.00,166.89,No
SOXS  220610P00044500,SOXS 10JUN22 44.5 P,Options,Broad,0.035048967,-15.620226149,-0.005474728,0.00,-20.35,No
SPY   220527P00400000,SPY 27MAY22 400.0 P,Options,Broad,0.020991327,-97.978012726,-0.021828908,0.00,-79.40,No
SPY   220610P00409000,SPY 10JUN22 409.0 P,Options,Broad,0.056670258,139.372099944,0.078982529,0.00,293.63,No
SPY   220617P00370000,SPY 17JUN22 370 P,Options,Broad,0.122401849,8.310583595,0.01099935,0.00,42.89,No
SPY   220622P00360000,SPY 22JUN22 360 P,Options,Broad,0.061235443,-100.118846871,-0.08537328,0.00,-304.41,No
SPY   220629P00380000,SPY 29JUN22 380 P,Options,Broad,0.044493784,-10.502193168,-0.006374081,0.00,-25.11,No
SPY   220701C00400000,SPY 01JUL22 400 C,Options,Broad,0.011470967,-100,-0.036749858,0.00,-130.68,No
SPY   220819P00400000,SPY 19AUG22 400 P,Options,Broad,0.042142061,-100,-0.100964308,0.00,-361.04,No
SPY   221014P00357000,SPY 14OCT22 357 P,Options,Broad,0.010411245,-100,-0.01583899,0.00,-50.80,No
SPY   230112P00385000,SPY 12JAN23 385 P,Options,Broad,0.016892529,-100,-0.032647878,0.00,-115.79,No
SPY   230310C00395000,SPY 10MAR23 395 C,Options,Broad,0.077725024,-67.857971579,-0.056625901,0.00,-198.40,No
SPY   230317C00393000,SPY 17MAR23 393 C,Options,Broad,0.068233397,-44.332764357,-0.024671004,0.00,-85.72,No
SPY   241220C00350000,SPY 20DEC24 350 C,Options,Broad,2.244051741,14.099329377,0.299554869,0.00,"1,043.45",No
SPY   241220C00380000,SPY 20DEC24 380 C,Options,Broad,1.647426643,7.506969189,0.134064556,0.00,468.49,No
SQ    220225C00115000,SQ 25FEB22 115.0 C,Options,Industrials,0.051116098,10.403275568,0.00754447,0.00,28.20,No
SQ    230616C00110000,SQ 16JUN23 110 C,Options,Industrials,0.56081602,39.281917202,0.237354401,0.00,888.18,No
SQ    240119C00100000,SQ 19JAN24 100 C,Options,Industrials,0.561150611,8.558713063,0.057075604,0.00,200.31,No
STLA  270115C00010000,STLA 15JAN27 10 C,Options,Consumer Cyclicals,1.337894561,6.224790498,0.07196504,0.00,187.79,No
TAN   220414C00070000,TAN 14APR22 70.0 C,Options,Energy,0.05739865,58.809391758,0.031079358,0.00,117.80,No
TDOC  220325C00070000,TDOC 25MAR22 70.0 C,Options,Healthcare,0.05089515,-24.600557511,-0.014832432,0.00,-56.10,No
TDOC  240119C00030000,TDOC 19JAN24 30 C,Options,Healthcare,0.370534446,22.358196714,0.076716144,0.00,268.47,No
TDOC  240119C00060000,TDOC 19JAN24 60 C,Options,Healthcare,0.562727761,22.961313414,0.14207014,0.00,513.89,No
TLT   241122C00090000,TLT 22NOV24 90 C,Options,Government,0.027904824,14.920272038,0.00447173,0.00,12.41,No
TLT   241220C00090000,TLT 20DEC24 90 C,Options,Government,0.062948369,33.406385679,0.02190895,0.00,60.65,No
TLT   250117C00060000,TLT 17JAN25 60 C,Options,Government,3.673847615,18.876076698,0.542049104,0.00,"1,250.46",No
TLT   250307C00090000,TLT 07MAR25 90 C,Options,Government,0.124624272,-6.256695143,-0.007797361,0.00,-22.26,No
TLT   260116C00060000,TLT 16JAN26 60 C,Options,Government,1.266915646,31.107909775,0.368987879,0.00,919.98,No
TLT   260116C00070000,TLT 16JAN26 70 C,Options,Government,0.936071526,36.163814711,0.312627171,0.00,774.76,No
TLT   260116C00080000,TLT 16JAN26 80 C,Options,Government,2.579577438,20.944415791,0.527858837,0.00,"1,402.88",No
TLT   260116C00090000,TLT 16JAN26 90 C,Options,Government,2.934445388,16.791509687,0.799844352,0.00,"2,121.98",No
TLT   270115C00080000,TLT 15JAN27 80 C,Options,Government,1.844175347,-52.032490683,-1.350615846,"-3,621.96",0.00,Yes
TLT   270115C00090000,TLT 15JAN27 90 C,Options,Government,1.383920452,-65.013208343,-1.295126416,"-3,949.14",702.01,Yes
TSLA  221104C00240000,TSLA 04NOV22 240 C,Options,Consumer Cyclicals,0.018403397,-100,-0.061404507,0.00,-197.06,No
TSLA  221104P00200000,TSLA 04NOV22 200 P,Options,Consumer Cyclicals,0.050605485,53.983325084,0.029552697,0.00,92.81,No
TWTR  240119C00040000,TWTR JAN24 40 C,Options,Telecomm,0.348405343,-2.079381469,0.072364614,0.00,253.05,No
UAL   250620C00045000,UAL 20JUN25 45 C,Options,Industrials,0.545802432,123.563963466,0.511793613,0.00,"1,401.11",No
USB   230428C00035000,USB 28APR23 35 C,Options,Financials,0.044432843,-100,-0.120499236,0.00,-424.65,No
USB   250117C00035000,USB 17JAN25 35 C,Options,Financials,0.170310666,2.567472627,0.023428441,0.00,14.64,No
UVXY  220211C00014000,UVXY 11FEB22 14.0 C,Options,Broad,0.025781644,-37.34884824,-0.010569307,0.00,-41.10,No
UVXY  220218C00015000,UVXY 18FEB22 15.0 C,Options,Broad,0.049418816,24.56695483,0.004412307,0.00,17.23,No
UVXY  220225C00016000,UVXY 25FEB22 16.0 C,Options,Broad,0.054837419,84.104245569,0.045180995,0.00,168.74,No
UVXY  220304C00017000,UVXY 04MAR22 17.0 C,Options,Broad,0.05108479,-20.896239952,-0.012229436,0.00,-44.10,No
UVXY  220311C00018000,UVXY 11MAR22 18.0 C,Options,Broad,0.081925539,10.529255161,0.004701629,0.00,20.96,No
UVXY  220318C00020000,UVXY 18MAR22 20.0 C,Options,Broad,0.038913211,-99.849009153,-0.058437436,0.00,-210.73,No
UVXY  220325C00015000,UVXY 25MAR22 15.0 C,Options,Broad,0.031671124,-100,-0.061457758,0.00,-229.40,No
UVXY  220401C00013000,UVXY 01APR22 13.0 C,Options,Broad,0.031970868,-100,-0.058997184,0.00,-221.40,No
UVXY  220422C00012000,UVXY 22APR22 12.0 C,Options,Broad,0.034977148,-60.712403193,-0.025413441,0.00,-95.73,No
UVXY  220429C00012000,UVXY 29APR22 12.0 C,Options,Broad,0.053927213,287.081973606,0.082818291,0.00,310.02,No
UVXY  220708C00013000,UVXY 08JUL22 13 C,Options,Broad,0.029627298,-100,-0.030808678,0.00,-107.05,No
V     220916C00205000,V 16SEP22 205 C,Options,Industrials,0.052888687,-66.281375301,-0.05026414,0.00,-171.50,No
VALE  240119C00010000,VALE 19JAN24 10 C,Options,Basic Materials,0.292081537,27.251678572,0.075360721,0.00,221.24,No
VALE  240119C00013000,VALE 19JAN24 13 C,Options,Basic Materials,0.322976436,23.445140535,0.06991489,0.00,241.72,No
VALE  250117C00015000,VALE 17JAN25 15 C,Options,Basic Materials,0.281722918,21.219341098,0.072732495,0.00,201.05,No
VZ    240119C00040000,VZ 19JAN24 40 C,Options,Technology,0.107220207,-59.324136086,-0.120919014,0.00,-412.68,No
WBA   240328C00021500,WBA 28MAR24 21.5 C,Options,Consumer Non-Cyc,0.112460888,-100,-0.152903414,0.00,0.00,No
XOM   220318P00075000,XOM 18MAR22 75.0 P,Options,Energy,0.038723042,37.281520287,0.016496923,0.00,61.75,No
XOM   220715P00085000,XOM 15JUL22 85 P,Options,Energy,0.06435532,122.187821153,0.059231652,0.00,206.19,No
XOM   240119P00090000,XOM 19JAN24 90 P,Options,Energy,0.320073633,37.904941616,0.103759733,0.00,379.29,No
XP    221021C00019000,XP 21OCT22 19 C,Options,Financials,0.054869756,22.19858638,0.012289654,0.00,41.74,No
XP    221021C00020000,XP 21OCT22 20 C,Options,Financials,0.027521093,73.313337688,0.023621502,0.00,75.70,No
XYZ   270115C00070000,XYZ 15JAN27 70 C,Options,Industrials,0.594445064,18.31972874,0.194376457,0.00,325.64,No
YINN1 230120C00007000,YINN1 20JAN23 7 C,Options,Broad,0.00784354,-100,-0.040886979,0.00,-150.05,No
YUMC  250117C00042500,YUMC 17JAN25 42.5 C,Options,Consumer Cyclicals,0.333311928,-50.739188472,-0.188790552,0.00,-509.60,No
Total Options,,,,4.756626178,-100,-0.726735505,"-7,571.11","7,114.07"
ABEV,AMBEV SA-ADR,Stocks,Consumer Non-Cyc,1.231270628,17.870864516,0.24004674,0.00,879.17,No
AI,C3.AI INC-A,Stocks,Technology,0.255934747,11.883043819,0.032050956,0.00,116.04,No
AKO B,EMBOTELLADORA ANDINA-ADR B,Stocks,Consumer Non-Cyc,1.364610202,22.017619132,0.264044473,0.00,"1,036.98",No
AMZN,AMAZON.COM INC,Stocks,Consumer Cyclicals,1.256939714,-13.372085679,-0.171984264,0.00,-601.48,No
AVAL,GRUPO AVAL ACCIONES Y VALORE,Stocks,Financials,0.668375088,-39.317486909,-0.038464349,0.00,-191.71,No
AVK,ADVENT CONVERT & INCOME,Stocks,Broad,4.977106405,21.719745905,1.077397721,0.00,"1,401.90",No
AXIA,AXIA ENERGIA-ADR PREF,Stocks,Utilities,0.844683164,17.121098005,0.144605585,0.00,556.11,No
BA,BOEING CO/THE,Stocks,Industrials,0.784913611,-16.149458548,0.04398435,0.00,96.62,No
BAC,BANK OF AMERICA CORP,Stocks,Financials,0.942459554,9.060705382,0.108334469,0.00,252.95,No
BAS,BASF SE,Stocks,Basic Materials,2.368789236,-4.185889661,0.212119453,0.00,788.64,No
BAX,BAXTER INTERNATIONAL INC.,Stocks,Healthcare,0.788214344,-14.034093905,-0.11883018,0.00,-410.83,No
BBD,BANCO BRADESCO-ADR,Stocks,Financials,0.829330275,15.939832457,0.213485454,0.00,758.93,No
BBN,BLACKROCK TAXABLE MUNI BND,Stocks,Broad,6.198049588,-12.56368911,-0.453727622,-335.55,"-3,189.85",Yes
BBVA,BANCO BILBAO VIZCAYA-SP ADR,Stocks,Financials,0.583020938,-5.218767239,-0.001502401,0.00,-17.12,No
BCAT,BLACKROCK CAPITAL ALLOC TR,Stocks,Broad,1.762625959,7.197264733,0.184552292,0.00,506.79,No
BCS,BARCLAYS PLC-SPONS ADR,Stocks,Financials,0.636333084,2.424845939,0.032505683,0.00,97.10,No
BHP,BHP GROUP LTD-SPON ADR,Stocks,Basic Materials,0.826457105,1.369766095,0.018439704,0.00,-143.55,No
BKT,BLACKROCK INCOME TRUST,Stocks,Broad,6.806441439,-3.399857033,-0.192995341,"-2,075.72",0.00,Yes
BKT RT,BLACKROCK INCOME TR-RT,Stocks,Broad,0.059289996,-100,-0.076145231,0.00,0.00,No
BLW,BLACKROCK LTD DURAT INC TR,Stocks,Broad,6.512226525,15.51933248,1.379513235,0.00,825.20,No
BMY,BRISTOL-MYERS SQUIBB CO,Stocks,Healthcare,0.370781598,4.457499456,0.016020827,0.00,63.54,No
BPCR,BIOPHARMA CREDIT PLC,Stocks,Broad,9.533517912,6.150279344,0.689820056,0.00,693.99,No
BTI,BRITISH AMERICAN TOB-SP ADR,Stocks,Consumer Non-Cyc,1.325014635,-19.108788981,-0.342670394,0.00,"-1,321.22",No
BUD,ANHEUSER-BUSCH INBEV SPN ADR,Stocks,Consumer Non-Cyc,0.761745208,-0.286707041,0.001034324,0.00,-8.07,No
BVN,CIA DE MINAS BUENAVENTUR-ADR,Stocks,Basic Materials,0.815548008,10.887782201,0.085876664,0.00,290.87,No
C,CITIGROUP INC,Stocks,Financials,0.812861094,-1.546418024,0.074205836,0.00,215.31,No
CBDBY,CIA BRASILEIRA DE DIS- ADR,Stocks,Consumer Non-Cyc,0.563365749,16.473363622,0.187148162,0.00,679.93,No
CHWY,CHEWY INC - CLASS A,Stocks,Consumer Cyclicals,0.293117204,21.764939995,0.061215298,0.00,225.01,No
CIG,CIA ENERGETICA DE-SPON ADR,Stocks,Utilities,0.953278488,27.037365917,0.229747185,0.00,832.46,No
CRM,SALESFORCE INC,Stocks,Technology,0.375248372,15.027122755,0.061255297,0.00,221.35,No
CS,CREDIT SUISSE GROUP-SPON ADR,Stocks,Financials,1.364099703,5.676933778,0.080015228,0.00,269.77,No
DIS,WALT DISNEY CO/THE,Stocks,Telecomm,1.303181599,-1.71712577,-0.014457732,0.00,-68.70,No
DSL,DOUBLELINE INCOME SOLUTIONS,Stocks,Broad,4.373874735,-3.567609771,-0.101462738,0.00,"-1,285.49",No
EAD,ALLSPRING INCOME OPPORT,Stocks,Broad,4.822912231,9.298417586,0.660427571,0.00,-3.01,No
ECAT,BLACKROCK ESG CAP ALL TRM TR,Stocks,Broad,4.674040967,5.589739592,0.35872144,-981.75,0.00,Yes
ENIAY,ENEL AMERICAS SA-ADR,Stocks,Utilities,0.890046918,10.66453208,0.090275297,0.00,316.74,No
ENIC,ENEL CHILE SA-ADR,Stocks,Utilities,2.025039922,-38.072516294,-0.948184188,0.00,"-3,773.77",No
EXG,EATON VANCE TAX-MANAGED GLOB,Stocks,Broad,4.348244468,9.969549475,0.514161056,0.00,547.79,No
FCX,FREEPORT-MCMORAN INC,Stocks,Basic Materials,27.025173526,10.606396183,2.81955557,0.00,"7,772.56",No
GBAB,GUGGENHEIM TAXABLE MUNICIPAL,Stocks,Broad,6.318266859,-1.039901727,0.432824561,-974.36,-809.33,Yes
GDO,WESTERN AST GLB CORP OPPRNTY,Stocks,Broad,5.016758867,10.483858012,0.826726982,0.00,221.06,No
GHY,PGIM GLOBAL HIGH YIELD FUND,Stocks,Broad,4.237737507,7.748980024,-0.0667432,0.00,-937.51,No
GILD,GILEAD SCIENCES INC,Stocks,Healthcare,0.35430129,0.067471215,0.000462875,0.00,1.20,No
GOLD.OLD,BARRICK MINING CORP,Stocks,Basic Materials,1.146034885,19.484086733,0.205313735,0.00,792.59,No
GRFS,GRIFOLS SA-ADR,Stocks,Healthcare,0.797114359,36.405141924,0.302476355,0.00,"1,128.09",No
HAS,HASBRO INC,Stocks,Consumer Cyclicals,1.303769707,15.195894804,0.307264011,0.00,"1,017.02",No
HIX,WESTERN ASSET HIGH INC II,Stocks,Broad,4.735373602,-4.140000457,-0.091098052,0.00,"-2,025.29",No
HIX RT,WESTERN ASSET HIGH INCOM-W/I,Stocks,Broad,0.023646615,-100,-0.039505476,0.00,0.00,No
HMC,HONDA MOTOR CO LTD-SPONS ADR,Stocks,Consumer Cyclicals,0.354842179,-2.650292248,-0.009035279,0.00,-34.69,No
IFS,INTERCORP FINANCIAL SERVICES,Stocks,Financials,1.301076325,5.418025252,0.082112358,0.00,243.87,No
ING,ING GROEP N.V.-SPONSORED ADR,Stocks,Financials,0.622510669,2.259972848,0.097938949,0.00,180.82,No
ITUB,ITAU UNIBANCO H-SPON PRF ADR,Stocks,Financials,1.050534703,-9.4109585,-0.215604574,0.00,571.55,No
JD,JD.COM INC-ADR,Stocks,Consumer Cyclicals,0.287043725,25.976008525,0.075172305,0.00,267.23,No
K,KELLANOVA,Stocks,Consumer Non-Cyc,2.070924931,-24.61909616,-0.561372906,0.00,"-1,157.49",No
KLG,WK KELLOGG CO,Stocks,Consumer Non-Cyc,0.100572061,-18.911353154,-0.02166797,0.00,-115.86,No
KMB,KIMBERLY-CLARK CORP,Stocks,Consumer Non-Cyc,0.870601398,20.957490481,0.169120904,0.00,643.01,No
LMT,LOCKHEED MARTIN CORP,Stocks,Industrials,0.873121744,6.983831025,0.059402096,0.00,232.98,No
LUMN,LUMEN TECHNOLOGIES INC,Stocks,Technology,0.40325116,7.144355002,0.028337038,0.00,106.57,No
LVS,LAS VEGAS SANDS CORP,Stocks,Consumer Cyclicals,0.289470776,9.085692882,0.025598855,0.00,96.24,No
MMM,3M CO,Stocks,Consumer Non-Cyc,0.827381895,-15.550611297,-0.077483943,0.00,-342.38,No
MRK,MERCK & CO INC,Stocks,Healthcare,0.369226646,5.452965088,0.020335386,0.00,79.99,No
NAD,NUVEEN QUALITY MUNICIPAL INC,Stocks,Broad,1.730277177,-6.408080598,-0.112171517,0.00,-526.74,No
NBB,NUVEEN TAXABLE MUNICIPAL INC,Stocks,Broad,4.821463693,10.261804502,0.365920279,-88.23,703.63,Yes
NEM,NEWMONT CORP,Stocks,Basic Materials,0.814878292,3.827545595,0.181361647,0.00,645.69,No
NFLX,NETFLIX INC,Stocks,Telecomm,0.336175497,-13.487884444,-0.088467338,0.00,-331.00,No
NKE,NIKE INC -CL B,Stocks,Consumer Cyclicals,24.411383264,-5.807367145,-1.402049214,0.00,"-3,970.36",No
NMI,NUVEEN MUNICIPAL INCOME,Stocks,Broad,1.310754326,6.548343194,0.093937386,0.00,211.00,No
NU,NU HOLDINGS LTD/CAYMAN ISL-A,Stocks,Financials,0.218065473,-21.81137614,-0.013792089,0.00,-64.08,No
NUV,NUVEEN MUNICIPAL VALUE,Stocks,Broad,1.269371735,-2.621956676,-0.030213582,0.00,-197.83,No
ORANY,ORANGE-SPON ADR,Stocks,Technology,1.591535994,1.027626048,0.00412017,0.00,19.82,No
PAGS,PAGSEGURO DIGITAL LTD-CL A,Stocks,Industrials,1.050907295,16.836093971,0.169869621,0.00,464.93,No
PEP,PEPSICO INC,Stocks,Consumer Non-Cyc,0.914945059,5.270293705,0.046708186,110.20,0.00,Yes
PETS,PETMED EXPRESS INC,Stocks,Consumer Non-Cyc,0.299415493,-1.834347225,-0.00503559,0.00,-20.03,No
PFE,PFIZER INC,Stocks,Healthcare,1.504526336,-38.547889054,-0.691388139,0.00,"-2,102.44",No
PML,PIMCO MUNICIPAL INCOME FD II,Stocks,Broad,5.54983808,-19.647957228,-0.607637919,0.00,"-2,586.49",No
PYPL,PAYPAL HOLDINGS INC,Stocks,Financials,0.257169136,-57.493199885,-0.240952718,0.00,-914.72,No
QIWI,QIWI PLC-SPONSORED ADR,Stocks,Industrials,0.853694822,-21.173362992,-0.182882742,-654.89,0.00,Yes
RACE,FERRARI NV,Stocks,Consumer Cyclicals,1.196900355,-8.53004288,-0.105195822,-249.10,0.00,Yes
SAN,BANCO SANTANDER SA-SPON ADR,Stocks,Financials,1.701724492,0.574913227,0.009987586,0.00,39.73,No
SAP,SAP SE-SPONSORED ADR,Stocks,Technology,0.496147963,5.146544388,0.070255399,0.00,158.75,No
SCCO,SOUTHERN COPPER CORP,Stocks,Basic Materials,1.125156288,3.569725035,0.039827625,0.00,135.10,No
SKLZ,SKILLZ INC,Stocks,Technology,0.512062857,29.314679282,0.146726371,0.00,528.40,No
SNY,SANOFI-ADR,Stocks,Healthcare,1.212824625,-3.714513148,-0.044982648,-106.89,0.00,Yes
SWK,STANLEY BLACK & DECKER INC,Stocks,Industrials,1.062810954,-45.873123844,-0.633300078,0.00,"-2,332.18",No
T,AT&T INC,Stocks,Technology,2.217158891,-11.374781099,-0.279898888,0.00,"-1,319.47",No
TEN,TENNECO INC-CLASS A,Stocks,Consumer Cyclicals,0.953571272,87.228791411,0.857534777,0.00,"3,191.92",No
TROW,T ROWE PRICE GROUP INC,Stocks,Financials,1.319654753,12.533590849,0.162429603,0.00,464.15,No
UL,UNILEVER PLC-SPONSORED ADR,Stocks,Consumer Non-Cyc,0.812213639,4.04582391,0.035078641,0.00,88.08,No
V,VISA INC-CLASS A SHARES,Stocks,Industrials,0.362737754,6.463524522,0.022618489,0.00,88.29,No
VLT,INVESCO HIGH INCOME TRUST II,Stocks,Broad,3.835635705,-2.5988263,-0.107396308,0.00,-472.64,No
WBA,WALGREENS BOOTS ALLIANCE INC,Stocks,Consumer Non-Cyc,1.668508645,-8.223277599,-0.301524134,0.00,"-1,452.07",No
WDI,WESTERN ASSET DIVERS INC,Stocks,Broad,4.459856089,-2.461776502,-0.051654106,"-1,206.86",0.00,Yes
WDS,WOODSIDE ENERGY GROUP-ADR,Stocks,Energy,0.114045049,2.176881039,0.002482625,0.00,71.17,No
WMT,WALMART INC,Stocks,Consumer Non-Cyc,0.786569568,9.033468536,0.069111176,0.00,242.16,No
WOOF,PETCO HEALTH AND WELLNESS CO,Stocks,Consumer Cyclicals,0.227698489,-43.908590817,-0.124591225,0.00,-422.62,No
XP,XP INC - CLASS A,Stocks,Financials,1.007289892,2.031678248,0.261948294,0.00,960.90,No
XYZ,BLOCK INC,Stocks,Industrials,0.496087183,5.577010706,0.117781601,0.00,439.13,No
ZBH,ZIMMER BIOMET HOLDINGS INC,Stocks,Healthcare,0.40197945,-5.265745607,-0.034535457,0.00,-133.94,No
Total Stocks,,,,35.950447981,39.237855515,6.395096373,"-6,563.16",196.86
EUR,Euro,Cash,Cash,1.224606444,-100,0.250713322,,,No
GBP,Great British Pound,Cash,Cash,0.063806437,-100,-0.000752951,,,No
HKD,Hong Kong Dollar,Cash,Cash,0.087577363,-121.885724726,0.003097912,,,Yes
USD,United States Dollar,Cash,Cash,14.856977784,512.836161331,6.954315414,,,Yes
Total Cash,,,,15.172944439,923.485776792,7.226597924
Total,,,,100,10.696116134,10.696116134,"-15,191.30","12,998.97"
