Introduction,Header,Name,Account,Alias,BaseCurrency,AccountType,AnalysisPeriod,PerformanceMeasure
Introduction,Data,Alvaro Bendezu Wilson,U13195801,,USD,Individual (Broker Client),"December 11, 2023 to January 27, 2026 (Daily)",TWR
Key Statistics,MetaInfo,Analysis Period,"December 11, 2023 - January 27, 2026"
Key Statistics,Header,BeginningNAV,EndingNAV,CumulativeReturn,5DayReturn,5DayReturnDateRange,10DayReturn,10DayReturnDateRange,BestReturn,BestReturnDate,WorstReturn,WorstReturnDate,MTM,Deposits & Withdrawals,Dividends,Interest,Fees & Commissions,Other,ChangeInNAV
Key Statistics,Data,0,5.776931,22.50776931,0,20260121 - 20260127,0,20260114 - 20260127,14.753132853,20250409,-6.523116228,20250404,3321.3491,-2245,135.53,-0.05,-1179.13216,-26.920009,5.776931
Historical Performance,MetaInfo,Analysis Period,"December 11, 2023 - January 27, 2026"
Historical Performance,Header,Account,MTD,QTD,YTD,1 Year,Since Inception
Historical Performance,Data,U13195801,0,0,0,26.196399063,22.507769148
Historical Performance,Header,Month,Account,AccountReturn
Historical Performance,Data,202501,U13195801,4.037438938
Historical Performance,Data,202502,U13195801,1.878156009
Historical Performance,Data,202503,U13195801,-1.158661469
Historical Performance,Data,202504,U13195801,-1.979060371
Historical Performance,Data,202505,U13195801,9.73794782
Historical Performance,Data,202506,U13195801,13.750083608
Historical Performance,Data,202507,U13195801,2.24043793
Historical Performance,Data,202508,U13195801,-1.78196422
Historical Performance,Data,202509,U13195801,0
Historical Performance,Data,202510,U13195801,0
Historical Performance,Data,202511,U13195801,0
Historical Performance,Data,202512,U13195801,0
Historical Performance,Data,202401,U13195801,-4.762138243
Historical Performance,Data,202402,U13195801,3.41291099
Historical Performance,Data,202403,U13195801,0.05794151
Historical Performance,Data,202404,U13195801,-7.24206759
Historical Performance,Data,202405,U13195801,2.60315425
Historical Performance,Data,202406,U13195801,0.664903952
Historical Performance,Data,202407,U13195801,2.152989509
Historical Performance,Data,202408,U13195801,-0.733408455
Historical Performance,Data,202409,U13195801,9.097412663
Historical Performance,Data,202410,U13195801,-6.753387469
Historical Performance,Data,202411,U13195801,0.834737098
Historical Performance,Data,202412,U13195801,-2.463699996
Historical Performance,Header,Quarter,Account,AccountReturn
Historical Performance,Data,2025 Q1,U13195801,4.763342554
Historical Performance,Data,2025 Q2,U13195801,22.356605559
Historical Performance,Data,2025 Q3,U13195801,0.418549907
Historical Performance,Data,2025 Q4,U13195801,0
Historical Performance,Data,2024 Q1,U13195801,-1.454689216
Historical Performance,Data,2024 Q2,U13195801,-4.194629388
Historical Performance,Data,2024 Q3,U13195801,10.628912157
Historical Performance,Data,2024 Q4,U13195801,-8.291516747
Historical Performance,Header,Year,Account,AccountReturn
Historical Performance,Data,YTD,U13195801,0
Historical Performance,Data,2025,U13195801,28.721387473
Historical Performance,Data,2024,U13195801,-4.21357349
Open Position Summary,MetaInfo,As Of,"January 27, 2026"
Open Position Summary,Header,Date,FinancialInstrument,Currency,Symbol,Description,Sector,Quantity,ClosePrice,Value,Cost Basis,UnrealizedP&L,FXRateToBase
Open Position Summary,Data,01/27/2026,Cash,USD,USD,United States Dollar,Cash,5.776931,1,5.776931, , ,1
Performance by Symbol,MetaInfo,Analysis Period,"December 11, 2023 - January 27, 2026"
Performance by Symbol,Header,Symbol,Description,FinancialInstrument,Sector,AvgWeight,Return,Contribution,Unrealized_P&L,Realized_P&L,Open
Performance by Symbol,Data,JNUG,DIREXION DAILY JUNIOR GOLD M,ETFs,Broad,11.295969851,-2.595601125,-0.284115059,0.00,-27.93,No
Performance by Symbol,Data,KWEB,KRANESH CSI CHINA INTERNET,ETFs,Technology,12.894350209,-8.371183703,-1.102082141,0.00,-112.66,No
Performance by Symbol,Data,TNA,DIREXION DLY SM CAP BULL 3X,ETFs,Broad,30.381337395,-0.574311679,-0.155054867,0.00,-18.36,No
Performance by Symbol,Data,Total ETFs,,,,23.261655056,-5.49645988,-1.544916478,0.00,-158.95,
Performance by Symbol,Data,ADBE,ADOBE INC,Stocks,Technology,34.473861474,9.627360478,3.370211727,0.00,321.14,No
Performance by Symbol,Data,AMZN,AMAZON.COM INC,Stocks,Consumer Cyclicals,18.956506468,3.197965401,0.786549404,0.00,62.50,No
Performance by Symbol,Data,BA,BOEING CO/THE,Stocks,Industrials,8.562766315,-2.861143079,-0.007685745,0.00,-26.26,No
Performance by Symbol,Data,BABA,ALIBABA GROUP HOLDING-SP ADR,Stocks,Technology,25.618425816,33.887853835,8.541173479,0.00,711.64,No
Performance by Symbol,Data,BMY,BRISTOL-MYERS SQUIBB CO,Stocks,Healthcare,10.478310084,-8.836630365,-0.957392606,0.00,-102.04,No
Performance by Symbol,Data,CELH,CELSIUS HOLDINGS INC,Stocks,Consumer Non-Cyc,17.68485887,62.1352178,9.331200307,0.00,946.04,No
Performance by Symbol,Data,DIS,WALT DISNEY CO/THE,Stocks,Telecomm,10.645457944,9.694325856,0.958550397,0.00,94.62,No
Performance by Symbol,Data,EBAY,EBAY INC,Stocks,Consumer Cyclicals,12.204907048,-1.266567955,-1.57735002,0.00,-153.59,No
Performance by Symbol,Data,INTC,INTEL CORP,Stocks,Technology,14.747846753,-45.284815862,-4.277809848,0.00,-529.60,No
Performance by Symbol,Data,IRBT,IROBOT CORP,Stocks,Technology,5.85856412,-204.000940523,-1.834804097,0.00,-180.30,No
Performance by Symbol,Data,MTCH,MATCH GROUP INC,Stocks,Technology,18.088880319,5.327958659,0.965536672,0.00,93.64,No
Performance by Symbol,Data,NEM,NEWMONT CORP,Stocks,Basic Materials,9.665007536,10.72059779,1.403530064,0.00,91.74,No
Performance by Symbol,Data,NKE,NIKE INC -CL B,Stocks,Consumer Cyclicals,16.083882488,-25.95791055,-5.328648676,0.00,-556.63,No
Performance by Symbol,Data,NVDA,NVIDIA CORP,Stocks,Technology,12.175680459,25.111286503,3.239156804,0.00,343.44,No
Performance by Symbol,Data,PLTR,PALANTIR TECHNOLOGIES INC-A,Stocks,Technology,10.859666933,19.929008831,2.202788086,0.00,204.88,No
Performance by Symbol,Data,PYPL,PAYPAL HOLDINGS INC,Stocks,Financials,12.530303506,-7.235285124,-0.897839488,0.00,-92.88,No
Performance by Symbol,Data,SKX,SKECHERS USA INC-CL A,Stocks,Consumer Cyclicals,16.187167116,20.764450267,3.146635166,0.00,312.99,No
Performance by Symbol,Data,SOFI,SOFI TECHNOLOGIES INC,Stocks,Financials,13.370198499,46.59189901,5.824487521,0.00,680.95,No
Performance by Symbol,Data,TSLA,TESLA INC,Stocks,Consumer Cyclicals,11.625086719,14.506631953,1.381292174,0.00,78.86,No
Performance by Symbol,Data,Total Stocks,,,,81.42248528,28.997852122,24.792509105,0.00,"2,301.16",
Performance by Symbol,Data,USD,United States Dollar,Cash,Cash,33.473256844,119.955672001,0.080161032,,,Yes
Performance by Symbol,Data,Total Cash,,,,33.41316123,119.955672001,0.080161032,,,
Performance by Symbol,Data,Total,,,,99.820466786,22.50776931,22.50776931,0.00,"2,142.22",
Trade Summary,MetaInfo,Analysis Period,"December 11, 2023 - January 27, 2026"
Trade Summary,Header,Financial Instrument,Currency,Symbol,Description,Sector,Quantity Bought,Average Price Bought,Proceeds Bought,Proceeds Bought in Base,Quantity Sold,Average Price Sold,Proceeds Sold,Proceeds Sold in Base
Trade Summary,Data,ETFs,United States Dollar,JNUG,DIREXION DAILY JUNIOR GOLD M,Broad,40,26.3188,-1052.752,-1052.752,-40,26.79,1071.6,1071.6
Trade Summary,Data,ETFs,United States Dollar,KWEB,KRANESH CSI CHINA INTERNET,Technology,50,26.84,-1342,-1342,-50,25.49,1274.5,1274.5
Trade Summary,Data,ETFs,United States Dollar,TNA,DIREXION DLY SM CAP BULL 3X,Broad,75,39.11,-2933.25,-2933.25,-75,39.56,2967,2967
Trade Summary,Data,Stocks,United States Dollar,ADBE,ADOBE INC,Technology,7,473.55,-3314.85,-3314.85,-7,525.41,3677.87,3677.87
Trade Summary,Data,Stocks,United States Dollar,AMZN,AMAZON.COM INC,Consumer Cyclicals,10,193.32,-1933.2,-1933.2,-10,203.8,2038,2038
Trade Summary,Data,Stocks,United States Dollar,BA,BOEING CO/THE,Industrials,5,179.4,-897,-897,-5,182.45,912.25,912.25
Trade Summary,Data,Stocks,United States Dollar,BABA,ALIBABA GROUP HOLDING-SP ADR,Technology,30,74.72,-2241.6,-2241.6,-30,99.96,2998.8,2998.8
Trade Summary,Data,Stocks,United States Dollar,BMY,BRISTOL-MYERS SQUIBB CO,Healthcare,20,51.955,-1039.1,-1039.1,-20,49.045,980.9,980.9
Trade Summary,Data,Stocks,United States Dollar,CELH,CELSIUS HOLDINGS INC,Consumer Non-Cyc,55,27.235852727,-1497.9719,-1497.9719,-55,45.33,2493.15,2493.15
Trade Summary,Data,Stocks,United States Dollar,DIS,WALT DISNEY CO/THE,Telecomm,20,103.915,-2078.3,-2078.3,-20,112.8725,2257.45,2257.45
Trade Summary,Data,Stocks,United States Dollar,EBAY,EBAY INC,Consumer Cyclicals,100,41.9749,-4197.49,-4197.49,-100,41.2035,4120.35,4120.35
Trade Summary,Data,Stocks,United States Dollar,INTC,INTEL CORP,Technology,105,23.627857143,-2480.925,-2480.925,-105,19.32,2028.6,2028.6
Trade Summary,Data,Stocks,United States Dollar,IRBT,IROBOT CORP,Technology,100,13.07,-1307,-1307,-100,12.03,1203,1203
Trade Summary,Data,Stocks,United States Dollar,MTCH,MATCH GROUP INC,Technology,50,34.67,-1733.5,-1733.5,-50,37.51,1875.5,1875.5
Trade Summary,Data,Stocks,United States Dollar,NEM,NEWMONT CORP,Basic Materials,20,47.37,-947.4,-947.4,-20,54.15,1083,1083
Trade Summary,Data,Stocks,United States Dollar,NKE,NIKE INC -CL B,Consumer Cyclicals,20,100.13,-2002.6,-2002.6,-20,74.49,1489.8,1489.8
Trade Summary,Data,Stocks,United States Dollar,NVDA,NVIDIA CORP,Technology,10,134.7293,-1347.293,-1347.293,-10,173.3,1733,1733
Trade Summary,Data,Stocks,United States Dollar,PLTR,PALANTIR TECHNOLOGIES INC-A,Technology,60,16.72,-1003.2,-1003.2,-60,20.965,1257.9,1257.9
Trade Summary,Data,Stocks,United States Dollar,PYPL,PAYPAL HOLDINGS INC,Financials,20,63.09,-1261.8,-1261.8,-20,60.635,1212.7,1212.7
Trade Summary,Data,Stocks,United States Dollar,SKX,SKECHERS USA INC-CL A,Consumer Cyclicals,30,49.49,-1484.7,-1484.7,-30,61.435,1843.05,1843.05
Trade Summary,Data,Stocks,United States Dollar,SOFI,SOFI TECHNOLOGIES INC,Financials,100,14.335,-1433.5,-1433.5,-100,21.705,2170.5,2170.5
Trade Summary,Data,Stocks,United States Dollar,TSLA,TESLA INC,Consumer Cyclicals,10,258.8889,-2588.889,-2588.889,-10,275.075,2750.75,2750.75
Deposits And Withdrawals,MetaInfo,Analysis Period,"December 11, 2023 - January 27, 2026"
Deposits And Withdrawals,Header,Date,Type,Description,Amount
Deposits And Withdrawals,Data,12/11/23,DEPOSIT,Cash Receipts / Electronic Fund Transfers ,10000
Deposits And Withdrawals,Data,08/07/25,WITHDRAWAL,Disbursement Initiated By Alvaro Bendezu Wilson ,-12245
Dividends,MetaInfo,Analysis Period,"December 11, 2023 - January 27, 2026"
Dividends,Header,PayDate,Ex-Date,Symbol,Quantity,DividendPerShare,Amount
Dividends,Data,20231229,20231227,KWEB,50,0.04,2.1
Dividends,Data,20240201,20240104,BMY,20,0.60,12
Dividends,Data,20240326,20240319,TNA,75,0.03,1.98
Dividends,Data,20240401,20240301,NKE,20,0.37,7.4
Dividends,Data,20240701,20240603,NKE,20,0.37,7.4
Dividends,Data,20240712,20240613,BABA,30,1.00,30
Dividends,Data,20240712,20240613,BABA,30,0.66,19.8
Dividends,Data,20240725,20240708,DIS,10,0.45,4.5
Dividends,Data,20240903,20240807,INTC,30,0.12,3.75
Dividends,Data,20240930,20240905,NEM,20,0.25,5
Dividends,Data,20241001,20240903,NKE,20,0.37,7.4
Dividends,Data,20241223,20241127,NEM,20,0.25,5
Dividends,Data,20250102,20241202,NKE,20,0.40,8
Dividends,Data,20250327,20250304,NEM,20,0.25,5
Dividends,Data,20250401,20250303,NKE,20,0.40,8
Dividends,Data,20250402,20250312,NVDA,10,0.01,0.1
Dividends,Data,20250701,20250602,NKE,20,0.40,8
Dividends,Data,20250703,20250611,NVDA,10,0.01,0.1
Interest Details,MetaInfo,Analysis Period,"December 11, 2023 - January 27, 2026"
Interest Details,Header,Date,Description,Amount
Interest Details,Data,20240305,USD Debit Interest Paid for February 2024,-0.02
Interest Details,Data,20240305,USD Net Stock Interest Paid for February 2024,-0.03
Notes and Disclosure,Header,Type,Note
Notes and Disclosure,Data,General,"1. The Net Asset Value (NAV) consists of all positions by financial instrument (stock, securities options, warrants, bonds, cash, etc.). All non-base currency amounts are converted to the base currency at the close of period rate."
Notes and Disclosure,Data,General,2. The gain or loss from future contracts settle into cash each night. The notional value is used when computing the contribution to return.
Notes and Disclosure,Data,General,"3. Dividend accruals, interest accruals, and insured deposits are included in cash amounts throughout the report."
Notes and Disclosure,Data,General,4. Price valuations are obtained from outside parties. Clearing Broker shall have no responsibility for the accuracy or timeliness of any such price valuation.
Notes and Disclosure,Data,General,5. Data from Thomson Reuters Business Classifications and Lipper Global is used to derive our sector classifications. Funds with assorted sector allocations are classified as Broad.
Notes and Disclosure,Data,General,"6. Amounts are formatted to two decimal places. If amounts are greater than two decimal places, Clearing Broker uses "half-even" rounding. This means that Clearing Broker rounds such amounts up to the nearest even number."
Notes and Disclosure,Data,General,"7. For accounts opened and funded before 2009, reports with a time period of Since Inception will only include data going back to January 1, 2009. This includes some default reports and both Historical Performance reports."
Notes and Disclosure,Data,General,"8. If you have elected to trade cryptocurrency/digital asset products at Crypto Provider through the Clearing Broker platform, for your convenience your positions in your linked account at Crypto Provider are reflected in PortfolioAnalyst in connection with your Clearing Broker account."
Notes and Disclosure,Data,Section,1. Account Overview: The deposit/withdrawal amount displayed includes internal transfers along with cash and position transfers.
Notes and Disclosure,Data,Section,"2. Risk Measures: Historical US 3 Month Treasury Bill rates are used as the risk free rates when calculating Alpha, the Sharpe ratio, the Sortino ratio, and the downside deviation."
Notes and Disclosure,Data,Disclosure,"This portfolio report was generated using Clearing Broker's PortfolioAnalyst tool, which allows Clearing Broker clients to generate analyses of their accounts using market data provided by third parties along with trade and account data contained in Clearing Broker's systems. This report is for information purposes only and is provided AS IS. Clearing Broker makes no warranty of any kind, express or implied, as to this report and its contents. The data provided for use in the PortfolioAnalyst tool is believed to be accurate, but completeness and accuracy of the information is not guaranteed, and Clearing Broker has no liability with respect thereto. The data regarding accounts held outside of Clearing Broker is obtained either directly from your input or from the financial institutions holding those accounts through a third-party service provider and Clearing Broker has NOT reviewed its accuracy.

The material in this report is intended only as a reference and should not be relied upon for the maintenance of your books and records for tax, accounting, financial, or regulatory reporting or for any other purposes. This report is not an offer or a solicitation of an offer to buy or sell any security. This material does not, and is not intended to, take into account the particular financial conditions, investment objectives, or requirements of individual customers. Before acting on any material within this report, you should consider whether it is suitable for your particular circumstances and as necessary, seek professional advice."
