Introduction,Header,Name,Account,Alias,BaseCurrency,AccountType,AnalysisPeriod,PerformanceMeasure
Introduction,Data,Andrea D Jauslin Hurtado,U14921521,,USD,Individual (Broker Client),"January 7, 2025 to January 27, 2026 (Daily)",TWR
Key Statistics,MetaInfo,Analysis Period,"January 7, 2025 - January 27, 2026"
Key Statistics,Header,BeginningNAV,EndingNAV,CumulativeReturn,5DayReturn,5DayReturnDateRange,10DayReturn,10DayReturnDateRange,BestReturn,BestReturnDate,WorstReturn,WorstReturnDate,MTM,Deposits & Withdrawals,Dividends,Interest,Fees & Commissions,Other,ChangeInNAV
Key Statistics,Data,0,54504.250527,11.919390087,3.154795422,20260121 - 20260127,2.350805265,20260114 - 20260127,6.154914195,20250409,-4.231725448,20250404,583.618,48699.56,6377.41,0,-364.427473,-791.91,54504.250527
Historical Performance,MetaInfo,Analysis Period,"January 7, 2025 - January 27, 2026"
Historical Performance,Header,Account,MTD,QTD,YTD,1 Year,Since Inception
Historical Performance,Data,U14921521,3.640719101,3.640719101,3.640719101,11.918178267,11.919390033
Historical Performance,Header,Month,Account,AccountReturn
Historical Performance,Data,202501,U14921521,-
Historical Performance,Data,202502,U14921521,1.033127992
Historical Performance,Data,202503,U14921521,-0.984356962
Historical Performance,Data,202504,U14921521,-0.855863514
Historical Performance,Data,202505,U14921521,2.267240456
Historical Performance,Data,202506,U14921521,3.162213076
Historical Performance,Data,202507,U14921521,0.093636226
Historical Performance,Data,202508,U14921521,1.320720472
Historical Performance,Data,202509,U14921521,2.071388655
Historical Performance,Data,202510,U14921521,0.872203511
Historical Performance,Data,202511,U14921521,-0.431611264
Historical Performance,Data,202512,U14921521,-1.270409001
Historical Performance,Header,Quarter,Account,AccountReturn
Historical Performance,Data,2025 Q1,U14921521,-
Historical Performance,Data,2025 Q2,U14921521,4.59820267
Historical Performance,Data,2025 Q3,U14921521,3.516304467
Historical Performance,Data,2025 Q4,U14921521,-0.839130781
Historical Performance,Header,Year,Account,AccountReturn
Historical Performance,Data,YTD,U14921521,3.640719101
Open Position Summary,MetaInfo,As Of,"January 27, 2026"
Open Position Summary,Header,Date,FinancialInstrument,Currency,Symbol,Description,Sector,Quantity,ClosePrice,Value,Cost Basis,UnrealizedP&L,FXRateToBase
Open Position Summary,Data,01/27/2026,ETFs,USD,TLTW,ISHARES 20+ BOND BUYWRITE,Broad,1105,22.89,25293.45,25646.253678,-352.803678,1
Open Position Summary,Data,Total,ETFs,USD,,,,,,25293.45,25646.253678,-352.803678
Open Position Summary,Data,01/27/2026,Stocks,USD,AVK,ADVENT CONVERT & INCOME,Broad,664,12.8,8499.2,8163.923952,335.276048,1
Open Position Summary,Data,01/27/2026,Stocks,USD,BCAT,BLACKROCK CAPITAL ALLOC TR,Broad,516,14.68,7574.88,8131.240262,-556.360262,1
Open Position Summary,Data,01/27/2026,Stocks,USD,FAX,ABRDN ASIA-PACIFIC INCOME,Broad,520,15.55,8086,7969.025957,116.974043,1
Open Position Summary,Data,Total,Stocks,USD,,,,,,24160.08,24264.190171,-104.110171
Open Position Summary,Data,01/27/2026,Cash,USD,USD,United States Dollar,Cash,5050.720527,1,5050.720527, , ,1
Performance by Symbol,MetaInfo,Analysis Period,"January 7, 2025 - January 27, 2026"
Performance by Symbol,Header,Symbol,Description,FinancialInstrument,Sector,AvgWeight,Return,Contribution,Unrealized_P&L,Realized_P&L,Open
Performance by Symbol,Data,QYLD,GLOBAL X NASD 100 COV CALL,ETFs,Broad,51.357978313,11.994167387,6.11011498,0.00,"2,267.24",No
Performance by Symbol,Data,SHV,ISHARES SHORT TREASURY BOND,ETFs,Government,100,0.053378298,0.053378298,0.00,25.99,No
Performance by Symbol,Data,TLTW,ISHARES 20+ BOND BUYWRITE,ETFs,Broad,48.651340922,3.716792416,1.807439334,-352.80,0.00,Yes
Performance by Symbol,Data,Total ETFs,,,,51.503812743,16.396911313,8.085657054,-352.80,"2,293.24",
Performance by Symbol,Data,AVK,ADVENT CONVERT & INCOME,Stocks,Broad,15.879410945,12.817434281,1.983787487,335.28,0.00,Yes
Performance by Symbol,Data,BBN,BLACKROCK TAXABLE MUNI BND,Stocks,Broad,16.926783914,-4.824972046,-0.84413118,0.00,-453.29,No
Performance by Symbol,Data,BCAT,BLACKROCK CAPITAL ALLOC TR,Stocks,Broad,15.065422774,8.819664484,1.30096161,-556.36,0.00,Yes
Performance by Symbol,Data,BHK,BLACKROCK CORE BOND TRUST,Stocks,Broad,16.829473226,-5.532956972,-0.977667778,0.00,-523.94,No
Performance by Symbol,Data,BTZ,BLACKROCK CREDIT ALLOCATION,Stocks,Broad,16.855685417,-6.856177308,-1.148606787,0.00,-639.90,No
Performance by Symbol,Data,FAX,ABRDN ASIA-PACIFIC INCOME,Stocks,Broad,16.05624652,11.610059801,1.858379522,116.97,0.00,Yes
Performance by Symbol,Data,Total Stocks,,,,57.846496501,11.247437762,1.961158121,-104.11,"-1,617.13",
Performance by Symbol,Data,USD,United States Dollar,Cash,Cash,3.568843307,23.227053944,1.705389561,,,Yes
Performance by Symbol,Data,Total Cash,,,,3.568843307,23.227053944,1.705389561,,,
Performance by Symbol,Data,Total,,,,100,11.919390087,11.919390087,-456.91,676.10,
Projected Income,MetaInfo,As Of,"January 27, 2026"
Projected Income,Header,Financial Instrument,Symbol,Description,Frequency,Quantity,Price,Value,Current Yield %,Principal,Estimated Annual Income,Estimated 2026 Remaining Income
Projected Income,Data,ETFs,TLTW,Ordinary Dividend,12,1105,22.89,25293.45,9.798621689,-,2478.409477582,2478.409477582
Projected Income,Data,,Total ETFs,,,,,25293.45,9.798621689,,2478.409477582,2478.409477582
Projected Income,Data,Stocks,AVK,Ordinary Dividend,12,664,12.8,8499.2,10.9875,-,933.8496,856.0288
Projected Income,Data,Stocks,BCAT,Ordinary Dividend,12,516,14.68,7574.88,21.313079019,-,1614.44016,1479.90348
Projected Income,Data,Stocks,FAX,Ordinary Dividend,12,520,15.55,8086,12.733118971,-,1029.6,943.8
Projected Income,Data,,Total Stocks,,,,,24160.08,14.809097321,,3577.88976,3279.73228
Projected Income,Data,,Total,,,,,49453.53,12.246444769,,6056.299237582,5758.141757582
Trade Summary,MetaInfo,Analysis Period,"January 7, 2025 - January 27, 2026"
Trade Summary,Header,Financial Instrument,Currency,Symbol,Description,Sector,Quantity Bought,Average Price Bought,Proceeds Bought,Proceeds Bought in Base,Quantity Sold,Average Price Sold,Proceeds Sold,Proceeds Sold in Base
Trade Summary,Data,ETFs,United States Dollar,QYLD,GLOBAL X NASD 100 COV CALL,Broad,1540,15.1693,-23360.722,-23360.722,-1540,16.695,25710.3,25710.3
Trade Summary,Data,ETFs,United States Dollar,SHV,ISHARES SHORT TREASURY BOND,Government,0,0,0,0,-442,110.284751131,48745.86,48745.86
Trade Summary,Data,ETFs,United States Dollar,TLTW,ISHARES 20+ BOND BUYWRITE,Broad,1105,23.18,-25613.9,-25613.9,0,0,0,0
Trade Summary,Data,Stocks,United States Dollar,AVK,ADVENT CONVERT & INCOME,Broad,664,12.244246988,-8130.18,-8130.18,0,0,0,0
Trade Summary,Data,Stocks,United States Dollar,BBN,BLACKROCK TAXABLE MUNI BND,Broad,499,16.305,-8136.195,-8136.195,-499,15.477607214,7723.326,7723.326
Trade Summary,Data,Stocks,United States Dollar,BCAT,BLACKROCK CAPITAL ALLOC TR,Broad,516,15.718589147,-8110.792,-8110.792,0,0,0,0
Trade Summary,Data,Stocks,United States Dollar,BHK,BLACKROCK CORE BOND TRUST,Broad,774,10.475416021,-8107.972,-8107.972,-774,9.865100775,7635.588,7635.588
Trade Summary,Data,Stocks,United States Dollar,BTZ,BLACKROCK CREDIT ALLOCATION,Broad,769,10.549453836,-8112.53,-8112.53,-769,9.785,7524.665,7524.665
Trade Summary,Data,Stocks,United States Dollar,FAX,ABRDN ASIA-PACIFIC INCOME,Broad,520,15.265,-7937.8,-7937.8,0,0,0,0
Deposits And Withdrawals,MetaInfo,Analysis Period,"January 7, 2025 - January 27, 2026"
Deposits And Withdrawals,Header,Date,Type,Description,Amount
Deposits And Withdrawals,Data,01/07/25,ACATIN,Ishares Short Treasury Bond (SHV) Quantity: 442,48699.56
Dividends,MetaInfo,Analysis Period,"January 7, 2025 - January 27, 2026"
Dividends,Header,PayDate,Ex-Date,Symbol,Quantity,DividendPerShare,Amount
Dividends,Data,20250131,20250124,FAX,520,0.17,85.8
Dividends,Data,20250228,20250221,FAX,520,0.17,85.8
Dividends,Data,20250228,20250214,AVK,664,0.12,77.82
Dividends,Data,20250228,20250214,BHK,774,0.07,57.74
Dividends,Data,20250228,20250214,BTZ,769,0.08,64.52
Dividends,Data,20250228,20250214,BBN,499,0.09,46.36
Dividends,Data,20250228,20250214,BCAT,516,0.29,148.72
Dividends,Data,20250331,20250325,FAX,520,0.17,85.8
Dividends,Data,20250331,20250314,AVK,664,0.12,77.82
Dividends,Data,20250331,20250314,BTZ,769,0.08,64.52
Dividends,Data,20250331,20250314,BCAT,516,0.29,148.21
Dividends,Data,20250331,20250314,BBN,499,0.09,46.36
Dividends,Data,20250331,20250314,BHK,774,0.07,57.74
Dividends,Data,20250428,20250421,QYLD,1540,0.16,246.09
Dividends,Data,20250430,20250423,FAX,520,0.17,85.8
Dividends,Data,20250430,20250415,AVK,664,0.12,77.82
Dividends,Data,20250430,20250415,BCAT,516,0.28,146.93
Dividends,Data,20250527,20250519,QYLD,1540,0.17,254.1
Dividends,Data,20250530,20250515,AVK,664,0.12,77.82
Dividends,Data,20250530,20250515,BCAT,516,0.28,145.16
Dividends,Data,20250530,20250522,FAX,520,0.17,85.8
Dividends,Data,20250630,20250613,AVK,664,0.12,77.82
Dividends,Data,20250630,20250623,QYLD,1540,0.17,255.18
Dividends,Data,20250630,20250623,FAX,520,0.17,85.8
Dividends,Data,20250630,20250613,BCAT,516,0.28,143.55
Dividends,Data,20250708,20250702,TLTW,1105,0.31,346.62
Dividends,Data,20250731,20250715,BCAT,516,0.28,142.15
Dividends,Data,20250731,20250724,FAX,520,0.17,85.8
Dividends,Data,20250731,20250715,AVK,664,0.12,77.82
Dividends,Data,20250807,20250804,TLTW,1105,0.23,255.36
Dividends,Data,20250829,20250815,AVK,664,0.12,77.82
Dividends,Data,20250829,20250822,FAX,520,0.17,85.8
Dividends,Data,20250829,20250815,BCAT,516,0.27,140.53
Dividends,Data,20250908,20250903,TLTW,1105,0.22,241.24
Dividends,Data,20250930,20250923,FAX,520,0.17,85.8
Dividends,Data,20250930,20250915,BCAT,516,0.27,139.27
Dividends,Data,20250930,20250915,AVK,664,0.12,77.82
Dividends,Data,20251007,20251002,TLTW,1105,0.14,159.7
Dividends,Data,20251031,20251015,AVK,664,0.12,77.82
Dividends,Data,20251031,20251024,FAX,520,0.17,85.8
Dividends,Data,20251031,20251015,BCAT,516,0.27,138.04
Dividends,Data,20251107,20251104,TLTW,1105,0.38,418
Dividends,Data,20251128,20251114,AVK,664,0.12,77.82
Dividends,Data,20251128,20251121,FAX,520,0.17,85.8
Dividends,Data,20251128,20251114,BCAT,516,0.26,136.7
Dividends,Data,20251205,20251202,TLTW,1105,0.19,207.25
Dividends,Data,20251229,20251223,TLTW,1105,0.19,206.54
Dividends,Data,20251231,20251222,BCAT,516,0.26,135.21
Dividends,Data,20251231,20251215,AVK,664,0.12,77.82
Dividends,Data,20260112,20251231,FAX,520,0.17,85.8
Notes and Disclosure,Header,Type,Note
Notes and Disclosure,Data,General,"1. The Net Asset Value (NAV) consists of all positions by financial instrument (stock, securities options, warrants, bonds, cash, etc.). All non-base currency amounts are converted to the base currency at the close of period rate."
Notes and Disclosure,Data,General,2. The gain or loss from future contracts settle into cash each night. The notional value is used when computing the contribution to return.
Notes and Disclosure,Data,General,"3. Dividend accruals, interest accruals, and insured deposits are included in cash amounts throughout the report."
Notes and Disclosure,Data,General,4. Price valuations are obtained from outside parties. Clearing Broker shall have no responsibility for the accuracy or timeliness of any such price valuation.
Notes and Disclosure,Data,General,5. Data from Thomson Reuters Business Classifications and Lipper Global is used to derive our sector classifications. Funds with assorted sector allocations are classified as Broad.
Notes and Disclosure,Data,General,"6. Amounts are formatted to two decimal places. If amounts are greater than two decimal places, Clearing Broker uses "half-even" rounding. This means that Clearing Broker rounds such amounts up to the nearest even number."
Notes and Disclosure,Data,General,"7. For accounts opened and funded before 2009, reports with a time period of Since Inception will only include data going back to January 1, 2009. This includes some default reports and both Historical Performance reports."
Notes and Disclosure,Data,General,"8. If you have elected to trade cryptocurrency/digital asset products at Crypto Provider through the Clearing Broker platform, for your convenience your positions in your linked account at Crypto Provider are reflected in PortfolioAnalyst in connection with your Clearing Broker account."
Notes and Disclosure,Data,Section,1. Account Overview: The deposit/withdrawal amount displayed includes internal transfers along with cash and position transfers.
Notes and Disclosure,Data,Section,2. Projected Income: The Estimated Annual Income and Estimated Remaining Income in the Projected Income report assume dividend and bond payments remain constant throughout the year. These positions and interest rates are based on the previous business day.
Notes and Disclosure,Data,Section,"3. Risk Measures: Historical US 3 Month Treasury Bill rates are used as the risk free rates when calculating Alpha, the Sharpe ratio, the Sortino ratio, and the downside deviation."
Notes and Disclosure,Data,Disclosure,"This portfolio report was generated using Clearing Broker's PortfolioAnalyst tool, which allows Clearing Broker clients to generate analyses of their accounts using market data provided by third parties along with trade and account data contained in Clearing Broker's systems. This report is for information purposes only and is provided AS IS. Clearing Broker makes no warranty of any kind, express or implied, as to this report and its contents. The data provided for use in the PortfolioAnalyst tool is believed to be accurate, but completeness and accuracy of the information is not guaranteed, and Clearing Broker has no liability with respect thereto. The data regarding accounts held outside of Clearing Broker is obtained either directly from your input or from the financial institutions holding those accounts through a third-party service provider and Clearing Broker has NOT reviewed its accuracy.

The material in this report is intended only as a reference and should not be relied upon for the maintenance of your books and records for tax, accounting, financial, or regulatory reporting or for any other purposes. This report is not an offer or a solicitation of an offer to buy or sell any security. This material does not, and is not intended to, take into account the particular financial conditions, investment objectives, or requirements of individual customers. Before acting on any material within this report, you should consider whether it is suitable for your particular circumstances and as necessary, seek professional advice."
