Introduction,Header,Name,Account,Alias,BaseCurrency,AccountType,AnalysisPeriod,PerformanceMeasure
Introduction,Data,Andrew Acevedo Pacanchique,U12954285,,USD,Individual (Broker Client),"September 21, 2023 to January 27, 2026 (Daily)",TWR
Key Statistics,MetaInfo,Analysis Period,"September 21, 2023 - January 27, 2026"
Key Statistics,Header,BeginningNAV,EndingNAV,CumulativeReturn,5DayReturn,5DayReturnDateRange,10DayReturn,10DayReturnDateRange,BestReturn,BestReturnDate,WorstReturn,WorstReturnDate,MTM,Deposits & Withdrawals,Dividends,Interest,Fees & Commissions,Other,ChangeInNAV
Key Statistics,Data,0,5.004221,8.54221105,0,20260121 - 20260127,0,20260114 - 20260127,4.277336568,20231114,-3.587369805,20240228,338.9732,-165.84,21.33,0,-183.824067,-5.634912,5.004221
Historical Performance,MetaInfo,Analysis Period,"September 21, 2023 - January 27, 2026"
Historical Performance,Header,Account,MTD,QTD,YTD,1 Year,Since Inception
Historical Performance,Data,U12954285,0,0,0,0,8.542211047
Historical Performance,Header,Month,Account,AccountReturn
Historical Performance,Data,202501,U12954285,0
Historical Performance,Data,202502,U12954285,0
Historical Performance,Data,202503,U12954285,0
Historical Performance,Data,202504,U12954285,0
Historical Performance,Data,202505,U12954285,0
Historical Performance,Data,202506,U12954285,0
Historical Performance,Data,202507,U12954285,0
Historical Performance,Data,202508,U12954285,0
Historical Performance,Data,202509,U12954285,0
Historical Performance,Data,202510,U12954285,0
Historical Performance,Data,202511,U12954285,0
Historical Performance,Data,202512,U12954285,0
Historical Performance,Data,202401,U12954285,-5.782786699
Historical Performance,Data,202402,U12954285,3.470870823
Historical Performance,Data,202403,U12954285,3.083276479
Historical Performance,Data,202404,U12954285,0
Historical Performance,Data,202405,U12954285,0
Historical Performance,Data,202406,U12954285,0
Historical Performance,Data,202407,U12954285,0
Historical Performance,Data,202408,U12954285,0
Historical Performance,Data,202409,U12954285,0
Historical Performance,Data,202410,U12954285,0
Historical Performance,Data,202411,U12954285,0
Historical Performance,Data,202412,U12954285,0
Historical Performance,Data,202301,U12954285,-
Historical Performance,Data,202302,U12954285,-
Historical Performance,Data,202303,U12954285,-
Historical Performance,Data,202304,U12954285,-
Historical Performance,Data,202305,U12954285,-
Historical Performance,Data,202306,U12954285,-
Historical Performance,Data,202307,U12954285,-
Historical Performance,Data,202308,U12954285,-
Historical Performance,Data,202309,U12954285,-
Historical Performance,Data,202310,U12954285,0
Historical Performance,Data,202311,U12954285,5.452937833
Historical Performance,Data,202312,U12954285,2.424395089
Historical Performance,Header,Quarter,Account,AccountReturn
Historical Performance,Data,2025 Q1,U12954285,0
Historical Performance,Data,2025 Q2,U12954285,0
Historical Performance,Data,2025 Q3,U12954285,0
Historical Performance,Data,2025 Q4,U12954285,0
Historical Performance,Data,2024 Q1,U12954285,0.49317625
Historical Performance,Data,2024 Q2,U12954285,0
Historical Performance,Data,2024 Q3,U12954285,0
Historical Performance,Data,2024 Q4,U12954285,0
Historical Performance,Data,2023 Q1,U12954285,-
Historical Performance,Data,2023 Q2,U12954285,-
Historical Performance,Data,2023 Q3,U12954285,-
Historical Performance,Data,2023 Q4,U12954285,8.009533678
Historical Performance,Header,Year,Account,AccountReturn
Historical Performance,Data,YTD,U12954285,0
Historical Performance,Data,2025,U12954285,0
Historical Performance,Data,2024,U12954285,0.49317625
Open Position Summary,MetaInfo,As Of,"January 27, 2026"
Open Position Summary,Header,Date,FinancialInstrument,Currency,Symbol,Description,Sector,Quantity,ClosePrice,Value,Cost Basis,UnrealizedP&L,FXRateToBase
Open Position Summary,Data,01/27/2026,Cash,USD,USD,United States Dollar,Cash,5.004221,1,5.004221, , ,1
Performance by Symbol,MetaInfo,Analysis Period,"September 21, 2023 - January 27, 2026"
Performance by Symbol,Header,Symbol,Description,FinancialInstrument,Sector,AvgWeight,Return,Contribution,Unrealized_P&L,Realized_P&L,Open
Performance by Symbol,Data,KWEB,KRANESH CSI CHINA INTERNET,ETFs,Technology,51.72810869,-5.622252816,-3.08163782,0.00,-77.21,No
Performance by Symbol,Data,TNA,DIREXION DLY SM CAP BULL 3X,ETFs,Broad,63.39966317,1.695864628,1.056063175,0.00,22.75,No
Performance by Symbol,Data,Total ETFs,,,,55.279896272,-1.175494916,-2.082072213,0.00,-54.46,
Performance by Symbol,Data,AMZN,AMAZON.COM INC,Stocks,Consumer Cyclicals,14.256562799,5.319255138,0.766017883,0.00,15.64,No
Performance by Symbol,Data,DIS,WALT DISNEY CO/THE,Stocks,Telecomm,9.077340466,7.359912121,0.650058676,0.00,13.66,No
Performance by Symbol,Data,GOOG,ALPHABET INC-CL C,Stocks,Telecomm,26.935236058,3.143738485,0.894069873,0.00,18.12,No
Performance by Symbol,Data,GOOGL,ALPHABET INC-CL A,Stocks,Telecomm,13.167459527,7.301871438,0.959819682,0.00,19.99,No
Performance by Symbol,Data,PYPL,PAYPAL HOLDINGS INC,Stocks,Financials,5.719604395,0.532106966,0.038799202,0.00,0.64,No
Performance by Symbol,Data,TSLA,TESLA INC,Stocks,Consumer Cyclicals,56.224110425,13.323129837,7.281227884,0.00,142.30,No
Performance by Symbol,Data,Total Stocks,,,,51.780883312,16.342611294,10.775618918,0.00,210.36,
Performance by Symbol,Data,USD,United States Dollar,Cash,Cash,84.778012109,1.30213632,0.103673303,,,Yes
Performance by Symbol,Data,Total Cash,,,,84.63993717,1.30213632,0.103673303,,,
Performance by Symbol,Data,Total,,,,99.83713355,8.54221105,8.54221105,0.00,155.90,
Trade Summary,MetaInfo,Analysis Period,"September 21, 2023 - January 27, 2026"
Trade Summary,Header,Financial Instrument,Currency,Symbol,Description,Sector,Quantity Bought,Average Price Bought,Proceeds Bought,Proceeds Bought in Base,Quantity Sold,Average Price Sold,Proceeds Sold,Proceeds Sold in Base
Trade Summary,Data,ETFs,United States Dollar,KWEB,KRANESH CSI CHINA INTERNET,Technology,43,26.76,-1150.68,-1150.68,-43,25.5012,1096.5516,1096.5516
Trade Summary,Data,ETFs,United States Dollar,TNA,DIREXION DLY SM CAP BULL 3X,Broad,34,39.1,-1329.4,-1329.4,-34,40.47,1375.98,1375.98
Trade Summary,Data,Stocks,United States Dollar,AMZN,AMAZON.COM INC,Consumer Cyclicals,2,141.83,-283.66,-283.66,-2,160.1,320.2,320.2
Trade Summary,Data,Stocks,United States Dollar,DIS,WALT DISNEY CO/THE,Telecomm,2,90.85,-181.7,-181.7,-2,108.12,216.24,216.24
Trade Summary,Data,Stocks,United States Dollar,GOOG,ALPHABET INC-CL C,Telecomm,4,141.47,-565.88,-565.88,-4,151.27,605.08,605.08
Trade Summary,Data,Stocks,United States Dollar,GOOGL,ALPHABET INC-CL A,Telecomm,2,131.69,-263.38,-263.38,-2,152.13,304.26,304.26
Trade Summary,Data,Stocks,United States Dollar,PYPL,PAYPAL HOLDINGS INC,Financials,2,55.295,-110.59,-110.59,-2,66.0612,132.1224,132.1224
Trade Summary,Data,Stocks,United States Dollar,TSLA,TESLA INC,Consumer Cyclicals,5,209.42916,-1047.1458,-1047.1458,-5,244.195,1220.975,1220.975
Deposits And Withdrawals,MetaInfo,Analysis Period,"September 21, 2023 - January 27, 2026"
Deposits And Withdrawals,Header,Date,Type,Description,Amount
Deposits And Withdrawals,Data,09/21/23,DEPOSIT,Cash Receipts / Electronic Fund Transfers ,2000
Deposits And Withdrawals,Data,04/19/24,WITHDRAWAL,Disbursement Initiated By Andrew Acevedo Pacanchique ,-2165.84
Dividends,MetaInfo,Analysis Period,"September 21, 2023 - January 27, 2026"
Dividends,Header,PayDate,Ex-Date,Symbol,Quantity,DividendPerShare,Amount
Dividends,Data,20231220,20231218,KWEB,43,0.42,18.03
Dividends,Data,20231229,20231227,KWEB,43,0.04,1.8
Dividends,Data,20240110,20231208,DIS,2,0.30,0.6
Dividends,Data,20240326,20240319,TNA,34,0.03,0.9
Notes and Disclosure,Header,Type,Note
Notes and Disclosure,Data,General,"1. The Net Asset Value (NAV) consists of all positions by financial instrument (stock, securities options, warrants, bonds, cash, etc.). All non-base currency amounts are converted to the base currency at the close of period rate."
Notes and Disclosure,Data,General,2. The gain or loss from future contracts settle into cash each night. The notional value is used when computing the contribution to return.
Notes and Disclosure,Data,General,"3. Dividend accruals, interest accruals, and insured deposits are included in cash amounts throughout the report."
Notes and Disclosure,Data,General,4. Price valuations are obtained from outside parties. Clearing Broker shall have no responsibility for the accuracy or timeliness of any such price valuation.
Notes and Disclosure,Data,General,5. Data from Thomson Reuters Business Classifications and Lipper Global is used to derive our sector classifications. Funds with assorted sector allocations are classified as Broad.
Notes and Disclosure,Data,General,"6. Amounts are formatted to two decimal places. If amounts are greater than two decimal places, Clearing Broker uses "half-even" rounding. This means that Clearing Broker rounds such amounts up to the nearest even number."
Notes and Disclosure,Data,General,"7. For accounts opened and funded before 2009, reports with a time period of Since Inception will only include data going back to January 1, 2009. This includes some default reports and both Historical Performance reports."
Notes and Disclosure,Data,General,"8. If you have elected to trade cryptocurrency/digital asset products at Crypto Provider through the Clearing Broker platform, for your convenience your positions in your linked account at Crypto Provider are reflected in PortfolioAnalyst in connection with your Clearing Broker account."
Notes and Disclosure,Data,Section,1. Account Overview: The deposit/withdrawal amount displayed includes internal transfers along with cash and position transfers.
Notes and Disclosure,Data,Section,"2. Risk Measures: Historical US 3 Month Treasury Bill rates are used as the risk free rates when calculating Alpha, the Sharpe ratio, the Sortino ratio, and the downside deviation."
Notes and Disclosure,Data,Disclosure,"This portfolio report was generated using Clearing Broker's PortfolioAnalyst tool, which allows Clearing Broker clients to generate analyses of their accounts using market data provided by third parties along with trade and account data contained in Clearing Broker's systems. This report is for information purposes only and is provided AS IS. Clearing Broker makes no warranty of any kind, express or implied, as to this report and its contents. The data provided for use in the PortfolioAnalyst tool is believed to be accurate, but completeness and accuracy of the information is not guaranteed, and Clearing Broker has no liability with respect thereto. The data regarding accounts held outside of Clearing Broker is obtained either directly from your input or from the financial institutions holding those accounts through a third-party service provider and Clearing Broker has NOT reviewed its accuracy.

The material in this report is intended only as a reference and should not be relied upon for the maintenance of your books and records for tax, accounting, financial, or regulatory reporting or for any other purposes. This report is not an offer or a solicitation of an offer to buy or sell any security. This material does not, and is not intended to, take into account the particular financial conditions, investment objectives, or requirements of individual customers. Before acting on any material within this report, you should consider whether it is suitable for your particular circumstances and as necessary, seek professional advice."
