Introduction,Header,Name,Account,Alias,BaseCurrency,AccountType,AnalysisPeriod,PerformanceMeasure
Introduction,Data,ANGEL DIAZ JALIL,U16337121,,USD,Individual (Broker Client),"January 23, 2025 to January 27, 2026 (Daily)",TWR
Key Statistics,MetaInfo,Analysis Period,"January 23, 2025 - January 27, 2026"
Key Statistics,Header,BeginningNAV,EndingNAV,CumulativeReturn,5DayReturn,5DayReturnDateRange,10DayReturn,10DayReturnDateRange,BestReturn,BestReturnDate,WorstReturn,WorstReturnDate,MTM,Deposits & Withdrawals,Dividends,Interest,Fees & Commissions,Other,ChangeInNAV
Key Statistics,Data,0,49924.455791,14.553281291,2.560366358,20260121 - 20260127,-0.108090231,20260114 - 20260127,10.046297553,20250409,-5.657332246,20250404,6462.6918,43430,226.43,0,-199.886077,5.220068,49924.455791
Historical Performance,MetaInfo,Analysis Period,"January 23, 2025 - January 27, 2026"
Historical Performance,Header,Account,MTD,QTD,YTD,1 Year,Since Inception
Historical Performance,Data,U16337121,0.877095269,0.877095269,0.877095269,15.208441064,14.553281294
Historical Performance,Header,Month,Account,AccountReturn
Historical Performance,Data,202501,U16337121,-
Historical Performance,Data,202502,U16337121,-1.341863119
Historical Performance,Data,202503,U16337121,-5.321285421
Historical Performance,Data,202504,U16337121,-0.802021744
Historical Performance,Data,202505,U16337121,6.996933466
Historical Performance,Data,202506,U16337121,4.691453261
Historical Performance,Data,202507,U16337121,2.92606175
Historical Performance,Data,202508,U16337121,1.652702675
Historical Performance,Data,202509,U16337121,3.829270937
Historical Performance,Data,202510,U16337121,2.60064617
Historical Performance,Data,202511,U16337121,-0.98465367
Historical Performance,Data,202512,U16337121,0.418106608
Historical Performance,Header,Quarter,Account,AccountReturn
Historical Performance,Data,2025 Q1,U16337121,-
Historical Performance,Data,2025 Q2,U16337121,11.118246744
Historical Performance,Data,2025 Q3,U16337121,8.633579559
Historical Performance,Data,2025 Q4,U16337121,2.015141255
Historical Performance,Header,Year,Account,AccountReturn
Historical Performance,Data,YTD,U16337121,0.877095269
Open Position Summary,MetaInfo,As Of,"January 27, 2026"
Open Position Summary,Header,Date,FinancialInstrument,Currency,Symbol,Description,Sector,Quantity,ClosePrice,Value,Cost Basis,UnrealizedP&L,FXRateToBase
Open Position Summary,Data,01/27/2026,ETFs,USD,CSPX,ISHARES CORE S&P 500,Broad,1.3518,748.88,1012.34,1007.850669,4.489331,1
Open Position Summary,Data,01/27/2026,ETFs,USD,SPY,SPDR S&P 500 ETF TRUST,Broad,52.4153,695.49,36454.32,30842.906991,5611.413009,1
Open Position Summary,Data,Total,ETFs,USD,,,,,,37466.66,31850.75766,5615.90234
Open Position Summary,Data,01/27/2026,Stocks,USD,BRK B,BERKSHIRE HATHAWAY INC-CL B,Consumer Non-Cyc,8.3236,474.67,3950.96,4144.056039,-193.096039,1
Open Position Summary,Data,01/27/2026,Stocks,USD,NVDA,NVIDIA CORP,Technology,29.2554,188.52,5515.23,5019.240643,495.989357,1
Open Position Summary,Data,01/27/2026,Stocks,USD,SFTBY,SOFTBANK GROUP CORP-UNSP ADR,Technology,146.2085,13.09,1913.87,1989.670475,-75.800475,1
Open Position Summary,Data,Total,Stocks,USD,,,,,,11380.06,11152.967157,227.092843
Open Position Summary,Data,01/27/2026,Cash,USD,USD,United States Dollar,Cash,1077.735791,1,1077.735791, , ,1
Performance by Symbol,MetaInfo,Analysis Period,"January 23, 2025 - January 27, 2026"
Performance by Symbol,Header,Symbol,Description,FinancialInstrument,Sector,AvgWeight,Return,Contribution,Unrealized_P&L,Realized_P&L,Open
Performance by Symbol,Data,CSPX,ISHARES CORE S&P 500,ETFs,Broad,2.018396112,0.445436113,0.009288522,4.49,0.00,Yes
Performance by Symbol,Data,SPY,SPDR S&P 500 ETF TRUST,ETFs,Broad,87.564236112,15.014186464,11.954347418,"5,611.41",0.00,Yes
Performance by Symbol,Data,Total ETFs,,,,87.687028271,14.993127967,11.964486535,"5,615.90",0.00,
Performance by Symbol,Data,BRK B,BERKSHIRE HATHAWAY INC-CL B,Stocks,Consumer Non-Cyc,6.907558718,-5.113703805,-0.371603104,-193.10,0.00,Yes
Performance by Symbol,Data,NVDA,NVIDIA CORP,Stocks,Technology,8.560503625,74.198978389,2.98897659,495.99,417.68,Yes
Performance by Symbol,Data,SFTBY,SOFTBANK GROUP CORP-UNSP ADR,Stocks,Technology,1.652045527,-3.885972363,-0.146478556,-75.80,0.00,Yes
Performance by Symbol,Data,TSLA,TESLA INC,Stocks,Consumer Cyclicals,3.705176718,0.163797926,0.003552902,0.00,2.14,No
Performance by Symbol,Data,Total Stocks,,,,12.309298591,62.114868115,2.461825931,227.09,419.82,
Performance by Symbol,Data,USD,United States Dollar,Cash,Cash,3.226641096,-0.000029798,0.000019495,,,Yes
Performance by Symbol,Data,Total Cash,,,,3.226641096,-0.000029798,0.000019495,,,
Performance by Symbol,Data,Total,,,,100,14.553281291,14.553281291,"5,843.00",419.82,
Projected Income,MetaInfo,As Of,"January 27, 2026"
Projected Income,Header,Financial Instrument,Symbol,Description,Frequency,Quantity,Price,Value,Current Yield %,Principal,Estimated Annual Income,Estimated 2026 Remaining Income
Projected Income,Data,ETFs,SPY,Ordinary Dividend,4,52.4153,695.49,36454.32,1.053127924,-,383.91062332,383.91062332
Projected Income,Data,,Total ETFs,,,,,36454.32,1.053127924,,383.91062332,383.91062332
Projected Income,Data,Stocks,NVDA,Ordinary Dividend,4,29.2554,188.52,5515.23,0.0212179,-,1.170216,1.170216
Projected Income,Data,Stocks,SFTBY,Ordinary Dividend,2,146.2085,13.09,1913.87,1.077310511,-,20.61832267,20.61832267
Projected Income,Data,,Total Stocks,,,,,7429.1,0.293286383,,21.78853867,21.78853867
Projected Income,Data,,Total,,,,,43883.42,0.924493036,,405.69916199,405.69916199
Trade Summary,MetaInfo,Analysis Period,"January 23, 2025 - January 27, 2026"
Trade Summary,Header,Financial Instrument,Currency,Symbol,Description,Sector,Quantity Bought,Average Price Bought,Proceeds Bought,Proceeds Bought in Base,Quantity Sold,Average Price Sold,Proceeds Sold,Proceeds Sold in Base
Trade Summary,Data,ETFs,United States Dollar,CSPX,ISHARES CORE S&P 500,Broad,1.3518,739.7,-999.92646,-999.92646,0,0,0,0
Trade Summary,Data,ETFs,United States Dollar,SPY,SPDR S&P 500 ETF TRUST,Broad,52.4153,586.366873947,-30734.595608,-30734.595608,0,0,0,0
Trade Summary,Data,Stocks,United States Dollar,BRK B,BERKSHIRE HATHAWAY INC-CL B,Consumer Non-Cyc,8.3236,495.572511894,-4124.94736,-4124.94736,0,0,0,0
Trade Summary,Data,Stocks,United States Dollar,NVDA,NVIDIA CORP,Technology,38.761,153.220216785,-5938.96882282,-5938.96882282,-9.5056,144.074734052,1369.516792,1369.516792
Trade Summary,Data,Stocks,United States Dollar,SFTBY,SOFTBANK GROUP CORP-UNSP ADR,Technology,89.1416,22.099619661,-1969.995456,-1969.995456,0,0,0,0
Trade Summary,Data,Stocks,United States Dollar,TSLA,TESLA INC,Consumer Cyclicals,4.0083,324.322975077,-1299.983781,-1299.983781,-4.0083,328.039958586,1314.882566,1314.882566
Deposits And Withdrawals,MetaInfo,Analysis Period,"January 23, 2025 - January 27, 2026"
Deposits And Withdrawals,Header,Date,Type,Description,Amount
Deposits And Withdrawals,Data,01/23/25,DEPOSIT,Cash Receipts / Electronic Fund Transfers ,6465
Deposits And Withdrawals,Data,01/24/25,WITHDRAWAL,Disbursement (from Firsthorizon A2a. ) ,-0.51
Deposits And Withdrawals,Data,01/24/25,DEPOSIT,Cash Receipts / Electronic Fund Transfers (from Firsthorizon A2a) ,0.34
Deposits And Withdrawals,Data,01/24/25,DEPOSIT,Cash Receipts / Electronic Fund Transfers (from Firsthorizon A2a) ,0.17
Deposits And Withdrawals,Data,01/27/25,DEPOSIT,Cash Receipts / Electronic Fund Transfers (from First Horizon ) ,2000
Deposits And Withdrawals,Data,02/05/25,DEPOSIT,Cash Receipts / Electronic Fund Transfers (from First Horizon ) ,2000
Deposits And Withdrawals,Data,02/11/25,DEPOSIT,Cash Receipts / Electronic Fund Transfers (from First Horizon ) ,2000
Deposits And Withdrawals,Data,02/18/25,DEPOSIT,Cash Receipts / Electronic Fund Transfers (from First Horizon ) ,2000
Deposits And Withdrawals,Data,02/25/25,DEPOSIT,Cash Receipts / Electronic Fund Transfers (from First Horizon ) ,2000
Deposits And Withdrawals,Data,03/04/25,DEPOSIT,Cash Receipts / Electronic Fund Transfers (from First Horizon ) ,2000
Deposits And Withdrawals,Data,03/10/25,DEPOSIT,Cash Receipts / Electronic Fund Transfers (from First Horizon ) ,2000
Deposits And Withdrawals,Data,04/04/25,DEPOSIT,Cash Receipts / Electronic Fund Transfers (from First Horizon ) ,1000
Deposits And Withdrawals,Data,04/07/25,DEPOSIT,Cash Receipts / Electronic Fund Transfers ,4965
Deposits And Withdrawals,Data,06/13/25,DEPOSIT,Cash Receipts / Electronic Fund Transfers (from First Horizon ) ,2000
Deposits And Withdrawals,Data,06/24/25,DEPOSIT,Cash Receipts / Electronic Fund Transfers (from First Horizon ) ,2000
Deposits And Withdrawals,Data,06/30/25,DEPOSIT,Cash Receipts / Electronic Fund Transfers (from First Horizon ) ,1000
Deposits And Withdrawals,Data,09/23/25,DEPOSIT,Cash Receipts / Electronic Fund Transfers (from First Horizon ) ,2000
Deposits And Withdrawals,Data,09/30/25,DEPOSIT,Cash Receipts / Electronic Fund Transfers (from First Horizon ) ,2000
Deposits And Withdrawals,Data,10/08/25,DEPOSIT,Cash Receipts / Electronic Fund Transfers (from First Horizon ) ,2000
Deposits And Withdrawals,Data,10/15/25,DEPOSIT,Cash Receipts / Electronic Fund Transfers (from First Horizon ) ,2000
Deposits And Withdrawals,Data,10/24/25,DEPOSIT,Cash Receipts / Electronic Fund Transfers (from First Horizon ) ,1000
Deposits And Withdrawals,Data,11/28/25,DEPOSIT,Cash Receipts / Electronic Fund Transfers (From First Horizon ) ,3000
Corporate Actions,MetaInfo,Analysis Period,"January 23, 2025 - January 27, 2026"
Corporate Actions,Header,Date,Type,Description,Quantity
Corporate Actions,Data,20260107,Split,SFTBY(US83404D1090) SPLIT 4 FOR 1,57.0669
Dividends,MetaInfo,Analysis Period,"January 23, 2025 - January 27, 2026"
Dividends,Header,PayDate,Ex-Date,Symbol,Quantity,DividendPerShare,Amount
Dividends,Data,20250430,20250321,SPY,34.1648,1.70,57.93
Dividends,Data,20250703,20250611,NVDA,9.5056,0.01,0.1
Dividends,Data,20250731,20250620,SPY,43.9948,1.76,77.48
Dividends,Data,20251002,20250911,NVDA,18.587,0.01,0.19
Dividends,Data,20251031,20250919,SPY,49.3884,1.83,90.44
Dividends,Data,20251226,20251204,NVDA,29.2554,0.01,0.29
Notes and Disclosure,Header,Type,Note
Notes and Disclosure,Data,General,"1. The Net Asset Value (NAV) consists of all positions by financial instrument (stock, securities options, warrants, bonds, cash, etc.). All non-base currency amounts are converted to the base currency at the close of period rate."
Notes and Disclosure,Data,General,2. The gain or loss from future contracts settle into cash each night. The notional value is used when computing the contribution to return.
Notes and Disclosure,Data,General,"3. Dividend accruals, interest accruals, and insured deposits are included in cash amounts throughout the report."
Notes and Disclosure,Data,General,4. Price valuations are obtained from outside parties. Clearing Broker shall have no responsibility for the accuracy or timeliness of any such price valuation.
Notes and Disclosure,Data,General,5. Data from Thomson Reuters Business Classifications and Lipper Global is used to derive our sector classifications. Funds with assorted sector allocations are classified as Broad.
Notes and Disclosure,Data,General,"6. Amounts are formatted to two decimal places. If amounts are greater than two decimal places, Clearing Broker uses "half-even" rounding. This means that Clearing Broker rounds such amounts up to the nearest even number."
Notes and Disclosure,Data,General,"7. For accounts opened and funded before 2009, reports with a time period of Since Inception will only include data going back to January 1, 2009. This includes some default reports and both Historical Performance reports."
Notes and Disclosure,Data,General,"8. If you have elected to trade cryptocurrency/digital asset products at Crypto Provider through the Clearing Broker platform, for your convenience your positions in your linked account at Crypto Provider are reflected in PortfolioAnalyst in connection with your Clearing Broker account."
Notes and Disclosure,Data,Section,1. Account Overview: The deposit/withdrawal amount displayed includes internal transfers along with cash and position transfers.
Notes and Disclosure,Data,Section,2. Projected Income: The Estimated Annual Income and Estimated Remaining Income in the Projected Income report assume dividend and bond payments remain constant throughout the year. These positions and interest rates are based on the previous business day.
Notes and Disclosure,Data,Section,"3. Risk Measures: Historical US 3 Month Treasury Bill rates are used as the risk free rates when calculating Alpha, the Sharpe ratio, the Sortino ratio, and the downside deviation."
Notes and Disclosure,Data,Disclosure,"This portfolio report was generated using Clearing Broker's PortfolioAnalyst tool, which allows Clearing Broker clients to generate analyses of their accounts using market data provided by third parties along with trade and account data contained in Clearing Broker's systems. This report is for information purposes only and is provided AS IS. Clearing Broker makes no warranty of any kind, express or implied, as to this report and its contents. The data provided for use in the PortfolioAnalyst tool is believed to be accurate, but completeness and accuracy of the information is not guaranteed, and Clearing Broker has no liability with respect thereto. The data regarding accounts held outside of Clearing Broker is obtained either directly from your input or from the financial institutions holding those accounts through a third-party service provider and Clearing Broker has NOT reviewed its accuracy.

The material in this report is intended only as a reference and should not be relied upon for the maintenance of your books and records for tax, accounting, financial, or regulatory reporting or for any other purposes. This report is not an offer or a solicitation of an offer to buy or sell any security. This material does not, and is not intended to, take into account the particular financial conditions, investment objectives, or requirements of individual customers. Before acting on any material within this report, you should consider whether it is suitable for your particular circumstances and as necessary, seek professional advice."
