Introduction,Header,Name,Account,Alias,BaseCurrency,AccountType,AnalysisPeriod,PerformanceMeasure
Introduction,Data,Augusto J Miu Lei,U19515233,,USD,Individual (Broker Client),"June 17, 2024 to January 27, 2026 (Daily)",TWR
Key Statistics,MetaInfo,Analysis Period,"June 17, 2024 - January 27, 2026"
Key Statistics,Header,BeginningNAV,EndingNAV,CumulativeReturn,5DayReturn,5DayReturnDateRange,10DayReturn,10DayReturnDateRange,BestReturn,BestReturnDate,WorstReturn,WorstReturnDate,MTM,Deposits & Withdrawals,Dividends,Interest,Fees & Commissions,Other,ChangeInNAV
Key Statistics,Data,0,14.322934,3.214277783,0,20260121 - 20260127,0,20260114 - 20260127,24.896187517,20250409,-7.502948851,20250107,4591.625,-3199.96,1729.46,-55.64,-3051.162066,0,14.322934
Historical Performance,MetaInfo,Analysis Period,"June 17, 2024 - January 27, 2026"
Historical Performance,Header,Account,MTD,QTD,YTD,1 Year,Since Inception
Historical Performance,Data,U19515233,0,0,0,37.872549635,3.214277783
Historical Performance,Header,Month,Account,AccountReturn
Historical Performance,Data,202501,U19515233,-9.079100179
Historical Performance,Data,202502,U19515233,32.427367581
Historical Performance,Data,202503,U19515233,-17.852929339
Historical Performance,Data,202504,U19515233,19.174686758
Historical Performance,Data,202505,U19515233,6.106768952
Historical Performance,Data,202506,U19515233,0
Historical Performance,Data,202507,U19515233,0
Historical Performance,Data,202508,U19515233,0
Historical Performance,Data,202509,U19515233,0
Historical Performance,Data,202510,U19515233,0
Historical Performance,Data,202511,U19515233,0
Historical Performance,Data,202512,U19515233,0
Historical Performance,Data,202401,U19515233,-
Historical Performance,Data,202402,U19515233,-
Historical Performance,Data,202403,U19515233,-
Historical Performance,Data,202404,U19515233,-
Historical Performance,Data,202405,U19515233,-
Historical Performance,Data,202406,U19515233,-
Historical Performance,Data,202407,U19515233,0.666158805
Historical Performance,Data,202408,U19515233,-0.056548077
Historical Performance,Data,202409,U19515233,0.14172656
Historical Performance,Data,202410,U19515233,-4.281602552
Historical Performance,Data,202411,U19515233,1.435585084
Historical Performance,Data,202412,U19515233,-15.639248197
Historical Performance,Header,Quarter,Account,AccountReturn
Historical Performance,Data,2025 Q1,U19515233,-1.091514359
Historical Performance,Data,2025 Q2,U19515233,26.452409527
Historical Performance,Data,2025 Q3,U19515233,0
Historical Performance,Data,2025 Q4,U19515233,0
Historical Performance,Data,2024 Q1,U19515233,-
Historical Performance,Data,2024 Q2,U19515233,-
Historical Performance,Data,2024 Q3,U19515233,0.751824034
Historical Performance,Data,2024 Q4,U19515233,-18.092023149
Historical Performance,Header,Year,Account,AccountReturn
Historical Performance,Data,YTD,U19515233,0
Historical Performance,Data,2025,U19515233,25.07216332
Open Position Summary,MetaInfo,As Of,"January 27, 2026"
Open Position Summary,Header,Date,FinancialInstrument,Currency,Symbol,Description,Sector,Quantity,ClosePrice,Value,Cost Basis,UnrealizedP&L,FXRateToBase
Open Position Summary,Data,01/27/2026,Cash,USD,USD,United States Dollar,Cash,14.322934,1,14.322934, , ,1
Performance by Symbol,MetaInfo,Analysis Period,"June 17, 2024 - January 27, 2026"
Performance by Symbol,Header,Symbol,Description,FinancialInstrument,Sector,AvgWeight,Return,Contribution,Unrealized_P&L,Realized_P&L,Open
Performance by Symbol,Data,GLD,SPDR GOLD SHARES,ETFs,Basic Materials,86.402535794,2.093666567,1.806687974,0.00,"1,800.46",No
Performance by Symbol,Data,SHV,ISHARES SHORT TREASURY BOND,ETFs,Government,55.25279223,0.334168464,-0.013117391,0.00,-445.75,No
Performance by Symbol,Data,TLT,ISHARES 20+ YEAR TREASURY BD,ETFs,Government,90.053159581,-7.32809649,-6.552276033,0.00,"-7,185.55",No
Performance by Symbol,Data,Total ETFs,,,,75.024165645,-5.0045415,-4.876462884,0.00,"-5,830.85",
Performance by Symbol,Data,AAPL  270115C00200000,AAPL 15JAN27 200 C,Options,Technology,17.311730699,27.208904158,4.941959489,0.00,"3,736.39",No
Performance by Symbol,Data,AMZN  270617C00180000,AMZN 17JUN27 180 C,Options,Consumer Cyclicals,7.86173463,13.955422483,1.099985109,0.00,977.07,No
Performance by Symbol,Data,AMZN  270617C00200000,AMZN 17JUN27 200 C,Options,Consumer Cyclicals,17.099511781,14.689678224,2.526036109,0.00,"1,957.96",No
Performance by Symbol,Data,BIDU  270115C00100000,BIDU 15JAN27 100 C,Options,Technology,2.357614371,11.461675876,0.256128305,0.00,242.82,No
Performance by Symbol,Data,GLD   240719C00225000,GLD 19JUL24 225 C,Options,Basic Materials,-0.169944534,309.440093676,-0.259817968,0.00,-260.58,No
Performance by Symbol,Data,GLD   240719P00215000,GLD 19JUL24 215 P,Options,Basic Materials,0.631693544,-78.628420749,-0.733771376,0.00,-736.58,No
Performance by Symbol,Data,GOOG  270617C00160000,GOOG 17JUN27 160 C,Options,Telecomm,6.784088254,17.523600247,1.149293801,0.00,"1,040.54",No
Performance by Symbol,Data,GOOG  271217C00200000,GOOG 17DEC27 200 C,Options,Telecomm,13.072712693,25.774004564,3.519491354,0.00,"2,636.82",No
Performance by Symbol,Data,INTC  271217C00025000,INTC 17DEC27 25 C,Options,Technology,6.321853407,-32.409194661,-2.622963314,0.00,"-2,479.17",No
Performance by Symbol,Data,MSFT  270617C00390000,MSFT 17JUN27 390 C,Options,Technology,12.566959463,15.522424904,1.903813499,0.00,"1,726.31",No
Performance by Symbol,Data,MSFT  271217C00450000,MSFT 17DEC27 450 C,Options,Technology,11.841859542,14.395700522,1.983798687,0.00,"1,457.05",No
Performance by Symbol,Data,NKE   270115C00077500,NKE 15JAN27 77.5 C,Options,Consumer Cyclicals,12.028710983,-34.018584147,-4.026158912,0.00,"-3,438.85",No
Performance by Symbol,Data,NVDA  270617C00100000,NVDA 17JUN27 100 C,Options,Technology,6.590173573,16.842652177,1.070939105,0.00,977.10,No
Performance by Symbol,Data,NVDA  271217C00100000,NVDA 17DEC27 100 C,Options,Technology,12.0432385,13.896983065,1.670162459,0.00,"1,314.71",No
Performance by Symbol,Data,SQ    250117C00067500,XYZ 17JAN25 67.5 C,Options,Industrials,-5.111195337,-17.543401692,0.865298314,0.00,876.69,No
Performance by Symbol,Data,SQ    250117P00060000,XYZ 17JAN25 60 P,Options,Industrials,6.109768073,14.340787392,0.893347664,0.00,907.71,No
Performance by Symbol,Data,TLT   270115C00090000,TLT 15JAN27 90 C,Options,Government,41.639729675,1.957388358,2.528523551,0.00,"1,003.65",No
Performance by Symbol,Data,TLT   270115C00095000,TLT 15JAN27 95 C,Options,Government,29.020250689,-0.27824947,2.174339415,0.00,805.45,No
Performance by Symbol,Data,TLT   270115C00100000,TLT 15JAN27 100 C,Options,Government,6.877703247,-44.599216725,-3.762466898,0.00,"-4,074.33",No
Performance by Symbol,Data,TLT   270115C00105000,TLT 15JAN27 105 C,Options,Government,8.406414597,-13.358392212,0.651626235,0.00,105.36,No
Performance by Symbol,Data,XYZ   270115C00070000,XYZ 15JAN27 70 C,Options,Industrials,13.954843414,-7.726303681,0.062932233,0.00,550.83,No
Performance by Symbol,Data,Total Options,,,,49.876142979,-127.279899496,10.065239275,0.00,"9,326.95",
Performance by Symbol,Data,XYZ,BLOCK INC,Stocks,Industrials,48.118076671,-4.059711141,-1.967242531,0.00,"-1,955.61",No
Performance by Symbol,Data,Total Stocks,,,,48.118076671,-4.059711141,-1.967242531,0.00,"-1,955.61",
Performance by Symbol,Data,USD,United States Dollar,Cash,Cash,58.678503379,81.687731069,0.6480431,,,Yes
Performance by Symbol,Data,Total Cash,,,,58.539454793,81.687731069,0.6480431,,,
Performance by Symbol,Data,Total,,,,99.763033175,3.214277783,3.214277783,0.00,"1,540.49",
Trade Summary,MetaInfo,Analysis Period,"June 17, 2024 - January 27, 2026"
Trade Summary,Header,Financial Instrument,Currency,Symbol,Description,Sector,Quantity Bought,Average Price Bought,Proceeds Bought,Proceeds Bought in Base,Quantity Sold,Average Price Sold,Proceeds Sold,Proceeds Sold in Base
Trade Summary,Data,ETFs,United States Dollar,GLD,SPDR GOLD SHARES,Basic Materials,800,215.2725,-172218,-172218,-800,217.66565,174132.52,174132.52
Trade Summary,Data,ETFs,United States Dollar,SHV,ISHARES SHORT TREASURY BOND,Government,1810,110.52,-200041.2,-200041.2,-1810,110.380638122,199788.955,199788.955
Trade Summary,Data,ETFs,United States Dollar,TLT,ISHARES 20+ YEAR TREASURY BD,Government,935,95.655,-89437.425,-89437.425,-935,88.065,82340.775,82340.775
Trade Summary,Data,Options,United States Dollar,AAPL  270115C00200000,AAPL 15JAN27 200 C,Technology,5,27.4,-13700,-13700,-5,35,17500,17500
Trade Summary,Data,Options,United States Dollar,AMZN  270617C00180000,AMZN 17JUN27 180 C,Consumer Cyclicals,2,34.9,-6980,-6980,-2,40,8000,8000
Trade Summary,Data,Options,United States Dollar,AMZN  270617C00200000,AMZN 17JUN27 200 C,Consumer Cyclicals,4,33.25,-13300,-13300,-4,38.29,15316,15316
Trade Summary,Data,Options,United States Dollar,BIDU  270115C00100000,BIDU 15JAN27 100 C,Technology,1,21,-2100,-2100,-1,23.8,2380,2380
Trade Summary,Data,Options,United States Dollar,GLD   240719C00225000,GLD 19JUL24 225 C,Basic Materials,4,0.79,-316,-316,-4,0.28,112,112
Trade Summary,Data,Options,United States Dollar,GLD   240719P00215000,GLD 19JUL24 215 P,Basic Materials,4,2.27,-908,-908,-4,0.57,228,228
Trade Summary,Data,Options,United States Dollar,GOOG  270617C00160000,GOOG 17JUN27 160 C,Telecomm,2,29.58,-5916,-5916,-2,35,7000,7000
Trade Summary,Data,Options,United States Dollar,GOOG  271217C00200000,GOOG 17DEC27 200 C,Telecomm,5,20.4,-10200,-10200,-5,25.8,12900,12900
Trade Summary,Data,Options,United States Dollar,INTC  271217C00025000,INTC 17DEC27 25 C,Technology,10,7.6,-7600,-7600,-10,5.22,5220,5220
Trade Summary,Data,Options,United States Dollar,MSFT  270617C00390000,MSFT 17JUN27 390 C,Technology,2,55.5,-11100,-11100,-2,64.35,12870,12870
Trade Summary,Data,Options,United States Dollar,MSFT  271217C00450000,MSFT 17DEC27 450 C,Technology,2,50.5,-10100,-10100,-2,58,11600,11600
Trade Summary,Data,Options,United States Dollar,NKE   270115C00077500,NKE 15JAN27 77.5 C,Consumer Cyclicals,24,8.411666667,-20188,-20188,-24,7.075,16980,16980
Trade Summary,Data,Options,United States Dollar,NVDA  270617C00100000,NVDA 17JUN27 100 C,Technology,2,28.9,-5780,-5780,-2,34,6800,6800
Trade Summary,Data,Options,United States Dollar,NVDA  271217C00100000,NVDA 17DEC27 100 C,Technology,3,31.45,-9435,-9435,-3,36,10800,10800
Trade Summary,Data,Options,United States Dollar,SQ    250117C00067500,XYZ 17JAN25 67.5 C,Industrials,8,5.1,-4080,-4080,-8,6.3,5040,5040
Trade Summary,Data,Options,United States Dollar,SQ    250117P00060000,XYZ 17JAN25 60 P,Industrials,8,7.84,-6272,-6272,-8,9.1,7280,7280
Trade Summary,Data,Options,United States Dollar,TLT   270115C00090000,TLT 15JAN27 90 C,Government,50,8.1,-40500,-40500,-50,8.3876,41938,41938
Trade Summary,Data,Options,United States Dollar,TLT   270115C00095000,TLT 15JAN27 95 C,Government,50,6.35,-31750,-31750,-50,6.596,32980,32980
Trade Summary,Data,Options,United States Dollar,TLT   270115C00100000,TLT 15JAN27 100 C,Government,12,8.5,-10200,-10200,-12,5.22,6264,6264
Trade Summary,Data,Options,United States Dollar,TLT   270115C00105000,TLT 15JAN27 105 C,Government,25,3.98,-9950,-9950,-25,4.1176,10294,10294
Trade Summary,Data,Options,United States Dollar,XYZ   270115C00070000,XYZ 15JAN27 70 C,Industrials,25,9.69,-24225,-24225,-25,10,25000,25000
Trade Summary,Data,Stocks,United States Dollar,XYZ,BLOCK INC,Industrials,800,60.165,-48132,-48132,-800,57.82,46256,46256
Deposits And Withdrawals,MetaInfo,Analysis Period,"June 17, 2024 - January 27, 2026"
Deposits And Withdrawals,Header,Date,Type,Description,Amount
Deposits And Withdrawals,Data,06/17/24,DEPOSIT,Cash Receipts / Electronic Fund Transfers ,100000
Deposits And Withdrawals,Data,12/19/24,NA,Adjustment: Commission (consolidated Audit Trail Fee Refund) ,0.04
Deposits And Withdrawals,Data,05/30/25,WITHDRAWAL,Disbursement Initiated By Augusto J Miu Lei ,-103200
Dividends,MetaInfo,Analysis Period,"June 17, 2024 - January 27, 2026"
Dividends,Header,PayDate,Ex-Date,Symbol,Note,Quantity,DividendPerShare,Amount
Dividends,Data,20240806,20240801,SHV,Payment In Lieu,905,0.23,203.94
Dividends,Data,20240806,20240801,SHV,Dividend Payment,905,0.26,237.61
Dividends,Data,20240906,20240903,SHV,Dividend Payment,393,0.48,186.86
Dividends,Data,20241004,20241001,SHV,Dividend Payment,393,0.45,178.59
Dividends,Data,20241106,20241101,TLT,Dividend Payment,935,0.31,290.36
Dividends,Data,20241205,20241202,TLT,Dividend Payment,935,0.33,303.89
Dividends,Data,20241223,20241218,TLT,Dividend Payment,935,0.35,328.21
Interest Details,MetaInfo,Analysis Period,"June 17, 2024 - January 27, 2026"
Interest Details,Header,Date,Description,Amount
Interest Details,Data,20240805,USD Debit Interest Paid for July 2024,-9.27
Interest Details,Data,20240905,USD Debit Interest Paid for August 2024,-46.37
Notes and Disclosure,Header,Type,Note
Notes and Disclosure,Data,General,"1. The Net Asset Value (NAV) consists of all positions by financial instrument (stock, securities options, warrants, bonds, cash, etc.). All non-base currency amounts are converted to the base currency at the close of period rate."
Notes and Disclosure,Data,General,2. The gain or loss from future contracts settle into cash each night. The notional value is used when computing the contribution to return.
Notes and Disclosure,Data,General,"3. Dividend accruals, interest accruals, and insured deposits are included in cash amounts throughout the report."
Notes and Disclosure,Data,General,4. Price valuations are obtained from outside parties. Clearing Broker shall have no responsibility for the accuracy or timeliness of any such price valuation.
Notes and Disclosure,Data,General,5. Data from Thomson Reuters Business Classifications and Lipper Global is used to derive our sector classifications. Funds with assorted sector allocations are classified as Broad.
Notes and Disclosure,Data,General,"6. Amounts are formatted to two decimal places. If amounts are greater than two decimal places, Clearing Broker uses "half-even" rounding. This means that Clearing Broker rounds such amounts up to the nearest even number."
Notes and Disclosure,Data,General,"7. For accounts opened and funded before 2009, reports with a time period of Since Inception will only include data going back to January 1, 2009. This includes some default reports and both Historical Performance reports."
Notes and Disclosure,Data,General,"8. If you have elected to trade cryptocurrency/digital asset products at Crypto Provider through the Clearing Broker platform, for your convenience your positions in your linked account at Crypto Provider are reflected in PortfolioAnalyst in connection with your Clearing Broker account."
Notes and Disclosure,Data,Section,1. Account Overview: The deposit/withdrawal amount displayed includes internal transfers along with cash and position transfers.
Notes and Disclosure,Data,Section,"2. Risk Measures: Historical US 3 Month Treasury Bill rates are used as the risk free rates when calculating Alpha, the Sharpe ratio, the Sortino ratio, and the downside deviation."
Notes and Disclosure,Data,Disclosure,"This portfolio report was generated using Clearing Broker's PortfolioAnalyst tool, which allows Clearing Broker clients to generate analyses of their accounts using market data provided by third parties along with trade and account data contained in Clearing Broker's systems. This report is for information purposes only and is provided AS IS. Clearing Broker makes no warranty of any kind, express or implied, as to this report and its contents. The data provided for use in the PortfolioAnalyst tool is believed to be accurate, but completeness and accuracy of the information is not guaranteed, and Clearing Broker has no liability with respect thereto. The data regarding accounts held outside of Clearing Broker is obtained either directly from your input or from the financial institutions holding those accounts through a third-party service provider and Clearing Broker has NOT reviewed its accuracy.

The material in this report is intended only as a reference and should not be relied upon for the maintenance of your books and records for tax, accounting, financial, or regulatory reporting or for any other purposes. This report is not an offer or a solicitation of an offer to buy or sell any security. This material does not, and is not intended to, take into account the particular financial conditions, investment objectives, or requirements of individual customers. Before acting on any material within this report, you should consider whether it is suitable for your particular circumstances and as necessary, seek professional advice."
