Introduction,Header,Name,Account,Alias,BaseCurrency,AccountType,AnalysisPeriod,PerformanceMeasure
Introduction,Data,BARTOLOME DIAZ JALIL,U16330047,,USD,Individual (Broker Client),"February 6, 2025 to January 27, 2026 (Daily)",TWR
Key Statistics,MetaInfo,Analysis Period,"February 6, 2025 - January 27, 2026"
Key Statistics,Header,BeginningNAV,EndingNAV,CumulativeReturn,5DayReturn,5DayReturnDateRange,10DayReturn,10DayReturnDateRange,BestReturn,BestReturnDate,WorstReturn,WorstReturnDate,MTM,Deposits & Withdrawals,Dividends,Interest,Fees & Commissions,Other,ChangeInNAV
Key Statistics,Data,0,40706.933528,14.085614342,2.733170663,20260121 - 20260127,0.145493752,20260114 - 20260127,10.47677362,20250409,-5.841334454,20250404,4647.4623,35990,169.88,0,-114.89748,14.488708,40706.933528
Historical Performance,MetaInfo,Analysis Period,"February 6, 2025 - January 27, 2026"
Historical Performance,Header,Account,MTD,QTD,YTD,Since Inception
Historical Performance,Data,U16330047,1.33344525,1.33344525,1.33344525,14.085614317
Historical Performance,Header,Month,Account,AccountReturn
Historical Performance,Data,202501,U16330047,-
Historical Performance,Data,202502,U16330047,-
Historical Performance,Data,202503,U16330047,-5.530416351
Historical Performance,Data,202504,U16330047,0.197585375
Historical Performance,Data,202505,U16330047,5.117755689
Historical Performance,Data,202506,U16330047,5.037783443
Historical Performance,Data,202507,U16330047,2.298493228
Historical Performance,Data,202508,U16330047,1.636129336
Historical Performance,Data,202509,U16330047,3.587808982
Historical Performance,Data,202510,U16330047,2.798975768
Historical Performance,Data,202511,U16330047,-1.370964429
Historical Performance,Data,202512,U16330047,0.355722073
Historical Performance,Header,Quarter,Account,AccountReturn
Historical Performance,Data,2025 Q1,U16330047,-
Historical Performance,Data,2025 Q2,U16330047,10.631521233
Historical Performance,Data,2025 Q3,U16330047,7.702553852
Historical Performance,Data,2025 Q4,U16330047,1.7503037
Historical Performance,Header,Year,Account,AccountReturn
Historical Performance,Data,YTD,U16330047,1.33344525
Open Position Summary,MetaInfo,As Of,"January 27, 2026"
Open Position Summary,Header,Date,FinancialInstrument,Currency,Symbol,Description,Sector,Quantity,ClosePrice,Value,Cost Basis,UnrealizedP&L,FXRateToBase
Open Position Summary,Data,01/27/2026,ETFs,USD,SPY,SPDR S&P 500 ETF TRUST,Broad,47.6344,695.49,33129.25,28605.570912,4523.679088,1
Open Position Summary,Data,Total,ETFs,USD,,,,,,33129.25,28605.570912,4523.679088
Open Position Summary,Data,01/27/2026,Stocks,USD,BRK B,BERKSHIRE HATHAWAY INC-CL B,Consumer Non-Cyc,4.9928,474.67,2369.93,2519.386131,-149.456131,1
Open Position Summary,Data,01/27/2026,Stocks,USD,MSFT,MICROSOFT CORP,Technology,2.0376,480.58,979.23,1056.33961,-77.10961,1
Open Position Summary,Data,01/27/2026,Stocks,USD,NVDA,NVIDIA CORP,Technology,22.0379,188.52,4154.58,4030.827284,123.752716,1
Open Position Summary,Data,Total,Stocks,USD,,,,,,7503.74,7606.553025,-102.813025
Open Position Summary,Data,01/27/2026,Cash,USD,USD,United States Dollar,Cash,73.943528,1,73.943528, , ,1
Performance by Symbol,MetaInfo,Analysis Period,"February 6, 2025 - January 27, 2026"
Performance by Symbol,Header,Symbol,Description,FinancialInstrument,Sector,AvgWeight,Return,Contribution,Unrealized_P&L,Realized_P&L,Open
Performance by Symbol,Data,SPY,SPDR S&P 500 ETF TRUST,ETFs,Broad,89.8021822,16.454731668,14.601596371,"4,523.68",111.71,Yes
Performance by Symbol,Data,Total ETFs,,,,89.8021822,16.454731668,14.601596371,"4,523.68",111.71,
Performance by Symbol,Data,BRK B,BERKSHIRE HATHAWAY INC-CL B,Stocks,Consumer Non-Cyc,3.913888907,-5.880223251,-0.366601666,-149.46,0.00,Yes
Performance by Symbol,Data,MSFT,MICROSOFT CORP,Stocks,Technology,2.64319388,-7.178309149,-0.205142936,-77.11,0.00,Yes
Performance by Symbol,Data,NVDA,NVIDIA CORP,Stocks,Technology,10.076090853,1.51716479,0.223307678,123.75,0.00,Yes
Performance by Symbol,Data,Total Stocks,,,,14.980983053,-4.015122873,-0.349803784,-102.81,0.00,
Performance by Symbol,Data,USD,United States Dollar,Cash,Cash,3.532720158,-0.000197182,0.000000001,,,Yes
Performance by Symbol,Data,Total Cash,,,,3.532720158,-0.000197182,0.000000001,,,
Performance by Symbol,Data,Total,,,,100,14.085614342,14.085614342,"4,420.87",111.71,
Projected Income,MetaInfo,As Of,"January 27, 2026"
Projected Income,Header,Financial Instrument,Symbol,Description,Frequency,Quantity,Price,Value,Current Yield %,Principal,Estimated Annual Income,Estimated 2026 Remaining Income
Projected Income,Data,ETFs,SPY,Ordinary Dividend,4,47.6344,695.49,33129.25,1.053127974,-,348.89339936,348.89339936
Projected Income,Data,,Total ETFs,,,,,33129.25,1.053127974,,348.89339936,348.89339936
Projected Income,Data,Stocks,MSFT,Ordinary Dividend,4,2.0376,480.58,979.23,0.757417971,-,7.416864,7.416864
Projected Income,Data,Stocks,NVDA,Ordinary Dividend,4,22.0379,188.52,4154.58,0.021217933,-,0.881516,0.881516
Projected Income,Data,,Total Stocks,,,,,5133.81,0.161641744,,8.29838,8.29838
Projected Income,Data,,Total,,,,,38263.06,0.93351598,,357.19177936,357.19177936
Trade Summary,MetaInfo,Analysis Period,"February 6, 2025 - January 27, 2026"
Trade Summary,Header,Financial Instrument,Currency,Symbol,Description,Sector,Quantity Bought,Average Price Bought,Proceeds Bought,Proceeds Bought in Base,Quantity Sold,Average Price Sold,Proceeds Sold,Proceeds Sold in Base
Trade Summary,Data,ETFs,United States Dollar,SPY,SPDR S&P 500 ETF TRUST,Broad,50.7444,599.608017384,-30426.74907736,-30426.74907736,-3.11,644.094823151,2003.1349,2003.1349
Trade Summary,Data,Stocks,United States Dollar,BRK B,BERKSHIRE HATHAWAY INC-CL B,Consumer Non-Cyc,4.9928,499.509410539,-2493.95058494,-2493.95058494,0,0,0,0
Trade Summary,Data,Stocks,United States Dollar,MSFT,MICROSOFT CORP,Technology,2.0376,515.300184531,-1049.975656,-1049.975656,0,0,0,0
Trade Summary,Data,Stocks,United States Dollar,NVDA,NVIDIA CORP,Technology,22.0379,182.321299897,-4017.978575,-4017.978575,0,0,0,0
Deposits And Withdrawals,MetaInfo,Analysis Period,"February 6, 2025 - January 27, 2026"
Deposits And Withdrawals,Header,Date,Type,Description,Amount
Deposits And Withdrawals,Data,02/06/25,DEPOSIT,Cash Receipts / Electronic Fund Transfers ,9970
Deposits And Withdrawals,Data,03/04/25,DEPOSIT,Cash Receipts / Electronic Fund Transfers ,3000
Deposits And Withdrawals,Data,04/10/25,DEPOSIT,Cash Receipts / Electronic Fund Transfers ,8970
Deposits And Withdrawals,Data,08/22/25,DEPOSIT,Cash Receipts / Electronic Fund Transfers ,50
Deposits And Withdrawals,Data,09/22/25,DEPOSIT,Cash Receipts / Electronic Fund Transfers ,10000
Deposits And Withdrawals,Data,09/29/25,DEPOSIT,Cash Receipts / Electronic Fund Transfers ,1000
Deposits And Withdrawals,Data,11/26/25,DEPOSIT,Cash Receipts / Electronic Fund Transfers ,3000
Dividends,MetaInfo,Analysis Period,"February 6, 2025 - January 27, 2026"
Dividends,Header,PayDate,Ex-Date,Symbol,Quantity,DividendPerShare,Amount
Dividends,Data,20250430,20250321,SPY,21.6612,1.70,36.73
Dividends,Data,20250731,20250620,SPY,38.0425,1.76,67
Dividends,Data,20251002,20250911,NVDA,11.1793,0.01,0.11
Dividends,Data,20251031,20250919,SPY,34.9325,1.83,63.97
Dividends,Data,20251211,20251120,MSFT,2.0376,0.91,1.85
Dividends,Data,20251226,20251204,NVDA,22.0379,0.01,0.22
Notes and Disclosure,Header,Type,Note
Notes and Disclosure,Data,General,"1. The Net Asset Value (NAV) consists of all positions by financial instrument (stock, securities options, warrants, bonds, cash, etc.). All non-base currency amounts are converted to the base currency at the close of period rate."
Notes and Disclosure,Data,General,2. The gain or loss from future contracts settle into cash each night. The notional value is used when computing the contribution to return.
Notes and Disclosure,Data,General,"3. Dividend accruals, interest accruals, and insured deposits are included in cash amounts throughout the report."
Notes and Disclosure,Data,General,4. Price valuations are obtained from outside parties. Clearing Broker shall have no responsibility for the accuracy or timeliness of any such price valuation.
Notes and Disclosure,Data,General,5. Data from Thomson Reuters Business Classifications and Lipper Global is used to derive our sector classifications. Funds with assorted sector allocations are classified as Broad.
Notes and Disclosure,Data,General,"6. Amounts are formatted to two decimal places. If amounts are greater than two decimal places, Clearing Broker uses "half-even" rounding. This means that Clearing Broker rounds such amounts up to the nearest even number."
Notes and Disclosure,Data,General,"7. For accounts opened and funded before 2009, reports with a time period of Since Inception will only include data going back to January 1, 2009. This includes some default reports and both Historical Performance reports."
Notes and Disclosure,Data,General,"8. If you have elected to trade cryptocurrency/digital asset products at Crypto Provider through the Clearing Broker platform, for your convenience your positions in your linked account at Crypto Provider are reflected in PortfolioAnalyst in connection with your Clearing Broker account."
Notes and Disclosure,Data,Section,1. Account Overview: The deposit/withdrawal amount displayed includes internal transfers along with cash and position transfers.
Notes and Disclosure,Data,Section,2. Projected Income: The Estimated Annual Income and Estimated Remaining Income in the Projected Income report assume dividend and bond payments remain constant throughout the year. These positions and interest rates are based on the previous business day.
Notes and Disclosure,Data,Section,"3. Risk Measures: Historical US 3 Month Treasury Bill rates are used as the risk free rates when calculating Alpha, the Sharpe ratio, the Sortino ratio, and the downside deviation."
Notes and Disclosure,Data,Disclosure,"This portfolio report was generated using Clearing Broker's PortfolioAnalyst tool, which allows Clearing Broker clients to generate analyses of their accounts using market data provided by third parties along with trade and account data contained in Clearing Broker's systems. This report is for information purposes only and is provided AS IS. Clearing Broker makes no warranty of any kind, express or implied, as to this report and its contents. The data provided for use in the PortfolioAnalyst tool is believed to be accurate, but completeness and accuracy of the information is not guaranteed, and Clearing Broker has no liability with respect thereto. The data regarding accounts held outside of Clearing Broker is obtained either directly from your input or from the financial institutions holding those accounts through a third-party service provider and Clearing Broker has NOT reviewed its accuracy.

The material in this report is intended only as a reference and should not be relied upon for the maintenance of your books and records for tax, accounting, financial, or regulatory reporting or for any other purposes. This report is not an offer or a solicitation of an offer to buy or sell any security. This material does not, and is not intended to, take into account the particular financial conditions, investment objectives, or requirements of individual customers. Before acting on any material within this report, you should consider whether it is suitable for your particular circumstances and as necessary, seek professional advice."
