Introduction,Header,Name,Account,Alias,BaseCurrency,AccountType,AnalysisPeriod,PerformanceMeasure
Introduction,Data,BIRRIR J ALIAGA CHAUCAYANQUI,U13237030,,USD,Individual (Broker Client),"November 17, 2023 to January 27, 2026 (Daily)",TWR
Key Statistics,MetaInfo,Analysis Period,"November 17, 2023 - January 27, 2026"
Key Statistics,Header,BeginningNAV,EndingNAV,CumulativeReturn,5DayReturn,5DayReturnDateRange,10DayReturn,10DayReturnDateRange,BestReturn,BestReturnDate,WorstReturn,WorstReturnDate,MTM,Deposits & Withdrawals,Dividends,Interest,Fees & Commissions,Other,ChangeInNAV
Key Statistics,Data,0,27.554746,354.221362235,0,20260121 - 20260127,0,20260114 - 20260127,450.572316757,20250212,-4.201871967,20240213,-1758.458699999,3050.03,263.79,-8.5,-1493.634052,-25.672502001,27.554746
Historical Performance,MetaInfo,Analysis Period,"November 17, 2023 - January 27, 2026"
Historical Performance,Header,Account,MTD,QTD,YTD,1 Year,Since Inception
Historical Performance,Data,U13237030,0,0,0,450.57231676,354.221361973
Historical Performance,Header,Month,Account,AccountReturn
Historical Performance,Data,202501,U13237030,-3.856826497
Historical Performance,Data,202502,U13237030,450.57231676
Historical Performance,Data,202503,U13237030,0
Historical Performance,Data,202504,U13237030,0
Historical Performance,Data,202505,U13237030,0
Historical Performance,Data,202506,U13237030,0
Historical Performance,Data,202507,U13237030,0
Historical Performance,Data,202508,U13237030,0
Historical Performance,Data,202509,U13237030,0
Historical Performance,Data,202510,U13237030,0
Historical Performance,Data,202511,U13237030,0
Historical Performance,Data,202512,U13237030,0
Historical Performance,Data,202401,U13237030,-1.075182934
Historical Performance,Data,202402,U13237030,1.572955515
Historical Performance,Data,202403,U13237030,2.064517425
Historical Performance,Data,202404,U13237030,-7.65210777
Historical Performance,Data,202405,U13237030,3.063711027
Historical Performance,Data,202406,U13237030,-6.066429021
Historical Performance,Data,202407,U13237030,-2.533955798
Historical Performance,Data,202408,U13237030,-0.730787543
Historical Performance,Data,202409,U13237030,3.823398124
Historical Performance,Data,202410,U13237030,-6.922157165
Historical Performance,Data,202411,U13237030,-0.445995848
Historical Performance,Data,202412,U13237030,-2.609566114
Historical Performance,Data,202301,U13237030,-
Historical Performance,Data,202302,U13237030,-
Historical Performance,Data,202303,U13237030,-
Historical Performance,Data,202304,U13237030,-
Historical Performance,Data,202305,U13237030,-
Historical Performance,Data,202306,U13237030,-
Historical Performance,Data,202307,U13237030,-
Historical Performance,Data,202308,U13237030,-
Historical Performance,Data,202309,U13237030,-
Historical Performance,Data,202310,U13237030,-
Historical Performance,Data,202311,U13237030,-
Historical Performance,Data,202312,U13237030,5.987942022
Historical Performance,Header,Quarter,Account,AccountReturn
Historical Performance,Data,2025 Q1,U13237030,429.337697762
Historical Performance,Data,2025 Q2,U13237030,0
Historical Performance,Data,2025 Q3,U13237030,0
Historical Performance,Data,2025 Q4,U13237030,0
Historical Performance,Data,2024 Q1,U13237030,2.555305306
Historical Performance,Data,2024 Q2,U13237030,-10.596690358
Historical Performance,Data,2024 Q3,U13237030,0.453056491
Historical Performance,Data,2024 Q4,U13237030,-9.755375408
Historical Performance,Data,2023 Q1,U13237030,-
Historical Performance,Data,2023 Q2,U13237030,-
Historical Performance,Data,2023 Q3,U13237030,-
Historical Performance,Data,2023 Q4,U13237030,-
Historical Performance,Header,Year,Account,AccountReturn
Historical Performance,Data,YTD,U13237030,0
Historical Performance,Data,2025,U13237030,429.337697762
Historical Performance,Data,2024,U13237030,-16.881781469
Open Position Summary,MetaInfo,As Of,"January 27, 2026"
Open Position Summary,Header,Date,FinancialInstrument,Currency,Symbol,Description,Sector,Quantity,ClosePrice,Value,Cost Basis,UnrealizedP&L,FXRateToBase
Open Position Summary,Data,01/27/2026,Cash,USD,USD,United States Dollar,Cash,27.554746,1,27.554746, , ,1
Performance by Symbol,MetaInfo,Analysis Period,"November 17, 2023 - January 27, 2026"
Performance by Symbol,Header,Symbol,Description,FinancialInstrument,Sector,AvgWeight,Return,Contribution,Unrealized_P&L,Realized_P&L,Open
Performance by Symbol,Data,IWM,ISHARES RUSSELL 2000 ETF,ETFs,Broad,11.094139763,-1.470331495,-0.148682321,0.00,-30.02,No
Performance by Symbol,Data,JNUG,DIREXION DAILY JUNIOR GOLD M,ETFs,Broad,7.250121268,10.631129624,0.806842058,0.00,142.88,No
Performance by Symbol,Data,KWEB,KRANESH CSI CHINA INTERNET,ETFs,Technology,13.795473792,-2.904036818,-0.390788405,0.00,-73.22,No
Performance by Symbol,Data,TLT,ISHARES 20+ YEAR TREASURY BD,ETFs,Government,11.201403932,-6.441461437,-0.71631836,0.00,-175.86,No
Performance by Symbol,Data,TNA,DIREXION DLY SM CAP BULL 3X,ETFs,Broad,16.038709436,2.495394061,0.45315168,0.00,72.42,No
Performance by Symbol,Data,Total ETFs,,,,17.681661919,-1.501941155,-0.051660951,0.00,-63.80,
Performance by Symbol,Data,SOFI  240510C00007500,SOFI 10MAY24 7.5 C,Options,Financials,0.539315894,-100,-2.524622289,0.00,-442.24,No
Performance by Symbol,Data,SOFI  240510P00008000,SOFI 10MAY24 8 P,Options,Financials,2.753822802,60.095554781,1.363555255,0.00,237.52,No
Performance by Symbol,Data,Total Options,,,,1.457256829,-100,-1.176661054,0.00,-204.72,
Performance by Symbol,Data,ADBE,ADOBE INC,Stocks,Technology,13.25843204,6.697272902,0.917498313,0.00,163.84,No
Performance by Symbol,Data,AMZN,AMAZON.COM INC,Stocks,Consumer Cyclicals,20.953314016,12.004669688,2.547656936,0.00,385.69,No
Performance by Symbol,Data,BIDU,BAIDU INC - SPON ADR,Stocks,Technology,10.241530816,-31.060819309,-3.632489712,0.00,-619.20,No
Performance by Symbol,Data,DIS,WALT DISNEY CO/THE,Stocks,Telecomm,4.277905434,24.169539464,1.438081259,0.00,239.07,No
Performance by Symbol,Data,DOCU,DOCUSIGN INC,Stocks,Technology,6.308130152,9.561105626,0.564687909,0.00,102.73,No
Performance by Symbol,Data,GOOG,ALPHABET INC-CL C,Stocks,Telecomm,13.119585453,31.77589603,3.649859945,0.00,639.53,No
Performance by Symbol,Data,IRBT,IROBOT CORP,Stocks,Technology,7.175598372,-23.061236533,-1.923400356,0.00,-351.64,No
Performance by Symbol,Data,ITUB,ITAU UNIBANCO H-SPON PRF ADR,Stocks,Financials,3.479114437,-0.737422129,-0.032531345,0.00,-7.58,No
Performance by Symbol,Data,META,META PLATFORMS INC-CLASS A,Stocks,Telecomm,19.255240685,5.827536101,1.107939155,0.00,195.04,No
Performance by Symbol,Data,NEM,NEWMONT CORP,Stocks,Basic Materials,11.144955757,8.036049896,0.894271968,0.00,153.36,No
Performance by Symbol,Data,NIO,NIO INC - ADR,Stocks,Consumer Cyclicals,9.914945464,-33.166956101,-3.576936738,0.00,-696.08,No
Performance by Symbol,Data,NKE,NIKE INC -CL B,Stocks,Consumer Cyclicals,19.051565717,-29.168964377,-5.639105759,0.00,"-1,056.72",No
Performance by Symbol,Data,NTES,NETEASE INC-ADR,Stocks,Technology,4.339652116,2.316388658,0.101557466,0.00,17.39,No
Performance by Symbol,Data,OKTA,OKTA INC,Stocks,Technology,8.715188163,21.789192224,1.906615732,0.00,342.42,No
Performance by Symbol,Data,PLTR,PALANTIR TECHNOLOGIES INC-A,Stocks,Technology,5.798271781,20.303054882,1.202771247,0.00,208.69,No
Performance by Symbol,Data,PSFE,PAYSAFE LTD,Stocks,Technology,6.302757365,14.664756501,0.931256955,0.00,169.74,No
Performance by Symbol,Data,PYPL,PAYPAL HOLDINGS INC,Stocks,Financials,10.231394272,0.815677793,0.136651168,0.00,14.53,No
Performance by Symbol,Data,RBLX,ROBLOX CORP -CLASS A,Stocks,Technology,5.353462307,-6.541299391,-0.34892087,0.00,-66.82,No
Performance by Symbol,Data,STM,STMICROELECTRONICS NV-NY SHS,Stocks,Technology,17.999443136,-41.283016253,-9.295373186,0.00,"-1,559.19",No
Performance by Symbol,Data,TSLA,TESLA INC,Stocks,Consumer Cyclicals,18.192846129,2.8176893,0.247612324,0.00,41.82,No
Performance by Symbol,Data,XP,XP INC - CLASS A,Stocks,Financials,10.351159716,-54.15426765,-7.145346607,0.00,"-1,300.17",No
Performance by Symbol,Data,Total Stocks,,,,72.289451665,-21.760508773,-16.380160711,0.00,"-2,983.57",
Performance by Symbol,Data,USD,United States Dollar,Cash,Cash,53.124545328,447.360468926,451.510442652,,,Yes
Performance by Symbol,Data,Total Cash,,,,53.031832335,447.360468926,451.510442652,,,
Performance by Symbol,Data,Total,,,,99.82547993,354.221362235,354.221362235,0.00,"-3,252.10",
Trade Summary,MetaInfo,Analysis Period,"November 17, 2023 - January 27, 2026"
Trade Summary,Header,Financial Instrument,Currency,Symbol,Description,Sector,Quantity Bought,Average Price Bought,Proceeds Bought,Proceeds Bought in Base,Quantity Sold,Average Price Sold,Proceeds Sold,Proceeds Sold in Base
Trade Summary,Data,ETFs,United States Dollar,IWM,ISHARES RUSSELL 2000 ETF,Broad,10,202.1088,-2021.088,-2021.088,-10,203.27,2032.7,2032.7
Trade Summary,Data,ETFs,United States Dollar,JNUG,DIREXION DAILY JUNIOR GOLD M,Broad,50,26.4263,-1321.315,-1321.315,-50,30.19,1509.5,1509.5
Trade Summary,Data,ETFs,United States Dollar,KWEB,KRANESH CSI CHINA INTERNET,Technology,100,26.06,-2606,-2606,-100,25.795,2579.5,2579.5
Trade Summary,Data,ETFs,United States Dollar,TLT,ISHARES 20+ YEAR TREASURY BD,Government,20,92.179,-1843.58,-1843.58,-20,85.52,1710.4,1710.4
Trade Summary,Data,ETFs,United States Dollar,TNA,DIREXION DLY SM CAP BULL 3X,Broad,75,39.128,-2934.6,-2934.6,-75,40.73,3054.75,3054.75
Trade Summary,Data,Options,United States Dollar,SOFI  240510C00007500,SOFI 10MAY24 7.5 C,Financials,5,0.83,-415,-415,-5,0,0,0
Trade Summary,Data,Options,United States Dollar,SOFI  240510P00008000,SOFI 10MAY24 8 P,Financials,5,0.736,-368,-368,-5,1.32,660,660
Trade Summary,Data,Stocks,United States Dollar,ADBE,ADOBE INC,Technology,5,485.17,-2425.85,-2425.85,-5,526.19,2630.95,2630.95
Trade Summary,Data,Stocks,United States Dollar,AMZN,AMAZON.COM INC,Consumer Cyclicals,40,170.203,-6808.12,-6808.12,-40,181.9775,7279.1,7279.1
Trade Summary,Data,Stocks,United States Dollar,BIDU,BAIDU INC - SPON ADR,Technology,18,109.57,-1972.26,-1972.26,-18,77.532222222,1395.58,1395.58
Trade Summary,Data,Stocks,United States Dollar,DIS,WALT DISNEY CO/THE,Telecomm,22,98.161136364,-2159.545,-2159.545,-22,112.825236364,2482.1552,2482.1552
Trade Summary,Data,Stocks,United States Dollar,DOCU,DOCUSIGN INC,Technology,20,52.66,-1053.2,-1053.2,-20,59.924,1198.48,1198.48
Trade Summary,Data,Stocks,United States Dollar,GOOG,ALPHABET INC-CL C,Telecomm,35,138.575714286,-4850.15,-4850.15,-35,159.267857143,5574.375,5574.375
Trade Summary,Data,Stocks,United States Dollar,IRBT,IROBOT CORP,Technology,100,15,-1500,-1500,-100,11.982,1198.2,1198.2
Trade Summary,Data,Stocks,United States Dollar,ITUB,ITAU UNIBANCO H-SPON PRF ADR,Financials,150,6.67,-1000.5,-1000.5,-150,6.985,1047.75,1047.75
Trade Summary,Data,Stocks,United States Dollar,META,META PLATFORMS INC-CLASS A,Telecomm,10,332.6,-3326,-3326,-10,356.27,3562.7,3562.7
Trade Summary,Data,Stocks,United States Dollar,NEM,NEWMONT CORP,Basic Materials,50,37.715,-1885.75,-1885.75,-50,41.69,2084.5,2084.5
Trade Summary,Data,Stocks,United States Dollar,NIO,NIO INC - ADR,Consumer Cyclicals,350,5.889,-2061.15,-2061.15,-350,4.115,1440.25,1440.25
Trade Summary,Data,Stocks,United States Dollar,NKE,NIKE INC -CL B,Consumer Cyclicals,130,100.486923077,-13063.3,-13063.3,-130,93.237076923,12120.82,12120.82
Trade Summary,Data,Stocks,United States Dollar,NTES,NETEASE INC-ADR,Technology,8,91.23,-729.84,-729.84,-8,98.585,788.68,788.68
Trade Summary,Data,Stocks,United States Dollar,OKTA,OKTA INC,Technology,18,86.13,-1550.34,-1550.34,-18,107.51,1935.18,1935.18
Trade Summary,Data,Stocks,United States Dollar,PLTR,PALANTIR TECHNOLOGIES INC-A,Technology,60,16.745,-1004.7,-1004.7,-60,20.995,1259.7,1259.7
Trade Summary,Data,Stocks,United States Dollar,PSFE,PAYSAFE LTD,Technology,80,14.167,-1133.36,-1133.36,-80,16.891,1351.28,1351.28
Trade Summary,Data,Stocks,United States Dollar,PYPL,PAYPAL HOLDINGS INC,Financials,30,58.665,-1759.95,-1759.95,-30,60.6,1818,1818
Trade Summary,Data,Stocks,United States Dollar,RBLX,ROBLOX CORP -CLASS A,Technology,24.8274,40.278029993,-999.99876186,-999.99876186,-24.8274,39.320483337,976.225368,976.225368
Trade Summary,Data,Stocks,United States Dollar,STM,STMICROELECTRONICS NV-NY SHS,Technology,90,41.315,-3718.35,-3718.35,-90,24.54,2208.6,2208.6
Trade Summary,Data,Stocks,United States Dollar,TSLA,TESLA INC,Consumer Cyclicals,16,247.595,-3961.52,-3961.52,-16,252.87,4045.92,4045.92
Trade Summary,Data,Stocks,United States Dollar,XP,XP INC - CLASS A,Financials,92,24.512717391,-2255.17,-2255.17,-92,11.14,1024.88,1024.88
Deposits And Withdrawals,MetaInfo,Analysis Period,"November 17, 2023 - January 27, 2026"
Deposits And Withdrawals,Header,Date,Type,Description,Amount
Deposits And Withdrawals,Data,11/17/23,DEPOSIT,Cash Receipts / Electronic Fund Transfers ,17400
Deposits And Withdrawals,Data,01/21/25,WITHDRAWAL,Disbursement Initiated By Birrir J Aliaga Chaucayanqui ,-14349.97
Dividends,MetaInfo,Analysis Period,"November 17, 2023 - January 27, 2026"
Dividends,Header,PayDate,Ex-Date,Symbol,Note,Quantity,DividendPerShare,Amount
Dividends,Data,20231207,20231201,TLT,Dividend Payment,20,0.29,5.78
Dividends,Data,20231220,20231214,TLT,Dividend Payment,20,0.31,6.21
Dividends,Data,20240207,20240201,TLT,Dividend Payment,20,0.31,6.2
Dividends,Data,20240307,20240301,TLT,Dividend Payment,20,0.30,5.9
Dividends,Data,20240315,20240222,ITUB,Dividend Payment,150,0.23,33.76
Dividends,Data,20240326,20240319,TNA,Dividend Payment,75,0.03,1.98
Dividends,Data,20240401,20240301,NKE,Dividend Payment,30,0.37,11.1
Dividends,Data,20240405,20240401,TLT,Dividend Payment,20,0.31,6.25
Dividends,Data,20240507,20240501,TLT,Dividend Payment,20,0.31,6.15
Dividends,Data,20240607,20240603,TLT,Dividend Payment,20,0.31,6.17
Dividends,Data,20240701,20240603,NKE,Dividend Payment,30,0.37,11.1
Dividends,Data,20240703,20240625,STM,Dividend Payment,90,-0.09,-8.11
Dividends,Data,20240703,20240625,STM,Dividend Payment,90,0.09,8.11
Dividends,Data,20240703,20240625,STM,Dividend Payment,90,0.09,8.11
Dividends,Data,20240705,20240701,TLT,Dividend Payment,20,0.29,5.82
Dividends,Data,20240806,20240801,TLT,Dividend Payment,20,0.32,6.3
Dividends,Data,20240906,20240903,TLT,Dividend Payment,20,0.31,6.26
Dividends,Data,20241001,20240903,NKE,Dividend Payment,45,0.37,16.65
Dividends,Data,20241001,20240924,STM,Payment In Lieu,90,0.00,0.09
Dividends,Data,20241001,20240924,STM,Dividend Payment,90,0.09,8.01
Dividends,Data,20241004,20241001,TLT,Dividend Payment,20,0.32,6.32
Dividends,Data,20241106,20241101,TLT,Dividend Payment,20,0.31,6.21
Dividends,Data,20241205,20241202,TLT,Dividend Payment,20,0.33,6.5
Dividends,Data,20241218,20241210,XP,Dividend Payment,92,0.65,59.8
Dividends,Data,20241223,20241218,TLT,Dividend Payment,20,0.35,7.02
Dividends,Data,20241227,20241217,STM,Dividend Payment,90,0.09,8.1
Dividends,Data,20250102,20241202,NKE,Dividend Payment,45,0.40,18
Interest Details,MetaInfo,Analysis Period,"November 17, 2023 - January 27, 2026"
Interest Details,Header,Date,Description,Amount
Interest Details,Data,20240503,USD Debit Interest Paid for April 2024,-0.11
Interest Details,Data,20240605,USD Debit Interest Paid for May 2024,-0.11
Interest Details,Data,20240805,USD Debit Interest Paid for July 2024,-7.2
Interest Details,Data,20240905,USD Debit Interest Paid for August 2024,-0.77
Interest Details,Data,20241003,USD Debit Interest Paid for September 2024,-0.3
Interest Details,Data,20241204,USD Debit Interest Paid for November 2024,-0.01
Notes and Disclosure,Header,Type,Note
Notes and Disclosure,Data,General,"1. The Net Asset Value (NAV) consists of all positions by financial instrument (stock, securities options, warrants, bonds, cash, etc.). All non-base currency amounts are converted to the base currency at the close of period rate."
Notes and Disclosure,Data,General,2. The gain or loss from future contracts settle into cash each night. The notional value is used when computing the contribution to return.
Notes and Disclosure,Data,General,"3. Dividend accruals, interest accruals, and insured deposits are included in cash amounts throughout the report."
Notes and Disclosure,Data,General,4. Price valuations are obtained from outside parties. Clearing Broker shall have no responsibility for the accuracy or timeliness of any such price valuation.
Notes and Disclosure,Data,General,5. Data from Thomson Reuters Business Classifications and Lipper Global is used to derive our sector classifications. Funds with assorted sector allocations are classified as Broad.
Notes and Disclosure,Data,General,"6. Amounts are formatted to two decimal places. If amounts are greater than two decimal places, Clearing Broker uses "half-even" rounding. This means that Clearing Broker rounds such amounts up to the nearest even number."
Notes and Disclosure,Data,General,"7. For accounts opened and funded before 2009, reports with a time period of Since Inception will only include data going back to January 1, 2009. This includes some default reports and both Historical Performance reports."
Notes and Disclosure,Data,General,"8. If you have elected to trade cryptocurrency/digital asset products at Crypto Provider through the Clearing Broker platform, for your convenience your positions in your linked account at Crypto Provider are reflected in PortfolioAnalyst in connection with your Clearing Broker account."
Notes and Disclosure,Data,Section,1. Account Overview: The deposit/withdrawal amount displayed includes internal transfers along with cash and position transfers.
Notes and Disclosure,Data,Section,"2. Risk Measures: Historical US 3 Month Treasury Bill rates are used as the risk free rates when calculating Alpha, the Sharpe ratio, the Sortino ratio, and the downside deviation."
Notes and Disclosure,Data,Disclosure,"This portfolio report was generated using Clearing Broker's PortfolioAnalyst tool, which allows Clearing Broker clients to generate analyses of their accounts using market data provided by third parties along with trade and account data contained in Clearing Broker's systems. This report is for information purposes only and is provided AS IS. Clearing Broker makes no warranty of any kind, express or implied, as to this report and its contents. The data provided for use in the PortfolioAnalyst tool is believed to be accurate, but completeness and accuracy of the information is not guaranteed, and Clearing Broker has no liability with respect thereto. The data regarding accounts held outside of Clearing Broker is obtained either directly from your input or from the financial institutions holding those accounts through a third-party service provider and Clearing Broker has NOT reviewed its accuracy.

The material in this report is intended only as a reference and should not be relied upon for the maintenance of your books and records for tax, accounting, financial, or regulatory reporting or for any other purposes. This report is not an offer or a solicitation of an offer to buy or sell any security. This material does not, and is not intended to, take into account the particular financial conditions, investment objectives, or requirements of individual customers. Before acting on any material within this report, you should consider whether it is suitable for your particular circumstances and as necessary, seek professional advice."
