Introduction,Header,Name,Account,Alias,BaseCurrency,AccountType,AnalysisPeriod,PerformanceMeasure
Introduction,Data,blanca f aburto cabezudo,U9395499,,USD,Individual (Broker Client),"May 13, 2022 to January 27, 2026 (Daily)",TWR
Key Statistics,MetaInfo,Analysis Period,"May 13, 2022 - January 27, 2026"
Key Statistics,Header,BeginningNAV,EndingNAV,CumulativeReturn,5DayReturn,5DayReturnDateRange,10DayReturn,10DayReturnDateRange,BestReturn,BestReturnDate,WorstReturn,WorstReturnDate,MTM,Deposits & Withdrawals,Dividends,Interest,Fees & Commissions,Other,ChangeInNAV
Key Statistics,Data,0,252.128023876,77.853538858,0.107203255,20260121 - 20260127,0.047617535,20260114 - 20260127,6.460352834,20250124,-10.097867107,20250407,4837.499192,-11673.76,7848.33113,887.563604,-1138.951027592,-508.554874531,252.128023876
Historical Performance,MetaInfo,Analysis Period,"May 13, 2022 - January 27, 2026"
Historical Performance,Header,Account,MTD,QTD,YTD,1 Year,3 Year,Since Inception
Historical Performance,Data,U9395499,-0.051534551,-0.051534551,-0.051534551,26.566854413,64.562984668,77.853538813
Historical Performance,Header,Month,Account,AccountReturn
Historical Performance,Data,202501,U9395499,9.493016058
Historical Performance,Data,202502,U9395499,17.299948037
Historical Performance,Data,202503,U9395499,0.777595243
Historical Performance,Data,202504,U9395499,-3.063747722
Historical Performance,Data,202505,U9395499,2.468728869
Historical Performance,Data,202506,U9395499,2.950629292
Historical Performance,Data,202507,U9395499,2.736154781
Historical Performance,Data,202508,U9395499,1.450313042
Historical Performance,Data,202509,U9395499,7.266573833
Historical Performance,Data,202510,U9395499,-3.933670275
Historical Performance,Data,202511,U9395499,-0.542930534
Historical Performance,Data,202512,U9395499,-2.660428929
Historical Performance,Data,202401,U9395499,-1.106080172
Historical Performance,Data,202402,U9395499,-0.262663682
Historical Performance,Data,202403,U9395499,1.923494062
Historical Performance,Data,202404,U9395499,-3.394521248
Historical Performance,Data,202405,U9395499,2.597300613
Historical Performance,Data,202406,U9395499,0.043060555
Historical Performance,Data,202407,U9395499,-2.369992036
Historical Performance,Data,202408,U9395499,3.201106378
Historical Performance,Data,202409,U9395499,15.51945207
Historical Performance,Data,202410,U9395499,-2.613383106
Historical Performance,Data,202411,U9395499,-3.797749501
Historical Performance,Data,202412,U9395499,4.118043548
Historical Performance,Data,202301,U9395499,5.439438914
Historical Performance,Data,202302,U9395499,-0.904464787
Historical Performance,Data,202303,U9395499,3.730093469
Historical Performance,Data,202304,U9395499,0.152049346
Historical Performance,Data,202305,U9395499,-4.705772693
Historical Performance,Data,202306,U9395499,3.406160706
Historical Performance,Data,202307,U9395499,3.852339429
Historical Performance,Data,202308,U9395499,-3.414013858
Historical Performance,Data,202309,U9395499,-3.441050563
Historical Performance,Data,202310,U9395499,-3.506745242
Historical Performance,Data,202311,U9395499,6.640833447
Historical Performance,Data,202312,U9395499,4.676137311
Historical Performance,Data,202201,U9395499,-
Historical Performance,Data,202202,U9395499,-
Historical Performance,Data,202203,U9395499,-
Historical Performance,Data,202204,U9395499,-
Historical Performance,Data,202205,U9395499,-
Historical Performance,Data,202206,U9395499,-2.819104246
Historical Performance,Data,202207,U9395499,2.610377408
Historical Performance,Data,202208,U9395499,-2.324742272
Historical Performance,Data,202209,U9395499,-7.409959685
Historical Performance,Data,202210,U9395499,4.265417122
Historical Performance,Data,202211,U9395499,9.778639977
Historical Performance,Data,202212,U9395499,-2.433730793
Historical Performance,Header,Quarter,Account,AccountReturn
Historical Performance,Data,2025 Q1,U9395499,29.433957341
Historical Performance,Data,2025 Q2,U9395499,2.260186288
Historical Performance,Data,2025 Q3,U9395499,11.799820823
Historical Performance,Data,2025 Q4,U9395499,-6.997144049
Historical Performance,Data,2024 Q1,U9395499,0.531383656
Historical Performance,Data,2024 Q2,U9395499,-0.842707253
Historical Performance,Data,2024 Q3,U9395499,16.391910855
Historical Performance,Data,2024 Q4,U9395499,-2.453765399
Historical Performance,Data,2023 Q1,U9395499,8.383193436
Historical Performance,Data,2023 Q2,U9395499,-1.310068587
Historical Performance,Data,2023 Q3,U9395499,-3.14480175
Historical Performance,Data,2023 Q4,U9395499,7.713013019
Historical Performance,Data,2022 Q1,U9395499,-
Historical Performance,Data,2022 Q2,U9395499,-
Historical Performance,Data,2022 Q3,U9395499,-7.201677844
Historical Performance,Data,2022 Q4,U9395499,11.675480462
Historical Performance,Header,Year,Account,AccountReturn
Historical Performance,Data,YTD,U9395499,-0.051534551
Historical Performance,Data,2025,U9395499,37.623374299
Historical Performance,Data,2024,U9395499,13.17737814
Historical Performance,Data,2023,U9395499,11.59015968
Open Position Summary,MetaInfo,As Of,"January 27, 2026"
Open Position Summary,Header,Date,FinancialInstrument,Currency,Symbol,Description,Sector,Quantity,ClosePrice,Value,Cost Basis,UnrealizedP&L,FXRateToBase
Open Position Summary,Data,01/27/2026,ETFs,USD,SHY,ISHARES 1-3 YEAR TREASURY BO,Government,3,82.89,248.67,244.41,4.26,1
Open Position Summary,Data,Total,ETFs,USD,,,,,,248.67,244.41,4.26
Open Position Summary,Data,01/27/2026,Cash,USD,USD,United States Dollar,Cash,3.457984,1,3.457984, , ,1
Performance by Symbol,MetaInfo,Analysis Period,"May 13, 2022 - January 27, 2026"
Performance by Symbol,Header,Symbol,Description,FinancialInstrument,Sector,AvgWeight,Return,Contribution,Unrealized_P&L,Realized_P&L,Open
Performance by Symbol,Data,2828,HANGSENG CHINA ENT INDEX,ETFs,Broad,38.466848107,61.164272861,38.792959396,0.00,"1,043.42",No
Performance by Symbol,Data,BIL,SS SPDR BB 1-3M T-BILL ETF,ETFs,Government,7.80158164,0.157430371,0.012140452,0.00,0.00,No
Performance by Symbol,Data,EMLC,VANECK JPM EM LOCAL CURR BND,ETFs,Broad,2.457503501,3.465836035,0.084059344,0.00,68.47,No
Performance by Symbol,Data,EWZ,ISHARES MSCI BRAZIL ETF,ETFs,Broad,5.262129482,4.260817594,0.221178631,0.00,215.85,No
Performance by Symbol,Data,IGOV,ISHARES INTERNATIONAL TREASU,ETFs,Broad,3.300271999,2.309766759,0.077609869,0.00,77.59,No
Performance by Symbol,Data,JEPI,JPMORGAN EQUITY PREMIUM INCO,ETFs,Broad,4.953919307,1.450572437,0.07334488,0.00,74.90,No
Performance by Symbol,Data,PCY,INVESCO EMERGING MARKETS SOV,ETFs,Broad,4.095727021,0.379566343,-0.028289446,0.00,-156.03,No
Performance by Symbol,Data,PFFD,GLOBAL X US PREFERRED ETF,ETFs,Broad,0.418474544,3.840538619,0.014581033,0.00,5.89,No
Performance by Symbol,Data,RYLD,GLOBAL X RUSSELL 2000 COV CL,ETFs,Broad,12.858312517,-1.370269119,-0.160530273,0.00,-328.69,No
Performance by Symbol,Data,SDIV,GLOBAL X SUPERDIVIDEND ETF,ETFs,Broad,11.647151216,10.307884747,1.038283314,0.00,-226.70,No
Performance by Symbol,Data,SHV,ISHARES SHORT TREASURY BOND,ETFs,Government,34.573628046,0.16106986,0.053559563,0.00,0.00,No
Performance by Symbol,Data,SHY,ISHARES 1-3 YEAR TREASURY BO,ETFs,Government,25.387316598,6.608636847,1.355247765,4.26,0.00,Yes
Performance by Symbol,Data,TMF,DRX DLY 20+ YR TREAS BULL 3X,ETFs,Broad,2.103560229,-11.325444595,-0.214399943,0.00,-279.01,No
Performance by Symbol,Data,TMF.OLD,DRX DLY 20+ YR TREAS BULL 3X,ETFs,Broad,1.900360338,-11.268640017,-0.232002628,0.00,0.00,No
Performance by Symbol,Data,WIP,SPDR FTSE INTERNATIONAL GOVE,ETFs,Broad,4.007948006,4.192172684,0.164610257,0.00,173.17,No
Performance by Symbol,Data,Total ETFs,,,,57.797560219,65.137550738,42.177090024,4.26,668.86,
Performance by Symbol,Data,AMZN  230203C00100000,AMZN 03FEB23 100 C,Options,Consumer Cyclicals,0.482792163,37.040700731,0.177636799,0.00,191.14,No
Performance by Symbol,Data,BABA  240517C00090000,BABA 17MAY24 90 C,Options,Technology,0.306253426,-89.101345115,-0.475428415,0.00,-250.65,No
Performance by Symbol,Data,BABA1 250620C00080000,BABA1 20JUN25 80 C,Options,Technology,4.653502528,22.08261061,1.191054896,0.00,590.69,No
Performance by Symbol,Data,BABA1 260116C00100000,BABA1 16JAN26 100 C,Options,Technology,7.400081809,-0.35704228,-0.037164922,0.00,-11.73,No
Performance by Symbol,Data,BAC   250117C00028000,BAC 17JAN25 28 C,Options,Financials,1.160698743,44.291258943,0.47874198,0.00,398.87,No
Performance by Symbol,Data,BMY   260116C00040000,BMY 16JAN26 40 C,Options,Healthcare,3.129559947,-27.175537562,-0.923275141,0.00,-490.92,No
Performance by Symbol,Data,C     250117C00045000,C 17JAN25 45 C,Options,Financials,0.863046185,15.956643954,0.183935064,0.00,126.51,No
Performance by Symbol,Data,EXPE  230616C00110000,EXPE 16JUN23 110 C,Options,Consumer Cyclicals,0.100447004,-77.293045334,-0.108370106,0.00,-109.60,No
Performance by Symbol,Data,GOLD  240119C00015000,GOLD 19JAN24 15 C,Options,Basic Materials,0.328190521,-24.299346121,-0.138117162,0.00,-139.43,No
Performance by Symbol,Data,GOLD  250117C00015000,GOLD 17JAN25 15 C,Options,Basic Materials,0.514282673,11.498046966,0.056175877,0.00,30.65,No
Performance by Symbol,Data,GOOGL 230113C00092000,GOOGL 13JAN23 92 C,Options,Telecomm,0.097702524,-13.965256369,-0.009643655,0.00,-10.87,No
Performance by Symbol,Data,GOOGL 240119C00090000,GOOGL 19JAN24 90 C,Options,Telecomm,1.271277636,15.726677156,0.190302675,0.00,198.32,No
Performance by Symbol,Data,INTC  220617C00045000,INTC 17JUN22 45 C,Options,Technology,0.05702843,-19.688925091,-0.020496619,0.00,-20.09,No
Performance by Symbol,Data,INTC  261218C00035000,INTC 18DEC26 35 C,Options,Technology,3.986076349,-4.939610346,-0.188122972,0.00,-100.74,No
Performance by Symbol,Data,JD    250117C00040000,JD 17JAN25 40 C,Options,Consumer Cyclicals,1.455071536,-2.164773841,0.215170713,0.00,57.99,No
Performance by Symbol,Data,KWEB  230519C00030000,KWEB 19MAY23 30 C,Options,Technology,0.271890242,-15.015167548,0.04470934,0.00,53.65,No
Performance by Symbol,Data,KWEB  250117C00020000,KWEB 17JAN25 20 C,Options,Technology,2.144709538,124.332384251,1.879528049,0.00,"1,826.58",No
Performance by Symbol,Data,LVS   220715C00033000,LVS 15JUL22 33 C,Options,Consumer Cyclicals,0.113193877,-62.202837553,0.113949446,0.00,113.38,No
Performance by Symbol,Data,MSFT  230203C00265000,MSFT 03FEB23 265 C,Options,Technology,0.097368802,-100,-0.094504484,0.00,-102.48,No
Performance by Symbol,Data,NEM   250117C00040000,NEM 17JAN25 40 C,Options,Basic Materials,1.062472031,25.226906063,0.262189741,0.00,208.89,No
Performance by Symbol,Data,PYPL  250117C00060000,PYPL 17JAN25 60 C,Options,Financials,2.436851692,-41.652654122,-1.20649411,0.00,-636.19,No
Performance by Symbol,Data,SPY   230203C00402000,SPY 03FEB23 402 C,Options,Broad,0.551646434,48.498398429,0.29652352,0.00,319.14,No
Performance by Symbol,Data,SPY   230609P00390000,SPY 09JUN23 390 P,Options,Broad,0.065617915,-100,-0.183249245,0.00,-167.05,No
Performance by Symbol,Data,TLT   260116C00085000,TLT 16JAN26 85 C,Options,Government,4.885829729,-15.80152108,-0.816924888,0.00,-428.99,No
Performance by Symbol,Data,UBS1  240119C00002400,UBS1 19JAN24 2.4 C,Options,Financials,1.001115168,13.92102506,0.134784303,0.00,138.38,No
Performance by Symbol,Data,USB   250117C00035000,USB 17JAN25 35 C,Options,Financials,0.58633992,31.23329214,0.272871434,0.00,187.49,No
Performance by Symbol,Data,VALE  250117C00015000,VALE 17JAN25 15 C,Options,Basic Materials,0.203028238,12.593056854,0.034780964,0.00,23.40,No
Performance by Symbol,Data,XOM   220715P00085000,XOM 15JUL22 85 P,Options,Energy,0.256156289,132.448572984,0.231852733,0.00,227.32,No
Performance by Symbol,Data,XOM   240119P00090000,XOM 19JAN24 90 P,Options,Energy,1.16975045,38.687788233,0.387569229,0.00,387.17,No
Performance by Symbol,Data,XP    221021C00019000,XP 21OCT22 19 C,Options,Financials,0.197220304,1.908013338,0.01082776,0.00,4.39,No
Performance by Symbol,Data,Total Options,,,,3.944114368,-100,1.897140747,0.00,"2,615.22",
Performance by Symbol,Data,ABEV,AMBEV SA-ADR,Stocks,Consumer Non-Cyc,1.983946776,6.49152507,0.129307881,0.00,129.47,No
Performance by Symbol,Data,ACN,ACCENTURE PLC-CL A,Stocks,Technology,0.909595152,4.528779269,0.05325139,0.00,50.33,No
Performance by Symbol,Data,AMZN,AMAZON.COM INC,Stocks,Consumer Cyclicals,2.220698237,18.851772204,0.575705598,0.00,576.98,No
Performance by Symbol,Data,BAK,BRASKEM SA-CLASS A- ADR,Stocks,Basic Materials,2.287078669,5.434645885,0.161678716,0.00,132.42,No
Performance by Symbol,Data,BAS,BASF SE,Stocks,Basic Materials,4.127689682,-1.116549878,0.23909232,0.00,299.92,No
Performance by Symbol,Data,BAX,BAXTER INTERNATIONAL INC.,Stocks,Healthcare,2.64313567,-13.584724238,-0.390160237,0.00,-397.96,No
Performance by Symbol,Data,BBD,BANCO BRADESCO-ADR,Stocks,Financials,1.565590804,24.183742195,0.384961307,0.00,400.84,No
Performance by Symbol,Data,BBN,BLACKROCK TAXABLE MUNI BND,Stocks,Broad,12.964462456,-15.073530978,-1.030022065,0.00,"-2,149.51",No
Performance by Symbol,Data,BBVA,BANCO BILBAO VIZCAYA-SP ADR,Stocks,Financials,2.21995648,6.471255,0.146819577,0.00,146.38,No
Performance by Symbol,Data,BLW,BLACKROCK LTD DURAT INC TR,Stocks,Broad,4.625292217,1.413339965,0.058937526,0.00,-79.83,No
Performance by Symbol,Data,BUD,ANHEUSER-BUSCH INBEV SPN ADR,Stocks,Consumer Non-Cyc,3.083853835,0.246798794,0.148219316,0.00,112.94,No
Performance by Symbol,Data,BVN,CIA DE MINAS BUENAVENTUR-ADR,Stocks,Basic Materials,2.258227615,11.860995924,0.259256213,0.00,253.49,No
Performance by Symbol,Data,C,CITIGROUP INC,Stocks,Financials,1.616499855,16.105446123,0.263849635,0.00,255.66,No
Performance by Symbol,Data,CHWY,CHEWY INC - CLASS A,Stocks,Consumer Cyclicals,0.511156438,11.708161654,0.061963525,0.00,62.80,No
Performance by Symbol,Data,CIG,CIA ENERGETICA DE-SPON ADR,Stocks,Utilities,0.292420221,33.840582639,0.705321014,0.00,721.12,No
Performance by Symbol,Data,CRM,SALESFORCE INC,Stocks,Technology,1.64830827,14.368630559,0.227324242,0.00,230.16,No
Performance by Symbol,Data,CS,CREDIT SUISSE GROUP-SPON ADR,Stocks,Financials,1.491510078,-43.932178937,-0.718236474,0.00,-738.06,No
Performance by Symbol,Data,DIS,WALT DISNEY CO/THE,Stocks,Telecomm,0.908718872,16.041563525,0.143565344,0.00,150.37,No
Performance by Symbol,Data,EXG,EATON VANCE TAX-MANAGED GLOB,Stocks,Broad,5.163362423,5.043830034,0.2562471,0.00,265.35,No
Performance by Symbol,Data,GBAB,GUGGENHEIM TAXABLE MUNICIPAL,Stocks,Broad,15.37888347,5.396506925,0.054837009,0.00,-861.90,No
Performance by Symbol,Data,GDO,WESTERN AST GLB CORP OPPRNTY,Stocks,Broad,5.579215702,7.372925358,0.496324672,0.00,107.42,No
Performance by Symbol,Data,GHY,PGIM GLOBAL HIGH YIELD FUND,Stocks,Broad,6.328023248,4.682211481,0.316822779,0.00,93.89,No
Performance by Symbol,Data,GILD,GILEAD SCIENCES INC,Stocks,Healthcare,3.085022972,4.349975273,0.131881264,0.00,129.17,No
Performance by Symbol,Data,GOLD.OLD,BARRICK MINING CORP,Stocks,Basic Materials,2.836673297,-1.541396844,0.084626597,0.00,-63.09,No
Performance by Symbol,Data,GOOG,ALPHABET INC-CL C,Stocks,Telecomm,4.120426827,15.466530626,0.814970875,0.00,796.99,No
Performance by Symbol,Data,GOOGL,ALPHABET INC-CL A,Stocks,Telecomm,3.841304044,3.103568307,0.861480517,0.00,900.67,No
Performance by Symbol,Data,GRFS,GRIFOLS SA-ADR,Stocks,Healthcare,0.779729177,4.647118758,0.034325901,0.00,40.96,No
Performance by Symbol,Data,HAS,HASBRO INC,Stocks,Consumer Cyclicals,2.090877255,-1.35113128,-0.039182853,0.00,-32.02,No
Performance by Symbol,Data,HBM,HUDBAY MINERALS INC,Stocks,Basic Materials,2.013216381,9.084034764,0.181603838,0.00,172.79,No
Performance by Symbol,Data,HIX,WESTERN ASSET HIGH INC II,Stocks,Broad,8.535677235,-6.768852339,-0.44064811,0.00,"-1,283.78",No
Performance by Symbol,Data,HIX RT,WESTERN ASSET HIGH INCOM-W/I,Stocks,Broad,0.023149624,-100,-0.038541057,0.00,0.00,No
Performance by Symbol,Data,ING,ING GROEP N.V.-SPONSORED ADR,Stocks,Financials,3.383642001,4.862772945,0.483247538,0.00,373.25,No
Performance by Symbol,Data,INTC,INTEL CORP,Stocks,Technology,4.146516168,-35.970834666,-1.837221488,0.00,"-2,000.74",No
Performance by Symbol,Data,ISP,INTESA SANPAOLO,Stocks,Financials,0.96094603,1.160724927,0.030602681,0.00,1.06,No
Performance by Symbol,Data,LVS,LAS VEGAS SANDS CORP,Stocks,Consumer Cyclicals,2.062180932,7.541676941,0.154107578,0.00,146.99,No
Performance by Symbol,Data,MDT,MEDTRONIC PLC,Stocks,Healthcare,2.388117243,15.305601073,0.353793176,0.00,342.10,No
Performance by Symbol,Data,MMM,3M CO,Stocks,Consumer Non-Cyc,3.209886567,0.169863875,0.301254388,0.00,289.07,No
Performance by Symbol,Data,NAD,NUVEEN QUALITY MUNICIPAL INC,Stocks,Broad,1.924388951,1.608261173,0.050759048,0.00,-8.32,No
Performance by Symbol,Data,NEM,NEWMONT CORP,Stocks,Basic Materials,4.052923358,18.656463278,1.331854341,0.00,692.53,No
Performance by Symbol,Data,NMI,NUVEEN MUNICIPAL INCOME,Stocks,Broad,1.810133381,2.405642564,0.049894556,0.00,12.41,No
Performance by Symbol,Data,NUV,NUVEEN MUNICIPAL VALUE,Stocks,Broad,1.741721787,-1.500618348,-0.021595929,0.00,-62.65,No
Performance by Symbol,Data,ORANY,ORANGE-SPON ADR,Stocks,Technology,2.025809004,-0.813630405,-0.017102503,0.00,-16.60,No
Performance by Symbol,Data,PAGS,PAGSEGURO DIGITAL LTD-CL A,Stocks,Industrials,0.967093798,2.903517353,0.027314089,0.00,28.16,No
Performance by Symbol,Data,PBR,PETROLEO BRASILEIRO-SPON ADR,Stocks,Energy,1.018059689,8.899440287,0.099578187,0.00,102.04,No
Performance by Symbol,Data,PDD,PDD HOLDINGS INC,Stocks,Technology,1.400177576,-10.51621957,-0.156674784,0.00,-158.65,No
Performance by Symbol,Data,PETS,PETMED EXPRESS INC,Stocks,Consumer Non-Cyc,0.523581689,6.402893579,0.042576772,0.00,42.32,No
Performance by Symbol,Data,PML,PIMCO MUNICIPAL INCOME FD II,Stocks,Broad,2.990292585,-4.909945602,0.035395827,0.00,-2.21,No
Performance by Symbol,Data,RIO,RIO TINTO PLC-SPON ADR,Stocks,Basic Materials,2.338330256,10.292747038,0.259682656,0.00,241.74,No
Performance by Symbol,Data,SAP,SAP SE-SPONSORED ADR,Stocks,Technology,2.307659097,2.508796743,0.103389591,0.00,5.07,No
Performance by Symbol,Data,SMFG,SUMITOMO MITSUI-SPONS ADR,Stocks,Financials,2.317715392,6.99439077,0.204944411,0.00,202.38,No
Performance by Symbol,Data,TDOC,TELADOC HEALTH INC,Stocks,Healthcare,2.013620575,-34.002443051,-0.795050292,0.00,-829.31,No
Performance by Symbol,Data,TROW,T ROWE PRICE GROUP INC,Stocks,Financials,2.02577702,0.278108091,0.236238004,0.00,225.99,No
Performance by Symbol,Data,WBA,WALGREENS BOOTS ALLIANCE INC,Stocks,Consumer Non-Cyc,2.987613463,6.59345974,0.367063632,0.00,318.37,No
Performance by Symbol,Data,WMT,WALMART INC,Stocks,Consumer Non-Cyc,1.248250967,7.104916984,0.088166628,0.00,86.07,No
Performance by Symbol,Data,WOOF,PETCO HEALTH AND WELLNESS CO,Stocks,Consumer Cyclicals,0.664741168,-7.533179087,-0.014732361,0.00,-13.79,No
Performance by Symbol,Data,XP,XP INC - CLASS A,Stocks,Financials,2.167973344,33.712926089,0.96671275,0.00,974.27,No
Performance by Symbol,Data,Total Stocks,,,,48.235995406,7.068092193,6.12375918,0.00,"1,415.51",
Performance by Symbol,Data,EUR,Euro,Cash,Cash,2.757242444,-100,0.329730034,,,No
Performance by Symbol,Data,HKD,Hong Kong Dollar,Cash,Cash,0.690441008,82485.261793227,-0.276645845,,,Yes
Performance by Symbol,Data,USD,United States Dollar,Cash,Cash,11.591038283,37.81325468,16.387458096,,,Yes
Performance by Symbol,Data,Total Cash,,,,12.944431776,35.057699815,16.445269668,,,
Performance by Symbol,Data,Total,,,,100,77.853538858,77.853538858,4.26,"4,699.59",
Projected Income,MetaInfo,As Of,"January 27, 2026"
Projected Income,Header,Financial Instrument,Symbol,Description,Frequency,Quantity,Price,Value,Current Yield %,Principal,Estimated Annual Income,Estimated 2026 Remaining Income
Projected Income,Data,ETFs,SHY,Ordinary Dividend,12,3,82.89,248.67,3.80369164,-,9.45864,9.45864
Projected Income,Data,,Total,,,,,248.67,3.80369164,,9.45864,9.45864
Trade Summary,MetaInfo,Analysis Period,"May 13, 2022 - January 27, 2026"
Trade Summary,Header,Financial Instrument,Currency,Symbol,Description,Sector,Quantity Bought,Average Price Bought,Proceeds Bought,Proceeds Bought in Base,Quantity Sold,Average Price Sold,Proceeds Sold,Proceeds Sold in Base
Trade Summary,Data,ETFs,Hong Kong Dollar,2828,HANGSENG CHINA ENT INDEX,Broad,800,69.19,-55352,-7051.983,-800,79.51,63608,8128.93544
Trade Summary,Data,ETFs,United States Dollar,BIL,SS SPDR BB 1-3M T-BILL ETF,Government,91,91.465,-8323.315,-8323.315,0,0,0,0
Trade Summary,Data,ETFs,United States Dollar,EMLC,VANECK JPM EM LOCAL CURR BND,Broad,100,24.605,-2460.5,-2460.5,-100,25.31,2531,2531
Trade Summary,Data,ETFs,United States Dollar,EWZ,ISHARES MSCI BRAZIL ETF,Broad,200,25.325,-5065,-5065,-200,26.415,5283,5283
Trade Summary,Data,ETFs,United States Dollar,IGOV,ISHARES INTERNATIONAL TREASU,Broad,85,39.508,-3358.18,-3358.18,-85,40.4454,3437.859,3437.859
Trade Summary,Data,ETFs,United States Dollar,JEPI,JPMORGAN EQUITY PREMIUM INCO,Broad,95,54.328631579,-5161.22,-5161.22,-95,55.15,5239.25,5239.25
Trade Summary,Data,ETFs,United States Dollar,PCY,INVESCO EMERGING MARKETS SOV,Broad,365,20.029726027,-7310.85,-7310.85,-365,19.614794521,7159.4,7159.4
Trade Summary,Data,ETFs,United States Dollar,PFFD,GLOBAL X US PREFERRED ETF,Broad,20,21.108,-422.16,-422.16,-20,21.4027,428.054,428.054
Trade Summary,Data,ETFs,United States Dollar,RYLD,GLOBAL X RUSSELL 2000 COV CL,Broad,1070,17.837395327,-19086.013,-19086.013,-1070,17.079672897,18275.25,18275.25
Trade Summary,Data,ETFs,United States Dollar,SDIV,GLOBAL X SUPERDIVIDEND ETF,Broad,950,22.85,-21707.5,-21707.5,-950,22.567015789,21438.665,21438.665
Trade Summary,Data,ETFs,United States Dollar,SHV,ISHARES SHORT TREASURY BOND,Government,458,110.159923581,-50453.245,-50453.245,0,0,0,0
Trade Summary,Data,ETFs,United States Dollar,SHY,ISHARES 1-3 YEAR TREASURY BO,Government,614,81.33480456,-49939.57,-49939.57,0,0,0,0
Trade Summary,Data,ETFs,United States Dollar,TMF,DRX DLY 20+ YR TREAS BULL 3X,Broad,0,0,0,0,-20,48.022,960.44,960.44
Trade Summary,Data,ETFs,United States Dollar,TMF.OLD,DRX DLY 20+ YR TREAS BULL 3X,Broad,200,6.115,-1223,-1223,0,0,0,0
Trade Summary,Data,ETFs,United States Dollar,WIP,SPDR FTSE INTERNATIONAL GOVE,Broad,100,41.2972,-4129.72,-4129.72,-100,43.05,4305,4305
Trade Summary,Data,Forex,Hong Kong Dollar,USD.HKD,USD.HKD,Cash,6638.4039,7.82532645,-51947.677623325,-6638.542211363,-5295.7838,7.849519668,41569.35909419,5295.936528101
Trade Summary,Data,Forex,United States Dollar,EUR.USD,EUR.USD,Cash,5804.984,1.068683792,-6203.692311,-6203.692311,-6121.31,1.0986,6724.871166,6724.871166
Trade Summary,Data,Options,United States Dollar,AMZN  230203C00100000,AMZN 03FEB23 100 C,Consumer Cyclicals,1,5.15,-515,-515,-1,7.08,708,708
Trade Summary,Data,Options,United States Dollar,BABA  240517C00090000,BABA 17MAY24 90 C,Technology,3,0.88,-264,-264,-3,0.16,48,48
Trade Summary,Data,Options,United States Dollar,BABA1 250620C00080000,BABA1 20JUN25 80 C,Technology,2,13.3,-2660,-2660,-2,16.4,3280,3280
Trade Summary,Data,Options,United States Dollar,BABA1 260116C00100000,BABA1 16JAN26 100 C,Technology,3,10.9,-3270,-3270,-3,10.97,3291,3291
Trade Summary,Data,Options,United States Dollar,BAC   250117C00028000,BAC 17JAN25 28 C,Financials,2,4.5,-900,-900,-2,6.5,1300,1300
Trade Summary,Data,Options,United States Dollar,BMY   260116C00040000,BMY 16JAN26 40 C,Healthcare,2,8.96,-1792,-1792,-2,6.65,1330,1330
Trade Summary,Data,Options,United States Dollar,C     250117C00045000,C 17JAN25 45 C,Financials,1,7.92,-792,-792,-1,9.2,920,920
Trade Summary,Data,Options,United States Dollar,EXPE  230616C00110000,EXPE 16JUN23 110 C,Consumer Cyclicals,1,1.41,-141,-141,-1,0.33,33,33
Trade Summary,Data,Options,United States Dollar,GOLD  240119C00015000,GOLD 19JAN24 15 C,Basic Materials,1,5.73,-573,-573,-1,4.35,435,435
Trade Summary,Data,Options,United States Dollar,GOLD  250117C00015000,GOLD 17JAN25 15 C,Basic Materials,1,2.54,-254,-254,-1,3.1,310,310
Trade Summary,Data,Options,United States Dollar,GOOGL 230113C00092000,GOOGL 13JAN23 92 C,Telecomm,1,0.77,-77,-77,-1,0.68,68,68
Trade Summary,Data,Options,United States Dollar,GOOGL 240119C00090000,GOOGL 19JAN24 90 C,Telecomm,1,12.6,-1260,-1260,-1,14.6,1460,1460
Trade Summary,Data,Options,United States Dollar,INTC  220617C00045000,INTC 17JUN22 45 C,Technology,1,1.01,-101,-101,-1,0.83,83,83
Trade Summary,Data,Options,United States Dollar,INTC  261218C00035000,INTC 18DEC26 35 C,Technology,3,6.74,-2022,-2022,-3,6.52,1956,1956
Trade Summary,Data,Options,United States Dollar,JD    250117C00040000,JD 17JAN25 40 C,Consumer Cyclicals,2,9,-1800,-1800,-2,9.3,1860,1860
Trade Summary,Data,Options,United States Dollar,KWEB  230519C00030000,KWEB 19MAY23 30 C,Technology,2,2.98,-596,-596,-2,3.265,653,653
Trade Summary,Data,Options,United States Dollar,KWEB  250117C00020000,KWEB 17JAN25 20 C,Technology,3,5.53,-1659,-1659,-3,11.633333333,3490,3490
Trade Summary,Data,Options,United States Dollar,LVS   220715C00033000,LVS 15JUL22 33 C,Consumer Cyclicals,2,2.715,-543,-543,-2,3.3,660,660
Trade Summary,Data,Options,United States Dollar,MSFT  230203C00265000,MSFT 03FEB23 265 C,Technology,1,1.01,-101,-101,-1,0,0,0
Trade Summary,Data,Options,United States Dollar,NEM   250117C00040000,NEM 17JAN25 40 C,Basic Materials,1,8.27,-827,-827,-1,10.38,1038,1038
Trade Summary,Data,Options,United States Dollar,PYPL  250117C00060000,PYPL 17JAN25 60 C,Financials,1,15.15,-1515,-1515,-1,9.04,904,904
Trade Summary,Data,Options,United States Dollar,SPY   230203C00402000,SPY 03FEB23 402 C,Broad,1,6.57,-657,-657,-1,9.78,978,978
Trade Summary,Data,Options,United States Dollar,SPY   230609P00390000,SPY 09JUN23 390 P,Broad,1,1.66,-166,-166,-1,0,0,0
Trade Summary,Data,Options,United States Dollar,TLT   260116C00085000,TLT 16JAN26 85 C,Government,2,13.5,-2700,-2700,-2,11.5,2300,2300
Trade Summary,Data,Options,United States Dollar,UBS1  240119C00002400,UBS1 19JAN24 2.4 C,Financials,8,1.24,-992,-992,-8,1.42,1136,1136
Trade Summary,Data,Options,United States Dollar,USB   250117C00035000,USB 17JAN25 35 C,Financials,1,6,-600,-600,-1,7.88,788,788
Trade Summary,Data,Options,United States Dollar,VALE  250117C00015000,VALE 17JAN25 15 C,Basic Materials,1,1.85,-185,-185,-1,2.1,210,210
Trade Summary,Data,Options,United States Dollar,XOM   220715P00085000,XOM 15JUL22 85 P,Energy,1,1.71,-171,-171,-1,4,400,400
Trade Summary,Data,Options,United States Dollar,XOM   240119P00090000,XOM 19JAN24 90 P,Energy,1,10,-1000,-1000,-1,13.89,1389,1389
Trade Summary,Data,Options,United States Dollar,XP    221021C00019000,XP 21OCT22 19 C,Financials,1,2.3,-230,-230,-1,2.35,235,235
Trade Summary,Data,Stocks,Euro,BAS,BASF SE,Basic Materials,100,47.69,-4769,-5062.3176,-100,50.66,5066,5243.8166
Trade Summary,Data,Stocks,Euro,ISP,INTESA SANPAOLO,Financials,500,2.054008,-1027.004,-1107.110312,-500,2.068,1034,1098.5216
Trade Summary,Data,Stocks,United States Dollar,ABEV,AMBEV SA-ADR,Consumer Non-Cyc,800,2.488,-1990.4,-1990.4,-800,2.66,2128,2128
Trade Summary,Data,Stocks,United States Dollar,ACN,ACCENTURE PLC-CL A,Technology,4,277.6,-1110.4,-1110.4,-4,290.69,1162.76,1162.76
Trade Summary,Data,Stocks,United States Dollar,AMZN,AMAZON.COM INC,Consumer Cyclicals,155,93.845580645,-14546.065,-14546.065,-155,97.628129032,15132.36,15132.36
Trade Summary,Data,Stocks,United States Dollar,BAK,BRASKEM SA-CLASS A- ADR,Basic Materials,200,12.1775,-2435.5,-2435.5,-200,12.85,2570,2570
Trade Summary,Data,Stocks,United States Dollar,BAX,BAXTER INTERNATIONAL INC.,Healthcare,50,58.57,-2928.5,-2928.5,-50,50.652,2532.6,2532.6
Trade Summary,Data,Stocks,United States Dollar,BBD,BANCO BRADESCO-ADR,Financials,2000,2.55014,-5100.28,-5100.28,-2000,2.76075,5521.5,5521.5
Trade Summary,Data,Stocks,United States Dollar,BBN,BLACKROCK TAXABLE MUNI BND,Broad,2560,17.574898438,-44991.74,-44991.74,-2560,16.690730469,42728.27,42728.27
Trade Summary,Data,Stocks,United States Dollar,BBVA,BANCO BILBAO VIZCAYA-SP ADR,Financials,500,4.519,-2259.5,-2259.5,-500,4.822,2411,2411
Trade Summary,Data,Stocks,United States Dollar,BLW,BLACKROCK LTD DURAT INC TR,Broad,360,13.754333333,-4951.56,-4951.56,-360,13.451388889,4842.5,4842.5
Trade Summary,Data,Stocks,United States Dollar,BUD,ANHEUSER-BUSCH INBEV SPN ADR,Consumer Non-Cyc,75,54.462666667,-4084.7,-4084.7,-75,56.01,4200.75,4200.75
Trade Summary,Data,Stocks,United States Dollar,BVN,CIA DE MINAS BUENAVENTUR-ADR,Basic Materials,400,5.338,-2135.2,-2135.2,-400,5.982,2392.8,2392.8
Trade Summary,Data,Stocks,United States Dollar,C,CITIGROUP INC,Financials,70,46.902857143,-3283.2,-3283.2,-70,50.613571429,3542.95,3542.95
Trade Summary,Data,Stocks,United States Dollar,CHWY,CHEWY INC - CLASS A,Consumer Cyclicals,20,25.679,-513.58,-513.58,-20,28.97,579.4,579.4
Trade Summary,Data,Stocks,United States Dollar,CIG,CIA ENERGETICA DE-SPON ADR,Utilities,4480,1.9625,-8792,-8792,-4480,2.13375,9559.2,9559.2
Trade Summary,Data,Stocks,United States Dollar,CRM,SALESFORCE INC,Technology,10,160.08,-1600.8,-1600.8,-10,183.3,1833,1833
Trade Summary,Data,Stocks,United States Dollar,CS,CREDIT SUISSE GROUP-SPON ADR,Financials,300,5.595,-1678.5,-1678.5,-300,3.145,943.5,943.5
Trade Summary,Data,Stocks,United States Dollar,DIS,WALT DISNEY CO/THE,Telecomm,10,93.64,-936.4,-936.4,-10,108.88,1088.8,1088.8
Trade Summary,Data,Stocks,United States Dollar,EXG,EATON VANCE TAX-MANAGED GLOB,Broad,700,7.5106,-5257.42,-5257.42,-700,7.9,5530,5530
Trade Summary,Data,Stocks,United States Dollar,GBAB,GUGGENHEIM TAXABLE MUNICIPAL,Broad,1600,16.674596875,-26679.355,-26679.355,-1600,16.044875,25671.8,25671.8
Trade Summary,Data,Stocks,United States Dollar,GDO,WESTERN AST GLB CORP OPPRNTY,Broad,920,12.755152174,-11734.74,-11734.74,-920,12.840163043,11812.95,11812.95
Trade Summary,Data,Stocks,United States Dollar,GHY,PGIM GLOBAL HIGH YIELD FUND,Broad,300,11.4088,-3422.64,-3422.64,-300,11.822,3546.6,3546.6
Trade Summary,Data,Stocks,United States Dollar,GILD,GILEAD SCIENCES INC,Healthcare,50,59.37,-2968.5,-2968.5,-50,61.995,3099.75,3099.75
Trade Summary,Data,Stocks,United States Dollar,GOLD.OLD,BARRICK MINING CORP,Basic Materials,100,17.65,-1765,-1765,-100,17.171445,1717.1445,1717.1445
Trade Summary,Data,Stocks,United States Dollar,GOOG,ALPHABET INC-CL C,Telecomm,90,98.325555556,-8849.3,-8849.3,-90,107.248666667,9652.38,9652.38
Trade Summary,Data,Stocks,United States Dollar,GOOGL,ALPHABET INC-CL A,Telecomm,170,94.241176471,-16021,-16021,-170,99.588529412,16930.05,16930.05
Trade Summary,Data,Stocks,United States Dollar,GRFS,GRIFOLS SA-ADR,Healthcare,100,8.805,-880.5,-880.5,-100,9.235,923.5,923.5
Trade Summary,Data,Stocks,United States Dollar,HAS,HASBRO INC,Consumer Cyclicals,40,59.23,-2369.2,-2369.2,-40,58.48,2339.2,2339.2
Trade Summary,Data,Stocks,United States Dollar,HBM,HUDBAY MINERALS INC,Basic Materials,500,3.7992,-1899.6,-1899.6,-500,4.155,2077.5,2077.5
Trade Summary,Data,Stocks,United States Dollar,HIX,WESTERN ASSET HIGH INC II,Broad,3700,4.976391892,-18412.65,-18412.65,-3700,4.658081081,17234.9,17234.9
Trade Summary,Data,Stocks,United States Dollar,ING,ING GROEP N.V.-SPONSORED ADR,Financials,400,9.9215,-3968.6,-3968.6,-400,10.865,4346,4346
Trade Summary,Data,Stocks,United States Dollar,INTC,INTEL CORP,Technology,170,37.655208824,-6401.3855,-6401.3855,-170,25.910411765,4404.77,4404.77
Trade Summary,Data,Stocks,United States Dollar,LVS,LAS VEGAS SANDS CORP,Consumer Cyclicals,55,35.42,-1948.1,-1948.1,-55,38.13,2097.15,2097.15
Trade Summary,Data,Stocks,United States Dollar,MDT,MEDTRONIC PLC,Healthcare,30,78.1693,-2345.079,-2345.079,-30,89.64,2689.2,2689.2
Trade Summary,Data,Stocks,United States Dollar,MMM,3M CO,Consumer Non-Cyc,30,138.7775,-4163.325,-4163.325,-30,148.55,4456.5,4456.5
Trade Summary,Data,Stocks,United States Dollar,NAD,NUVEEN QUALITY MUNICIPAL INC,Broad,352,11.805255682,-4155.45,-4155.45,-352,11.798977273,4153.24,4153.24
Trade Summary,Data,Stocks,United States Dollar,NEM,NEWMONT CORP,Basic Materials,200,40.65845,-8131.69,-8131.69,-200,44.28375,8856.75,8856.75
Trade Summary,Data,Stocks,United States Dollar,NMI,NUVEEN MUNICIPAL INCOME,Broad,200,9.3426,-1868.52,-1868.52,-200,9.42,1884,1884
Trade Summary,Data,Stocks,United States Dollar,NUV,NUVEEN MUNICIPAL VALUE,Broad,200,8.888,-1777.6,-1777.6,-200,8.5901,1718.02,1718.02
Trade Summary,Data,Stocks,United States Dollar,ORANY,ORANGE-SPON ADR,Technology,200,10.19765,-2039.53,-2039.53,-200,10.125,2025,2025
Trade Summary,Data,Stocks,United States Dollar,PAGS,PAGSEGURO DIGITAL LTD-CL A,Industrials,100,9.69,-969,-969,-100,9.992,999.2,999.2
Trade Summary,Data,Stocks,United States Dollar,PBR,PETROLEO BRASILEIRO-SPON ADR,Energy,80,14.32,-1145.6,-1145.6,-80,15.621,1249.68,1249.68
Trade Summary,Data,Stocks,United States Dollar,PDD,PDD HOLDINGS INC,Technology,22,68.53,-1507.66,-1507.66,-22,61.41,1351.02,1351.02
Trade Summary,Data,Stocks,United States Dollar,PETS,PETMED EXPRESS INC,Consumer Non-Cyc,25,21.74644,-543.661,-543.661,-25,23.56,589,589
Trade Summary,Data,Stocks,United States Dollar,PML,PIMCO MUNICIPAL INCOME FD II,Broad,900,10.356972222,-9321.275,-9321.275,-900,10.355633333,9320.07,9320.07
Trade Summary,Data,Stocks,United States Dollar,RIO,RIO TINTO PLC-SPON ADR,Basic Materials,40,58.69,-2347.6,-2347.6,-40,64.785,2591.4,2591.4
Trade Summary,Data,Stocks,United States Dollar,SAP,SAP SE-SPONSORED ADR,Technology,25,95.97,-2399.25,-2399.25,-25,96.255,2406.375,2406.375
Trade Summary,Data,Stocks,United States Dollar,SMFG,SUMITOMO MITSUI-SPONS ADR,Financials,600,5.973333333,-3584,-3584,-600,6.3209,3792.54,3792.54
Trade Summary,Data,Stocks,United States Dollar,TDOC,TELADOC HEALTH INC,Healthcare,70,34.828,-2437.96,-2437.96,-70,23.01,1610.7,1610.7
Trade Summary,Data,Stocks,United States Dollar,TROW,T ROWE PRICE GROUP INC,Financials,65,113.585,-7383.025,-7383.025,-65,117.156923077,7615.2,7615.2
Trade Summary,Data,Stocks,United States Dollar,WBA,WALGREENS BOOTS ALLIANCE INC,Consumer Non-Cyc,270,38.812962963,-10479.5,-10479.5,-270,40.01907037,10805.149,10805.149
Trade Summary,Data,Stocks,United States Dollar,WMT,WALMART INC,Consumer Non-Cyc,10,121.04,-1210.4,-1210.4,-10,129.85,1298.5,1298.5
Trade Summary,Data,Stocks,United States Dollar,WOOF,PETCO HEALTH AND WELLNESS CO,Consumer Cyclicals,60,15.465833333,-927.95,-927.95,-60,15.3,918,918
Trade Summary,Data,Stocks,United States Dollar,XP,XP INC - CLASS A,Financials,660,16.64119697,-10983.19,-10983.19,-660,18.139059091,11971.779,11971.779
Deposits And Withdrawals,MetaInfo,Analysis Period,"May 13, 2022 - January 27, 2026"
Deposits And Withdrawals,Header,Date,Type,Description,Amount
Deposits And Withdrawals,Data,05/13/22,DEPOSIT,Cash Receipts / Electronic Fund Transfers ,100000
Deposits And Withdrawals,Data,02/21/23,ACATOUT,Spdr Bloomberg 1-3 Month T-b (BIL) Quantity: -91,-8330.14
Deposits And Withdrawals,Data,02/22/23,ACATOUTCNCL,Spdr Bloomberg 1-3 Month T-b (BIL) Quantity: 91,8330.14
Deposits And Withdrawals,Data,02/22/23,ACATOUT,Spdr Bloomberg 1-3 Month T-b (BIL) Quantity: -91,-8337.42
Deposits And Withdrawals,Data,05/30/23,ACATOUT,Ishares Short Treasury Bond (SHV) Quantity: -185,-20420.3
Deposits And Withdrawals,Data,09/13/23,ACATOUT,Ishares Short Treasury Bond (SHV) Quantity: -273,-30049.11
Deposits And Withdrawals,Data,09/14/23,ACATOUTCNCL,Ishares Short Treasury Bond (SHV) Quantity: 273,30049.11
Deposits And Withdrawals,Data,09/14/23,ACATOUT,Ishares Short Treasury Bond (SHV) Quantity: -273,-30087.33
Deposits And Withdrawals,Data,06/13/24,ACATOUT,Ishares 1-3 Year Treasury Bo (SHY) Quantity: -611,-49778.17
Deposits And Withdrawals,Data,06/13/24,ACATIN,Ishares 1-3 Year Treasury Bo (SHY) Quantity: 611,49778.17
Deposits And Withdrawals,Data,06/17/24,ACATOUT,Ishares 1-3 Year Treasury Bo (SHY) Quantity: -611,-49863.71
Deposits And Withdrawals,Data,06/04/25,WITHDRAWAL,Disbursement Initiated By Blanca F Aburto Cabezudo ,-805
Deposits And Withdrawals,Data,12/12/25,WITHDRAWAL,Disbursement Initiated By Blanca F Aburto Cabezudo ,-2160
Corporate Actions,MetaInfo,Analysis Period,"May 13, 2022 - January 27, 2026"
Corporate Actions,Header,Date,Type,Description,Quantity
Corporate Actions,Data,20231201,Split,TMF(US25459W5408) SPLIT 1 FOR 10,-200
Corporate Actions,Data,20231201,Split,TMF(US25459W5408) SPLIT 1 FOR 10,20
Corporate Actions,Data,20240125,Rights,HIX(US95766J1025) SUBSCRIBABLE RIGHTS ISSUE  1 FOR 1,500
Corporate Actions,Data,20240125,Rights,HIX(US95766J1025) SUBSCRIBABLE RIGHTS ISSUE  1 FOR 1,1
Corporate Actions,Data,20240307,Delisting,(US95766J1280) DELISTED,-501
Dividends,MetaInfo,Analysis Period,"May 13, 2022 - January 27, 2026"
Dividends,Header,PayDate,Ex-Date,Symbol,Note,Quantity,DividendPerShare,Amount
Dividends,Data,20220531,20220519,SAP,Dividend Payment,25,0.53,13.31
Dividends,Data,20220531,20220519,SAP,Dividend Payment,25,2.08,51.9
Dividends,Data,20220610,20220519,WBA,Dividend Payment,50,0.48,23.87
Dividends,Data,20220613,20220603,PFFD,Dividend Payment,20,0.11,2.18
Dividends,Data,20220613,20220519,MMM,Dividend Payment,10,1.49,14.9
Dividends,Data,20220629,20220614,TROW,Dividend Payment,20,1.20,24
Dividends,Data,20220630,20220614,BLW,Dividend Payment,360,0.10,35.32
Dividends,Data,20220630,20220621,PCY,Dividend Payment,240,0.11,27.44
Dividends,Data,20220630,20220614,BBN,Dividend Payment,250,0.12,30.73
Dividends,Data,20220701,20220610,PML,Dividend Payment,400,0.06,23.6
Dividends,Data,20220701,20220614,NUV,Dividend Payment,200,0.03,5.6
Dividends,Data,20220701,20220614,NMI,Dividend Payment,200,0.03,5.1
Dividends,Data,20220701,20220614,NAD,Dividend Payment,170,0.06,10.12
Dividends,Data,20220714,20220706,PFFD,Dividend Payment,20,0.11,2.18
Dividends,Data,20220722,20220718,PCY,Dividend Payment,240,0.12,27.68
Dividends,Data,20220728,20220623,2828,Dividend Payment,600,0.15,87.8991
Dividends,Data,20220729,20220714,BBN,Dividend Payment,250,0.12,30.73
Dividends,Data,20220729,20220714,BLW,Dividend Payment,360,0.10,35.32
Dividends,Data,20220801,20220714,NAD,Dividend Payment,170,0.05,9.18
Dividends,Data,20220801,20220708,PML,Dividend Payment,400,0.06,23.6
Dividends,Data,20220801,20220714,NUV,Dividend Payment,200,0.03,5.6
Dividends,Data,20220801,20220714,NMI,Dividend Payment,200,0.03,5.5
Dividends,Data,20220811,20220803,PFFD,Dividend Payment,20,0.11,2.1
Dividends,Data,20220815,20220713,ACN,Dividend Payment,4,0.97,3.88
Dividends,Data,20220819,20220811,PETS,Dividend Payment,25,0.30,7.5
Dividends,Data,20220822,20220812,ING,Dividend Payment,400,0.17,69.18
Dividends,Data,20220826,20220822,PCY,Dividend Payment,240,0.12,28.08
Dividends,Data,20220831,20220812,BLW,Dividend Payment,360,0.10,35.32
Dividends,Data,20220831,20220812,BBN,Dividend Payment,250,0.12,30.72
Dividends,Data,20220901,20220804,INTC,Dividend Payment,170,0.36,62.05
Dividends,Data,20220901,20220812,NUV,Dividend Payment,200,0.03,5.6
Dividends,Data,20220901,20220812,NAD,Dividend Payment,170,0.05,9.18
Dividends,Data,20220901,20220812,NMI,Dividend Payment,200,0.03,5.5
Dividends,Data,20220914,20220906,PFFD,Dividend Payment,20,0.11,2.1
Dividends,Data,20220923,20220919,PCY,Dividend Payment,240,0.09,22.04
Dividends,Data,20220929,20220919,2828,Dividend Payment,600,0.11,68.7906
Dividends,Data,20220930,20220914,BLW,Dividend Payment,360,0.10,35.32
Dividends,Data,20220930,20220914,BBN,Dividend Payment,250,0.12,30.73
Dividends,Data,20221003,20220914,NMI,Dividend Payment,200,0.03,5.5
Dividends,Data,20221003,20220909,PML,Dividend Payment,250,0.06,14.75
Dividends,Data,20221003,20220914,NAD,Dividend Payment,170,0.05,9.18
Dividends,Data,20221003,20220914,NUV,Dividend Payment,200,0.03,5.6
Dividends,Data,20221013,20221005,PFFD,Dividend Payment,20,0.11,2.1
Dividends,Data,20221028,20221024,PCY,Dividend Payment,240,0.09,22.12
Dividends,Data,20221031,20221013,BBN,Dividend Payment,250,0.12,30.73
Dividends,Data,20221031,20221013,BLW,Dividend Payment,360,0.10,35.32
Dividends,Data,20221101,20221012,PML,Dividend Payment,250,0.06,14.75
Dividends,Data,20221101,20221013,NUV,Dividend Payment,200,0.03,5.6
Dividends,Data,20221101,20221013,NMI,Dividend Payment,200,0.03,6
Dividends,Data,20221101,20221013,NAD,Dividend Payment,170,0.05,7.91
Dividends,Data,20221110,20221103,PFFD,Dividend Payment,20,0.11,2.1
Dividends,Data,20221123,20221121,ISP,Dividend Payment,500,0.08,38.35755
Dividends,Data,20221125,20221121,PCY,Dividend Payment,240,0.10,24.24
Dividends,Data,20221130,20221114,BBN,Dividend Payment,250,0.12,30.72
Dividends,Data,20221130,20221114,BLW,Dividend Payment,360,0.10,35.32
Dividends,Data,20221201,20221114,NMI,Dividend Payment,200,0.03,6
Dividends,Data,20221201,20221110,PML,Dividend Payment,250,0.06,14.75
Dividends,Data,20221201,20221104,INTC,Dividend Payment,170,0.36,62.05
Dividends,Data,20221201,20221114,NAD,Dividend Payment,170,0.05,7.91
Dividends,Data,20221201,20221114,NUV,Dividend Payment,200,0.03,5.6
Dividends,Data,20221213,20221205,PFFD,Dividend Payment,20,0.11,2.1
Dividends,Data,20221222,20221214,BBN,Dividend Payment,250,0.10,25.72
Dividends,Data,20221222,20221214,BLW,Dividend Payment,360,0.10,35.32
Dividends,Data,20221223,20221219,PCY,Dividend Payment,240,0.10,23.16
Dividends,Data,20221230,20221214,NMI,Dividend Payment,200,0.03,6
Dividends,Data,20221230,20221214,NAD,Dividend Payment,170,0.05,7.9
Dividends,Data,20221230,20221214,NUV,Dividend Payment,200,0.03,5.6
Dividends,Data,20230103,20221209,PML,Dividend Payment,250,0.06,14.75
Dividends,Data,20230103,20221201,BAX,Dividend Payment,50,0.29,14.5
Dividends,Data,20230109,20221229,PFFD,Dividend Payment,20,0.11,2.1
Dividends,Data,20230127,20230123,PCY,Dividend Payment,240,0.10,24.13
Dividends,Data,20230131,20230112,GBAB,Dividend Payment,200,0.13,25.15
Dividends,Data,20230131,20230112,BBN,Dividend Payment,530,0.10,54.54
Dividends,Data,20230131,20230112,BLW,Dividend Payment,360,0.10,35.32
Dividends,Data,20230131,20230123,EXG,Dividend Payment,700,0.06,38.71
Dividends,Data,20230201,20230112,PML,Dividend Payment,250,0.04,9.87
Dividends,Data,20230201,20230112,NAD,Dividend Payment,170,0.04,6.72
Dividends,Data,20230201,20230123,GDO,Dividend Payment,250,0.10,25.25
Dividends,Data,20230228,20230214,BBN,Dividend Payment,200,0.10,20.58
Dividends,Data,20230301,20230217,GDO,Dividend Payment,200,0.10,20.2
Dividends,Data,20230307,20230301,EMLC,Dividend Payment,100,0.11,10.96
Dividends,Data,20230323,20230308,NEM,Dividend Payment,50,0.40,20
Dividends,Data,20230324,20230320,PCY,Dividend Payment,125,0.10,12.98
Dividends,Data,20230331,20230314,BBN,Dividend Payment,200,0.10,20.58
Dividends,Data,20230403,20230323,GDO,Dividend Payment,270,0.10,27.27
Dividends,Data,20230403,20230314,NAD,Dividend Payment,182,0.04,7.19
Dividends,Data,20230410,20230403,EMLC,Dividend Payment,100,0.12,12.46
Dividends,Data,20230414,20230405,SDIV,Dividend Payment,200,0.23,46
Dividends,Data,20230414,20230323,MDT,Dividend Payment,30,0.68,20.4
Dividends,Data,20230428,20230413,BBN,Dividend Payment,200,0.10,20.58
Dividends,Data,20230501,20230420,HIX,Dividend Payment,3200,0.05,156.8
Dividends,Data,20230501,20230420,GDO,Dividend Payment,270,0.10,27.27
Dividends,Data,20230501,20230413,NAD,Dividend Payment,182,0.04,6.92
Dividends,Data,20230502,20230424,RYLD,Dividend Payment,870,0.18,158.34
Dividends,Data,20230511,20230503,SDIV,Dividend Payment,700,0.21,150.5
Dividends,Data,20230531,20230512,GBAB,Dividend Payment,950,0.13,119.44
Dividends,Data,20230531,20230522,RYLD,Dividend Payment,870,0.16,140.07
Dividends,Data,20230531,20230512,BBN,Dividend Payment,900,0.10,92.61
Dividends,Data,20230601,20230522,GDO,Dividend Payment,270,0.10,27.27
Dividends,Data,20230601,20230522,HIX,Dividend Payment,3200,0.05,156.8
Dividends,Data,20230613,20230605,SDIV,Dividend Payment,500,0.21,107.5
Dividends,Data,20230615,20230531,NEM,Dividend Payment,50,0.40,20
Dividends,Data,20230615,20230530,GOLD.OLD,Dividend Payment,100,0.10,10
Dividends,Data,20230628,20230620,RYLD,Dividend Payment,870,0.18,159.12
Dividends,Data,20230630,20230614,BBN,Dividend Payment,800,0.09,74.32
Dividends,Data,20230630,20230614,GBAB,Dividend Payment,950,0.13,119.44
Dividends,Data,20230703,20230622,GDO,Dividend Payment,270,0.10,27.27
Dividends,Data,20230703,20230622,HIX,Dividend Payment,2000,0.05,98
Dividends,Data,20230714,20230706,SDIV,Dividend Payment,500,0.21,107.5
Dividends,Data,20230728,20230629,2828,Dividend Payment,200,0.03,5.1308
Dividends,Data,20230731,20230713,BBN,Dividend Payment,800,0.09,74.32
Dividends,Data,20230731,20230713,GBAB,Dividend Payment,950,0.13,119.44
Dividends,Data,20230801,20230721,GDO,Dividend Payment,270,0.10,27.27
Dividends,Data,20230801,20230721,HIX,Dividend Payment,2000,0.05,98
Dividends,Data,20230801,20230724,RYLD,Dividend Payment,870,0.18,156.34
Dividends,Data,20230811,20230803,SDIV,Dividend Payment,500,0.21,105
Dividends,Data,20230829,20230821,RYLD,Dividend Payment,870,0.17,151.47
Dividends,Data,20230831,20230814,GBAB,Dividend Payment,950,0.13,119.44
Dividends,Data,20230831,20230814,BBN,Dividend Payment,800,0.09,74.32
Dividends,Data,20230901,20230823,GDO,Dividend Payment,270,0.10,27.27
Dividends,Data,20230901,20230823,HIX,Dividend Payment,2000,0.05,98
Dividends,Data,20230914,20230906,SDIV,Dividend Payment,250,0.21,52.5
Dividends,Data,20230915,20230830,GOLD.OLD,Dividend Payment,100,0.10,10
Dividends,Data,20230921,20230906,NEM,Dividend Payment,50,0.40,20
Dividends,Data,20230926,20230919,TMF.OLD,Dividend Payment,200,0.05,10.03
Dividends,Data,20230926,20230918,RYLD,Dividend Payment,435,0.17,75.09
Dividends,Data,20230928,20230919,2828,Dividend Payment,200,0.18,36.27248
Dividends,Data,20230929,20230914,GBAB,Dividend Payment,600,0.13,75.44
Dividends,Data,20230929,20230914,BBN,Dividend Payment,800,0.09,74.32
Dividends,Data,20231002,20230921,GDO,Dividend Payment,270,0.10,27.54
Dividends,Data,20231002,20230921,HIX,Dividend Payment,1000,0.05,49
Dividends,Data,20231013,20231004,SDIV,Dividend Payment,250,0.21,52.5
Dividends,Data,20231031,20231012,GBAB,Dividend Payment,600,0.13,75.44
Dividends,Data,20231031,20231023,RYLD,Dividend Payment,435,0.16,70.3
Dividends,Data,20231031,20231013,BBN,Dividend Payment,800,0.09,74.32
Dividends,Data,20231101,20231023,HIX,Dividend Payment,1000,0.05,49
Dividends,Data,20231101,20231023,GDO,Dividend Payment,270,0.10,27.54
Dividends,Data,20231113,20231103,SDIV,Dividend Payment,250,0.21,52.5
Dividends,Data,20231129,20231120,RYLD,Dividend Payment,435,0.17,72.99
Dividends,Data,20231130,20231114,GBAB,Dividend Payment,600,0.13,75.44
Dividends,Data,20231130,20231114,BBN,Dividend Payment,800,0.09,74.32
Dividends,Data,20231201,20231121,HIX,Dividend Payment,1000,0.05,49
Dividends,Data,20231201,20231121,GDO,Dividend Payment,270,0.10,27.54
Dividends,Data,20231213,20231205,SDIV,Dividend Payment,250,0.21,52.5
Dividends,Data,20231215,20231129,GOLD.OLD,Dividend Payment,99,0.10,9.91
Dividends,Data,20231220,20231214,BBN,Dividend Payment,800,0.09,74.32
Dividends,Data,20231222,20231129,NEM,Dividend Payment,50,0.40,20
Dividends,Data,20231229,20231214,GBAB,Dividend Payment,600,0.13,75.44
Dividends,Data,20231229,20231220,GDO,Dividend Payment,270,0.10,27.54
Dividends,Data,20231229,20231220,HIX,Dividend Payment,1000,0.05,49
Dividends,Data,20231229,20231221,TMF,Dividend Payment,20,0.50,9.95
Dividends,Data,20240130,20240122,RYLD,Dividend Payment,200,0.17,33.08
Dividends,Data,20240131,20240111,BBN,Dividend Payment,600,0.09,55.74
Dividends,Data,20240131,20240111,GBAB,Dividend Payment,450,0.13,56.58
Dividends,Data,20240201,20240123,GDO,Dividend Payment,120,0.10,12.24
Dividends,Data,20240201,20240123,HIX,Dividend Payment,500,0.05,24.5
Dividends,Data,20240213,20240205,SDIV,Dividend Payment,250,0.21,52.5
Dividends,Data,20240228,20240220,RYLD,Dividend Payment,200,0.16,32.64
Dividends,Data,20240229,20240214,BBN,Dividend Payment,600,0.09,55.74
Dividends,Data,20240229,20240215,GHY,Dividend Payment,300,0.10,31.5
Dividends,Data,20240229,20240214,GBAB,Dividend Payment,450,0.13,56.58
Dividends,Data,20240301,20240221,GDO,Dividend Payment,400,0.10,40.8
Dividends,Data,20240301,20240221,HIX,Dividend Payment,500,0.05,24.5
Dividends,Data,20240313,20240305,SDIV,Dividend Payment,250,0.21,52.5
Dividends,Data,20240315,20240228,GOLD.OLD,Dividend Payment,99,0.10,9.91
Dividends,Data,20240326,20240318,RYLD,Dividend Payment,200,0.17,33.48
Dividends,Data,20240326,20240319,TMF,Dividend Payment,20,0.32,6.4
Dividends,Data,20240328,20240304,NEM,Dividend Payment,100,0.25,25
Dividends,Data,20240328,20240314,GHY,Dividend Payment,300,0.10,31.5
Dividends,Data,20240328,20240314,BBN,Dividend Payment,600,0.09,55.74
Dividends,Data,20240329,20240314,GBAB,Dividend Payment,450,0.13,56.58
Dividends,Data,20240401,20240320,GDO,Dividend Payment,400,0.10,40.8
Dividends,Data,20240401,20240320,HIX,Dividend Payment,500,0.05,24.5
Dividends,Data,20240411,20240403,SDIV,Dividend Payment,250,0.19,47.5
Dividends,Data,20240430,20240411,GHY,Dividend Payment,300,0.10,31.5
Dividends,Data,20240430,20240422,RYLD,Dividend Payment,200,0.16,32.56
Dividends,Data,20240430,20240412,BBN,Dividend Payment,600,0.09,55.74
Dividends,Data,20240430,20240412,GBAB,Dividend Payment,450,0.13,56.58
Dividends,Data,20240501,20240422,GDO,Dividend Payment,400,0.10,40.8
Dividends,Data,20240501,20240422,HIX,Dividend Payment,500,0.05,24.5
Dividends,Data,20240513,20240503,SDIV,Dividend Payment,250,0.19,47.5
Dividends,Data,20240529,20240520,RYLD,Dividend Payment,200,0.17,33.08
Dividends,Data,20240531,20240514,BBN,Dividend Payment,600,0.09,55.74
Dividends,Data,20240531,20240514,GBAB,Dividend Payment,450,0.13,56.58
Dividends,Data,20240531,20240509,GHY,Dividend Payment,300,0.10,31.5
Dividends,Data,20240603,20240522,HIX,Dividend Payment,500,0.05,24.5
Dividends,Data,20240603,20240522,GDO,Dividend Payment,400,0.10,40.8
Dividends,Data,20240607,20240603,SHY,Dividend Payment,611,0.26,160.16
Dividends,Data,20240705,20240701,SHY,Dividend Payment,3,0.27,0.81
Dividends,Data,20240708,20230331,CIG,Dividend Payment,1000,0.02,17.22
Dividends,Data,20240730,20240627,2828,Dividend Payment,200,0.08,16.6387
Dividends,Data,20240806,20240801,SHY,Dividend Payment,3,0.27,0.82
Dividends,Data,20240906,20240903,SHY,Dividend Payment,3,0.29,0.86
Dividends,Data,20240927,20240920,2828,Dividend Payment,200,0.12,24.4435
Dividends,Data,20241004,20241001,SHY,Dividend Payment,3,0.27,0.82
Dividends,Data,20241106,20241101,SHY,Dividend Payment,3,0.28,0.85
Dividends,Data,20241205,20241202,SHY,Dividend Payment,3,0.27,0.8
Dividends,Data,20241223,20241218,SHY,Dividend Payment,3,0.28,0.84
Dividends,Data,20250107,20230331,CIG,Dividend Payment,1000,0.02,15.53
Dividends,Data,20250206,20250203,SHY,Dividend Payment,3,0.27,0.82
Dividends,Data,20250306,20250303,SHY,Dividend Payment,3,0.25,0.76
Dividends,Data,20250404,20250401,SHY,Dividend Payment,3,0.28,0.84
Dividends,Data,20250506,20250501,SHY,Dividend Payment,3,0.26,0.78
Dividends,Data,20250605,20250602,SHY,Dividend Payment,3,0.27,0.82
Dividends,Data,20250707,20250701,SHY,Payment In Lieu,3,0.26,0.79
Dividends,Data,20250730,20250627,2828,Dividend Payment,200,0.17,33.1214
Dividends,Data,20250806,20250801,SHY,Payment In Lieu,3,0.27,0.81
Dividends,Data,20250905,20250902,SHY,Payment In Lieu,3,0.26,0.78
Dividends,Data,20250929,20250917,2828,Dividend Payment,200,0.06,12.847
Dividends,Data,20251006,20251001,SHY,Payment In Lieu,3,0.26,0.77
Dividends,Data,20251106,20251103,SHY,Payment In Lieu,3,0.26,0.79
Dividends,Data,20251204,20251201,SHY,Payment In Lieu,3,0.25,0.75
Dividends,Data,20251224,20251219,SHY,Dividend Payment,3,0.25,0.76
Interest Details,MetaInfo,Analysis Period,"May 13, 2022 - January 27, 2026"
Interest Details,Header,Date,Description,Amount
Interest Details,Data,20220603,EUR Debit Interest Paid for May 2022,-0.75033
Interest Details,Data,20220603,USD Credit Interest Received for May 2022,13.38
Interest Details,Data,20220603,HKD Debit Interest Paid for May 2022,-0.376066
Interest Details,Data,20220706,USD Credit Interest Received for June 2022,16.96
Interest Details,Data,20220803,USD Credit Interest Received for July 2022,24.48
Interest Details,Data,20220906,USD Credit Interest Received for August 2022,46.46
Interest Details,Data,20221005,USD Credit Interest Received for September 2022,34.99
Interest Details,Data,20221103,USD Credit Interest Received for October 2022,43.2
Interest Details,Data,20221205,USD Credit Interest Received for November 2022,72.78
Interest Details,Data,20230105,USD Credit Interest Received for December 2022,119.7
Interest Details,Data,20230203,USD Credit Interest Received for January 2023,87.09
Interest Details,Data,20230303,USD Credit Interest Received for February 2023,205.64
Interest Details,Data,20230405,USD Credit Interest Received for March 2023,150.69
Interest Details,Data,20230503,USD Credit Interest Received for April 2023,80.39
Interest Details,Data,20230503,USD Debit Interest Paid for April 2023,-1.84
Interest Details,Data,20230605,USD Credit Interest Received for May 2023,3.77
Interest Details,Data,20250703,USD Debit Interest Paid for June 2025,-1.08
Interest Details,Data,20250805,USD Debit Interest Paid for July 2025,-1.24
Interest Details,Data,20250904,USD Debit Interest Paid for August 2025,-1.24
Interest Details,Data,20251003,USD Debit Interest Paid for September 2025,-1.2
Interest Details,Data,20251105,USD Debit Interest Paid for October 2025,-1.24
Interest Details,Data,20251203,USD Debit Interest Paid for November 2025,-1.2
Interest Details,Data,20260106,USD Debit Interest Paid for December 2025,-1.8
Notes and Disclosure,Header,Type,Note
Notes and Disclosure,Data,General,"1. The Net Asset Value (NAV) consists of all positions by financial instrument (stock, securities options, warrants, bonds, cash, etc.). All non-base currency amounts are converted to the base currency at the close of period rate."
Notes and Disclosure,Data,General,2. The gain or loss from future contracts settle into cash each night. The notional value is used when computing the contribution to return.
Notes and Disclosure,Data,General,"3. Dividend accruals, interest accruals, and insured deposits are included in cash amounts throughout the report."
Notes and Disclosure,Data,General,4. Price valuations are obtained from outside parties. Clearing Broker shall have no responsibility for the accuracy or timeliness of any such price valuation.
Notes and Disclosure,Data,General,5. Data from Thomson Reuters Business Classifications and Lipper Global is used to derive our sector classifications. Funds with assorted sector allocations are classified as Broad.
Notes and Disclosure,Data,General,"6. Amounts are formatted to two decimal places. If amounts are greater than two decimal places, Clearing Broker uses "half-even" rounding. This means that Clearing Broker rounds such amounts up to the nearest even number."
Notes and Disclosure,Data,General,"7. For accounts opened and funded before 2009, reports with a time period of Since Inception will only include data going back to January 1, 2009. This includes some default reports and both Historical Performance reports."
Notes and Disclosure,Data,General,"8. If you have elected to trade cryptocurrency/digital asset products at Crypto Provider through the Clearing Broker platform, for your convenience your positions in your linked account at Crypto Provider are reflected in PortfolioAnalyst in connection with your Clearing Broker account."
Notes and Disclosure,Data,Section,1. Account Overview: The deposit/withdrawal amount displayed includes internal transfers along with cash and position transfers.
Notes and Disclosure,Data,Section,2. Projected Income: The Estimated Annual Income and Estimated Remaining Income in the Projected Income report assume dividend and bond payments remain constant throughout the year. These positions and interest rates are based on the previous business day.
Notes and Disclosure,Data,Section,"3. Risk Measures: Historical US 3 Month Treasury Bill rates are used as the risk free rates when calculating Alpha, the Sharpe ratio, the Sortino ratio, and the downside deviation."
Notes and Disclosure,Data,Disclosure,"This portfolio report was generated using Clearing Broker's PortfolioAnalyst tool, which allows Clearing Broker clients to generate analyses of their accounts using market data provided by third parties along with trade and account data contained in Clearing Broker's systems. This report is for information purposes only and is provided AS IS. Clearing Broker makes no warranty of any kind, express or implied, as to this report and its contents. The data provided for use in the PortfolioAnalyst tool is believed to be accurate, but completeness and accuracy of the information is not guaranteed, and Clearing Broker has no liability with respect thereto. The data regarding accounts held outside of Clearing Broker is obtained either directly from your input or from the financial institutions holding those accounts through a third-party service provider and Clearing Broker has NOT reviewed its accuracy.

The material in this report is intended only as a reference and should not be relied upon for the maintenance of your books and records for tax, accounting, financial, or regulatory reporting or for any other purposes. This report is not an offer or a solicitation of an offer to buy or sell any security. This material does not, and is not intended to, take into account the particular financial conditions, investment objectives, or requirements of individual customers. Before acting on any material within this report, you should consider whether it is suitable for your particular circumstances and as necessary, seek professional advice."
