Introduction,Header,Name,Account,Alias,BaseCurrency,AccountType,AnalysisPeriod,PerformanceMeasure
Introduction,Data,claudia m lopez holler,U8452508,,USD,Individual (Broker Client),"March 14, 2022 to January 27, 2026 (Daily)",TWR
Key Statistics,MetaInfo,Analysis Period,"March 14, 2022 - January 27, 2026"
Key Statistics,Header,BeginningNAV,EndingNAV,CumulativeReturn,5DayReturn,5DayReturnDateRange,10DayReturn,10DayReturnDateRange,BestReturn,BestReturnDate,WorstReturn,WorstReturnDate,MTM,Deposits & Withdrawals,Dividends,Interest,Fees & Commissions,Other,ChangeInNAV
Key Statistics,Data,0,340.836263,-90.541966421,-41.2477905,20260121 - 20260127,-59.269211349,20260114 - 20260127,59.527610265,20250925,-34.24468839,20240216,7638.1915,-1607.93,235.13,0,-5875.111955,-49.443282,340.836263
Historical Performance,MetaInfo,Analysis Period,"March 14, 2022 - January 27, 2026"
Historical Performance,Header,Account,MTD,QTD,YTD,1 Year,3 Year,Since Inception
Historical Performance,Data,U8452508,-59.269211351,-59.269211351,-59.269211351,-84.775726088,-91.433577199,-90.541966411
Historical Performance,Header,Month,Account,AccountReturn
Historical Performance,Data,202501,U8452508,48.906432349
Historical Performance,Data,202502,U8452508,-16.072785588
Historical Performance,Data,202503,U8452508,-27.527497574
Historical Performance,Data,202504,U8452508,0.029857518
Historical Performance,Data,202505,U8452508,20.438122883
Historical Performance,Data,202506,U8452508,19.118298377
Historical Performance,Data,202507,U8452508,1.156336375
Historical Performance,Data,202508,U8452508,19.672283335
Historical Performance,Data,202509,U8452508,35.326694613
Historical Performance,Data,202510,U8452508,-68.751542219
Historical Performance,Data,202511,U8452508,-34.272316817
Historical Performance,Data,202512,U8452508,-5.099373666
Historical Performance,Data,202401,U8452508,-6.437656737
Historical Performance,Data,202402,U8452508,-24.330899879
Historical Performance,Data,202403,U8452508,-12.906175625
Historical Performance,Data,202404,U8452508,10.424253075
Historical Performance,Data,202405,U8452508,1.964814531
Historical Performance,Data,202406,U8452508,-21.972338219
Historical Performance,Data,202407,U8452508,-0.663981293
Historical Performance,Data,202408,U8452508,1.394960442
Historical Performance,Data,202409,U8452508,17.404457173
Historical Performance,Data,202410,U8452508,-14.377486883
Historical Performance,Data,202411,U8452508,2.223141161
Historical Performance,Data,202412,U8452508,-11.711354041
Historical Performance,Data,202301,U8452508,10.661758561
Historical Performance,Data,202302,U8452508,-5.572933241
Historical Performance,Data,202303,U8452508,1.325572453
Historical Performance,Data,202304,U8452508,3.47048928
Historical Performance,Data,202305,U8452508,-4.596142325
Historical Performance,Data,202306,U8452508,9.137772878
Historical Performance,Data,202307,U8452508,1.431234547
Historical Performance,Data,202308,U8452508,-4.439499771
Historical Performance,Data,202309,U8452508,-3.841934783
Historical Performance,Data,202310,U8452508,-1.833449964
Historical Performance,Data,202311,U8452508,-0.47878274
Historical Performance,Data,202312,U8452508,9.1200716
Historical Performance,Data,202201,U8452508,-
Historical Performance,Data,202202,U8452508,-
Historical Performance,Data,202203,U8452508,-
Historical Performance,Data,202204,U8452508,-5.029185075
Historical Performance,Data,202205,U8452508,7.971324527
Historical Performance,Data,202206,U8452508,-10.4125608
Historical Performance,Data,202207,U8452508,6.616564336
Historical Performance,Data,202208,U8452508,-4.607258553
Historical Performance,Data,202209,U8452508,-8.041325455
Historical Performance,Data,202210,U8452508,5.190351901
Historical Performance,Data,202211,U8452508,17.863160326
Historical Performance,Data,202212,U8452508,-7.103106281
Historical Performance,Header,Quarter,Account,AccountReturn
Historical Performance,Data,2025 Q1,U8452508,-9.428924504
Historical Performance,Data,2025 Q2,U8452508,43.506677318
Historical Performance,Data,2025 Q3,U8452508,63.821215344
Historical Performance,Data,2025 Q4,U8452508,-80.508467282
Historical Performance,Data,2024 Q1,U8452508,-38.339503039
Historical Performance,Data,2024 Q2,U8452508,-12.145624347
Historical Performance,Data,2024 Q3,U8452508,18.25178495
Historical Performance,Data,2024 Q4,U8452508,-22.724459918
Historical Performance,Data,2023 Q1,U8452508,5.879804963
Historical Performance,Data,2023 Q2,U8452508,7.735176052
Historical Performance,Data,2023 Q3,U8452508,-6.795722921
Historical Performance,Data,2023 Q4,U8452508,6.606540441
Historical Performance,Data,2022 Q1,U8452508,-
Historical Performance,Data,2022 Q2,U8452508,-8.135922878
Historical Performance,Data,2022 Q3,U8452508,-6.473923361
Historical Performance,Data,2022 Q4,U8452508,15.174194129
Historical Performance,Header,Year,Account,AccountReturn
Historical Performance,Data,YTD,U8452508,-59.269211351
Historical Performance,Data,2025,U8452508,-58.497164526
Historical Performance,Data,2024,U8452508,-50.498293445
Historical Performance,Data,2023,U8452508,13.341863976
Open Position Summary,MetaInfo,As Of,"January 27, 2026"
Open Position Summary,Header,Date,FinancialInstrument,Currency,Symbol,Description,Sector,Quantity,ClosePrice,Value,Cost Basis,UnrealizedP&L,FXRateToBase
Open Position Summary,Data,01/27/2026,Options,USD,XYZ   260320C00070000,XYZ 20MAR26 70 C,Industrials,1,3.3,330,487.28875,-157.28875,1
Open Position Summary,Data,Total,Options,USD,,,,,,330,487.28875,-157.28875
Open Position Summary,Data,01/27/2026,Cash,USD,USD,United States Dollar,Cash,10.836263,1,10.836263, , ,1
Performance by Symbol,MetaInfo,Analysis Period,"March 14, 2022 - January 27, 2026"
Performance by Symbol,Header,Symbol,Description,FinancialInstrument,Sector,AvgWeight,Return,Contribution,Unrealized_P&L,Realized_P&L,Open
Performance by Symbol,Data,EWZ,ISHARES MSCI BRAZIL ETF,ETFs,Broad,15.582201895,4.141613363,0.637902085,0.00,34.59,No
Performance by Symbol,Data,JETS,US GLOBAL JETS ETF,ETFs,Industrials,12.50809598,9.497267573,1.117964837,0.00,60.70,No
Performance by Symbol,Data,KWEB,KRANESH CSI CHINA INTERNET,ETFs,Technology,11.384550824,-6.100547696,-0.342323897,0.00,34.31,No
Performance by Symbol,Data,SHV,ISHARES SHORT TREASURY BOND,ETFs,Government,85.108320546,-1.311451652,-1.222376417,0.00,-17.62,No
Performance by Symbol,Data,SLV,ISHARES SILVER TRUST,ETFs,Basic Materials,10.612533603,6.135709701,0.645315973,0.00,31.58,No
Performance by Symbol,Data,TAN,INVESCO SOLAR ETF,ETFs,Energy,12.366758456,0.591726991,0.075466347,0.00,4.09,No
Performance by Symbol,Data,Total ETFs,,,,26.8357627,13.626988664,0.89447388,0.00,147.65,
Performance by Symbol,Data,AAPL  240216C00185000,AAPL 16FEB24 185 C,Options,Technology,7.255960438,-100,-7.255960438,0.00,-172.47,No
Performance by Symbol,Data,AAPL  240315C00170000,AAPL 15MAR24 170 C,Options,Technology,20.875099838,58.125779528,12.133814508,0.00,157.40,No
Performance by Symbol,Data,AAPL  240322C00177500,AAPL 22MAR24 177.5 C,Options,Technology,7.361717032,-49.045223937,-6.031478889,0.00,-92.60,No
Performance by Symbol,Data,AAPL  250613C00200000,AAPL 13JUN25 200 C,Options,Technology,1.709009194,-100,-1.678115593,0.00,-373.81,No
Performance by Symbol,Data,AAPL  250718C00190000,AAPL 18JUL25 190 C,Options,Technology,30.312948219,-30.927477989,-9.457357928,0.00,-757.66,No
Performance by Symbol,Data,AAPL  250912C00240000,AAPL 12SEP25 240 C,Options,Technology,5.912510137,-100,-18.923676688,0.00,-901.96,No
Performance by Symbol,Data,AAPL  250919C00237500,AAPL 19SEP25 237.5 C,Options,Technology,25.036320965,113.660751786,32.418706234,0.00,900.48,No
Performance by Symbol,Data,AAPL  250919C00240000,AAPL 19SEP25 240 C,Options,Technology,20.88402897,-37.238652489,-6.316755512,0.00,-183.62,No
Performance by Symbol,Data,AAPL  250919C00242500,AAPL 19SEP25 242.5 C,Options,Technology,25.579781543,33.059784559,8.456620669,0.00,234.06,No
Performance by Symbol,Data,AAPL  250919C00245000,AAPL 19SEP25 245 C,Options,Technology,28.059352535,18.590211598,5.216293009,0.00,144.37,No
Performance by Symbol,Data,AAPL  250926C00255000,AAPL 26SEP25 255 C,Options,Technology,26.588024294,172.894107615,47.003941979,0.00,"1,670.69",No
Performance by Symbol,Data,AAPL  250926C00257500,AAPL 26SEP25 257.5 C,Options,Technology,27.232422896,-99.486255955,-21.815378437,0.00,"-1,250.03",No
Performance by Symbol,Data,AAPL  251003C00257500,AAPL 03OCT25 257.5 C,Options,Technology,25.473811254,-13.499799676,-2.835830248,0.00,-160.33,No
Performance by Symbol,Data,AAPL  251003C00260000,AAPL 03OCT25 260 C,Options,Technology,40.166879779,-14.686360734,-7.110214254,0.00,-290.76,No
Performance by Symbol,Data,AAPL  251010C00260000,AAPL 10OCT25 260 C,Options,Technology,25.381492036,-100,-38.645539967,0.00,"-1,848.87",No
Performance by Symbol,Data,AAPL  251010C00262500,AAPL 10OCT25 262.5 C,Options,Technology,20.096755506,-44.558422565,-9.887287963,0.00,-496.32,No
Performance by Symbol,Data,AAPL  251010C00265000,AAPL 10OCT25 265 C,Options,Technology,31.103185395,26.179230021,8.90947868,0.00,442.38,No
Performance by Symbol,Data,AAPL  251017C00260000,AAPL 17OCT25 260 C,Options,Technology,21.516320307,-100,-50.269814306,0.00,"-1,481.18",No
Performance by Symbol,Data,AAPL  251024C00255000,AAPL 24OCT25 255 C,Options,Technology,25.042923843,60.294995737,15.912289497,0.00,229.32,No
Performance by Symbol,Data,AAPL  251024C00257500,AAPL 24OCT25 257.5 C,Options,Technology,28.115410997,206.304352213,54.392744047,0.00,889.50,No
Performance by Symbol,Data,AAPL  251024C00265000,AAPL 24OCT25 265 C,Options,Technology,12.487364161,-43.429571345,-5.423208728,0.00,-127.59,No
Performance by Symbol,Data,AAPL  260123C00250000,AAPL 23JAN26 250 C,Options,Technology,23.763729022,-86.019193448,-9.556353068,0.00,-53.00,No
Performance by Symbol,Data,AAPL  260123C00260000,AAPL 23JAN26 260 C,Options,Technology,16.035865231,-100,-34.128914318,0.00,-285.68,No
Performance by Symbol,Data,AAPL  270115C00230000,AAPL 15JAN27 230 C,Options,Technology,15.430259969,44.589980213,7.415356985,0.00,"1,574.19",No
Performance by Symbol,Data,ABNB  240216C00180000,ABNB 16FEB24 180 C,Options,Technology,3.807136053,-100,-7.915824393,0.00,-199.73,No
Performance by Symbol,Data,ADBE  240517C00500000,ADBE 17MAY24 500 C,Options,Technology,2.568773175,-50.082124044,-1.322811912,0.00,-108.17,No
Performance by Symbol,Data,ADBE  240531C00470000,ADBE 31MAY24 470 C,Options,Technology,15.92574863,18.574224839,2.958084358,0.00,238.64,No
Performance by Symbol,Data,ADBE  240607C00500000,ADBE 07JUN24 500 C,Options,Technology,0.745461851,-100,-2.237334922,0.00,-174.80,No
Performance by Symbol,Data,ADBE  250912P00320000,ADBE 12SEP25 320 P,Options,Technology,16.037187075,-99.272745134,-16.260905127,0.00,-607.35,No
Performance by Symbol,Data,ARM   240216C00180000,ARM 16FEB24 180 C,Options,Technology,7.430787139,-100,-9.325862589,0.00,-220.85,No
Performance by Symbol,Data,ARM   240216P00117000,ARM 16FEB24 117 P,Options,Technology,5.068574377,-15.920446485,-0.806939671,0.00,-18.59,No
Performance by Symbol,Data,ARM   240216P00120000,ARM 16FEB24 120 P,Options,Technology,10.145964753,-4.104241781,-0.416414924,0.00,-9.60,No
Performance by Symbol,Data,ARM   240223C00150000,ARM 23FEB24 150 C,Options,Technology,10.903909424,84.343358265,9.19672339,0.00,163.38,No
Performance by Symbol,Data,ARM   240223P00110000,ARM 23FEB24 110 P,Options,Technology,20.083450775,6.905737899,10.998218004,0.00,157.80,No
Performance by Symbol,Data,ARM   240802P00110000,ARM 02AUG24 110 P,Options,Technology,1.242556231,-51.355437863,-0.643730341,0.00,-76.87,No
Performance by Symbol,Data,ARM   240802P00120000,ARM 02AUG24 120 P,Options,Technology,3.972731915,68.254764548,2.647429661,0.00,315.50,No
Performance by Symbol,Data,ARM   251107P00145000,ARM 07NOV25 145 P,Options,Technology,13.408900107,-95.823445817,-12.975949146,0.00,-142.34,No
Performance by Symbol,Data,BA    251031C00237500,BA 31OCT25 237.5 C,Options,Industrials,3.590148972,-100,-7.518129313,0.00,-121.80,No
Performance by Symbol,Data,BABA  240209C00085000,BABA 09FEB24 85 C,Options,Technology,1.412225426,-100,-3.516117909,0.00,-94.80,No
Performance by Symbol,Data,BABA  240216C00073000,BABA 16FEB24 73 C,Options,Technology,4.562813925,101.627341358,4.270527476,0.00,100.40,No
Performance by Symbol,Data,BABA  240216C00075000,BABA 16FEB24 75 C,Options,Technology,4.198443526,-21.130776766,-0.938781685,0.00,-22.68,No
Performance by Symbol,Data,BABA  240517C00085000,BABA 17MAY24 85 C,Options,Technology,1.836007201,-39.946263928,-1.479452275,0.00,-114.17,No
Performance by Symbol,Data,BABA  240531C00087000,BABA 31MAY24 87 C,Options,Technology,2.347667401,-6.625648699,-0.155548195,0.00,-13.74,No
Performance by Symbol,Data,BABA  240816C00080000,BABA 16AUG24 80 C,Options,Technology,1.755894814,-65.972994325,-1.234058545,0.00,-134.29,No
Performance by Symbol,Data,BABA  240816P00079000,BABA 16AUG24 79 P,Options,Technology,1.653727738,-82.264751981,-1.42503642,0.00,-154.28,No
Performance by Symbol,Data,BABA  240906C00084000,BABA 06SEP24 84 C,Options,Technology,4.368610667,-100,-4.248820272,0.00,-481.94,No
Performance by Symbol,Data,BABA  241004C00113000,BABA 04OCT24 113 C,Options,Technology,2.184007307,8.526578317,0.19560932,0.00,26.17,No
Performance by Symbol,Data,BABA  241011C00110000,BABA 11OCT24 110 C,Options,Technology,2.463439557,2.639663055,0.067163175,0.00,9.37,No
Performance by Symbol,Data,BABA  250829C00138000,BABA 29AUG25 138 C,Options,Technology,8.767611864,-80.518480195,-7.059547822,0.00,-347.06,No
Performance by Symbol,Data,BABA  250905C00133000,BABA 05SEP25 133 C,Options,Technology,12.05864084,251.334486368,37.365887255,0.00,"1,343.46",No
Performance by Symbol,Data,BABA1 260116C00060000,BABA1 16JAN26 60 C,Options,Technology,33.883756949,10.470855384,3.624215867,0.00,271.38,No
Performance by Symbol,Data,BABA1 260116C00070000,BABA1 16JAN26 70 C,Options,Technology,27.16483398,-6.293277743,-0.304985122,0.00,-14.25,No
Performance by Symbol,Data,BABA2 260116C00080000,BABA2 16JAN26 80 C,Options,Technology,14.977795302,68.186925131,9.576777328,0.00,"1,156.82",No
Performance by Symbol,Data,BABA2 260618C00080000,BABA2 18JUN26 80 C,Options,Technology,35.43614925,57.036511121,19.5113784,0.00,"2,288.53",No
Performance by Symbol,Data,BABA2 261218C00085000,BABA2 18DEC26 85 C,Options,Technology,33.497645459,41.004460903,14.33638246,0.00,"1,555.05",No
Performance by Symbol,Data,BABA2 270115C00100000,BABA2 15JAN27 100 C,Options,Technology,15.313627859,1.243529796,3.235144509,0.00,376.57,No
Performance by Symbol,Data,BIDU  240823C00095000,BIDU 23AUG24 95 C,Options,Technology,0.448404044,-100,-0.906996208,0.00,-113.80,No
Performance by Symbol,Data,BIDU  240830P00089000,BIDU 30AUG24 89 P,Options,Technology,2.477140025,-3.040733434,-0.086223057,0.00,-9.60,No
Performance by Symbol,Data,BIDU  241018C00096000,BIDU 18OCT24 96 C,Options,Technology,1.547839342,-5.716316749,-0.089899401,0.00,-12.80,No
Performance by Symbol,Data,BIDU  250516C00075000,BIDU 16MAY25 75 C,Options,Technology,89.441218736,-4.965362554,-4.441080783,0.00,-665.64,No
Performance by Symbol,Data,BIDU  250516C00080000,BIDU 16MAY25 80 C,Options,Technology,50.461773247,6.973735661,3.519070676,0.00,501.48,No
Performance by Symbol,Data,BIDU  250516C00100000,BIDU 16MAY25 100 C,Options,Technology,6.928686111,-55.273156312,-4.332361604,0.00,-357.37,No
Performance by Symbol,Data,BIDU  260116C00090000,BIDU 16JAN26 90 C,Options,Technology,48.497064605,-15.207202364,-9.838775987,0.00,"-1,528.15",No
Performance by Symbol,Data,BIDU  270115C00100000,BIDU 15JAN27 100 C,Options,Technology,19.777599023,4.79865594,1.446469591,0.00,207.57,No
Performance by Symbol,Data,BMY   260116C00040000,BMY 16JAN26 40 C,Options,Healthcare,19.632835643,-11.703399507,-2.753152931,0.00,-143.82,No
Performance by Symbol,Data,BULL  250829C00015000,BULL 29AUG25 15 C,Options,Technology,8.825666334,-62.557364829,-5.831579316,0.00,-290.02,No
Performance by Symbol,Data,CCI   240216C00110000,CCI 16FEB24 110 C,Options,Real Estate,3.731886983,-100,-4.382402817,0.00,-104.13,No
Performance by Symbol,Data,CCL   250117C00015000,CCL 17JAN25 15 C,Options,Consumer Cyclicals,4.541204186,-59.254113357,-3.925990796,0.00,-276.60,No
Performance by Symbol,Data,COIN  240216C00195000,COIN 16FEB24 195 C,Options,Technology,12.949389404,-100,-12.949389404,0.00,-307.80,No
Performance by Symbol,Data,COIN  240216C00220000,COIN 16FEB24 220 C,Options,Technology,4.504884752,-100,-4.811198282,0.00,-114.55,No
Performance by Symbol,Data,DOCU  240308C00060000,DOCU 08MAR24 60 C,Options,Technology,7.840934442,13.627835954,1.250743974,0.00,20.82,No
Performance by Symbol,Data,FCX   270115C00030000,FCX 15JAN27 30 C,Options,Basic Materials,11.575188721,-24.490143889,-2.888557853,0.00,-231.38,No
Performance by Symbol,Data,GLD   240315C00199500,GLD 15MAR24 199.5 C,Options,Basic Materials,11.747209089,-18.336511214,-2.850276977,0.00,-34.18,No
Performance by Symbol,Data,GOOG  271217C00180000,GOOG 17DEC27 180 C,Options,Telecomm,39.284704541,16.942657356,6.54930958,0.00,444.98,No
Performance by Symbol,Data,GOOGL 250912P00230000,GOOGL 12SEP25 230 P,Options,Telecomm,34.990219189,-18.511255263,-6.477128791,0.00,-323.88,No
Performance by Symbol,Data,GOOGL 250912P00232500,GOOGL 12SEP25 232.5 P,Options,Telecomm,12.886034977,-12.207235817,-1.573028677,0.00,-78.66,No
Performance by Symbol,Data,GOOGL 250919C00150000,GOOGL 19SEP25 150 C,Options,Telecomm,40.109761677,22.625833834,9.075168028,0.00,606.58,No
Performance by Symbol,Data,INTC  240802C00029500,INTC 02AUG24 29.5 C,Options,Technology,4.610200851,-100,-4.845012328,0.00,-547.23,No
Performance by Symbol,Data,INTC  250425C00021000,INTC 25APR25 21 C,Options,Technology,0.894296525,-100,-1.394641495,0.00,-123.24,No
Performance by Symbol,Data,INTC  251024C00040000,INTC 24OCT25 40 C,Options,Technology,13.822142719,-100,-16.988049249,0.00,-363.36,No
Performance by Symbol,Data,INTC  251219P00021000,INTC 19DEC25 21 P,Options,Technology,1.032843912,-71.79412797,-1.807130641,0.00,-212.84,No
Performance by Symbol,Data,KWEB  260116C00020000,KWEB 16JAN26 20 C,Options,Technology,13.838589559,19.67205247,2.6864326,0.00,182.24,No
Performance by Symbol,Data,LSCC  240216C00100000,LSCC 16FEB24 100 C,Options,Technology,1.255197383,-100,-3.365491972,0.00,-87.59,No
Performance by Symbol,Data,MDB   240308P00320000,MDB 08MAR24 320 P,Options,Technology,4.835111599,-100,-8.485610393,0.00,-135.80,No
Performance by Symbol,Data,META  250411C00560000,META 11APR25 560 C,Options,Telecomm,0.430838206,-100,-0.861676413,0.00,-64.92,No
Performance by Symbol,Data,META  251107C00640000,META 07NOV25 640 C,Options,Telecomm,24.742864426,-55.446283654,-13.718998794,0.00,-149.59,No
Performance by Symbol,Data,META  251128C00620000,META 28NOV25 620 C,Options,Telecomm,24.864856613,10.013472937,2.489835688,0.00,19.41,No
Performance by Symbol,Data,MNST  240809P00046000,MNST 09AUG24 46 P,Options,Consumer Non-Cyc,1.857724864,504.982144026,10.292646803,0.00,945.50,No
Performance by Symbol,Data,MSFT  240308C00410000,MSFT 08MAR24 410 C,Options,Technology,4.180162401,-100,-8.360324802,0.00,-127.80,No
Performance by Symbol,Data,MSFT  250131P00412500,MSFT 31JAN25 412.5 P,Options,Technology,0.823191244,23.052362381,0.259096232,0.00,32.63,No
Performance by Symbol,Data,MSTR  250829P00330000,MSTR 29AUG25 330 P,Options,Technology,6.155281376,-40.054407939,-2.465461512,0.00,-121.21,No
Performance by Symbol,Data,MU    250926C00200000,MU 26SEP25 200 C,Options,Technology,5.368863031,-100,-10.176089231,0.00,-353.35,No
Performance by Symbol,Data,NEM   240328C00033500,NEM 28MAR24 33.5 C,Options,Basic Materials,16.471576454,40.416054651,6.706076786,0.00,102.21,No
Performance by Symbol,Data,NEM   260116C00030000,NEM 16JAN26 30 C,Options,Basic Materials,32.079779065,46.279939874,15.105038938,0.00,993.75,No
Performance by Symbol,Data,NEM   260116C00032500,NEM 16JAN26 32.5 C,Options,Basic Materials,49.211294502,15.079586253,7.715420468,0.00,542.58,No
Performance by Symbol,Data,NEM   260116C00040000,NEM 16JAN26 40 C,Options,Basic Materials,34.756951641,23.28252838,15.157194004,0.00,"1,119.44",No
Performance by Symbol,Data,NEM   270115C00045000,NEM 15JAN27 45 C,Options,Basic Materials,14.633707793,-55.459908296,-12.156654367,0.00,"-1,726.14",No
Performance by Symbol,Data,NFLX  251024P01100000,NFLX 24OCT25 1100 P,Options,Telecomm,16.528364932,2.821167028,0.544345426,0.00,10.93,No
Performance by Symbol,Data,NKE   240531C00093000,NKE 31MAY24 93 C,Options,Consumer Cyclicals,2.696013356,-61.008928841,-0.26437115,0.00,-28.02,No
Performance by Symbol,Data,NKE   240628C00105000,NKE 28JUN24 105 C,Options,Consumer Cyclicals,2.217523575,-100,-3.468348323,0.00,-218.34,No
Performance by Symbol,Data,NKE   250718C00050000,NKE 18JUL25 50 C,Options,Consumer Cyclicals,20.244640194,8.7781375,2.319206088,0.00,139.41,No
Performance by Symbol,Data,NKE   251003C00069000,NKE 03OCT25 69 C,Options,Consumer Cyclicals,8.225827148,13.778939431,1.175936172,0.00,50.40,No
Performance by Symbol,Data,NKE   270115C00065000,NKE 15JAN27 65 C,Options,Consumer Cyclicals,16.320327943,58.905026674,9.666131467,0.00,"1,841.00",No
Performance by Symbol,Data,NKE   270115C00090000,NKE 15JAN27 90 C,Options,Consumer Cyclicals,25.584357677,-23.418376013,-7.750797244,0.00,-934.07,No
Performance by Symbol,Data,NKE   271217C00070000,NKE 17DEC27 70 C,Options,Consumer Cyclicals,92.30603705,14.389140386,23.918775507,0.00,"1,134.68",No
Performance by Symbol,Data,NVDA  240308P00850000,NVDA 08MAR24 850 P,Options,Technology,18.236553889,-93.621566509,-20.40464185,0.00,-392.09,No
Performance by Symbol,Data,NVDA  250404C00093000,NVDA 04APR25 93 C,Options,Technology,2.557867346,9.017831701,0.230664172,0.00,18.38,No
Performance by Symbol,Data,NVDA  250417C00110000,NVDA 17APR25 110 C,Options,Technology,5.114635666,-14.739458324,-0.774084708,0.00,-67.63,No
Performance by Symbol,Data,NVDA  250718C00100000,NVDA 18JUL25 100 C,Options,Technology,13.830925617,27.684927435,3.707843159,0.00,277.35,No
Performance by Symbol,Data,NVDA  250829P00177500,NVDA 29AUG25 177.5 P,Options,Technology,14.827841753,-4.452350264,-0.660187451,0.00,-33.01,No
Performance by Symbol,Data,NVDA  250905P00172500,NVDA 05SEP25 172.5 P,Options,Technology,5.53650829,19.264475512,1.337029534,0.00,51.40,No
Performance by Symbol,Data,NVDA  251031P00190000,NVDA 31OCT25 190 P,Options,Technology,10.733590435,-35.810854104,-3.843790411,0.00,-62.60,No
Performance by Symbol,Data,NVDA  251128C00177500,NVDA 28NOV25 177.5 C,Options,Technology,27.472597598,25.498264311,7.005035549,0.00,55.96,No
Performance by Symbol,Data,NVDA  251128C00180000,NVDA 28NOV25 180 C,Options,Technology,23.187345225,13.627022557,3.159744764,0.00,27.01,No
Performance by Symbol,Data,NVDA  251212C00187500,NVDA 12DEC25 187.5 C,Options,Technology,19.517586385,-99.123908144,-19.836099285,0.00,-174.91,No
Performance by Symbol,Data,NVDA  251219C00174000,NVDA 19DEC25 174 C,Options,Technology,28.838860723,55.614496132,21.746707542,0.00,149.47,No
Performance by Symbol,Data,NVDA  251219C00177000,NVDA 19DEC25 177 C,Options,Technology,34.061125293,-8.110926837,-2.762672952,0.00,-19.53,No
Performance by Symbol,Data,OKTA  240531C00110000,OKTA 31MAY24 110 C,Options,Technology,0.919824112,-100,-1.990909976,0.00,-156.80,No
Performance by Symbol,Data,PDD   240830C00099000,PDD 30AUG24 99 C,Options,Technology,5.831584574,20.22859986,1.179647909,0.00,144.21,No
Performance by Symbol,Data,PYPL  240531C00062000,PYPL 31MAY24 62 C,Options,Financials,1.6807627,-34.627189727,-0.865574083,0.00,-75.80,No
Performance by Symbol,Data,PYPL  240920C00074000,PYPL 20SEP24 74 C,Options,Financials,4.182047344,142.485037318,6.788164282,0.00,734.69,No
Performance by Symbol,Data,PYPL  250516C00070000,PYPL 16MAY25 70 C,Options,Financials,34.105307874,16.446909508,5.559925975,0.00,791.58,No
Performance by Symbol,Data,PYPL  250620C00067500,PYPL 20JUN25 67.5 C,Options,Financials,61.657891343,-51.714944249,-35.752148272,0.00,"-5,120.63",No
Performance by Symbol,Data,PYPL  251003C00070000,PYPL 03OCT25 70 C,Options,Financials,23.328063208,45.399011977,10.59071021,0.00,419.58,No
Performance by Symbol,Data,PYPL  251024C00069000,PYPL 24OCT25 69 C,Options,Financials,10.010812774,-44.057121409,-4.410475938,0.00,-97.19,No
Performance by Symbol,Data,PYPL  251031C00070000,PYPL 31OCT25 70 C,Options,Financials,14.891999982,-61.548925565,-9.165865984,0.00,-147.59,No
Performance by Symbol,Data,PYPL  251031C00077000,PYPL 31OCT25 77 C,Options,Financials,12.117089325,19.768246074,2.688705331,0.00,42.82,No
Performance by Symbol,Data,PYPL  251107C00068000,PYPL 07NOV25 68 C,Options,Financials,17.755627855,-55.919489723,-12.936765462,0.00,-163.78,No
Performance by Symbol,Data,PYPL  251107C00070000,PYPL 07NOV25 70 C,Options,Financials,26.103146872,-26.867695399,-7.149328431,0.00,-97.23,No
Performance by Symbol,Data,PYPL  251219C00070000,PYPL 19DEC25 70 C,Options,Financials,86.882819112,15.542784783,12.782748621,0.00,183.65,No
Performance by Symbol,Data,PYPL  260116C00060000,PYPL 16JAN26 60 C,Options,Financials,21.192434125,-38.265219723,-10.06728742,0.00,-821.38,No
Performance by Symbol,Data,PYPL  261218C00060000,PYPL 18DEC26 60 C,Options,Financials,33.622956043,-1.291354791,-0.694690029,0.00,-31.40,No
Performance by Symbol,Data,QQQ   240322P00452000,QQQ 22MAR24 452 P,Options,Broad,27.420452017,-0.390671308,-0.107123838,0.00,-1.60,No
Performance by Symbol,Data,QQQ   241001P00485000,QQQ 01OCT24 485 P,Options,Broad,2.182202311,-37.024421601,-0.840367426,0.00,-119.72,No
Performance by Symbol,Data,QQQ   241004P00489000,QQQ 04OCT24 489 P,Options,Broad,4.435516394,-10.594651327,-0.469927497,0.00,-67.12,No
Performance by Symbol,Data,QQQ   250311C00480000,QQQ 11MAR25 480 C,Options,Broad,1.836253255,-15.417977005,-0.297416752,0.00,-25.01,No
Performance by Symbol,Data,QQQ   250821C00563000,QQQ 21AUG25 563 C,Options,Broad,25.292015411,85.48968079,21.62206324,0.00,890.82,No
Performance by Symbol,Data,QQQ   250919P00595000,QQQ 19SEP25 595 P,Options,Broad,20.062114789,-13.71111194,-2.750739016,0.00,-94.86,No
Performance by Symbol,Data,QQQ   250919P00596000,QQQ 19SEP25 596 P,Options,Broad,31.533780014,-60.196739944,-18.982307549,0.00,-525.38,No
Performance by Symbol,Data,QQQ   250919P00598000,QQQ 19SEP25 598 P,Options,Broad,26.176722895,-37.192626981,-9.735810902,0.00,-269.46,No
Performance by Symbol,Data,QQQ   250923P00599000,QQQ 23SEP25 599 P,Options,Broad,20.708514312,-45.951038128,-9.515777307,0.00,-313.46,No
Performance by Symbol,Data,QQQ   250924P00599000,QQQ 24SEP25 599 P,Options,Broad,22.690057916,77.841338187,17.662244717,0.00,526.44,No
Performance by Symbol,Data,QQQ   250925P00595000,QQQ 25SEP25 595 P,Options,Broad,17.706269016,62.86247882,11.13059961,0.00,387.42,No
Performance by Symbol,Data,QQQ   251003P00604000,QQQ 03OCT25 604 P,Options,Broad,16.268178793,141.094844483,22.953561568,0.00,806.62,No
Performance by Symbol,Data,QQQ   251020P00612000,QQQ 20OCT25 612 P,Options,Broad,13.216024083,-78.832044778,-10.418462023,0.00,-169.40,No
Performance by Symbol,Data,QQQ   251028P00624000,QQQ 28OCT25 624 P,Options,Broad,13.754281783,-51.768014486,-7.120318586,0.00,-126.42,No
Performance by Symbol,Data,SMCI  240216C00950000,SMCI 16FEB24 950 C,Options,Technology,5.507068181,-100,-5.507068181,0.00,-130.90,No
Performance by Symbol,Data,SOUN  270115C00005000,SOUN 15JAN27 5 C,Options,Technology,3.242064368,45.44088378,1.450853217,0.00,336.95,No
Performance by Symbol,Data,STLA  241018C00012000,STLA 18OCT24 12 C,Options,Consumer Cyclicals,9.246722742,-24.10510651,-2.165528527,0.00,-312.05,No
Performance by Symbol,Data,STM   241018C00026000,STM 18OCT24 26 C,Options,Technology,7.871636725,28.247019673,2.153559925,0.00,264.34,No
Performance by Symbol,Data,TLT   240814C00098000,TLT 14AUG24 98 C,Options,Government,3.064482146,-97.013332161,-3.025284747,0.00,-347.46,No
Performance by Symbol,Data,TLT   240911C00099000,TLT 11SEP24 99 C,Options,Government,4.396570518,19.132195379,0.865341663,0.00,97.60,No
Performance by Symbol,Data,TLT   250905C00085000,TLT 05SEP25 85 C,Options,Government,23.489512034,50.354075579,12.370388361,0.00,530.99,No
Performance by Symbol,Data,TLT   270115C00085000,TLT 15JAN27 85 C,Options,Government,34.343160422,3.798502668,1.339668122,0.00,192.40,No
Performance by Symbol,Data,TLT   270115C00090000,TLT 15JAN27 90 C,Options,Government,84.892121307,-11.11391088,-8.618914906,0.00,-832.85,No
Performance by Symbol,Data,TM    240621C00195000,TM 21JUN24 195 C,Options,Consumer Cyclicals,3.814473155,-100,-3.700506692,0.00,-269.34,No
Performance by Symbol,Data,TSLA  240216C00190000,TSLA 16FEB24 190 C,Options,Consumer Cyclicals,27.452351832,48.025283843,13.184069889,0.00,303.80,No
Performance by Symbol,Data,TTWO  240719C00160000,TTWO 19JUL24 160 C,Options,Telecomm,3.192045032,-92.875933114,-5.173535359,0.00,-341.59,No
Performance by Symbol,Data,TTWO  260116C00140000,TTWO 16JAN26 140 C,Options,Telecomm,28.189771899,52.737110275,13.552884771,0.00,"1,767.51",No
Performance by Symbol,Data,XYZ   250919C00050000,XYZ 19SEP25 50 C,Options,Industrials,16.015725911,14.863952853,0.379406029,0.00,-8.58,No
Performance by Symbol,Data,XYZ   251121C00059000,XYZ 21NOV25 59 C,Options,Industrials,29.336297819,-9.297399324,-3.419405686,0.00,-27.59,No
Performance by Symbol,Data,XYZ   251219P00060000,XYZ 19DEC25 60 P,Options,Industrials,2.019231722,-79.79635154,-2.586036219,0.00,-543.26,No
Performance by Symbol,Data,XYZ   260320C00070000,XYZ 20MAR26 70 C,Options,Industrials,93.799991116,-32.278346258,-30.506199517,-157.29,0.00,Yes
Performance by Symbol,Data,Total Options,,,,67.717303286,-100,-92.674406717,-157.29,"-1,164.58",
Performance by Symbol,Data,AAPL,APPLE INC,Stocks,Technology,12.631221136,6.108271909,0.755530864,0.00,40.18,No
Performance by Symbol,Data,ACB.OLD,AURORA CANNABIS INC,Stocks,Healthcare,9.850362186,17.323258466,1.597727629,0.00,79.43,No
Performance by Symbol,Data,ACN,ACCENTURE PLC-CL A,Stocks,Technology,10.508278522,5.680624518,0.574558235,0.00,30.82,No
Performance by Symbol,Data,AEO,AMERICAN EAGLE OUTFITTERS,Stocks,Consumer Cyclicals,9.259603063,5.626113722,0.51318078,0.00,27.25,No
Performance by Symbol,Data,AMZN,AMAZON.COM INC,Stocks,Consumer Cyclicals,17.374562634,-2.314753115,-1.924147638,0.00,-99.56,No
Performance by Symbol,Data,AVAL,GRUPO AVAL ACCIONES Y VALORE,Stocks,Financials,15.097064456,-43.702923553,-7.401644235,0.00,-421.56,No
Performance by Symbol,Data,BA,BOEING CO/THE,Stocks,Industrials,9.333865899,0.702080643,0.337241652,0.00,3.72,No
Performance by Symbol,Data,BABA,ALIBABA GROUP HOLDING-SP ADR,Stocks,Technology,93.92242231,8.230106734,7.590294213,0.00,157.33,No
Performance by Symbol,Data,BAC,BANK OF AMERICA CORP,Stocks,Financials,12.947012944,4.095253802,0.557746108,0.00,30.51,No
Performance by Symbol,Data,BAP,CREDICORP LTD,Stocks,Financials,18.289570346,-1.500979196,-0.248862267,0.00,-15.13,No
Performance by Symbol,Data,BBD,BANCO BRADESCO-ADR,Stocks,Financials,10.862949439,0.235764395,0.503405359,0.00,21.90,No
Performance by Symbol,Data,BCS,BARCLAYS PLC-SPONS ADR,Stocks,Financials,22.926394065,1.785871918,1.050902087,0.00,41.45,No
Performance by Symbol,Data,BMY,BRISTOL-MYERS SQUIBB CO,Stocks,Healthcare,9.182713496,-3.638262977,-0.355289619,0.00,-21.12,No
Performance by Symbol,Data,BTI,BRITISH AMERICAN TOB-SP ADR,Stocks,Consumer Non-Cyc,9.606048183,-4.490280346,-0.435601958,0.00,-24.08,No
Performance by Symbol,Data,C,CITIGROUP INC,Stocks,Financials,12.173423079,0.056348944,0.013528086,0.00,0.39,No
Performance by Symbol,Data,CBDBY,CIA BRASILEIRA DE DIS- ADR,Stocks,Consumer Non-Cyc,12.906352901,9.111851776,1.149403676,0.00,56.57,No
Performance by Symbol,Data,CCI,CROWN CASTLE INC,Stocks,Real Estate,10.137049539,0.670571213,0.066535408,0.00,3.83,No
Performance by Symbol,Data,CRM,SALESFORCE INC,Stocks,Technology,13.279289692,1.557360381,0.207820547,0.00,10.36,No
Performance by Symbol,Data,DIS,WALT DISNEY CO/THE,Stocks,Telecomm,9.404462155,-0.640434621,-0.056741412,0.00,-3.45,No
Performance by Symbol,Data,DPZ,DOMINO'S PIZZA INC,Stocks,Consumer Cyclicals,12.352616538,2.830878111,0.382693818,0.00,16.41,No
Performance by Symbol,Data,GM,GENERAL MOTORS CO,Stocks,Consumer Cyclicals,12.733365603,7.448304458,0.900362681,0.00,47.04,No
Performance by Symbol,Data,GRFS,GRIFOLS SA-ADR,Stocks,Healthcare,20.916818995,5.909575966,1.370197215,0.00,68.78,No
Performance by Symbol,Data,HAS,HASBRO INC,Stocks,Consumer Cyclicals,10.179484909,-14.87763912,-1.641687105,0.00,-89.91,No
Performance by Symbol,Data,INTC,INTEL CORP,Stocks,Technology,9.979143189,-9.433437688,2.060868462,0.00,317.51,No
Performance by Symbol,Data,JD,JD.COM INC-ADR,Stocks,Consumer Cyclicals,12.138718645,5.806522811,0.819685899,0.00,47.59,No
Performance by Symbol,Data,MDT,MEDTRONIC PLC,Stocks,Healthcare,6.093062918,-0.407263942,-0.060522882,0.00,-3.20,No
Performance by Symbol,Data,META,META PLATFORMS INC-CLASS A,Stocks,Telecomm,12.726242285,6.111158822,0.764810335,0.00,40.63,No
Performance by Symbol,Data,MMM,3M CO,Stocks,Consumer Non-Cyc,10.208341502,-8.773779528,-0.927869481,0.00,-56.10,No
Performance by Symbol,Data,NEM,NEWMONT CORP,Stocks,Basic Materials,24.787943297,-13.908482259,-1.556910766,0.00,84.30,No
Performance by Symbol,Data,NIO,NIO INC - ADR,Stocks,Consumer Cyclicals,10.888233248,7.534711978,0.787889925,0.00,40.33,No
Performance by Symbol,Data,NKE,NIKE INC -CL B,Stocks,Consumer Cyclicals,9.969865044,-20.206145474,-2.222014926,0.00,-11.04,No
Performance by Symbol,Data,NTES,NETEASE INC-ADR,Stocks,Technology,14.395739915,13.605245829,1.85548493,0.00,98.37,No
Performance by Symbol,Data,NU,NU HOLDINGS LTD/CAYMAN ISL-A,Stocks,Financials,14.695094465,6.595027528,0.968970429,0.00,46.96,No
Performance by Symbol,Data,OPEN,OPENDOOR TECHNOLOGIES INC,Stocks,Real Estate,18.438819357,-2.948284518,-0.543628856,0.00,-23.56,No
Performance by Symbol,Data,ORANY,ORANGE-SPON ADR,Stocks,Technology,12.638690833,-0.229060432,-0.027503454,0.00,-1.42,No
Performance by Symbol,Data,PHG,KONINKLIJKE PHILIPS NVR- NY,Stocks,Healthcare,10.63610897,3.843138398,0.408741993,0.00,19.73,No
Performance by Symbol,Data,PLTR,PALANTIR TECHNOLOGIES INC-A,Stocks,Technology,12.780725496,15.066583318,2.198077554,0.00,96.08,No
Performance by Symbol,Data,PYPL,PAYPAL HOLDINGS INC,Stocks,Financials,12.258814305,-6.268812613,0.202507073,0.00,56.03,No
Performance by Symbol,Data,SAN,BANCO SANTANDER SA-SPON ADR,Stocks,Financials,17.423829105,8.732058049,1.491619004,0.00,64.44,No
Performance by Symbol,Data,SBUX,STARBUCKS CORP,Stocks,Consumer Cyclicals,53.115162649,-13.132607109,-5.001422692,0.00,0.00,No
Performance by Symbol,Data,STM,STMICROELECTRONICS NV-NY SHS,Stocks,Technology,11.433785259,21.742457639,2.848567029,0.00,135.61,No
Performance by Symbol,Data,TDOC,TELADOC HEALTH INC,Stocks,Healthcare,10.383350027,-22.652740005,-2.631994077,0.00,-123.19,No
Performance by Symbol,Data,TGT,TARGET CORP,Stocks,Consumer Cyclicals,12.627831717,-0.584268403,-0.064041778,0.00,-3.84,No
Performance by Symbol,Data,TROW,T ROWE PRICE GROUP INC,Stocks,Financials,14.918574049,0.085809939,0.00853857,0.00,0.65,No
Performance by Symbol,Data,TSLA,TESLA INC,Stocks,Consumer Cyclicals,11.369718468,-0.443680576,0.705181785,0.00,35.88,No
Performance by Symbol,Data,TSN,TYSON FOODS INC-CL A,Stocks,Consumer Non-Cyc,10.1915523,-0.362735166,0.014981262,0.00,-3.53,No
Performance by Symbol,Data,UL.OLD,UNILEVER PLC-SPONSORED ADR,Stocks,Consumer Non-Cyc,14.057892638,5.098700632,0.793799188,0.00,27.49,No
Performance by Symbol,Data,VALE,VALE SA-SP ADR,Stocks,Basic Materials,15.658624511,17.206013587,3.141523759,0.00,152.13,No
Performance by Symbol,Data,WBA,WALGREENS BOOTS ALLIANCE INC,Stocks,Consumer Non-Cyc,17.273343845,-5.969681505,-1.033303752,0.00,-84.77,No
Performance by Symbol,Data,WMT,WALMART INC,Stocks,Consumer Non-Cyc,12.630632821,6.84089717,0.849204137,0.00,41.34,No
Performance by Symbol,Data,XP,XP INC - CLASS A,Stocks,Financials,26.237081993,22.112372821,5.713561223,0.00,290.04,No
Performance by Symbol,Data,XYZ,BLOCK INC,Stocks,Industrials,33.330638504,35.330135533,10.950300489,0.00,"2,224.72",No
Performance by Symbol,Data,Total Stocks,,,,73.85113771,43.73914345,27.611860965,0.00,"3,470.35",
Performance by Symbol,Data,USD,United States Dollar,Cash,Cash,30.375698935,36.770815427,0.885126284,,,Yes
Performance by Symbol,Data,Fees,Fees,Cash,Cash,-,-,-0.381899592,,,-
Performance by Symbol,Data,Total Cash,,,,30.376076689,35.171710326,0.499846398,,,
Performance by Symbol,Data,Total,,,,100,-90.541966421,-90.541966421,-157.29,"2,453.42",
Trade Summary,MetaInfo,Analysis Period,"March 14, 2022 - January 27, 2026"
Trade Summary,Header,Financial Instrument,Currency,Symbol,Description,Sector,Quantity Bought,Average Price Bought,Proceeds Bought,Proceeds Bought in Base,Quantity Sold,Average Price Sold,Proceeds Sold,Proceeds Sold in Base
Trade Summary,Data,ETFs,United States Dollar,EWZ,ISHARES MSCI BRAZIL ETF,Broad,30,27.805,-834.15,-834.15,-30,29.025,870.75,870.75
Trade Summary,Data,ETFs,United States Dollar,JETS,US GLOBAL JETS ETF,Industrials,75,18.297,-1372.275,-1372.275,-75,19.16,1437,1437
Trade Summary,Data,ETFs,United States Dollar,KWEB,KRANESH CSI CHINA INTERNET,Technology,62,28.866814516,-1789.7425,-1789.7425,-45,28.958111111,1303.115,1303.115
Trade Summary,Data,ETFs,United States Dollar,SHV,ISHARES SHORT TREASURY BOND,Government,34.2124,110.320434579,-3774.326836,-3774.326836,-25.2124,110.13813092,2776.846612,2776.846612
Trade Summary,Data,ETFs,United States Dollar,SLV,ISHARES SILVER TRUST,Basic Materials,30,17.125,-513.75,-513.75,-30,18.245,547.35,547.35
Trade Summary,Data,ETFs,United States Dollar,TAN,INVESCO SOLAR ETF,Energy,10,69.07,-690.7,-690.7,-10,69.68,696.8,696.8
Trade Summary,Data,Options,United States Dollar,AAPL  240216C00185000,AAPL 16FEB24 185 C,Technology,10,0.15,-150,-150,-10,0,0,0
Trade Summary,Data,Options,United States Dollar,AAPL  240315C00170000,AAPL 15MAR24 170 C,Technology,1,2.59,-259,-259,-1,4.4,440,440
Trade Summary,Data,Options,United States Dollar,AAPL  240322C00177500,AAPL 22MAR24 177.5 C,Technology,1,1.77,-177,-177,-1,1.08,108,108
Trade Summary,Data,Options,United States Dollar,AAPL  250613C00200000,AAPL 13JUN25 200 C,Technology,1,3.62,-362,-362,-1,0,0,0
Trade Summary,Data,Options,United States Dollar,AAPL  250718C00190000,AAPL 18JUL25 190 C,Technology,1,24.38,-2438,-2438,-1,17.04,1704,1704
Trade Summary,Data,Options,United States Dollar,AAPL  250912C00240000,AAPL 12SEP25 240 C,Technology,15,0.576666667,-865,-865,-15,0,0,0
Trade Summary,Data,Options,United States Dollar,AAPL  250919C00237500,AAPL 19SEP25 237.5 C,Technology,5,1.55,-775,-775,-5,3.42,1710,1710
Trade Summary,Data,Options,United States Dollar,AAPL  250919C00240000,AAPL 19SEP25 240 C,Technology,6,0.79,-474,-474,-6,0.55,330,330
Trade Summary,Data,Options,United States Dollar,AAPL  250919C00242500,AAPL 19SEP25 242.5 C,Technology,11,0.62,-682,-682,-11,0.88,968,968
Trade Summary,Data,Options,United States Dollar,AAPL  250919C00245000,AAPL 19SEP25 245 C,Technology,20,0.37,-740,-740,-20,0.48,960,960
Trade Summary,Data,Options,United States Dollar,AAPL  250926C00255000,AAPL 26SEP25 255 C,Technology,10,0.94,-940,-940,-10,2.66,2660,2660
Trade Summary,Data,Options,United States Dollar,AAPL  250926C00257500,AAPL 26SEP25 257.5 C,Technology,20,0.605,-1210,-1210,-20,0.01,20,20
Trade Summary,Data,Options,United States Dollar,AAPL  251003C00257500,AAPL 03OCT25 257.5 C,Technology,17,1.334117647,-2268,-2268,-17,1.298823529,2208,2208
Trade Summary,Data,Options,United States Dollar,AAPL  251003C00260000,AAPL 03OCT25 260 C,Technology,86,0.417325581,-3589,-3589,-86,0.421395349,3624,3624
Trade Summary,Data,Options,United States Dollar,AAPL  251010C00260000,AAPL 10OCT25 260 C,Technology,35,0.853142857,-2986,-2986,-35,0.355714286,1245,1245
Trade Summary,Data,Options,United States Dollar,AAPL  251010C00262500,AAPL 10OCT25 262.5 C,Technology,10,1.09,-1090,-1090,-10,0.64,640,640
Trade Summary,Data,Options,United States Dollar,AAPL  251010C00265000,AAPL 10OCT25 265 C,Technology,28,0.55,-1540,-1540,-28,0.75,2100,2100
Trade Summary,Data,Options,United States Dollar,AAPL  251017C00260000,AAPL 17OCT25 260 C,Technology,30,0.475,-1425,-1425,-30,0,0,0
Trade Summary,Data,Options,United States Dollar,AAPL  251024C00255000,AAPL 24OCT25 255 C,Technology,3,1.22,-366,-366,-3,2.08,624,624
Trade Summary,Data,Options,United States Dollar,AAPL  251024C00257500,AAPL 24OCT25 257.5 C,Technology,3,1.39,-417,-417,-3,4.45,1335,1335
Trade Summary,Data,Options,United States Dollar,AAPL  251024C00265000,AAPL 24OCT25 265 C,Technology,1,2.82,-282,-282,-1,1.78,178,178
Trade Summary,Data,Options,United States Dollar,AAPL  260123C00250000,AAPL 23JAN26 250 C,Technology,2,1,-200,-200,-2,0.97,194,194
Trade Summary,Data,Options,United States Dollar,AAPL  260123C00260000,AAPL 23JAN26 260 C,Technology,2,1.36,-272,-272,-2,0,0,0
Trade Summary,Data,Options,United States Dollar,AAPL  270115C00230000,AAPL 15JAN27 230 C,Technology,2,23.05,-4610,-4610,-2,31.1,6220,6220
Trade Summary,Data,Options,United States Dollar,ABNB  240216C00180000,ABNB 16FEB24 180 C,Technology,5,0.36,-180,-180,-5,0,0,0
Trade Summary,Data,Options,United States Dollar,ADBE  240517C00500000,ADBE 17MAY24 500 C,Technology,5,0.4,-200,-200,-5,0.25,125,125
Trade Summary,Data,Options,United States Dollar,ADBE  240531C00470000,ADBE 31MAY24 470 C,Technology,1,12.73,-1273,-1273,-1,15.35,1535,1535
Trade Summary,Data,Options,United States Dollar,ADBE  240607C00500000,ADBE 07JUN24 500 C,Technology,1,1.63,-163,-163,-1,0,0,0
Trade Summary,Data,Options,United States Dollar,ADBE  250912P00320000,ADBE 12SEP25 320 P,Technology,1,6,-600,-600,-1,0.16,16,16
Trade Summary,Data,Options,United States Dollar,ARM   240216C00180000,ARM 16FEB24 180 C,Technology,10,0.25,-250,-250,-10,0.08,80,80
Trade Summary,Data,Options,United States Dollar,ARM   240216P00117000,ARM 16FEB24 117 P,Technology,1,1.05,-105,-105,-1,1.1,110,110
Trade Summary,Data,Options,United States Dollar,ARM   240216P00120000,ARM 16FEB24 120 P,Technology,1,2.22,-222,-222,-1,2.36,236,236
Trade Summary,Data,Options,United States Dollar,ARM   240223C00150000,ARM 23FEB24 150 C,Technology,2,0.9,-180,-180,-2,1.85,370,370
Trade Summary,Data,Options,United States Dollar,ARM   240223P00110000,ARM 23FEB24 110 P,Technology,2,3.045,-609,-609,-2,4.07,814,814
Trade Summary,Data,Options,United States Dollar,ARM   240802P00110000,ARM 02AUG24 110 P,Technology,5,0.26,-130,-130,-5,0.18,90,90
Trade Summary,Data,Options,United States Dollar,ARM   240802P00120000,ARM 02AUG24 120 P,Technology,5,0.89,-445,-445,-5,1.59,795,795
Trade Summary,Data,Options,United States Dollar,ARM   251107P00145000,ARM 07NOV25 145 P,Technology,1,1.37,-137,-137,-1,0.18,18,18
Trade Summary,Data,Options,United States Dollar,BA    251031C00237500,BA 31OCT25 237.5 C,Industrials,1,1.1,-110,-110,-1,0,0,0
Trade Summary,Data,Options,United States Dollar,BABA  240209C00085000,BABA 09FEB24 85 C,Technology,1,0.83,-83,-83,-1,0,0,0
Trade Summary,Data,Options,United States Dollar,BABA  240216C00073000,BABA 16FEB24 73 C,Technology,1,0.87,-87,-87,-1,2.11,211,211
Trade Summary,Data,Options,United States Dollar,BABA  240216C00075000,BABA 16FEB24 75 C,Technology,3,0.31,-93,-93,-3,0.33,99,99
Trade Summary,Data,Options,United States Dollar,BABA  240517C00085000,BABA 17MAY24 85 C,Technology,1,2.74,-274,-274,-1,1.83,183,183
Trade Summary,Data,Options,United States Dollar,BABA  240531C00087000,BABA 31MAY24 87 C,Technology,1,1.96,-196,-196,-1,2.05,205,205
Trade Summary,Data,Options,United States Dollar,BABA  240816C00080000,BABA 16AUG24 80 C,Technology,1,1.92,-192,-192,-1,0.81,81,81
Trade Summary,Data,Options,United States Dollar,BABA  240816P00079000,BABA 16AUG24 79 P,Technology,1,1.76,-176,-176,-1,0.45,45,45
Trade Summary,Data,Options,United States Dollar,BABA  240906C00084000,BABA 06SEP24 84 C,Technology,38,0.372631579,-1416,-1416,-38,0.267368421,1016,1016
Trade Summary,Data,Options,United States Dollar,BABA  241004C00113000,BABA 04OCT24 113 C,Technology,2,1.47,-294,-294,-2,1.73,346,346
Trade Summary,Data,Options,United States Dollar,BABA  241011C00110000,BABA 11OCT24 110 C,Technology,4,0.85,-340,-340,-4,0.95,380,380
Trade Summary,Data,Options,United States Dollar,BABA  250829C00138000,BABA 29AUG25 138 C,Technology,20,0.2,-400,-400,-20,0.06,120,120
Trade Summary,Data,Options,United States Dollar,BABA  250905C00133000,BABA 05SEP25 133 C,Technology,10,0.51,-510,-510,-10,1.9,1900,1900
Trade Summary,Data,Options,United States Dollar,BABA1 260116C00060000,BABA1 16JAN26 60 C,Technology,1,25.8,-2580,-2580,-1,28.75,2875,2875
Trade Summary,Data,Options,United States Dollar,BABA1 260116C00070000,BABA1 16JAN26 70 C,Technology,3,23.16,-6948,-6948,-3,23.346666667,7004,7004
Trade Summary,Data,Options,United States Dollar,BABA2 260116C00080000,BABA2 16JAN26 80 C,Technology,1,16.85,-1685,-1685,-1,28.65,2865,2865
Trade Summary,Data,Options,United States Dollar,BABA2 260618C00080000,BABA2 18JUN26 80 C,Technology,2,20,-4000,-4000,-2,31.57,6314,6314
Trade Summary,Data,Options,United States Dollar,BABA2 261218C00085000,BABA2 18DEC26 85 C,Technology,2,18.9,-3780,-3780,-2,26.8,5360,5360
Trade Summary,Data,Options,United States Dollar,BABA2 270115C00100000,BABA2 15JAN27 100 C,Technology,3,28.466666667,-8540,-8540,-3,29.883333333,8965,8965
Trade Summary,Data,Options,United States Dollar,BIDU  240823C00095000,BIDU 23AUG24 95 C,Technology,1,1.02,-102,-102,-1,0,0,0
Trade Summary,Data,Options,United States Dollar,BIDU  240830P00089000,BIDU 30AUG24 89 P,Technology,1,3.04,-304,-304,-1,3.18,318,318
Trade Summary,Data,Options,United States Dollar,BIDU  241018C00096000,BIDU 18OCT24 96 C,Technology,2,1.05,-210,-210,-2,1.12,224,224
Trade Summary,Data,Options,United States Dollar,BIDU  250516C00075000,BIDU 16MAY25 75 C,Technology,8,16.73,-13384,-13384,-8,15.95,12760,12760
Trade Summary,Data,Options,United States Dollar,BIDU  250516C00080000,BIDU 16MAY25 80 C,Technology,5,14.35,-7175,-7175,-5,15.42,7710,7710
Trade Summary,Data,Options,United States Dollar,BIDU  250516C00100000,BIDU 16MAY25 100 C,Technology,1,6.35,-635,-635,-1,3.01,301,301
Trade Summary,Data,Options,United States Dollar,BIDU  260116C00090000,BIDU 16JAN26 90 C,Technology,5,23,-11500,-11500,-5,20.052,10026,10026
Trade Summary,Data,Options,United States Dollar,BIDU  270115C00100000,BIDU 15JAN27 100 C,Technology,5,16.868,-8434,-8434,-5,17.39,8695,8695
Trade Summary,Data,Options,United States Dollar,BMY   260116C00040000,BMY 16JAN26 40 C,Healthcare,2,6.08,-1216,-1216,-2,5.49,1098,1098
Trade Summary,Data,Options,United States Dollar,BULL  250829C00015000,BULL 29AUG25 15 C,Technology,8,0.55,-440,-440,-8,0.24,192,192
Trade Summary,Data,Options,United States Dollar,CCI   240216C00110000,CCI 16FEB24 110 C,Real Estate,7,0.12,-84,-84,-7,0,0,0
Trade Summary,Data,Options,United States Dollar,CCL   250117C00015000,CCL 17JAN25 15 C,Consumer Cyclicals,1,4.55,-455,-455,-1,2.02,202,202
Trade Summary,Data,Options,United States Dollar,COIN  240216C00195000,COIN 16FEB24 195 C,Technology,1,2.96,-296,-296,-1,0,0,0
Trade Summary,Data,Options,United States Dollar,COIN  240216C00220000,COIN 16FEB24 220 C,Technology,1,1.03,-103,-103,-1,0,0,0
Trade Summary,Data,Options,United States Dollar,DOCU  240308C00060000,DOCU 08MAR24 60 C,Technology,2,0.695,-139,-139,-2,0.93,186,186
Trade Summary,Data,Options,United States Dollar,FCX   270115C00030000,FCX 15JAN27 30 C,Basic Materials,1,9.33,-933,-933,-1,7.25,725,725
Trade Summary,Data,Options,United States Dollar,GLD   240315C00199500,GLD 15MAR24 199.5 C,Basic Materials,1,1.75,-175,-175,-1,1.64,164,164
Trade Summary,Data,Options,United States Dollar,GOOG  271217C00180000,GOOG 17DEC27 180 C,Telecomm,1,26.15,-2615,-2615,-1,30.83,3083,3083
Trade Summary,Data,Options,United States Dollar,GOOGL 250912P00230000,GOOGL 12SEP25 230 P,Telecomm,21,0.807142857,-1695,-1695,-21,0.705714286,1482,1482
Trade Summary,Data,Options,United States Dollar,GOOGL 250912P00232500,GOOGL 12SEP25 232.5 P,Telecomm,5,1.25,-625,-625,-5,1.17,585,585
Trade Summary,Data,Options,United States Dollar,GOOGL 250919C00150000,GOOGL 19SEP25 150 C,Telecomm,2,13.34,-2668,-2668,-2,16.5,3300,3300
Trade Summary,Data,Options,United States Dollar,INTC  240802C00029500,INTC 02AUG24 29.5 C,Technology,5,1.06,-530,-530,-5,0,0,0
Trade Summary,Data,Options,United States Dollar,INTC  250425C00021000,INTC 25APR25 21 C,Technology,1,1.11,-111,-111,-1,0,0,0
Trade Summary,Data,Options,United States Dollar,INTC  251024C00040000,INTC 24OCT25 40 C,Technology,6,0.556666667,-334,-334,-6,0,0,0
Trade Summary,Data,Options,United States Dollar,INTC  251219P00021000,INTC 19DEC25 21 P,Technology,1,2.85,-285,-285,-1,0.95,95,95
Trade Summary,Data,Options,United States Dollar,KWEB  260116C00020000,KWEB 16JAN26 20 C,Technology,1,9.15,-915,-915,-1,11.2,1120,1120
Trade Summary,Data,Options,United States Dollar,LSCC  240216C00100000,LSCC 16FEB24 100 C,Technology,1,0.75,-75,-75,-1,0,0,0
Trade Summary,Data,Options,United States Dollar,MDB   240308P00320000,MDB 08MAR24 320 P,Technology,1,1.24,-124,-124,-1,0,0,0
Trade Summary,Data,Options,United States Dollar,META  250411C00560000,META 11APR25 560 C,Telecomm,2,0.26,-52,-52,-2,0,0,0
Trade Summary,Data,Options,United States Dollar,META  251107C00640000,META 07NOV25 640 C,Telecomm,1,2.58,-258,-258,-1,1.32,132,132
Trade Summary,Data,Options,United States Dollar,META  251128C00620000,META 28NOV25 620 C,Telecomm,1,1.82,-182,-182,-1,2.25,225,225
Trade Summary,Data,Options,United States Dollar,MNST  240809P00046000,MNST 09AUG24 46 P,Consumer Non-Cyc,5,0.34,-170,-170,-5,2.3,1150,1150
Trade Summary,Data,Options,United States Dollar,MSFT  240308C00410000,MSFT 08MAR24 410 C,Technology,1,1.16,-116,-116,-1,0,0,0
Trade Summary,Data,Options,United States Dollar,MSFT  250131P00412500,MSFT 31JAN25 412.5 P,Technology,1,1.3,-130,-130,-1,1.86,186,186
Trade Summary,Data,Options,United States Dollar,MSTR  250829P00330000,MSTR 29AUG25 330 P,Technology,2,1.45,-290,-290,-2,0.97,194,194
Trade Summary,Data,Options,United States Dollar,MU    250926C00200000,MU 26SEP25 200 C,Technology,3,1.13,-339,-339,-3,0,0,0
Trade Summary,Data,Options,United States Dollar,NEM   240328C00033500,NEM 28MAR24 33.5 C,Basic Materials,2,1.2,-240,-240,-2,1.84,368,368
Trade Summary,Data,Options,United States Dollar,NEM   260116C00030000,NEM 16JAN26 30 C,Basic Materials,4,10.2125,-4085,-4085,-4,12.8525,5141,5141
Trade Summary,Data,Options,United States Dollar,NEM   260116C00032500,NEM 16JAN26 32.5 C,Basic Materials,3,11.95,-3585,-3585,-3,13.85,4155,4155
Trade Summary,Data,Options,United States Dollar,NEM   260116C00040000,NEM 16JAN26 40 C,Basic Materials,6,9.906666667,-5944,-5944,-6,11.85,7110,7110
Trade Summary,Data,Options,United States Dollar,NEM   270115C00045000,NEM 15JAN27 45 C,Basic Materials,2,15.5,-3100,-3100,-2,7,1400,1400
Trade Summary,Data,Options,United States Dollar,NFLX  251024P01100000,NFLX 24OCT25 1100 P,Telecomm,1,3.75,-375,-375,-1,4.1,410,410
Trade Summary,Data,Options,United States Dollar,NKE   240531C00093000,NKE 31MAY24 93 C,Consumer Cyclicals,7,1.052857143,-737,-737,-7,1.097142857,768,768
Trade Summary,Data,Options,United States Dollar,NKE   240628C00105000,NKE 28JUN24 105 C,Consumer Cyclicals,3,0.68,-204,-204,-3,0,0,0
Trade Summary,Data,Options,United States Dollar,NKE   250718C00050000,NKE 18JUL25 50 C,Consumer Cyclicals,2,9.575,-1915,-1915,-2,10.45,2090,2090
Trade Summary,Data,Options,United States Dollar,NKE   251003C00069000,NKE 03OCT25 69 C,Consumer Cyclicals,1,3.54,-354,-354,-1,4.28,428,428
Trade Summary,Data,Options,United States Dollar,NKE   270115C00065000,NKE 15JAN27 65 C,Consumer Cyclicals,3,10.37,-3111,-3111,-3,16.6,4980,4980
Trade Summary,Data,Options,United States Dollar,NKE   270115C00090000,NKE 15JAN27 90 C,Consumer Cyclicals,3,13.25,-3975,-3975,-3,10.23,3069,3069
Trade Summary,Data,Options,United States Dollar,NKE   271217C00070000,NKE 17DEC27 70 C,Consumer Cyclicals,8,9.83,-7864,-7864,-8,11.3,9040,9040
Trade Summary,Data,Options,United States Dollar,NVDA  240308P00850000,NVDA 08MAR24 850 P,Technology,1,4.07,-407,-407,-1,0.39,39,39
Trade Summary,Data,Options,United States Dollar,NVDA  250404C00093000,NVDA 04APR25 93 C,Technology,1,1.92,-192,-192,-1,2.34,234,234
Trade Summary,Data,Options,United States Dollar,NVDA  250417C00110000,NVDA 17APR25 110 C,Technology,1,4.47,-447,-447,-1,4.03,403,403
Trade Summary,Data,Options,United States Dollar,NVDA  250718C00100000,NVDA 18JUL25 100 C,Technology,1,9.9,-990,-990,-1,12.91,1291,1291
Trade Summary,Data,Options,United States Dollar,NVDA  250829P00177500,NVDA 29AUG25 177.5 P,Technology,5,1.45,-725,-725,-5,1.45,725,725
Trade Summary,Data,Options,United States Dollar,NVDA  250905P00172500,NVDA 05SEP25 172.5 P,Technology,1,2.55,-255,-255,-1,3.3,330,330
Trade Summary,Data,Options,United States Dollar,NVDA  251031P00190000,NVDA 31OCT25 190 P,Technology,1,1.63,-163,-163,-1,1.24,124,124
Trade Summary,Data,Options,United States Dollar,NVDA  251128C00177500,NVDA 28NOV25 177.5 C,Technology,2,1.03,-206,-206,-2,1.44,288,288
Trade Summary,Data,Options,United States Dollar,NVDA  251128C00180000,NVDA 28NOV25 180 C,Technology,1,1.86,-186,-186,-1,2.37,237,237
Trade Summary,Data,Options,United States Dollar,NVDA  251212C00187500,NVDA 12DEC25 187.5 C,Technology,1,1.65,-165,-165,-1,0.13,13,13
Trade Summary,Data,Options,United States Dollar,NVDA  251219C00174000,NVDA 19DEC25 174 C,Technology,1,2.57,-257,-257,-1,4.3,430,430
Trade Summary,Data,Options,United States Dollar,NVDA  251219C00177000,NVDA 19DEC25 177 C,Technology,1,2.29,-229,-229,-1,2.33,233,233
Trade Summary,Data,Options,United States Dollar,OKTA  240531C00110000,OKTA 31MAY24 110 C,Technology,1,1.45,-145,-145,-1,0,0,0
Trade Summary,Data,Options,United States Dollar,PDD   240830C00099000,PDD 30AUG24 99 C,Technology,2,3.5,-700,-700,-2,4.35,870,870
Trade Summary,Data,Options,United States Dollar,PYPL  240531C00062000,PYPL 31MAY24 62 C,Financials,2,1.03,-206,-206,-2,0.78,156,156
Trade Summary,Data,Options,United States Dollar,PYPL  240920C00074000,PYPL 20SEP24 74 C,Financials,8,0.62,-496,-496,-8,1.59,1272,1272
Trade Summary,Data,Options,United States Dollar,PYPL  250516C00070000,PYPL 16MAY25 70 C,Financials,10,10.195,-10195,-10195,-10,11.055,11055,11055
Trade Summary,Data,Options,United States Dollar,PYPL  250620C00067500,PYPL 20JUN25 67.5 C,Financials,8,12.35,-9880,-9880,-8,6,4800,4800
Trade Summary,Data,Options,United States Dollar,PYPL  251003C00070000,PYPL 03OCT25 70 C,Financials,14,0.64,-896,-896,-14,0.98,1372,1372
Trade Summary,Data,Options,United States Dollar,PYPL  251024C00069000,PYPL 24OCT25 69 C,Financials,2,1.04,-208,-208,-2,0.68,136,136
Trade Summary,Data,Options,United States Dollar,PYPL  251031C00070000,PYPL 31OCT25 70 C,Financials,1,2.28,-228,-228,-1,1.04,104,104
Trade Summary,Data,Options,United States Dollar,PYPL  251031C00077000,PYPL 31OCT25 77 C,Financials,2,1.02,-204,-204,-2,1.36,272,272
Trade Summary,Data,Options,United States Dollar,PYPL  251107C00068000,PYPL 07NOV25 68 C,Financials,2,1.4,-280,-280,-2,0.71,142,142
Trade Summary,Data,Options,United States Dollar,PYPL  251107C00070000,PYPL 07NOV25 70 C,Financials,3,1.16,-348,-348,-3,0.93,279,279
Trade Summary,Data,Options,United States Dollar,PYPL  251219C00070000,PYPL 19DEC25 70 C,Financials,1,11.7,-1170,-1170,-1,13.77,1377,1377
Trade Summary,Data,Options,United States Dollar,PYPL  260116C00060000,PYPL 16JAN26 60 C,Financials,1,21.35,-2135,-2135,-1,13.37,1337,1337
Trade Summary,Data,Options,United States Dollar,PYPL  261218C00060000,PYPL 18DEC26 60 C,Financials,1,24.2,-2420,-2420,-1,24.12,2412,2412
Trade Summary,Data,Options,United States Dollar,QQQ   240322P00452000,QQQ 22MAR24 452 P,Broad,1,3.97,-397,-397,-1,4.19,419,419
Trade Summary,Data,Options,United States Dollar,QQQ   241001P00485000,QQQ 01OCT24 485 P,Broad,3,1.03,-309,-309,-3,0.73,219,219
Trade Summary,Data,Options,United States Dollar,QQQ   241004P00489000,QQQ 04OCT24 489 P,Broad,1,6.22,-622,-622,-1,5.78,578,578
Trade Summary,Data,Options,United States Dollar,QQQ   250311C00480000,QQQ 11MAR25 480 C,Broad,1,1.5,-150,-150,-1,1.49,149,149
Trade Summary,Data,Options,United States Dollar,QQQ   250821C00563000,QQQ 21AUG25 563 C,Broad,7,1.46,-1022,-1022,-7,2.79,1953,1953
Trade Summary,Data,Options,United States Dollar,QQQ   250919P00595000,QQQ 19SEP25 595 P,Broad,4,1.69,-676,-676,-4,1.53,612,612
Trade Summary,Data,Options,United States Dollar,QQQ   250919P00596000,QQQ 19SEP25 596 P,Broad,10,0.85,-850,-850,-10,0.37,370,370
Trade Summary,Data,Options,United States Dollar,QQQ   250919P00598000,QQQ 19SEP25 598 P,Broad,10,0.7,-700,-700,-10,0.48,480,480
Trade Summary,Data,Options,United States Dollar,QQQ   250923P00599000,QQQ 23SEP25 599 P,Broad,5,1.33,-665,-665,-5,0.77,385,385
Trade Summary,Data,Options,United States Dollar,QQQ   250924P00599000,QQQ 24SEP25 599 P,Broad,5,1.32,-660,-660,-5,2.44,1220,1220
Trade Summary,Data,Options,United States Dollar,QQQ   250925P00595000,QQQ 25SEP25 595 P,Broad,5,1.2,-600,-600,-5,2.04,1020,1020
Trade Summary,Data,Options,United States Dollar,QQQ   251003P00604000,QQQ 03OCT25 604 P,Broad,15,0.36,-540,-540,-15,0.94,1410,1410
Trade Summary,Data,Options,United States Dollar,QQQ   251020P00612000,QQQ 20OCT25 612 P,Broad,2,1.01,-202,-202,-2,0.29,58,58
Trade Summary,Data,Options,United States Dollar,QQQ   251028P00624000,QQQ 28OCT25 624 P,Broad,2,1.16,-232,-232,-2,0.65,130,130
Trade Summary,Data,Options,United States Dollar,SMCI  240216C00950000,SMCI 16FEB24 950 C,Technology,2,0.59,-118,-118,-2,0,0,0
Trade Summary,Data,Options,United States Dollar,SOUN  270115C00005000,SOUN 15JAN27 5 C,Technology,1,7.3,-730,-730,-1,10.9,1090,1090
Trade Summary,Data,Options,United States Dollar,STLA  241018C00012000,STLA 18OCT24 12 C,Consumer Cyclicals,10,1.27,-1270,-1270,-10,1,1000,1000
Trade Summary,Data,Options,United States Dollar,STM   241018C00026000,STM 18OCT24 26 C,Technology,4,2.3,-920,-920,-4,3.04,1216,1216
Trade Summary,Data,Options,United States Dollar,TLT   240814C00098000,TLT 14AUG24 98 C,Government,15,0.22,-330,-330,-15,0.01,15,15
Trade Summary,Data,Options,United States Dollar,TLT   240911C00099000,TLT 11SEP24 99 C,Government,5,0.99,-495,-495,-5,1.25,625,625
Trade Summary,Data,Options,United States Dollar,TLT   250905C00085000,TLT 05SEP25 85 C,Government,10,1.03,-1030,-1030,-10,1.61,1610,1610
Trade Summary,Data,Options,United States Dollar,TLT   270115C00085000,TLT 15JAN27 85 C,Government,5,10.1,-5050,-5050,-5,10.55,5275,5275
Trade Summary,Data,Options,United States Dollar,TLT   270115C00090000,TLT 15JAN27 90 C,Government,13,8.915384615,-11590,-11590,-13,8.330769231,10830,10830
Trade Summary,Data,Options,United States Dollar,TM    240621C00195000,TM 21JUN24 195 C,Consumer Cyclicals,3,0.85,-255,-255,-3,0,0,0
Trade Summary,Data,Options,United States Dollar,TSLA  240216C00190000,TSLA 16FEB24 190 C,Consumer Cyclicals,2,3.045,-609,-609,-2,4.8,960,960
Trade Summary,Data,Options,United States Dollar,TTWO  240719C00160000,TTWO 19JUL24 160 C,Telecomm,1,3.56,-356,-356,-1,0.38,38,38
Trade Summary,Data,Options,United States Dollar,TTWO  260116C00140000,TTWO 16JAN26 140 C,Telecomm,1,33.4,-3340,-3340,-1,51.31,5131,5131
Trade Summary,Data,Options,United States Dollar,XYZ   250919C00050000,XYZ 19SEP25 50 C,Industrials,2,10.94,-2188,-2188,-2,11.08,2216,2216
Trade Summary,Data,Options,United States Dollar,XYZ   251121C00059000,XYZ 21NOV25 59 C,Industrials,1,2.85,-285,-285,-1,2.81,281,281
Trade Summary,Data,Options,United States Dollar,XYZ   251219P00060000,XYZ 19DEC25 60 P,Industrials,1,6.69,-669,-669,-1,1.49,149,149
Trade Summary,Data,Options,United States Dollar,XYZ   260320C00070000,XYZ 20MAR26 70 C,Industrials,1,4.75,-475,-475,0,0,0,0
Trade Summary,Data,Stocks,United States Dollar,AAPL,APPLE INC,Technology,5,131.37,-656.85,-656.85,-5,139.81,699.05,699.05
Trade Summary,Data,Stocks,United States Dollar,ACB.OLD,AURORA CANNABIS INC,Healthcare,350,1.305,-456.75,-456.75,-350,1.5421,539.735,539.735
Trade Summary,Data,Stocks,United States Dollar,ACN,ACCENTURE PLC-CL A,Technology,2,270.73,-541.46,-541.46,-2,287.14,574.28,574.28
Trade Summary,Data,Stocks,United States Dollar,AEO,AMERICAN EAGLE OUTFITTERS,Consumer Cyclicals,44,10.985,-483.34,-483.34,-44,11.65,512.6,512.6
Trade Summary,Data,Stocks,United States Dollar,AMZN,AMAZON.COM INC,Consumer Cyclicals,28,91.191035714,-2553.349,-2553.349,-28,87.887292857,2460.8442,2460.8442
Trade Summary,Data,Stocks,United States Dollar,AVAL,GRUPO AVAL ACCIONES Y VALORE,Financials,350,4.83,-1690.5,-1690.5,-350,3.637142857,1273,1273
Trade Summary,Data,Stocks,United States Dollar,BA,BOEING CO/THE,Industrials,3,176.16,-528.48,-528.48,-3,178.07,534.21,534.21
Trade Summary,Data,Stocks,United States Dollar,BABA,ALIBABA GROUP HOLDING-SP ADR,Technology,33,71.4187,-2356.8171,-2356.8171,-33,76.464,2523.312,2523.312
Trade Summary,Data,Stocks,United States Dollar,BAC,BANK OF AMERICA CORP,Financials,55,29.367090909,-1615.19,-1615.19,-55,29.995,1649.725,1649.725
Trade Summary,Data,Stocks,United States Dollar,BAP,CREDICORP LTD,Financials,8,132.84,-1062.72,-1062.72,-8,131.325,1050.6,1050.6
Trade Summary,Data,Stocks,United States Dollar,BBD,BANCO BRADESCO-ADR,Financials,750,2.655933333,-1991.95,-1991.95,-750,2.696,2022,2022
Trade Summary,Data,Stocks,United States Dollar,BCS,BARCLAYS PLC-SPONS ADR,Financials,150,8.158333333,-1223.75,-1223.75,-150,8.455,1268.25,1268.25
Trade Summary,Data,Stocks,United States Dollar,BMY,BRISTOL-MYERS SQUIBB CO,Healthcare,8,72.429,-579.432,-579.432,-8,70.04,560.32,560.32
Trade Summary,Data,Stocks,United States Dollar,BTI,BRITISH AMERICAN TOB-SP ADR,Consumer Non-Cyc,14,38.23,-535.22,-535.22,-14,36.654,513.156,513.156
Trade Summary,Data,Stocks,United States Dollar,C,CITIGROUP INC,Financials,15,46.34,-695.1,-695.1,-15,46.5,697.5,697.5
Trade Summary,Data,Stocks,United States Dollar,CBDBY,CIA BRASILEIRA DE DIS- ADR,Consumer Non-Cyc,200,3.09895,-619.79,-619.79,-200,3.392,678.4,678.4
Trade Summary,Data,Stocks,United States Dollar,CCI,CROWN CASTLE INC,Real Estate,5,114.17,-570.85,-570.85,-5,115.338,576.69,576.69
Trade Summary,Data,Stocks,United States Dollar,CRM,SALESFORCE INC,Technology,5,132.83,-664.15,-664.15,-5,135.305,676.525,676.525
Trade Summary,Data,Stocks,United States Dollar,DIS,WALT DISNEY CO/THE,Telecomm,6,89.49,-536.94,-536.94,-6,89.25,535.5,535.5
Trade Summary,Data,Stocks,United States Dollar,DPZ,DOMINO'S PIZZA INC,Consumer Cyclicals,2,319.3,-638.6,-638.6,-2,328.51,657.02,657.02
Trade Summary,Data,Stocks,United States Dollar,GM,GENERAL MOTORS CO,Consumer Cyclicals,42,34.510238095,-1449.43,-1449.43,-42,35.725809524,1500.484,1500.484
Trade Summary,Data,Stocks,United States Dollar,GRFS,GRIFOLS SA-ADR,Healthcare,120,10.801666667,-1296.2,-1296.2,-120,11.4,1368,1368
Trade Summary,Data,Stocks,United States Dollar,HAS,HASBRO INC,Consumer Cyclicals,10,60.33,-603.3,-603.3,-10,51.54,515.4,515.4
Trade Summary,Data,Stocks,United States Dollar,INTC,INTEL CORP,Technology,135,24.374814815,-3290.6,-3290.6,-135,26.830925926,3622.175,3622.175
Trade Summary,Data,Stocks,United States Dollar,JD,JD.COM INC-ADR,Consumer Cyclicals,30,37.925333333,-1137.76,-1137.76,-30,39.645466667,1189.364,1189.364
Trade Summary,Data,Stocks,United States Dollar,MDT,MEDTRONIC PLC,Healthcare,10,78.54,-785.4,-785.4,-10,78.4205,784.205,784.205
Trade Summary,Data,Stocks,United States Dollar,META,META PLATFORMS INC-CLASS A,Telecomm,5,132.78,-663.9,-663.9,-5,141.31,706.55,706.55
Trade Summary,Data,Stocks,United States Dollar,MMM,3M CO,Consumer Non-Cyc,5,115.6,-578,-578,-5,104.78,523.9,523.9
Trade Summary,Data,Stocks,United States Dollar,NEM,NEWMONT CORP,Basic Materials,74,44.72877027,-3309.929,-3309.929,-33,45.86,1513.38,1513.38
Trade Summary,Data,Stocks,United States Dollar,NIO,NIO INC - ADR,Consumer Cyclicals,50,10.685,-534.25,-534.25,-50,11.532,576.6,576.6
Trade Summary,Data,Stocks,United States Dollar,NKE,NIKE INC -CL B,Consumer Cyclicals,9,111.176,-1000.584,-1000.584,-4,110.15,440.6,440.6
Trade Summary,Data,Stocks,United States Dollar,NTES,NETEASE INC-ADR,Technology,23,87.550047826,-2013.6511,-2013.6511,-23,92.088543478,2118.0365,2118.0365
Trade Summary,Data,Stocks,United States Dollar,NU,NU HOLDINGS LTD/CAYMAN ISL-A,Financials,200,3.555,-711,-711,-200,3.8,760,760
Trade Summary,Data,Stocks,United States Dollar,OPEN,OPENDOOR TECHNOLOGIES INC,Real Estate,300,2.658333333,-797.5,-797.5,-300,2.59,777,777
Trade Summary,Data,Stocks,United States Dollar,ORANY,ORANGE-SPON ADR,Technology,60,10.33,-619.8,-619.8,-60,10.34,620.4,620.4
Trade Summary,Data,Stocks,United States Dollar,PHG,KONINKLIJKE PHILIPS NVR- NY,Healthcare,25,20.5,-512.5,-512.5,-25,21.37,534.25,534.25
Trade Summary,Data,Stocks,United States Dollar,PLTR,PALANTIR TECHNOLOGIES INC-A,Technology,183,15.343142077,-2807.795,-2807.795,-183,15.939043716,2916.845,2916.845
Trade Summary,Data,Stocks,United States Dollar,PYPL,PAYPAL HOLDINGS INC,Financials,34,73.596764706,-2502.29,-2502.29,-26,79.206153846,2059.36,2059.36
Trade Summary,Data,Stocks,United States Dollar,SAN,BANCO SANTANDER SA-SPON ADR,Financials,300,2.455,-736.5,-736.5,-300,2.68,804,804
Trade Summary,Data,Stocks,United States Dollar,SBUX,STARBUCKS CORP,Consumer Cyclicals,5,102.53,-512.65,-512.65,0,0,0,0
Trade Summary,Data,Stocks,United States Dollar,STM,STMICROELECTRONICS NV-NY SHS,Technology,62,38.078225806,-2360.85,-2360.85,-62,40.395322581,2504.51,2504.51
Trade Summary,Data,Stocks,United States Dollar,TDOC,TELADOC HEALTH INC,Healthcare,17,31.93,-542.81,-542.81,-17,24.802,421.634,421.634
Trade Summary,Data,Stocks,United States Dollar,TGT,TARGET CORP,Consumer Cyclicals,4,163.865,-655.46,-655.46,-4,163.41,653.64,653.64
Trade Summary,Data,Stocks,United States Dollar,TROW,T ROWE PRICE GROUP INC,Financials,7,108.55,-759.85,-759.85,-7,108.93,762.51,762.51
Trade Summary,Data,Stocks,United States Dollar,TSLA,TESLA INC,Consumer Cyclicals,4,182.535,-730.14,-730.14,-4,192.26,769.04,769.04
Trade Summary,Data,Stocks,United States Dollar,TSN,TYSON FOODS INC-CL A,Consumer Non-Cyc,28,53.8825,-1508.71,-1508.71,-28,53.9,1509.2,1509.2
Trade Summary,Data,Stocks,United States Dollar,UL.OLD,UNILEVER PLC-SPONSORED ADR,Consumer Non-Cyc,15,45.595,-683.925,-683.925,-15,47.562,713.43,713.43
Trade Summary,Data,Stocks,United States Dollar,VALE,VALE SA-SP ADR,Basic Materials,140,14.236560714,-1993.1185,-1993.1185,-140,15.359285714,2150.3,2150.3
Trade Summary,Data,Stocks,United States Dollar,WBA,WALGREENS BOOTS ALLIANCE INC,Consumer Non-Cyc,50,36.66465,-1833.2325,-1833.2325,-50,35.07,1753.5,1753.5
Trade Summary,Data,Stocks,United States Dollar,WMT,WALMART INC,Consumer Non-Cyc,5,120.66,-603.3,-603.3,-5,129.331,646.655,646.655
Trade Summary,Data,Stocks,United States Dollar,XP,XP INC - CLASS A,Financials,241,15.504390041,-3736.558,-3736.558,-241,16.7456639,4035.705,4035.705
Trade Summary,Data,Stocks,United States Dollar,XYZ,BLOCK INC,Industrials,100,62.9193,-6291.93,-6291.93,-100,85.27,8527,8527
Deposits And Withdrawals,MetaInfo,Analysis Period,"March 14, 2022 - January 27, 2026"
Deposits And Withdrawals,Header,Date,Type,Description,Amount
Deposits And Withdrawals,Data,03/14/22,DEPOSIT,Cash Receipts / Electronic Fund Transfers ,5000
Deposits And Withdrawals,Data,09/25/23,ACATOUT,Paypal Holdings Inc (PYPL) Quantity: -8,-463.04
Deposits And Withdrawals,Data,09/25/23,ACATOUT,Kraneshares Csi China Intern (KWEB) Quantity: -17,-467.67
Deposits And Withdrawals,Data,09/25/23,ACATOUT,Ishares Short Treasury Bond (SHV) Quantity: -17,-1876.46
Deposits And Withdrawals,Data,09/25/23,ACATOUT,Nike Inc -cl B (NKE) Quantity: -5,-454.25
Deposits And Withdrawals,Data,09/25/23,ACATOUT,Newmont Corp (NEM) Quantity: -41,-1670.34
Deposits And Withdrawals,Data,10/04/23,ACATOUT,Starbucks Corp (SBUX) Quantity: -5,-447.4
Deposits And Withdrawals,Data,11/06/23,ACATIN,Ishares Short Treasury Bond (SHV) Quantity: 8,881.12
Deposits And Withdrawals,Data,11/17/23,DEPOSIT,Cash Receipts / Electronic Fund Transfers ,1600
Deposits And Withdrawals,Data,03/22/24,DEPOSIT,Cash Receipts / Electronic Fund Transfers ,5000
Deposits And Withdrawals,Data,07/11/24,DEPOSIT,Cash Receipts / Electronic Fund Transfers ,6500
Deposits And Withdrawals,Data,12/19/24,NA,Adjustment: Commission (consolidated Audit Trail Fee Refund) ,0.11
Deposits And Withdrawals,Data,01/30/25,WITHDRAWAL,Disbursement Initiated By Claudia M Lopez Holler ,-1225
Deposits And Withdrawals,Data,02/10/25,WITHDRAWAL,Disbursement Initiated By Claudia M Lopez Holler ,-732
Deposits And Withdrawals,Data,02/14/25,WITHDRAWAL,Disbursement Initiated By Claudia M Lopez Holler ,-740
Deposits And Withdrawals,Data,02/18/25,WITHDRAWAL,Disbursement Initiated By Claudia M Lopez Holler ,-740
Deposits And Withdrawals,Data,06/11/25,DEPOSIT,Cash Receipts / Electronic Fund Transfers ,10000
Deposits And Withdrawals,Data,08/19/25,WITHDRAWAL,Disbursement Initiated By Claudia M Lopez Holler ,-20050
Deposits And Withdrawals,Data,08/20/25,WITHDRAWAL,Disbursement Initiated By Claudia M Lopez Holler ,-588
Deposits And Withdrawals,Data,09/05/25,WITHDRAWAL,Disbursement Initiated By Claudia M Lopez Holler ,-1135
Dividends,MetaInfo,Analysis Period,"March 14, 2022 - January 27, 2026"
Dividends,Header,PayDate,Ex-Date,Symbol,Quantity,DividendPerShare,Amount
Dividends,Data,20220607,20220601,AVAL,200,0.29,57.1
Dividends,Data,20220610,20220519,WBA,25,0.48,11.94
Dividends,Data,20220616,20220519,UL.OLD,15,0.46,6.84
Dividends,Data,20220901,20220804,INTC,15,0.37,5.48
Dividends,Data,20220909,20220818,WBA,25,0.48,12
Dividends,Data,20220922,20220907,NEM,10,0.55,5.5
Dividends,Data,20221201,20221104,INTC,15,0.37,5.48
Dividends,Data,20221212,20221114,WBA,25,0.48,12
Dividends,Data,20230109,20221202,BBD,150,0.00,0.55
Dividends,Data,20230313,20230216,MMM,5,1.50,7.5
Dividends,Data,20230315,20230228,TSN,9,0.48,4.32
Dividends,Data,20230330,20230314,DPZ,2,1.21,2.42
Dividends,Data,20230414,20230323,MDT,10,0.68,6.8
Dividends,Data,20230501,20230406,BMY,8,0.57,4.56
Dividends,Data,20230615,20230531,NEM,40,0.40,16
Dividends,Data,20230615,20230601,GM,20,0.09,1.8
Dividends,Data,20230615,20230531,TSN,19,0.48,9.12
Dividends,Data,20230623,20230608,NTES,10,0.47,4.66
Dividends,Data,20230825,20230810,SBUX,5,0.53,2.65
Dividends,Data,20230921,20230906,NEM,40,0.40,16
Dividends,Data,20231002,20230901,NKE,5,0.34,1.7
Dividends,Data,20240118,20231220,BABA,33,1.00,33
Dividends,Data,20240307,20240301,SHV,17.2124,0.45,7.71
Fee Summary,MetaInfo,Analysis Period,"March 14, 2022 - January 27, 2026"
Fee Summary,Header,Date,Description,Amount
Fee Summary,Data,20250214,Withdrawal Fee ,-10
Fee Summary,Data,20250218,Withdrawal Fee ,-10
Fee Summary,Data,20250820,Withdrawal Fee ,-10
Notes and Disclosure,Header,Type,Note
Notes and Disclosure,Data,General,"1. The Net Asset Value (NAV) consists of all positions by financial instrument (stock, securities options, warrants, bonds, cash, etc.). All non-base currency amounts are converted to the base currency at the close of period rate."
Notes and Disclosure,Data,General,2. The gain or loss from future contracts settle into cash each night. The notional value is used when computing the contribution to return.
Notes and Disclosure,Data,General,"3. Dividend accruals, interest accruals, and insured deposits are included in cash amounts throughout the report."
Notes and Disclosure,Data,General,4. Price valuations are obtained from outside parties. Clearing Broker shall have no responsibility for the accuracy or timeliness of any such price valuation.
Notes and Disclosure,Data,General,5. Data from Thomson Reuters Business Classifications and Lipper Global is used to derive our sector classifications. Funds with assorted sector allocations are classified as Broad.
Notes and Disclosure,Data,General,"6. Amounts are formatted to two decimal places. If amounts are greater than two decimal places, Clearing Broker uses "half-even" rounding. This means that Clearing Broker rounds such amounts up to the nearest even number."
Notes and Disclosure,Data,General,"7. For accounts opened and funded before 2009, reports with a time period of Since Inception will only include data going back to January 1, 2009. This includes some default reports and both Historical Performance reports."
Notes and Disclosure,Data,General,"8. If you have elected to trade cryptocurrency/digital asset products at Crypto Provider through the Clearing Broker platform, for your convenience your positions in your linked account at Crypto Provider are reflected in PortfolioAnalyst in connection with your Clearing Broker account."
Notes and Disclosure,Data,Section,1. Account Overview: The deposit/withdrawal amount displayed includes internal transfers along with cash and position transfers.
Notes and Disclosure,Data,Section,"2. Risk Measures: Historical US 3 Month Treasury Bill rates are used as the risk free rates when calculating Alpha, the Sharpe ratio, the Sortino ratio, and the downside deviation."
Notes and Disclosure,Data,Disclosure,"This portfolio report was generated using Clearing Broker's PortfolioAnalyst tool, which allows Clearing Broker clients to generate analyses of their accounts using market data provided by third parties along with trade and account data contained in Clearing Broker's systems. This report is for information purposes only and is provided AS IS. Clearing Broker makes no warranty of any kind, express or implied, as to this report and its contents. The data provided for use in the PortfolioAnalyst tool is believed to be accurate, but completeness and accuracy of the information is not guaranteed, and Clearing Broker has no liability with respect thereto. The data regarding accounts held outside of Clearing Broker is obtained either directly from your input or from the financial institutions holding those accounts through a third-party service provider and Clearing Broker has NOT reviewed its accuracy.

The material in this report is intended only as a reference and should not be relied upon for the maintenance of your books and records for tax, accounting, financial, or regulatory reporting or for any other purposes. This report is not an offer or a solicitation of an offer to buy or sell any security. This material does not, and is not intended to, take into account the particular financial conditions, investment objectives, or requirements of individual customers. Before acting on any material within this report, you should consider whether it is suitable for your particular circumstances and as necessary, seek professional advice."
