Introduction,Header,Name,Account,Alias,BaseCurrency,AccountType,AnalysisPeriod,PerformanceMeasure
Introduction,Data,Diego F Flores Ramirez,U6828784,,USD,Individual (Broker Client),"March 24, 2022 to January 27, 2026 (Daily)",TWR
Key Statistics,MetaInfo,Analysis Period,"March 24, 2022 - January 27, 2026"
Key Statistics,Header,BeginningNAV,EndingNAV,CumulativeReturn,5DayReturn,5DayReturnDateRange,10DayReturn,10DayReturnDateRange,BestReturn,BestReturnDate,WorstReturn,WorstReturnDate,MTM,Deposits & Withdrawals,Dividends,Interest,Fees & Commissions,Other,ChangeInNAV
Key Statistics,Data,0,282.89066,160.079621867,104.11957054,20260121 - 20260127,104.11957054,20260114 - 20260127,104.11957054,20260126,-6.565553401,20250403,6132.376799999,-7963.5,4131.44,2.86,-1161.773658,-858.512481999,282.89066
Historical Performance,MetaInfo,Analysis Period,"March 24, 2022 - January 27, 2026"
Historical Performance,Header,Account,MTD,QTD,YTD,1 Year,3 Year,Since Inception
Historical Performance,Data,U6828784,104.11957054,104.11957054,104.11957054,102.138482858,142.353272115,160.079622207
Historical Performance,Header,Month,Account,AccountReturn
Historical Performance,Data,202501,U6828784,1.962059392
Historical Performance,Data,202502,U6828784,-1.078742
Historical Performance,Data,202503,U6828784,-2.856103271
Historical Performance,Data,202504,U6828784,-1.880651377
Historical Performance,Data,202505,U6828784,4.462014669
Historical Performance,Data,202506,U6828784,0.079704763
Historical Performance,Data,202507,U6828784,0
Historical Performance,Data,202508,U6828784,0
Historical Performance,Data,202509,U6828784,0
Historical Performance,Data,202510,U6828784,0
Historical Performance,Data,202511,U6828784,0
Historical Performance,Data,202512,U6828784,0
Historical Performance,Data,202401,U6828784,-2.402052892
Historical Performance,Data,202402,U6828784,2.828681662
Historical Performance,Data,202403,U6828784,3.928020591
Historical Performance,Data,202404,U6828784,-0.409152296
Historical Performance,Data,202405,U6828784,1.130691147
Historical Performance,Data,202406,U6828784,-0.866611285
Historical Performance,Data,202407,U6828784,1.740238554
Historical Performance,Data,202408,U6828784,1.732799776
Historical Performance,Data,202409,U6828784,5.27965587
Historical Performance,Data,202410,U6828784,-2.643352159
Historical Performance,Data,202411,U6828784,1.66021549
Historical Performance,Data,202412,U6828784,-0.548841275
Historical Performance,Data,202301,U6828784,9.00696081
Historical Performance,Data,202302,U6828784,-3.879163624
Historical Performance,Data,202303,U6828784,1.727381938
Historical Performance,Data,202304,U6828784,1.806520083
Historical Performance,Data,202305,U6828784,-4.198714159
Historical Performance,Data,202306,U6828784,4.853382179
Historical Performance,Data,202307,U6828784,3.039306566
Historical Performance,Data,202308,U6828784,-4.41952065
Historical Performance,Data,202309,U6828784,-2.904145456
Historical Performance,Data,202310,U6828784,-2.808372185
Historical Performance,Data,202311,U6828784,9.077017882
Historical Performance,Data,202312,U6828784,3.801081848
Historical Performance,Data,202201,U6828784,-
Historical Performance,Data,202202,U6828784,-
Historical Performance,Data,202203,U6828784,-
Historical Performance,Data,202204,U6828784,-3.210421814
Historical Performance,Data,202205,U6828784,-0.85283962
Historical Performance,Data,202206,U6828784,0.690819229
Historical Performance,Data,202207,U6828784,5.099392933
Historical Performance,Data,202208,U6828784,-5.849905129
Historical Performance,Data,202209,U6828784,-10.048536803
Historical Performance,Data,202210,U6828784,9.967945273
Historical Performance,Data,202211,U6828784,9.138993864
Historical Performance,Data,202212,U6828784,-5.656123915
Historical Performance,Header,Quarter,Account,AccountReturn
Historical Performance,Data,2025 Q1,U6828784,-2.018575385
Historical Performance,Data,2025 Q2,U6828784,2.5791437
Historical Performance,Data,2025 Q3,U6828784,0
Historical Performance,Data,2025 Q4,U6828784,0
Historical Performance,Data,2024 Q1,U6828784,4.300792048
Historical Performance,Data,2024 Q2,U6828784,-0.155911528
Historical Performance,Data,2024 Q3,U6828784,8.967805594
Historical Performance,Data,2024 Q4,U6828784,-1.570226565
Historical Performance,Data,2023 Q1,U6828784,6.588325637
Historical Performance,Data,2023 Q2,U6828784,2.265553848
Historical Performance,Data,2023 Q3,U6828784,-4.374697968
Historical Performance,Data,2023 Q4,U6828784,10.04339787
Historical Performance,Data,2022 Q1,U6828784,-
Historical Performance,Data,2022 Q2,U6828784,-3.372943103
Historical Performance,Data,2022 Q3,U6828784,-10.991967399
Historical Performance,Data,2022 Q4,U6828784,13.229547388
Historical Performance,Header,Year,Account,AccountReturn
Historical Performance,Data,YTD,U6828784,104.11957054
Historical Performance,Data,2025,U6828784,0.508506356
Historical Performance,Data,2024,U6828784,11.695236861
Historical Performance,Data,2023,U6828784,14.703277254
Open Position Summary,MetaInfo,As Of,"January 27, 2026"
Open Position Summary,Header,Date,FinancialInstrument,Currency,Symbol,Description,Sector,Quantity,ClosePrice,Value,Cost Basis,UnrealizedP&L,FXRateToBase
Open Position Summary,Data,01/27/2026,Cash,USD,USD,United States Dollar,Cash,282.89066,1,282.89066, , ,1
Performance by Symbol,MetaInfo,Analysis Period,"March 24, 2022 - January 27, 2026"
Performance by Symbol,Header,Symbol,Description,FinancialInstrument,Sector,AvgWeight,Return,Contribution,Unrealized_P&L,Realized_P&L,Open
Performance by Symbol,Data,EWZ,ISHARES MSCI BRAZIL ETF,ETFs,Broad,8.730298335,13.003370354,1.400732991,0.00,510.55,No
Performance by Symbol,Data,JEPI,JPMORGAN EQUITY PREMIUM INCO,ETFs,Broad,28.045103691,7.269972859,1.937203473,0.00,104.95,No
Performance by Symbol,Data,JETS,US GLOBAL JETS ETF,ETFs,Industrials,7.532291867,1.618519833,0.056794608,0.00,64.58,No
Performance by Symbol,Data,KWEB,KRANESH CSI CHINA INTERNET,ETFs,Technology,7.193601762,36.111167358,2.406053926,0.00,638.47,No
Performance by Symbol,Data,MJ,ETFMG ALTERNATIVE HARVEST,ETFs,Broad,12.01745122,-70.695768095,-12.89689244,0.00,"-2,801.04",No
Performance by Symbol,Data,QYLD,GLOBAL X NASD 100 COV CALL,ETFs,Broad,25.78326477,11.224776679,2.85715303,0.00,813.48,No
Performance by Symbol,Data,RYLD,GLOBAL X RUSSELL 2000 COV CL,ETFs,Broad,21.891215133,-4.166442397,-0.7176965,0.00,-842.78,No
Performance by Symbol,Data,SDIV,GLOBAL X SUPERDIVIDEND ETF,ETFs,Broad,23.344569955,4.550749838,1.093161176,0.00,-200.15,No
Performance by Symbol,Data,SHV,ISHARES SHORT TREASURY BOND,ETFs,Government,22.05152015,0.6018229,0.131051313,0.00,-0.76,No
Performance by Symbol,Data,SLV,ISHARES SILVER TRUST,ETFs,Basic Materials,7.759586311,-8.791007056,0.401344762,0.00,44.61,No
Performance by Symbol,Data,TAN,INVESCO SOLAR ETF,ETFs,Energy,6.897612201,-0.444241407,-0.029207982,0.00,-6.21,No
Performance by Symbol,Data,Total ETFs,,,,38.629675762,-54.616537792,-4.53920439,0.00,"-1,674.31",
Performance by Symbol,Data,AAPL,APPLE INC,Stocks,Technology,11.453952154,10.694277349,1.104893108,0.00,507.22,No
Performance by Symbol,Data,ABNB,AIRBNB INC-CLASS A,Stocks,Technology,9.302394145,12.396817509,0.827183289,0.00,"1,265.43",No
Performance by Symbol,Data,ACB.OLD,AURORA CANNABIS INC,Stocks,Healthcare,1.674074371,6.525003824,0.107861925,0.00,19.97,No
Performance by Symbol,Data,ACN,ACCENTURE PLC-CL A,Stocks,Technology,5.400318251,2.689640627,0.144519809,0.00,55.07,No
Performance by Symbol,Data,ADBE,ADOBE INC,Stocks,Technology,6.070060442,6.061842273,-0.017170204,0.00,45.54,No
Performance by Symbol,Data,AEO,AMERICAN EAGLE OUTFITTERS,Stocks,Consumer Cyclicals,5.233527659,1.00201253,0.052215137,0.00,30.07,No
Performance by Symbol,Data,AMZN,AMAZON.COM INC,Stocks,Consumer Cyclicals,5.686273104,7.426929338,1.434266431,0.00,260.77,No
Performance by Symbol,Data,AVAL,GRUPO AVAL ACCIONES Y VALORE,Stocks,Financials,2.353887266,2.771283818,0.06485898,0.00,12.48,No
Performance by Symbol,Data,BABA,ALIBABA GROUP HOLDING-SP ADR,Stocks,Technology,5.389066446,-1.04048099,-0.66176127,0.00,-313.60,No
Performance by Symbol,Data,BAC,BANK OF AMERICA CORP,Stocks,Financials,4.288044288,6.763350253,0.287548696,0.00,56.79,No
Performance by Symbol,Data,BBBYQ,BED BATH & BEYOND INC,Stocks,Consumer Cyclicals,1.068023921,16.036757853,0.17127641,0.00,34.41,No
Performance by Symbol,Data,BBD,BANCO BRADESCO-ADR,Stocks,Financials,4.845839895,3.952629542,0.649810065,0.00,105.96,No
Performance by Symbol,Data,BBVA,BANCO BILBAO VIZCAYA-SP ADR,Stocks,Financials,4.487853117,1.788910351,0.103003202,0.00,17.35,No
Performance by Symbol,Data,BCS,BARCLAYS PLC-SPONS ADR,Stocks,Financials,7.160976787,1.230068627,0.161462144,0.00,32.57,No
Performance by Symbol,Data,BEKE,KE HOLDINGS INC-ADR,Stocks,Real Estate,8.80889107,33.785308714,2.76524768,0.00,529.19,No
Performance by Symbol,Data,BIDU,BAIDU INC - SPON ADR,Stocks,Technology,23.155255768,-0.164465662,-0.038082445,0.00,-14.66,No
Performance by Symbol,Data,BMY,BRISTOL-MYERS SQUIBB CO,Stocks,Healthcare,4.514730933,-21.831529512,-1.139064565,0.00,-477.28,No
Performance by Symbol,Data,BUD,ANHEUSER-BUSCH INBEV SPN ADR,Stocks,Consumer Non-Cyc,5.593604966,2.385658465,0.136832229,0.00,25.02,No
Performance by Symbol,Data,BYND,BEYOND MEAT INC,Stocks,Consumer Non-Cyc,7.954054022,-56.30657775,-7.61506184,0.00,"-1,486.47",No
Performance by Symbol,Data,C,CITIGROUP INC,Stocks,Financials,10.08374287,30.39103875,3.401603606,0.00,768.12,No
Performance by Symbol,Data,CBDBY,CIA BRASILEIRA DE DIS- ADR,Stocks,Consumer Non-Cyc,2.878169287,7.339472086,0.26132487,0.00,48.74,No
Performance by Symbol,Data,CHWY,CHEWY INC - CLASS A,Stocks,Consumer Cyclicals,4.19057549,28.760606503,1.324687519,0.00,245.50,No
Performance by Symbol,Data,CIG,CIA ENERGETICA DE-SPON ADR,Stocks,Utilities,2.234393992,28.76242853,1.86901438,0.00,351.84,No
Performance by Symbol,Data,CRSR,CORSAIR GAMING INC,Stocks,Technology,25.751509268,-0.791358582,-0.192967396,0.00,-429.12,No
Performance by Symbol,Data,CVS,CVS HEALTH CORP,Stocks,Healthcare,7.476078659,9.36667165,0.663214532,0.00,278.54,No
Performance by Symbol,Data,DIS,WALT DISNEY CO/THE,Stocks,Telecomm,6.039910419,43.474496088,2.288982728,0.00,863.99,No
Performance by Symbol,Data,EBAY,EBAY INC,Stocks,Consumer Cyclicals,6.984792905,11.457436127,0.865579352,0.00,239.71,No
Performance by Symbol,Data,FCX,FREEPORT-MCMORAN INC,Stocks,Basic Materials,9.706601828,10.553766566,1.069344286,0.00,422.65,No
Performance by Symbol,Data,FL,FOOT LOCKER INC,Stocks,Consumer Cyclicals,6.33528484,2.935570319,0.418456885,0.00,81.94,No
Performance by Symbol,Data,FTNT,FORTINET INC,Stocks,Technology,4.932840123,-10.021982015,-0.507604271,0.00,-195.95,No
Performance by Symbol,Data,GAP,GAP INC/THE,Stocks,Consumer Cyclicals,5.956972759,5.963388343,1.185472627,0.00,230.92,No
Performance by Symbol,Data,GMAB,GENMAB A/S -SP ADR,Stocks,Healthcare,7.946357541,2.204237805,0.012973301,0.00,89.10,No
Performance by Symbol,Data,GOLD.OLD,BARRICK MINING CORP,Stocks,Basic Materials,8.263338369,22.484007248,2.223282654,0.00,509.68,No
Performance by Symbol,Data,GOOG,ALPHABET INC-CL C,Stocks,Telecomm,6.965000327,6.388334786,1.201018115,0.00,215.60,No
Performance by Symbol,Data,GOOGL,ALPHABET INC-CL A,Stocks,Telecomm,10.609332669,29.519013768,2.686623838,0.00,864.68,No
Performance by Symbol,Data,GRFS,GRIFOLS SA-ADR,Stocks,Healthcare,7.685872105,0.199604435,0.212980367,0.00,46.83,No
Performance by Symbol,Data,HAS,HASBRO INC,Stocks,Consumer Cyclicals,6.101163771,12.662291845,0.719920443,0.00,189.51,No
Performance by Symbol,Data,HSY,HERSHEY CO/THE,Stocks,Consumer Non-Cyc,8.625590177,17.020236482,1.669946473,0.00,698.56,No
Performance by Symbol,Data,ING,ING GROEP N.V.-SPONSORED ADR,Stocks,Financials,4.682620464,0.563068504,0.170876176,0.00,31.15,No
Performance by Symbol,Data,INTC,INTEL CORP,Stocks,Technology,5.607668164,7.386493543,0.671708485,0.00,202.04,No
Performance by Symbol,Data,IPAR,INTERPARFUMS INC,Stocks,Consumer Non-Cyc,6.146111234,19.294854,1.116130792,0.00,601.16,No
Performance by Symbol,Data,ITUB,ITAU UNIBANCO H-SPON PRF ADR,Stocks,Financials,4.411131286,8.137110334,0.465287363,0.00,166.54,No
Performance by Symbol,Data,JD,JD.COM INC-ADR,Stocks,Consumer Cyclicals,8.783800216,7.80222015,0.680567487,0.00,132.23,No
Performance by Symbol,Data,KMB,KIMBERLY-CLARK CORP,Stocks,Consumer Non-Cyc,6.387766055,11.794358154,0.568753255,0.00,217.15,No
Performance by Symbol,Data,LMT,LOCKHEED MARTIN CORP,Stocks,Industrials,6.536621071,3.949253239,0.300146404,0.00,123.48,No
Performance by Symbol,Data,LRCX.OLD,LAM RESEARCH CORP,Stocks,Technology,2.357869722,3.525151956,0.084453748,0.00,16.80,No
Performance by Symbol,Data,MANU,MANCHESTER UNITED PLC-CL A,Stocks,Consumer Cyclicals,5.643195607,-12.379551315,-0.880141632,0.00,-368.95,No
Performance by Symbol,Data,META,META PLATFORMS INC-CLASS A,Stocks,Telecomm,6.448157386,15.524536761,1.235123031,0.00,"-2,088.36",No
Performance by Symbol,Data,MNMD,MIND MEDICINE MINDMED INC,Stocks,Healthcare,0.121565014,-51.218467907,-0.316427442,0.00,-84.98,No
Performance by Symbol,Data,MNMD,MIND MEDICINE MINDMED INC,Stocks,Healthcare,0.464371737,-30.336,-0.185414581,0.00,0.00,No
Performance by Symbol,Data,MNST,MONSTER BEVERAGE CORP,Stocks,Consumer Non-Cyc,4.251081694,5.223171024,0.217062755,0.00,79.11,No
Performance by Symbol,Data,MS,MORGAN STANLEY,Stocks,Financials,7.377788229,21.07460817,1.502331703,0.00,390.83,No
Performance by Symbol,Data,MSFT,MICROSOFT CORP,Stocks,Technology,5.530492277,6.992843418,0.31799872,0.00,54.73,No
Performance by Symbol,Data,NEM,NEWMONT CORP,Stocks,Basic Materials,7.293728571,55.513126984,3.811810713,0.00,"1,261.11",No
Performance by Symbol,Data,NFLX,NETFLIX INC,Stocks,Telecomm,9.051419018,13.24179729,0.964581868,0.00,67.29,No
Performance by Symbol,Data,NKE,NIKE INC -CL B,Stocks,Consumer Cyclicals,6.191167928,-35.31111231,-3.724032449,0.00,"-1,667.86",No
Performance by Symbol,Data,NTES,NETEASE INC-ADR,Stocks,Technology,5.606915707,2.037080089,0.063592962,0.00,6.82,No
Performance by Symbol,Data,NU,NU HOLDINGS LTD/CAYMAN ISL-A,Stocks,Financials,5.480237882,-18.866507037,0.457139886,0.00,73.48,No
Performance by Symbol,Data,NVAX,NOVAVAX INC,Stocks,Healthcare,2.38282504,2.798024704,0.068957187,0.00,10.91,No
Performance by Symbol,Data,NVDA,NVIDIA CORP,Stocks,Technology,3.105558333,7.894355546,0.219562716,0.00,43.40,No
Performance by Symbol,Data,ORANY,ORANGE-SPON ADR,Stocks,Technology,4.928313014,1.868122261,0.089868062,0.00,17.05,No
Performance by Symbol,Data,PAGS,PAGSEGURO DIGITAL LTD-CL A,Stocks,Industrials,4.651861863,8.717154646,0.458141318,0.00,83.43,No
Performance by Symbol,Data,PATH,UIPATH INC - CLASS A,Stocks,Technology,8.970237494,4.745179999,0.973052518,0.00,143.31,No
Performance by Symbol,Data,PFE,PFIZER INC,Stocks,Healthcare,4.362163404,5.231332317,0.263932695,0.00,101.74,No
Performance by Symbol,Data,PINS,PINTEREST INC- CLASS A,Stocks,Technology,4.138629883,8.897908746,0.341664343,0.00,66.09,No
Performance by Symbol,Data,PLTR,PALANTIR TECHNOLOGIES INC-A,Stocks,Technology,5.644711062,-19.551711859,0.049439158,0.00,-45.37,No
Performance by Symbol,Data,PYPL,PAYPAL HOLDINGS INC,Stocks,Financials,7.090900013,-4.174543421,-0.378430804,0.00,-219.79,No
Performance by Symbol,Data,RBLX,ROBLOX CORP -CLASS A,Stocks,Technology,4.719941183,-6.91544111,-0.281765967,0.00,-105.54,No
Performance by Symbol,Data,ROKU,ROKU INC,Stocks,Consumer Cyclicals,3.16721675,2.921595013,0.092533247,0.00,18.18,No
Performance by Symbol,Data,SAN,BANCO SANTANDER SA-SPON ADR,Stocks,Financials,6.457574191,21.716354009,1.325947628,0.00,418.59,No
Performance by Symbol,Data,SBUX,STARBUCKS CORP,Stocks,Consumer Cyclicals,4.753082017,-23.455351862,-1.718095483,0.00,-756.02,No
Performance by Symbol,Data,SEMR,SEMRUSH HOLDINGS INC-A,Stocks,Technology,6.124798632,-6.979055861,-0.424072008,0.00,-707.18,No
Performance by Symbol,Data,SHOP,SHOPIFY INC - CLASS A,Stocks,Technology,3.394700921,-0.702638393,0.054347712,0.00,-4.86,No
Performance by Symbol,Data,SKLZ,SKILLZ INC,Stocks,Technology,3.273578171,18.940548973,0.582211412,0.00,111.37,No
Performance by Symbol,Data,SNAP,SNAP INC - A,Stocks,Technology,2.546022315,2.001191938,0.049960397,0.00,10.48,No
Performance by Symbol,Data,SOFI,SOFI TECHNOLOGIES INC,Stocks,Financials,9.131733979,1.215884931,1.082932136,0.00,156.91,No
Performance by Symbol,Data,STLA,STELLANTIS NV,Stocks,Consumer Cyclicals,8.087695694,-16.751098838,-1.558561221,0.00,-827.83,No
Performance by Symbol,Data,STM,STMICROELECTRONICS NV-NY SHS,Stocks,Technology,7.64024347,-6.201978104,-0.625793846,0.00,-277.72,No
Performance by Symbol,Data,STNE,STONECO LTD-A,Stocks,Technology,7.385190953,22.625241872,1.655605979,0.00,678.45,No
Performance by Symbol,Data,TDOC,TELADOC HEALTH INC,Stocks,Healthcare,3.616449781,23.752883767,0.90343053,0.00,170.03,No
Performance by Symbol,Data,TLRY,TILRAY BRANDS INC,Stocks,Healthcare,1.760337315,5.850277818,0.111460837,0.00,19.98,No
Performance by Symbol,Data,TM,TOYOTA MOTOR CORP -SPON ADR,Stocks,Consumer Cyclicals,6.254886616,2.975394433,0.17986868,0.00,71.24,No
Performance by Symbol,Data,TROW,T ROWE PRICE GROUP INC,Stocks,Financials,5.868153511,5.060516267,0.355687213,0.00,68.28,No
Performance by Symbol,Data,TWLO,TWILIO INC - A,Stocks,Technology,3.980185976,0.155323362,0.061293925,0.00,1.18,No
Performance by Symbol,Data,UAA,UNDER ARMOUR INC-CLASS A,Stocks,Consumer Cyclicals,3.000046661,2.503300196,0.101003199,0.00,13.73,No
Performance by Symbol,Data,UPS,UNITED PARCEL SERVICE-CL B,Stocks,Industrials,8.479570164,4.429534469,0.37007232,0.00,149.32,No
Performance by Symbol,Data,VALE,VALE SA-SP ADR,Stocks,Basic Materials,3.390953417,-28.957012072,-1.371521268,0.00,-685.73,No
Performance by Symbol,Data,VFF,VILLAGE FARMS INTERNATIONAL,Stocks,Consumer Non-Cyc,5.691475997,3.460147848,0.186062486,0.00,-235.77,No
Performance by Symbol,Data,VIR,VIR BIOTECHNOLOGY INC,Stocks,Healthcare,2.265300893,2.521874734,0.056960512,0.00,11.20,No
Performance by Symbol,Data,WBA,WALGREENS BOOTS ALLIANCE INC,Stocks,Consumer Non-Cyc,8.944794843,11.020257568,0.815271796,0.00,136.76,No
Performance by Symbol,Data,WY,WEYERHAEUSER CO,Stocks,Real Estate,1.745886479,-0.460338665,-0.024227438,0.00,-13.81,No
Performance by Symbol,Data,XP,XP INC - CLASS A,Stocks,Financials,8.154742515,45.89675909,4.024490325,0.00,746.48,No
Performance by Symbol,Data,XYZ,BLOCK INC,Stocks,Industrials,3.298516367,-43.390740758,-2.102278584,0.00,-524.88,No
Performance by Symbol,Data,Total Stocks,,,,42.987585883,79.368226837,34.681033776,0.00,"4,284.01",
Performance by Symbol,Data,USD,United States Dollar,Cash,Cash,32.027356995,125.490096485,106.788577392,,,Yes
Performance by Symbol,Data,Total Cash,,,,31.995457237,125.490096485,106.788577392,,,
Performance by Symbol,Data,Total,,,,99.900398406,160.079621867,160.079621867,0.00,"2,609.70",
Trade Summary,MetaInfo,Analysis Period,"March 24, 2022 - January 27, 2026"
Trade Summary,Header,Financial Instrument,Currency,Symbol,Description,Sector,Quantity Bought,Average Price Bought,Proceeds Bought,Proceeds Bought in Base,Quantity Sold,Average Price Sold,Proceeds Sold,Proceeds Sold in Base
Trade Summary,Data,ETFs,United States Dollar,EWZ,ISHARES MSCI BRAZIL ETF,Broad,315,24.595444444,-7747.565,-7747.565,-315,26.277539683,8277.425,8277.425
Trade Summary,Data,ETFs,United States Dollar,JEPI,JPMORGAN EQUITY PREMIUM INCO,Broad,120,54.88,-6585.6,-6585.6,-120,55.8113,6697.356,6697.356
Trade Summary,Data,ETFs,United States Dollar,JETS,US GLOBAL JETS ETF,Industrials,180,22.13,-3983.4,-3983.4,-180,22.5607,4060.926,4060.926
Trade Summary,Data,ETFs,United States Dollar,KWEB,KRANESH CSI CHINA INTERNET,Technology,455,24.951428571,-11352.9,-11352.9,-455,26.406230769,12014.835,12014.835
Trade Summary,Data,ETFs,United States Dollar,MJ,ETFMG ALTERNATIVE HARVEST,Broad,500,8.5895,-4294.75,-4294.75,-500,3.002335,1501.1675,1501.1675
Trade Summary,Data,ETFs,United States Dollar,QYLD,GLOBAL X NASD 100 COV CALL,Broad,575,17.325,-9961.875,-9961.875,-575,18.781113043,10799.14,10799.14
Trade Summary,Data,ETFs,United States Dollar,RYLD,GLOBAL X RUSSELL 2000 COV CL,Broad,990,16.151837374,-15990.319,-15990.319,-990,15.045505051,14895.05,14895.05
Trade Summary,Data,ETFs,United States Dollar,SDIV,GLOBAL X SUPERDIVIDEND ETF,Broad,270,23.145018519,-6249.155,-6249.155,-270,22.101,5967.27,5967.27
Trade Summary,Data,ETFs,United States Dollar,SHV,ISHARES SHORT TREASURY BOND,Government,535,110.076485981,-58890.92,-58890.92,-18,110.36,1986.48,1986.48
Trade Summary,Data,ETFs,United States Dollar,SLV,ISHARES SILVER TRUST,Basic Materials,100,19.296,-1929.6,-1929.6,-100,19.7727,1977.27,1977.27
Trade Summary,Data,ETFs,United States Dollar,TAN,INVESCO SOLAR ETF,Energy,20,69.89,-1397.8,-1397.8,-20,69.68,1393.6,1393.6
Trade Summary,Data,Stocks,United States Dollar,AAPL,APPLE INC,Technology,81,189.629777778,-15360.012,-15360.012,-81,196.151418519,15888.2649,15888.2649
Trade Summary,Data,Stocks,United States Dollar,ABNB,AIRBNB INC-CLASS A,Technology,44,128.087954545,-5635.87,-5635.87,-86,150.228837209,12919.68,12919.68
Trade Summary,Data,Stocks,United States Dollar,ACB.OLD,AURORA CANNABIS INC,Healthcare,200,1.525,-305,-305,-200,1.635,327,327
Trade Summary,Data,Stocks,United States Dollar,ACN,ACCENTURE PLC-CL A,Technology,7,291.8595,-2043.0165,-2043.0165,-7,301,2107,2107
Trade Summary,Data,Stocks,United States Dollar,ADBE,ADOBE INC,Technology,11,465.253181818,-5117.785,-5117.785,-11,471.399090909,5185.39,5185.39
Trade Summary,Data,Stocks,United States Dollar,AEO,AMERICAN EAGLE OUTFITTERS,Consumer Cyclicals,270,11.085,-2992.95,-2992.95,-270,11.255,3038.85,3038.85
Trade Summary,Data,Stocks,United States Dollar,AMZN,AMAZON.COM INC,Consumer Cyclicals,60,92.717083333,-5563.025,-5563.025,-60,97.23225,5833.935,5833.935
Trade Summary,Data,Stocks,United States Dollar,AVAL,GRUPO AVAL ACCIONES Y VALORE,Financials,100,4.495,-449.5,-449.5,-100,4.64,464,464
Trade Summary,Data,Stocks,United States Dollar,BABA,ALIBABA GROUP HOLDING-SP ADR,Technology,66,92.896060606,-6131.14,-6131.14,-66,88.46030303,5838.38,5838.38
Trade Summary,Data,Stocks,United States Dollar,BAC,BANK OF AMERICA CORP,Financials,30,27.955,-838.65,-838.65,-30,29.915,897.45,897.45
Trade Summary,Data,Stocks,United States Dollar,BBBYQ,BED BATH & BEYOND INC,Consumer Cyclicals,20,10.679,-213.58,-213.58,-20,12.5,250,250
Trade Summary,Data,Stocks,United States Dollar,BBD,BANCO BRADESCO-ADR,Financials,1300,2.823692308,-3670.8,-3670.8,-1300,2.917692308,3793,3793
Trade Summary,Data,Stocks,United States Dollar,BBVA,BANCO BILBAO VIZCAYA-SP ADR,Financials,200,4.43,-886,-886,-200,4.532,906.4,906.4
Trade Summary,Data,Stocks,United States Dollar,BCS,BARCLAYS PLC-SPONS ADR,Financials,200,7.752,-1550.4,-1550.4,-200,7.93,1586,1586
Trade Summary,Data,Stocks,United States Dollar,BEKE,KE HOLDINGS INC-ADR,Real Estate,300,12.740833333,-3822.25,-3822.25,-300,14.531666667,4359.5,4359.5
Trade Summary,Data,Stocks,United States Dollar,BIDU,BAIDU INC - SPON ADR,Technology,100,89.07,-8907,-8907,-100,89.0363,8903.63,8903.63
Trade Summary,Data,Stocks,United States Dollar,BMY,BRISTOL-MYERS SQUIBB CO,Healthcare,40,51.245,-2049.8,-2049.8,-40,39.555,1582.2,1582.2
Trade Summary,Data,Stocks,United States Dollar,BUD,ANHEUSER-BUSCH INBEV SPN ADR,Consumer Non-Cyc,20,52.39,-1047.8,-1047.8,-20,53.7424,1074.848,1074.848
Trade Summary,Data,Stocks,United States Dollar,BYND,BEYOND MEAT INC,Consumer Non-Cyc,250,27.2608,-6815.2,-6815.2,-250,21.35552,5338.88,5338.88
Trade Summary,Data,Stocks,United States Dollar,C,CITIGROUP INC,Financials,452,49.822920354,-22519.96,-22519.96,-452,51.622610619,23333.42,23333.42
Trade Summary,Data,Stocks,United States Dollar,CBDBY,CIA BRASILEIRA DE DIS- ADR,Consumer Non-Cyc,600,2.996566667,-1797.94,-1797.94,-600,3.089666667,1853.8,1853.8
Trade Summary,Data,Stocks,United States Dollar,CHWY,CHEWY INC - CLASS A,Consumer Cyclicals,90,28.1271,-2531.439,-2531.439,-90,30.922222222,2783,2783
Trade Summary,Data,Stocks,United States Dollar,CIG,CIA ENERGETICA DE-SPON ADR,Utilities,2708,1.977588626,-5355.31,-5355.31,-2708,2.119338996,5739.17,5739.17
Trade Summary,Data,Stocks,United States Dollar,CRSR,CORSAIR GAMING INC,Technology,0,0,0,0,-238,20.72,4931.36,4931.36
Trade Summary,Data,Stocks,United States Dollar,CVS,CVS HEALTH CORP,Healthcare,50,59.375,-2968.75,-2968.75,-50,65.145,3257.25,3257.25
Trade Summary,Data,Stocks,United States Dollar,DIS,WALT DISNEY CO/THE,Telecomm,47,95.6225,-4494.2575,-4494.2575,-47,114.399659574,5376.784,5376.784
Trade Summary,Data,Stocks,United States Dollar,EBAY,EBAY INC,Consumer Cyclicals,50,41.745,-2087.25,-2087.25,-50,46.74,2337,2337
Trade Summary,Data,Stocks,United States Dollar,FCX,FREEPORT-MCMORAN INC,Basic Materials,107,37.375,-3999.125,-3999.125,-107,41.43,4433.01,4433.01
Trade Summary,Data,Stocks,United States Dollar,FL,FOOT LOCKER INC,Consumer Cyclicals,60,28.709,-1722.54,-1722.54,-60,30.125,1807.5,1807.5
Trade Summary,Data,Stocks,United States Dollar,FTNT,FORTINET INC,Technology,30,65.02,-1950.6,-1950.6,-30,58.8,1764,1764
Trade Summary,Data,Stocks,United States Dollar,GAP,GAP INC/THE,Consumer Cyclicals,400,12.95625,-5182.5,-5182.5,-400,13.55,5420,5420
Trade Summary,Data,Stocks,United States Dollar,GMAB,GENMAB A/S -SP ADR,Healthcare,200,20.1775,-4035.5,-4035.5,-200,20.692,4138.4,4138.4
Trade Summary,Data,Stocks,United States Dollar,GOLD.OLD,BARRICK MINING CORP,Basic Materials,374,17.355935829,-6491.12,-6491.12,-374,18.767438503,7019.022,7019.022
Trade Summary,Data,Stocks,United States Dollar,GOOG,ALPHABET INC-CL C,Telecomm,50,90.82,-4541,-4541,-50,95.254,4762.7,4762.7
Trade Summary,Data,Stocks,United States Dollar,GOOGL,ALPHABET INC-CL A,Telecomm,81,120.739990123,-9779.9392,-9779.9392,-81,131.583333333,10658.25,10658.25
Trade Summary,Data,Stocks,United States Dollar,GRFS,GRIFOLS SA-ADR,Healthcare,200,8.7455,-1749.1,-1749.1,-200,9,1800,1800
Trade Summary,Data,Stocks,United States Dollar,HAS,HASBRO INC,Consumer Cyclicals,85,55.314941176,-4701.77,-4701.77,-85,57.705,4904.925,4904.925
Trade Summary,Data,Stocks,United States Dollar,HSY,HERSHEY CO/THE,Consumer Non-Cyc,26,157.68,-4099.68,-4099.68,-26,184.91,4807.66,4807.66
Trade Summary,Data,Stocks,United States Dollar,ING,ING GROEP N.V.-SPONSORED ADR,Financials,300,9.863333333,-2959,-2959,-300,9.984,2995.2,2995.2
Trade Summary,Data,Stocks,United States Dollar,INTC,INTEL CORP,Technology,225,35.088622222,-7894.94,-7894.94,-225,36.070555556,8115.875,8115.875
Trade Summary,Data,Stocks,United States Dollar,IPAR,INTERPARFUMS INC,Consumer Non-Cyc,30,103.7,-3111,-3111,-30,124.05,3721.5,3721.5
Trade Summary,Data,Stocks,United States Dollar,ITUB,ITAU UNIBANCO H-SPON PRF ADR,Financials,330,6.245,-2060.85,-2060.85,-330,6.803,2244.99,2244.99
Trade Summary,Data,Stocks,United States Dollar,JD,JD.COM INC-ADR,Consumer Cyclicals,50,33.875,-1693.75,-1693.75,-50,36.56,1828,1828
Trade Summary,Data,Stocks,United States Dollar,KMB,KIMBERLY-CLARK CORP,Consumer Non-Cyc,17,123.71,-2103.07,-2103.07,-17,137.02,2329.34,2329.34
Trade Summary,Data,Stocks,United States Dollar,LMT,LOCKHEED MARTIN CORP,Industrials,7,446.05,-3122.35,-3122.35,-7,464.97,3254.79,3254.79
Trade Summary,Data,Stocks,United States Dollar,LRCX.OLD,LAM RESEARCH CORP,Technology,1,475.5,-475.5,-475.5,-1,494.3,494.3,494.3
Trade Summary,Data,Stocks,United States Dollar,MANU,MANCHESTER UNITED PLC-CL A,Consumer Cyclicals,185,16.07,-2972.95,-2972.95,-185,14.1509,2617.9165,2617.9165
Trade Summary,Data,Stocks,United States Dollar,META,META PLATFORMS INC-CLASS A,Telecomm,21,145.20827619,-3049.3738,-3049.3738,-44,186.377159091,8200.595,8200.595
Trade Summary,Data,Stocks,United States Dollar,MNMD,MIND MEDICINE MINDMED INC,Healthcare,0,0,0,0,-6.6667,6.668979705,44.460087,44.460087
Trade Summary,Data,Stocks,United States Dollar,MNMD,MIND MEDICINE MINDMED INC,Healthcare,100,1.24,-124,-124,0,0,0,0
Trade Summary,Data,Stocks,United States Dollar,MNST,MONSTER BEVERAGE CORP,Consumer Non-Cyc,27,55.925,-1509.975,-1509.975,-27,59.2012,1598.4324,1598.4324
Trade Summary,Data,Stocks,United States Dollar,MS,MORGAN STANLEY,Financials,50,83.879,-4193.95,-4193.95,-50,92.0678,4603.39,4603.39
Trade Summary,Data,Stocks,United States Dollar,MSFT,MICROSOFT CORP,Technology,7,227.464285714,-1592.25,-1592.25,-7,235.86,1651.02,1651.02
Trade Summary,Data,Stocks,United States Dollar,NEM,NEWMONT CORP,Basic Materials,202,37.045445545,-7483.18,-7483.18,-202,43.441930693,8775.27,8775.27
Trade Summary,Data,Stocks,United States Dollar,NFLX,NETFLIX INC,Telecomm,8,265.4875,-2123.9,-2123.9,-8,274.405,2195.24,2195.24
Trade Summary,Data,Stocks,United States Dollar,NKE,NIKE INC -CL B,Consumer Cyclicals,105,87.405952381,-9177.625,-9177.625,-105,71.854346667,7544.7064,7544.7064
Trade Summary,Data,Stocks,United States Dollar,NTES,NETEASE INC-ADR,Technology,48,94.050833333,-4514.44,-4514.44,-48,94.580552083,4539.8665,4539.8665
Trade Summary,Data,Stocks,United States Dollar,NU,NU HOLDINGS LTD/CAYMAN ISL-A,Financials,1000,4.4353,-4435.3,-4435.3,-1000,4.523,4523,4523
Trade Summary,Data,Stocks,United States Dollar,NVAX,NOVAVAX INC,Healthcare,10,38.89,-388.9,-388.9,-10,40.182,401.82,401.82
Trade Summary,Data,Stocks,United States Dollar,NVDA,NVIDIA CORP,Technology,7,216.771428571,-1517.4,-1517.4,-7,223.83,1566.81,1566.81
Trade Summary,Data,Stocks,United States Dollar,ORANY,ORANGE-SPON ADR,Technology,90,10.128,-911.52,-911.52,-90,10.34,930.6,930.6
Trade Summary,Data,Stocks,United States Dollar,PAGS,PAGSEGURO DIGITAL LTD-CL A,Industrials,200,9.755,-1951,-1951,-200,10.1925,2038.5,2038.5
Trade Summary,Data,Stocks,United States Dollar,PATH,UIPATH INC - CLASS A,Technology,150,20.700793333,-3105.119,-3105.119,-150,21.696666667,3254.5,3254.5
Trade Summary,Data,Stocks,United States Dollar,PFE,PFIZER INC,Healthcare,70,27.71,-1939.7,-1939.7,-70,29.3105,2051.735,2051.735
Trade Summary,Data,Stocks,United States Dollar,PINS,PINTEREST INC- CLASS A,Technology,110,21.517090909,-2366.88,-2366.88,-110,22.172818182,2439.01,2439.01
Trade Summary,Data,Stocks,United States Dollar,PLTR,PALANTIR TECHNOLOGIES INC-A,Technology,370,9.061216216,-3352.65,-3352.65,-370,8.957837838,3314.4,3314.4
Trade Summary,Data,Stocks,United States Dollar,PYPL,PAYPAL HOLDINGS INC,Financials,112,74.377974107,-8330.3331,-8330.3331,-112,72.617499107,8133.1599,8133.1599
Trade Summary,Data,Stocks,United States Dollar,RBLX,ROBLOX CORP -CLASS A,Technology,100,38.718,-3871.8,-3871.8,-100,37.81679,3781.679,3781.679
Trade Summary,Data,Stocks,United States Dollar,ROKU,ROKU INC,Consumer Cyclicals,10,62.14,-621.4,-621.4,-10,64.16,641.6,641.6
Trade Summary,Data,Stocks,United States Dollar,SAN,BANCO SANTANDER SA-SPON ADR,Financials,1390,3.791726619,-5270.5,-5270.5,-1390,4.119928058,5726.7,5726.7
Trade Summary,Data,Stocks,United States Dollar,SBUX,STARBUCKS CORP,Consumer Cyclicals,51,99.886627451,-5094.218,-5094.218,-51,85.42754902,4356.805,4356.805
Trade Summary,Data,Stocks,United States Dollar,SEMR,SEMRUSH HOLDINGS INC-A,Technology,0,0,0,0,-104,10.67,1109.68,1109.68
Trade Summary,Data,Stocks,United States Dollar,SHOP,SHOPIFY INC - CLASS A,Technology,20,34.565,-691.3,-691.3,-20,34.4227,688.454,688.454
Trade Summary,Data,Stocks,United States Dollar,SKLZ,SKILLZ INC,Technology,200,2.935,-587,-587,-200,3.502,700.4,700.4
Trade Summary,Data,Stocks,United States Dollar,SNAP,SNAP INC - A,Technology,50,10.455,-522.75,-522.75,-50,10.705,535.25,535.25
Trade Summary,Data,Stocks,United States Dollar,SOFI,SOFI TECHNOLOGIES INC,Financials,300,7.231666667,-2169.5,-2169.5,-300,7.77,2331,2331
Trade Summary,Data,Stocks,United States Dollar,STLA,STELLANTIS NV,Consumer Cyclicals,285,12.989803509,-3702.094,-3702.094,-285,10.1407,2890.0995,2890.0995
Trade Summary,Data,Stocks,United States Dollar,STM,STMICROELECTRONICS NV-NY SHS,Technology,188,32.900638298,-6185.32,-6185.32,-188,31.54031383,5929.579,5929.579
Trade Summary,Data,Stocks,United States Dollar,STNE,STONECO LTD-A,Technology,323,9.256142415,-2989.734,-2989.734,-323,11.4107,3685.6561,3685.6561
Trade Summary,Data,Stocks,United States Dollar,TDOC,TELADOC HEALTH INC,Healthcare,70,31.702857143,-2219.2,-2219.2,-70,34.2183,2395.281,2395.281
Trade Summary,Data,Stocks,United States Dollar,TLRY,TILRAY BRANDS INC,Healthcare,100,3.405,-340.5,-340.5,-100,3.625,362.5,362.5
Trade Summary,Data,Stocks,United States Dollar,TM,TOYOTA MOTOR CORP -SPON ADR,Consumer Cyclicals,12,199.14,-2389.68,-2389.68,-12,205.8305,2469.966,2469.966
Trade Summary,Data,Stocks,United States Dollar,TROW,T ROWE PRICE GROUP INC,Financials,26,111.672769231,-2903.492,-2903.492,-26,114.454230769,2975.81,2975.81
Trade Summary,Data,Stocks,United States Dollar,TWLO,TWILIO INC - A,Technology,10,75.95,-759.5,-759.5,-10,76.27,762.7,762.7
Trade Summary,Data,Stocks,United States Dollar,UAA,UNDER ARMOUR INC-CLASS A,Consumer Cyclicals,50,10.95,-547.5,-547.5,-50,11.265,563.25,563.25
Trade Summary,Data,Stocks,United States Dollar,UPS,UNITED PARCEL SERVICE-CL B,Industrials,26,129.475,-3366.35,-3366.35,-26,135.58,3525.08,3525.08
Trade Summary,Data,Stocks,United States Dollar,VALE,VALE SA-SP ADR,Basic Materials,150,13.39,-2008.5,-2008.5,-150,8.9,1335,1335
Trade Summary,Data,Stocks,United States Dollar,VFF,VILLAGE FARMS INTERNATIONAL,Consumer Non-Cyc,0,0,0,0,-190,5.644,1072.36,1072.36
Trade Summary,Data,Stocks,United States Dollar,VIR,VIR BIOTECHNOLOGY INC,Healthcare,20,22.1499,-442.998,-442.998,-20,22.81,456.2,456.2
Trade Summary,Data,Stocks,United States Dollar,WBA,WALGREENS BOOTS ALLIANCE INC,Consumer Non-Cyc,140,36.937857143,-5171.3,-5171.3,-140,37.972714286,5316.18,5316.18
Trade Summary,Data,Stocks,United States Dollar,WY,WEYERHAEUSER CO,Real Estate,116,25.815086207,-2994.55,-2994.55,-116,25.795,2992.22,2992.22
Trade Summary,Data,Stocks,United States Dollar,XP,XP INC - CLASS A,Financials,1252,16.640239617,-20833.58,-20833.58,-1252,17.261082268,21610.875,21610.875
Trade Summary,Data,Stocks,United States Dollar,XYZ,BLOCK INC,Industrials,63,69.809920635,-4398.025,-4398.025,-63,61.723968254,3888.61,3888.61
Deposits And Withdrawals,MetaInfo,Analysis Period,"March 24, 2022 - January 27, 2026"
Deposits And Withdrawals,Header,Date,Type,Description,Amount
Deposits And Withdrawals,Data,03/24/22,ACATIN,Meta Platforms Inc-class A (FB) Quantity: 23,4909.58
Deposits And Withdrawals,Data,03/24/22,ACATIN,Village Farms International (VFF) Quantity: 190,1035.5
Deposits And Withdrawals,Data,03/24/22,ACATIN,Corsair Gaming Inc (CRSR) Quantity: 238,4969.44
Deposits And Withdrawals,Data,03/24/22,ACATIN,Airbnb Inc-class A (ABNB) Quantity: 42,6894.72
Deposits And Withdrawals,Data,03/24/22,ACATIN,Semrush Holdings Inc-a (SEMR) Quantity: 104,1191.84
Deposits And Withdrawals,Data,12/26/23,DEPOSIT,Cash Receipts / Electronic Fund Transfers ,14999.61
Deposits And Withdrawals,Data,04/10/25,DEPOSIT,Cash Receipts / Electronic Fund Transfers ,14998.87
Deposits And Withdrawals,Data,06/12/25,ACATOUT,Ishares Short Treasury Bond (SHV) Quantity: -517,-56963.06
Corporate Actions,MetaInfo,Analysis Period,"March 24, 2022 - January 27, 2026"
Corporate Actions,Header,Date,Type,Description,Quantity
Corporate Actions,Data,20220826,Split,MNMD(CA60255C8025) SPLIT 1 FOR 15,-100
Corporate Actions,Data,20220826,Split,MNMD(CA60255C8025) SPLIT 1 FOR 15,6.6667
Dividends,MetaInfo,Analysis Period,"March 24, 2022 - January 27, 2026"
Dividends,Header,PayDate,Ex-Date,Symbol,Quantity,DividendPerShare,Amount
Dividends,Data,20220427,20220405,GAP,100,0.15,15
Dividends,Data,20220516,20220427,ING,100,0.43,43.14
Dividends,Data,20220624,20220622,MJ,500,0.07,35
Dividends,Data,20220629,20220614,TROW,8,1.20,9.6
Dividends,Data,20220810,20220701,BBD,200,0.00,0.72
Dividends,Data,20220901,20220804,INTC,30,0.36,10.95
Dividends,Data,20220915,20220830,GOLD.OLD,100,0.20,20
Dividends,Data,20220923,20220921,MJ,500,0.04,20
Dividends,Data,20221215,20221129,GOLD.OLD,100,0.15,15
Dividends,Data,20221230,20221228,MJ,475,0.07,31.16
Dividends,Data,20230208,20230105,BBD,200,0.00,0.75
Dividends,Data,20230308,20230202,BBD,200,0.00,0.73
Dividends,Data,20230315,20230227,GOLD.OLD,100,0.10,10
Dividends,Data,20230320,20230109,BBD,200,0.11,22.45
Dividends,Data,20230413,20230302,BBD,800,0.00,2.96
Dividends,Data,20230504,20230501,JEPI,120,0.42,50.95
Dividends,Data,20230505,20230501,SHV,18,0.40,7.16
Dividends,Data,20230509,20230404,BBD,800,0.00,3.04
Dividends,Data,20230511,20230503,SDIV,270,0.21,58.05
Dividends,Data,20230606,20230601,JEPI,120,0.37,43.85
Dividends,Data,20230607,20230601,SHV,18,0.48,8.67
Dividends,Data,20230613,20230605,SDIV,270,0.21,58.05
Dividends,Data,20230623,20230621,MJ,475,0.03,14.25
Dividends,Data,20230707,20230703,JEPI,120,0.36,43.12
Dividends,Data,20230710,20221230,CIG,500,0.02,12.19
Dividends,Data,20230710,20221230,CIG,500,0.02,9.42
Dividends,Data,20230714,20230706,SDIV,270,0.21,58.05
Dividends,Data,20230804,20230801,JEPI,120,0.29,34.84
Dividends,Data,20230811,20230803,SDIV,270,0.21,56.7
Dividends,Data,20230825,20230804,C,50,0.53,26.5
Dividends,Data,20230825,20230810,SBUX,10,0.53,5.3
Dividends,Data,20230907,20230901,JEPI,120,0.34,40.58
Dividends,Data,20230914,20230906,SDIV,270,0.21,56.7
Dividends,Data,20231002,20230901,NKE,7,0.34,2.38
Dividends,Data,20231005,20231002,JEPI,120,0.36,43.6
Dividends,Data,20231013,20231004,SDIV,270,0.21,56.7
Dividends,Data,20231106,20231101,JEPI,120,0.36,43.07
Dividends,Data,20231113,20231103,SDIV,270,0.21,56.7
Dividends,Data,20231122,20231103,C,88,0.53,46.64
Dividends,Data,20231124,20231109,SBUX,10,0.57,5.7
Dividends,Data,20231206,20231201,JEPI,120,0.39,46.83
Dividends,Data,20231213,20231205,SDIV,270,0.21,56.7
Dividends,Data,20231222,20231129,NEM,42,0.40,16.8
Dividends,Data,20231229,20231227,KWEB,100,0.04,4.19
Dividends,Data,20240102,20231201,NKE,7,0.37,2.59
Dividends,Data,20240103,20231228,JEPI,120,0.43,51.34
Dividends,Data,20240103,20231207,KMB,17,1.18,20.06
Dividends,Data,20240108,20231228,SDIV,270,0.21,56.7
Dividends,Data,20240109,20221230,CIG,500,0.02,12.02
Dividends,Data,20240109,20221223,CIG,500,0.02,9.31
Dividends,Data,20240201,20240104,BMY,40,0.60,24
Dividends,Data,20240206,20240201,JEPI,120,0.30,36.07
Dividends,Data,20240213,20240205,SDIV,270,0.21,56.7
Dividends,Data,20240215,20240131,HAS,40,0.70,28
Dividends,Data,20240223,20240208,SBUX,10,0.57,5.7
Dividends,Data,20240306,20240301,JEPI,120,0.30,36.1
Dividends,Data,20240313,20240305,SDIV,270,0.21,56.7
Dividends,Data,20240326,20240312,VALE,150,0.54,81.54
Dividends,Data,20240328,20240304,NEM,90,0.25,22.5
Dividends,Data,20240401,20240301,NKE,20,0.37,7.4
Dividends,Data,20240402,20240307,KMB,17,1.22,20.74
Dividends,Data,20240404,20240401,JEPI,120,0.35,41.42
Dividends,Data,20240411,20240403,SDIV,270,0.19,51.3
Dividends,Data,20240501,20240404,BMY,40,0.60,24
Dividends,Data,20240513,20240503,SDIV,270,0.19,51.3
Dividends,Data,20240529,20240520,RYLD,370,0.17,61.2
Dividends,Data,20240612,20240605,SDIV,270,0.19,51.3
Dividends,Data,20240614,20240509,PFE,70,0.42,29.4
Dividends,Data,20240627,20240604,NEM,70,0.25,17.5
Dividends,Data,20240701,20240603,NKE,40,0.37,14.8
Dividends,Data,20240701,20240624,RYLD,370,0.16,59.5
Dividends,Data,20240709,20240604,ITUB,330,0.00,1.04
Dividends,Data,20240711,20240703,SDIV,270,0.19,51.3
Dividends,Data,20240725,20240708,DIS,25,0.45,11.25
Dividends,Data,20240801,20240705,BMY,40,0.60,24
Dividends,Data,20240809,20240702,ITUB,330,0.00,1.02
Dividends,Data,20240826,20240819,RYLD,620,0.16,99.7
Dividends,Data,20240826,20240819,QYLD,575,0.18,102.98
Dividends,Data,20240909,20240802,ITUB,330,0.00,1.03
Dividends,Data,20240909,20240802,ITUB,330,0.04,14.58
Dividends,Data,20240911,20240805,VALE,150,0.37,55.69
Dividends,Data,20240920,20240906,NTES,26,0.44,11.32
Dividends,Data,20240930,20240923,QYLD,575,0.18,103.9
Dividends,Data,20240930,20240923,RYLD,620,0.16,100.25
Dividends,Data,20241001,20240903,NKE,40,0.37,14.8
Dividends,Data,20241028,20241021,RYLD,620,0.17,102.61
Dividends,Data,20241028,20241021,QYLD,575,0.18,105.28
Dividends,Data,20241125,20241118,RYLD,620,0.17,102.8
Dividends,Data,20241125,20241118,QYLD,575,0.18,103.73
Dividends,Data,20241213,20241129,NTES,26,0.44,11.32
Dividends,Data,20241227,20241217,STM,130,0.09,11.7
Dividends,Data,20250102,20241202,NKE,40,0.40,16
Dividends,Data,20250107,20241230,RYLD,620,0.17,103.17
Dividends,Data,20250128,20250121,RYLD,620,0.17,104.28
Dividends,Data,20250303,20250224,RYLD,620,0.16,100.87
Dividends,Data,20250314,20250214,HSY,26,1.37,35.62
Dividends,Data,20250317,20250228,GOLD.OLD,174,0.10,17.4
Dividends,Data,20250321,20241212,VALE,150,0.09,13.58
Dividends,Data,20250321,20241212,VALE,150,-0.09,-13.58
Dividends,Data,20250321,20241212,VALE,150,0.09,13.58
Dividends,Data,20250328,20250303,LMT,7,3.30,23.1
Dividends,Data,20250331,20250324,RYLD,620,0.15,95.29
Dividends,Data,20250428,20250421,RYLD,620,0.14,88.72
Dividends,Data,20250505,20250423,STLA,285,0.77,220.48
Dividends,Data,20250515,20250512,AAPL,31,0.26,8.06
Dividends,Data,20250527,20250519,RYLD,620,0.15,91.82
Dividends,Data,20250530,20250516,SBUX,41,0.61,25.01
Dividends,Data,20250613,20250530,WY,116,0.21,24.36
Interest Details,MetaInfo,Analysis Period,"March 24, 2022 - January 27, 2026"
Interest Details,Header,Date,Description,Amount
Interest Details,Data,20230105,USD Credit Interest Received for December 2022,0.01
Interest Details,Data,20230203,USD Credit Interest Received for January 2023,0.39
Interest Details,Data,20230303,USD Credit Interest Received for February 2023,1.98
Interest Details,Data,20230503,USD Credit Interest Received for April 2023,0.48
Notes and Disclosure,Header,Type,Note
Notes and Disclosure,Data,General,"1. The Net Asset Value (NAV) consists of all positions by financial instrument (stock, securities options, warrants, bonds, cash, etc.). All non-base currency amounts are converted to the base currency at the close of period rate."
Notes and Disclosure,Data,General,2. The gain or loss from future contracts settle into cash each night. The notional value is used when computing the contribution to return.
Notes and Disclosure,Data,General,"3. Dividend accruals, interest accruals, and insured deposits are included in cash amounts throughout the report."
Notes and Disclosure,Data,General,4. Price valuations are obtained from outside parties. Clearing Broker shall have no responsibility for the accuracy or timeliness of any such price valuation.
Notes and Disclosure,Data,General,5. Data from Thomson Reuters Business Classifications and Lipper Global is used to derive our sector classifications. Funds with assorted sector allocations are classified as Broad.
Notes and Disclosure,Data,General,"6. Amounts are formatted to two decimal places. If amounts are greater than two decimal places, Clearing Broker uses "half-even" rounding. This means that Clearing Broker rounds such amounts up to the nearest even number."
Notes and Disclosure,Data,General,"7. For accounts opened and funded before 2009, reports with a time period of Since Inception will only include data going back to January 1, 2009. This includes some default reports and both Historical Performance reports."
Notes and Disclosure,Data,General,"8. If you have elected to trade cryptocurrency/digital asset products at Crypto Provider through the Clearing Broker platform, for your convenience your positions in your linked account at Crypto Provider are reflected in PortfolioAnalyst in connection with your Clearing Broker account."
Notes and Disclosure,Data,Section,1. Account Overview: The deposit/withdrawal amount displayed includes internal transfers along with cash and position transfers.
Notes and Disclosure,Data,Section,"2. Risk Measures: Historical US 3 Month Treasury Bill rates are used as the risk free rates when calculating Alpha, the Sharpe ratio, the Sortino ratio, and the downside deviation."
Notes and Disclosure,Data,Disclosure,"This portfolio report was generated using Clearing Broker's PortfolioAnalyst tool, which allows Clearing Broker clients to generate analyses of their accounts using market data provided by third parties along with trade and account data contained in Clearing Broker's systems. This report is for information purposes only and is provided AS IS. Clearing Broker makes no warranty of any kind, express or implied, as to this report and its contents. The data provided for use in the PortfolioAnalyst tool is believed to be accurate, but completeness and accuracy of the information is not guaranteed, and Clearing Broker has no liability with respect thereto. The data regarding accounts held outside of Clearing Broker is obtained either directly from your input or from the financial institutions holding those accounts through a third-party service provider and Clearing Broker has NOT reviewed its accuracy.

The material in this report is intended only as a reference and should not be relied upon for the maintenance of your books and records for tax, accounting, financial, or regulatory reporting or for any other purposes. This report is not an offer or a solicitation of an offer to buy or sell any security. This material does not, and is not intended to, take into account the particular financial conditions, investment objectives, or requirements of individual customers. Before acting on any material within this report, you should consider whether it is suitable for your particular circumstances and as necessary, seek professional advice."
