Introduction,Header,Name,Account,Alias,BaseCurrency,AccountType,AnalysisPeriod,PerformanceMeasure
Introduction,Data,donni g fretel masgo,U13204421,,USD,Individual (Broker Client),"December 27, 2023 to January 27, 2026 (Daily)",TWR
Key Statistics,MetaInfo,Analysis Period,"December 27, 2023 - January 27, 2026"
Key Statistics,Header,BeginningNAV,EndingNAV,CumulativeReturn,5DayReturn,5DayReturnDateRange,10DayReturn,10DayReturnDateRange,BestReturn,BestReturnDate,WorstReturn,WorstReturnDate,MTM,Deposits & Withdrawals,Dividends,Interest,Fees & Commissions,Other,ChangeInNAV
Key Statistics,Data,0,85059.110211,-100,0.330973237,20260121 - 20260127,-2.410918457,20260114 - 20260127,12.070496281,20250409,-100,20240530,28417.8093,60843,358.34,-0.02,-4326.069052,-233.950037,85059.110211
Historical Performance,MetaInfo,Analysis Period,"December 27, 2023 - January 27, 2026"
Historical Performance,Header,Account,MTD,QTD,YTD,1 Year,Since Inception
Historical Performance,Data,U13204421,2.878227345,2.878227345,2.878227345,41.697925608,-100
Historical Performance,Header,Month,Account,AccountReturn
Historical Performance,Data,202501,U13204421,-1.496266528
Historical Performance,Data,202502,U13204421,-4.777662167
Historical Performance,Data,202503,U13204421,-2.20791382
Historical Performance,Data,202504,U13204421,-2.322081284
Historical Performance,Data,202505,U13204421,13.561575847
Historical Performance,Data,202506,U13204421,10.208321809
Historical Performance,Data,202507,U13204421,4.68263376
Historical Performance,Data,202508,U13204421,4.865019217
Historical Performance,Data,202509,U13204421,18.196703472
Historical Performance,Data,202510,U13204421,8.725722565
Historical Performance,Data,202511,U13204421,-8.507941764
Historical Performance,Data,202512,U13204421,-1.478448447
Historical Performance,Data,202401,U13204421,-3.689750767
Historical Performance,Data,202402,U13204421,-3.469778827
Historical Performance,Data,202403,U13204421,3.436340403
Historical Performance,Data,202404,U13204421,-13.373316594
Historical Performance,Data,202405,U13204421,-100
Historical Performance,Data,202406,U13204421,12.711274028
Historical Performance,Data,202407,U13204421,0.675044347
Historical Performance,Data,202408,U13204421,2.625129986
Historical Performance,Data,202409,U13204421,3.865589191
Historical Performance,Data,202410,U13204421,-4.45955094
Historical Performance,Data,202411,U13204421,-0.164707695
Historical Performance,Data,202412,U13204421,-2.919887798
Historical Performance,Header,Quarter,Account,AccountReturn
Historical Performance,Data,2025 Q1,U13204421,-8.273411378
Historical Performance,Data,2025 Q2,U13204421,22.248122223
Historical Performance,Data,2025 Q3,U13204421,29.75097968
Historical Performance,Data,2025 Q4,U13204421,-1.99529112
Historical Performance,Data,2024 Q1,U13204421,-3.836789393
Historical Performance,Data,2024 Q2,U13204421,-100
Historical Performance,Data,2024 Q3,U13204421,7.311740512
Historical Performance,Data,2024 Q4,U13204421,-7.401992518
Historical Performance,Header,Year,Account,AccountReturn
Historical Performance,Data,YTD,U13204421,2.878227345
Historical Performance,Data,2025,U13204421,42.591956374
Historical Performance,Data,2024,U13204421,-100
Open Position Summary,MetaInfo,As Of,"January 27, 2026"
Open Position Summary,Header,Date,FinancialInstrument,Currency,Symbol,Description,Sector,Quantity,ClosePrice,Value,Cost Basis,UnrealizedP&L,FXRateToBase
Open Position Summary,Data,01/27/2026,Stocks,USD,ADBE,ADOBE INC,Technology,10,297.42,2974.2,3177.904257,-203.704257,1
Open Position Summary,Data,01/27/2026,Stocks,USD,AI,C3.AI INC-A,Technology,200,12.6,2520,2716.540514,-196.540514,1
Open Position Summary,Data,01/27/2026,Stocks,USD,APLD,APPLIED DIGITAL CORP,Technology,125,41.35,5168.75,4559.573969,609.176031,1
Open Position Summary,Data,01/27/2026,Stocks,USD,CELH,CELSIUS HOLDINGS INC,Consumer Non-Cyc,80,55.51,4440.8,3293.488017,1147.311983,1
Open Position Summary,Data,01/27/2026,Stocks,USD,CHPT,CHARGEPOINT HOLDINGS INC,Industrials,300,6.49,1947,2137.060772,-190.060772,1
Open Position Summary,Data,01/27/2026,Stocks,USD,DDOG,DATADOG INC - CLASS A,Technology,30,138.21,4146.3,3755.451257,390.848743,1
Open Position Summary,Data,01/27/2026,Stocks,USD,DKNG,DRAFTKINGS INC-CL A,Consumer Cyclicals,100,30.11,3011,3500.070514,-489.070514,1
Open Position Summary,Data,01/27/2026,Stocks,USD,LULU,LULULEMON ATHLETICA INC,Consumer Cyclicals,25,186.39,4659.75,4274.668307,385.081693,1
Open Position Summary,Data,01/27/2026,Stocks,USD,MDLZ,MONDELEZ INTERNATIONAL INC-A,Consumer Non-Cyc,190,59.02,11213.8,10751.692669,462.107331,1
Open Position Summary,Data,01/27/2026,Stocks,USD,MRVL,MARVELL TECHNOLOGY INC,Technology,100,82.93,8293,8838.974928,-545.974928,1
Open Position Summary,Data,01/27/2026,Stocks,USD,NKE,NIKE INC -CL B,Consumer Cyclicals,100,63.09,6309,6673.795257,-364.795257,1
Open Position Summary,Data,01/27/2026,Stocks,USD,NOW,SERVICENOW INC,Technology,20,131.8,2636,2806.544257,-170.544257,1
Open Position Summary,Data,01/27/2026,Stocks,USD,NVDA,NVIDIA CORP,Technology,20,188.52,3770.4,4189.458697,-419.058697,1
Open Position Summary,Data,01/27/2026,Stocks,USD,PYPL,PAYPAL HOLDINGS INC,Financials,100,55.51,5551,6151.020257,-600.020257,1
Open Position Summary,Data,01/27/2026,Stocks,USD,STLA,STELLANTIS NV,Consumer Cyclicals,220,9.75,2145,2656.955906,-511.955906,1
Open Position Summary,Data,01/27/2026,Stocks,USD,UNH,UNITEDHEALTH GROUP INC,Healthcare,15,282.7,4240.5,5064.175757,-823.675757,1
Open Position Summary,Data,Total,Stocks,USD,,,,,,73026.5,74547.375335,-1520.875335
Open Position Summary,Data,01/27/2026,Cash,USD,USD,United States Dollar,Cash,12032.610211,1,12032.610211, , ,1
Projected Income,MetaInfo,As Of,"January 27, 2026"
Projected Income,Header,Financial Instrument,Symbol,Description,Frequency,Quantity,Price,Value,Current Yield %,Principal,Estimated Annual Income,Estimated 2026 Remaining Income
Projected Income,Data,Stocks,MDLZ,Ordinary Dividend,4,190,59.02,11213.8,3.388681803,-,380,380
Projected Income,Data,Stocks,MRVL,Ordinary Dividend,4,100,82.93,8293,0.289400699,-,24,18
Projected Income,Data,Stocks,NKE,Ordinary Dividend,4,100,63.09,6309,2.599461087,-,164,164
Projected Income,Data,Stocks,NVDA,Ordinary Dividend,4,20,188.52,3770.4,0.021217908,-,0.8,0.8
Projected Income,Data,Stocks,PYPL,Ordinary Dividend,4,100,55.51,5551,1.008827238,-,56,56
Projected Income,Data,Stocks,STLA,Ordinary Dividend,1,220,9.75,2145,7.934698057,-,170.199273315,170.199273315
Projected Income,Data,Stocks,UNH,Ordinary Dividend,4,15,282.7,4240.5,3.126989742,-,132.6,132.6
Projected Income,Data,,Total,,,,,41522.7,2.233957024,,927.599273315,921.599273315
Trade Summary,MetaInfo,Analysis Period,"December 27, 2023 - January 27, 2026"
Trade Summary,Header,Financial Instrument,Currency,Symbol,Description,Sector,Quantity Bought,Average Price Bought,Proceeds Bought,Proceeds Bought in Base,Quantity Sold,Average Price Sold,Proceeds Sold,Proceeds Sold in Base
Trade Summary,Data,ETFs,United States Dollar,SOXL,DIREXION DAILY SEMI BULL 3X,Broad,150,24.595,-3689.25,-3689.25,-150,29.08,4362,4362
Trade Summary,Data,ETFs,United States Dollar,TNA,DIREXION DLY SM CAP BULL 3X,Broad,68,39.17,-2663.56,-2663.56,-68,39.575,2691.1,2691.1
Trade Summary,Data,Stocks,United States Dollar,AA,ALCOA CORP,Basic Materials,120,31.68,-3801.6,-3801.6,-120,32.18,3861.6,3861.6
Trade Summary,Data,Stocks,United States Dollar,AAPL,APPLE INC,Technology,10,185.325,-1853.25,-1853.25,-10,235,2350,2350
Trade Summary,Data,Stocks,United States Dollar,ADBE,ADOBE INC,Technology,15,368.125,-5521.875,-5521.875,-5,526.03,2630.15,2630.15
Trade Summary,Data,Stocks,United States Dollar,AI,C3.AI INC-A,Technology,200,13.4275,-2685.5,-2685.5,0,0,0,0
Trade Summary,Data,Stocks,United States Dollar,AMD,ADVANCED MICRO DEVICES,Technology,75,138.278693333,-10370.902,-10370.902,-75,202.988,15224.1,15224.1
Trade Summary,Data,Stocks,United States Dollar,AMZN,AMAZON.COM INC,Consumer Cyclicals,35,189.45,-6630.75,-6630.75,-35,219.202857143,7672.1,7672.1
Trade Summary,Data,Stocks,United States Dollar,APLD,APPLIED DIGITAL CORP,Technology,1675,16.882164179,-28277.625,-28277.625,-1550,21.877225806,33909.7,33909.7
Trade Summary,Data,Stocks,United States Dollar,BABA,ALIBABA GROUP HOLDING-SP ADR,Technology,20,74.72,-1494.4,-1494.4,-20,75.29,1505.8,1505.8
Trade Summary,Data,Stocks,United States Dollar,CELH,CELSIUS HOLDINGS INC,Consumer Non-Cyc,260,39.846576923,-10360.11,-10360.11,-180,46.583702778,8385.0665,8385.0665
Trade Summary,Data,Stocks,United States Dollar,CHPT,CHARGEPOINT HOLDINGS INC,Industrials,300,7.01,-2103,-2103,0,0,0,0
Trade Summary,Data,Stocks,United States Dollar,CRWD,CROWDSTRIKE HOLDINGS INC - A,Technology,10,431.99,-4319.9,-4319.9,-10,490.3659,4903.659,4903.659
Trade Summary,Data,Stocks,United States Dollar,DDOG,DATADOG INC - CLASS A,Technology,30,124.31,-3729.3,-3729.3,0,0,0,0
Trade Summary,Data,Stocks,United States Dollar,DIS,WALT DISNEY CO/THE,Telecomm,7,96.82,-677.74,-677.74,-7,115.630171429,809.4112,809.4112
Trade Summary,Data,Stocks,United States Dollar,DKNG,DRAFTKINGS INC-CL A,Consumer Cyclicals,100,34.467,-3446.7,-3446.7,0,0,0,0
Trade Summary,Data,Stocks,United States Dollar,EPAM,EPAM SYSTEMS INC,Technology,20,158.435,-3168.7,-3168.7,-20,149.75,2995,2995
Trade Summary,Data,Stocks,United States Dollar,FLR,FLUOR CORP,Industrials,75,42.88,-3216,-3216,-75,41.465,3109.875,3109.875
Trade Summary,Data,Stocks,United States Dollar,GNTX,GENTEX CORP,Consumer Cyclicals,65,22.14,-1439.1,-1439.1,-65,27.63,1795.95,1795.95
Trade Summary,Data,Stocks,United States Dollar,GOLD.OLD,BARRICK MINING CORP,Basic Materials,100,14.9525,-1495.25,-1495.25,-100,14.33125,1433.125,1433.125
Trade Summary,Data,Stocks,United States Dollar,GOOG,ALPHABET INC-CL C,Telecomm,30,164.695583333,-4940.8675,-4940.8675,-30,210.862,6325.86,6325.86
Trade Summary,Data,Stocks,United States Dollar,HAL,HALLIBURTON CO,Energy,125,21.715,-2714.375,-2714.375,-125,22.615,2826.875,2826.875
Trade Summary,Data,Stocks,United States Dollar,INTC,INTEL CORP,Technology,620,29.220193548,-18116.52,-18116.52,-620,33.285532258,20637.03,20637.03
Trade Summary,Data,Stocks,United States Dollar,ISRG,INTUITIVE SURGICAL INC,Healthcare,10,525.7,-5257,-5257,-10,529.445,5294.45,5294.45
Trade Summary,Data,Stocks,United States Dollar,LCID,LUCID GROUP INC,Consumer Cyclicals,200,22.3825,-4476.5,-4476.5,-420,14.007857143,5883.3,5883.3
Trade Summary,Data,Stocks,United States Dollar,LCID.OLD,LUCID GROUP INC,Consumer Cyclicals,2200,2.2525,-4955.5,-4955.5,0,0,0,0
Trade Summary,Data,Stocks,United States Dollar,LRCX,LAM RESEARCH CORP,Technology,80,123.6045,-9888.36,-9888.36,-80,126.5965,10127.72,10127.72
Trade Summary,Data,Stocks,United States Dollar,LULU,LULULEMON ATHLETICA INC,Consumer Cyclicals,25,169.946,-4248.65,-4248.65,0,0,0,0
Trade Summary,Data,Stocks,United States Dollar,MDLZ,MONDELEZ INTERNATIONAL INC-A,Consumer Non-Cyc,250,56.577,-14144.25,-14144.25,-60,57.6422,3458.532,3458.532
Trade Summary,Data,Stocks,United States Dollar,MRNA,MODERNA INC,Healthcare,220,26.395454545,-5807,-5807,-220,25.563727273,5624.02,5624.02
Trade Summary,Data,Stocks,United States Dollar,MRVL,MARVELL TECHNOLOGY INC,Technology,180,78.858261111,-14194.487,-14194.487,-80,82.880375,6630.43,6630.43
Trade Summary,Data,Stocks,United States Dollar,MSFT,MICROSOFT CORP,Technology,5,423.56,-2117.8,-2117.8,-5,435.28,2176.4,2176.4
Trade Summary,Data,Stocks,United States Dollar,NFLX,NETFLIX INC,Telecomm,38,330.133157895,-12545.06,-12545.06,-38,301.250526316,11447.52,11447.52
Trade Summary,Data,Stocks,United States Dollar,NKE,NIKE INC -CL B,Consumer Cyclicals,155,65.863064516,-10208.775,-10208.775,-55,73.406818182,4037.375,4037.375
Trade Summary,Data,Stocks,United States Dollar,NOW,SERVICENOW INC,Technology,20,139.03,-2780.6,-2780.6,0,0,0,0
Trade Summary,Data,Stocks,United States Dollar,NVDA,NVIDIA CORP,Technology,155,143.685064516,-22271.185,-22271.185,-135,157.577407407,21272.95,21272.95
Trade Summary,Data,Stocks,United States Dollar,NVO,NOVO-NORDISK A/S-SPONS ADR,Healthcare,100,50.1277,-5012.77,-5012.77,-100,59.9107,5991.07,5991.07
Trade Summary,Data,Stocks,United States Dollar,PYPL,PAYPAL HOLDINGS INC,Financials,168,64.04752381,-10759.984,-10759.984,-68,67.930588235,4619.28,4619.28
Trade Summary,Data,Stocks,United States Dollar,SBUX,STARBUCKS CORP,Consumer Cyclicals,20,84.67,-1693.4,-1693.4,-20,82.716,1654.32,1654.32
Trade Summary,Data,Stocks,United States Dollar,SKX,SKECHERS USA INC-CL A,Consumer Cyclicals,80,56.02,-4481.6,-4481.6,-80,61.545,4923.6,4923.6
Trade Summary,Data,Stocks,United States Dollar,SNAP,SNAP INC - A,Technology,300,8.7093,-2612.79,-2612.79,-300,8.1507,2445.21,2445.21
Trade Summary,Data,Stocks,United States Dollar,SNOW,SNOWFLAKE INC,Technology,60,184.310383333,-11058.623,-11058.623,-60,209.6,12576,12576
Trade Summary,Data,Stocks,United States Dollar,SOFI,SOFI TECHNOLOGIES INC,Financials,150,14.345,-2151.75,-2151.75,-150,19.12,2868,2868
Trade Summary,Data,Stocks,United States Dollar,STLA,STELLANTIS NV,Consumer Cyclicals,220,11.819545455,-2600.3,-2600.3,0,0,0,0
Trade Summary,Data,Stocks,United States Dollar,TSLA,TESLA INC,Consumer Cyclicals,12.9666,397.015515093,-5147.941378,-5147.941378,-12.9666,463.118509093,6005.07246,6005.07246
Trade Summary,Data,Stocks,United States Dollar,TTWO,TAKE-TWO INTERACTIVE SOFTWRE,Telecomm,10,226.8751,-2268.751,-2268.751,-10,235.32,2353.2,2353.2
Trade Summary,Data,Stocks,United States Dollar,UNH,UNITEDHEALTH GROUP INC,Healthcare,45,332.874244444,-14979.341,-14979.341,-30,360.15,10804.5,10804.5
Deposits And Withdrawals,MetaInfo,Analysis Period,"December 27, 2023 - January 27, 2026"
Deposits And Withdrawals,Header,Date,Type,Description,Amount
Deposits And Withdrawals,Data,12/27/23,DEPOSIT,Cash Receipts / Electronic Fund Transfers ,2425
Deposits And Withdrawals,Data,12/28/23,DEPOSIT,Cash Receipts / Electronic Fund Transfers ,2418
Deposits And Withdrawals,Data,11/04/24,DEPOSIT,Cash Receipts / Electronic Fund Transfers ,20500
Deposits And Withdrawals,Data,03/25/25,DEPOSIT,Cash Receipts / Electronic Fund Transfers ,25500
Deposits And Withdrawals,Data,10/28/25,DEPOSIT,Cash Receipts / Electronic Fund Transfers ,10000
Corporate Actions,MetaInfo,Analysis Period,"December 27, 2023 - January 27, 2026"
Corporate Actions,Header,Date,Type,Description,Quantity
Corporate Actions,Data,20250901,Split,LCID.OLD(US5494981039) SPLIT 1 FOR 10,-2200
Corporate Actions,Data,20250901,Split,LCID.OLD(US5494981039) SPLIT 1 FOR 10,220
Dividends,MetaInfo,Analysis Period,"December 27, 2023 - January 27, 2026"
Dividends,Header,PayDate,Ex-Date,Symbol,Quantity,DividendPerShare,Amount
Dividends,Data,20240215,20240209,AAPL,10,0.24,2.4
Dividends,Data,20240315,20240228,GOLD.OLD,50,0.10,5
Dividends,Data,20240326,20240319,TNA,68,0.03,1.8
Dividends,Data,20240516,20240510,AAPL,10,0.25,2.5
Dividends,Data,20240815,20240812,AAPL,10,0.25,2.5
Dividends,Data,20241001,20240903,NKE,15,0.37,5.55
Dividends,Data,20241114,20241108,AAPL,10,0.25,2.5
Dividends,Data,20241212,20241121,MSFT,5,0.83,4.15
Dividends,Data,20241216,20241209,GOOG,10,0.20,2
Dividends,Data,20241227,20241205,NVDA,35,0.01,0.35
Dividends,Data,20250102,20241202,NKE,15,0.40,6
Dividends,Data,20250108,20241211,LRCX,20,0.23,4.6
Dividends,Data,20250313,20250220,MSFT,5,0.83,4.15
Dividends,Data,20250317,20250310,GOOG,10,0.20,2
Dividends,Data,20250401,20250303,NKE,15,0.40,6
Dividends,Data,20250402,20250312,NVDA,35,0.01,0.35
Dividends,Data,20250409,20250305,LRCX,20,0.23,4.6
Dividends,Data,20250505,20250423,STLA,120,0.77,92.84
Dividends,Data,20250616,20250609,GOOG,30,0.21,6.3
Dividends,Data,20250701,20250602,NKE,40,0.40,16
Dividends,Data,20250703,20250611,NVDA,95,0.01,0.95
Dividends,Data,20250723,20250709,GNTX,65,0.12,7.8
Dividends,Data,20250923,20250915,UNH,20,2.21,44.2
Dividends,Data,20251002,20250911,NVDA,20,0.01,0.2
Dividends,Data,20251030,20251010,MRVL,140,0.06,8.4
Dividends,Data,20251226,20251204,NVDA,20,0.01,0.2
Dividends,Data,20260114,20251231,MDLZ,250,0.50,125
Interest Details,MetaInfo,Analysis Period,"December 27, 2023 - January 27, 2026"
Interest Details,Header,Date,Description,Amount
Interest Details,Data,20240605,USD Debit Interest Paid for May 2024,-0.02
Notes and Disclosure,Header,Type,Note
Notes and Disclosure,Data,General,"1. The Net Asset Value (NAV) consists of all positions by financial instrument (stock, securities options, warrants, bonds, cash, etc.). All non-base currency amounts are converted to the base currency at the close of period rate."
Notes and Disclosure,Data,General,2. The gain or loss from future contracts settle into cash each night. The notional value is used when computing the contribution to return.
Notes and Disclosure,Data,General,"3. Dividend accruals, interest accruals, and insured deposits are included in cash amounts throughout the report."
Notes and Disclosure,Data,General,4. Price valuations are obtained from outside parties. Clearing Broker shall have no responsibility for the accuracy or timeliness of any such price valuation.
Notes and Disclosure,Data,General,5. Data from Thomson Reuters Business Classifications and Lipper Global is used to derive our sector classifications. Funds with assorted sector allocations are classified as Broad.
Notes and Disclosure,Data,General,"6. Amounts are formatted to two decimal places. If amounts are greater than two decimal places, Clearing Broker uses "half-even" rounding. This means that Clearing Broker rounds such amounts up to the nearest even number."
Notes and Disclosure,Data,General,"7. For accounts opened and funded before 2009, reports with a time period of Since Inception will only include data going back to January 1, 2009. This includes some default reports and both Historical Performance reports."
Notes and Disclosure,Data,General,"8. If you have elected to trade cryptocurrency/digital asset products at Crypto Provider through the Clearing Broker platform, for your convenience your positions in your linked account at Crypto Provider are reflected in PortfolioAnalyst in connection with your Clearing Broker account."
Notes and Disclosure,Data,Section,1. Account Overview: The deposit/withdrawal amount displayed includes internal transfers along with cash and position transfers.
Notes and Disclosure,Data,Section,2. Projected Income: The Estimated Annual Income and Estimated Remaining Income in the Projected Income report assume dividend and bond payments remain constant throughout the year. These positions and interest rates are based on the previous business day.
Notes and Disclosure,Data,Section,"3. Risk Measures: Historical US 3 Month Treasury Bill rates are used as the risk free rates when calculating Alpha, the Sharpe ratio, the Sortino ratio, and the downside deviation."
Notes and Disclosure,Data,Disclosure,"This portfolio report was generated using Clearing Broker's PortfolioAnalyst tool, which allows Clearing Broker clients to generate analyses of their accounts using market data provided by third parties along with trade and account data contained in Clearing Broker's systems. This report is for information purposes only and is provided AS IS. Clearing Broker makes no warranty of any kind, express or implied, as to this report and its contents. The data provided for use in the PortfolioAnalyst tool is believed to be accurate, but completeness and accuracy of the information is not guaranteed, and Clearing Broker has no liability with respect thereto. The data regarding accounts held outside of Clearing Broker is obtained either directly from your input or from the financial institutions holding those accounts through a third-party service provider and Clearing Broker has NOT reviewed its accuracy.

The material in this report is intended only as a reference and should not be relied upon for the maintenance of your books and records for tax, accounting, financial, or regulatory reporting or for any other purposes. This report is not an offer or a solicitation of an offer to buy or sell any security. This material does not, and is not intended to, take into account the particular financial conditions, investment objectives, or requirements of individual customers. Before acting on any material within this report, you should consider whether it is suitable for your particular circumstances and as necessary, seek professional advice."
