Introduction,Header,Name,Account,Alias,BaseCurrency,AccountType,AnalysisPeriod,PerformanceMeasure
Introduction,Data,Edwin G Monteagudo Espinoza,U18165834,,USD,Individual (Broker Client),"March 26, 2025 to January 27, 2026 (Daily)",TWR
Key Statistics,MetaInfo,Analysis Period,"March 26, 2025 - January 27, 2026"
Key Statistics,Header,BeginningNAV,EndingNAV,CumulativeReturn,5DayReturn,5DayReturnDateRange,10DayReturn,10DayReturnDateRange,BestReturn,BestReturnDate,WorstReturn,WorstReturnDate,MTM,Deposits & Withdrawals,Dividends,Interest,Fees & Commissions,Other,ChangeInNAV
Key Statistics,Data,0,4734.50034,15.213437227,1.823335465,20260121 - 20260127,-1.498586192,20260114 - 20260127,10.07538937,20250409,-4.03406191,20251010,655.7947,4109.33,34.65,0,-53.884155,-11.390205,4734.50034
Historical Performance,MetaInfo,Analysis Period,"March 26, 2025 - January 27, 2026"
Historical Performance,Header,Account,MTD,QTD,YTD,Since Inception
Historical Performance,Data,U18165834,-3.632433152,-3.632433152,-3.632433152,15.213437227
Historical Performance,Header,Month,Account,AccountReturn
Historical Performance,Data,202501,U18165834,-
Historical Performance,Data,202502,U18165834,-
Historical Performance,Data,202503,U18165834,-
Historical Performance,Data,202504,U18165834,13.802453472
Historical Performance,Data,202505,U18165834,0
Historical Performance,Data,202506,U18165834,0
Historical Performance,Data,202507,U18165834,-1.569884991
Historical Performance,Data,202508,U18165834,3.284306707
Historical Performance,Data,202509,U18165834,4.386716584
Historical Performance,Data,202510,U18165834,1.109955377
Historical Performance,Data,202511,U18165834,-4.69038537
Historical Performance,Data,202512,U18165834,2.72648158
Historical Performance,Header,Quarter,Account,AccountReturn
Historical Performance,Data,2025 Q1,U18165834,-
Historical Performance,Data,2025 Q2,U18165834,13.802453472
Historical Performance,Data,2025 Q3,U18165834,6.1225235
Historical Performance,Data,2025 Q4,U18165834,-1.0050488
Historical Performance,Header,Year,Account,AccountReturn
Historical Performance,Data,YTD,U18165834,-3.632433152
Open Position Summary,MetaInfo,As Of,"January 27, 2026"
Open Position Summary,Header,Date,FinancialInstrument,Currency,Symbol,Description,Sector,Quantity,ClosePrice,Value,Cost Basis,UnrealizedP&L,FXRateToBase
Open Position Summary,Data,01/27/2026,Stocks,USD,ADBE,ADOBE INC,Technology,4.1442,297.42,1232.57,1508.385009,-275.815009,1
Open Position Summary,Data,01/27/2026,Stocks,USD,JD,JD.COM INC-ADR,Consumer Cyclicals,50.497,29.5,1489.66,1609.192365,-119.532365,1
Open Position Summary,Data,Total,Stocks,USD,,,,,,2722.23,3117.577374,-395.347374
Open Position Summary,Data,01/27/2026,Cash,USD,USD,United States Dollar,Cash,2012.27034,1,2012.27034, , ,1
Performance by Symbol,MetaInfo,Analysis Period,"March 26, 2025 - January 27, 2026"
Performance by Symbol,Header,Symbol,Description,FinancialInstrument,Sector,AvgWeight,Return,Contribution,Unrealized_P&L,Realized_P&L,Open
Performance by Symbol,Data,QYLD,GLOBAL X NASD 100 COV CALL,ETFs,Broad,51.353604194,9.841589583,5.092982824,0.00,208.76,No
Performance by Symbol,Data,Total ETFs,,,,51.353604194,9.841589583,5.092982824,0.00,208.76,
Performance by Symbol,Data,AAPL,APPLE INC,Stocks,Technology,34.84048741,31.923834021,12.856585384,0.00,532.77,No
Performance by Symbol,Data,ADBE,ADOBE INC,Stocks,Technology,29.45301883,-18.285451498,-5.533297693,-275.82,0.00,Yes
Performance by Symbol,Data,JD,JD.COM INC-ADR,Stocks,Consumer Cyclicals,32.987323813,-7.49023971,-2.288312399,-119.53,0.00,Yes
Performance by Symbol,Data,UPS,UNITED PARCEL SERVICE-CL B,Stocks,Industrials,38.058076833,16.226650329,5.854260543,0.00,255.73,No
Performance by Symbol,Data,Total Stocks,,,,84.655580662,19.651300463,9.983009274,-395.35,788.51,
Performance by Symbol,Data,USD,United States Dollar,Cash,Cash,43.655372581,0.000001397,-0.000000008,,,Yes
Performance by Symbol,Data,Total Cash,,,,43.655372581,0.000001397,-0.000000008,,,
Performance by Symbol,Data,Total,,,,100,15.213437227,15.213437227,-395.35,997.27,
Projected Income,MetaInfo,As Of,"January 27, 2026"
Projected Income,Header,Financial Instrument,Symbol,Description,Frequency,Quantity,Price,Value,Current Yield %,Principal,Estimated Annual Income,Estimated 2026 Remaining Income
Projected Income,Data,Stocks,JD,Ordinary Dividend,1,50.497,29.5,1489.66,3.389833922,-,50.497,50.497
Projected Income,Data,,Total,,,,,1489.66,3.389833922,,50.497,50.497
Trade Summary,MetaInfo,Analysis Period,"March 26, 2025 - January 27, 2026"
Trade Summary,Header,Financial Instrument,Currency,Symbol,Description,Sector,Quantity Bought,Average Price Bought,Proceeds Bought,Proceeds Bought in Base,Quantity Sold,Average Price Sold,Proceeds Sold,Proceeds Sold in Base
Trade Summary,Data,ETFs,United States Dollar,QYLD,GLOBAL X NASD 100 COV CALL,Broad,140,15.15,-2121,-2121,-140,16.65,2331,2331
Trade Summary,Data,Stocks,United States Dollar,AAPL,APPLE INC,Technology,18.1307,191.550191223,-3472.939052,-3472.939052,-18.1307,221.909602277,4023.376426,4023.376426
Trade Summary,Data,Stocks,United States Dollar,ADBE,ADOBE INC,Technology,4.1442,361.943301964,-1499.965432,-1499.965432,0,0,0,0
Trade Summary,Data,Stocks,United States Dollar,JD,JD.COM INC-ADR,Consumer Cyclicals,50.497,31.685,-1599.997445,-1599.997445,0,0,0,0
Trade Summary,Data,Stocks,United States Dollar,UPS,UNITED PARCEL SERVICE-CL B,Industrials,20,85.755,-1715.1,-1715.1,-20,99.41,1988.2,1988.2
Deposits And Withdrawals,MetaInfo,Analysis Period,"March 26, 2025 - January 27, 2026"
Deposits And Withdrawals,Header,Date,Type,Description,Amount
Deposits And Withdrawals,Data,03/26/25,DEPOSIT,Cash Receipts / Electronic Fund Transfers (from Nium Pte Ltd ) ,40.28
Deposits And Withdrawals,Data,03/26/25,DEPOSIT,Cash Receipts / Electronic Fund Transfers (from Nium Pte Ltd ) ,4069.05
Dividends,MetaInfo,Analysis Period,"March 26, 2025 - January 27, 2026"
Dividends,Header,PayDate,Ex-Date,Symbol,Quantity,DividendPerShare,Amount
Dividends,Data,20250814,20250811,AAPL,7.1307,0.26,1.85
Dividends,Data,20251204,20251117,UPS,20,1.64,32.8
Notes and Disclosure,Header,Type,Note
Notes and Disclosure,Data,General,"1. The Net Asset Value (NAV) consists of all positions by financial instrument (stock, securities options, warrants, bonds, cash, etc.). All non-base currency amounts are converted to the base currency at the close of period rate."
Notes and Disclosure,Data,General,2. The gain or loss from future contracts settle into cash each night. The notional value is used when computing the contribution to return.
Notes and Disclosure,Data,General,"3. Dividend accruals, interest accruals, and insured deposits are included in cash amounts throughout the report."
Notes and Disclosure,Data,General,4. Price valuations are obtained from outside parties. Clearing Broker shall have no responsibility for the accuracy or timeliness of any such price valuation.
Notes and Disclosure,Data,General,5. Data from Thomson Reuters Business Classifications and Lipper Global is used to derive our sector classifications. Funds with assorted sector allocations are classified as Broad.
Notes and Disclosure,Data,General,"6. Amounts are formatted to two decimal places. If amounts are greater than two decimal places, Clearing Broker uses "half-even" rounding. This means that Clearing Broker rounds such amounts up to the nearest even number."
Notes and Disclosure,Data,General,"7. For accounts opened and funded before 2009, reports with a time period of Since Inception will only include data going back to January 1, 2009. This includes some default reports and both Historical Performance reports."
Notes and Disclosure,Data,General,"8. If you have elected to trade cryptocurrency/digital asset products at Crypto Provider through the Clearing Broker platform, for your convenience your positions in your linked account at Crypto Provider are reflected in PortfolioAnalyst in connection with your Clearing Broker account."
Notes and Disclosure,Data,Section,1. Account Overview: The deposit/withdrawal amount displayed includes internal transfers along with cash and position transfers.
Notes and Disclosure,Data,Section,2. Projected Income: The Estimated Annual Income and Estimated Remaining Income in the Projected Income report assume dividend and bond payments remain constant throughout the year. These positions and interest rates are based on the previous business day.
Notes and Disclosure,Data,Section,"3. Risk Measures: Historical US 3 Month Treasury Bill rates are used as the risk free rates when calculating Alpha, the Sharpe ratio, the Sortino ratio, and the downside deviation."
Notes and Disclosure,Data,Disclosure,"This portfolio report was generated using Clearing Broker's PortfolioAnalyst tool, which allows Clearing Broker clients to generate analyses of their accounts using market data provided by third parties along with trade and account data contained in Clearing Broker's systems. This report is for information purposes only and is provided AS IS. Clearing Broker makes no warranty of any kind, express or implied, as to this report and its contents. The data provided for use in the PortfolioAnalyst tool is believed to be accurate, but completeness and accuracy of the information is not guaranteed, and Clearing Broker has no liability with respect thereto. The data regarding accounts held outside of Clearing Broker is obtained either directly from your input or from the financial institutions holding those accounts through a third-party service provider and Clearing Broker has NOT reviewed its accuracy.

The material in this report is intended only as a reference and should not be relied upon for the maintenance of your books and records for tax, accounting, financial, or regulatory reporting or for any other purposes. This report is not an offer or a solicitation of an offer to buy or sell any security. This material does not, and is not intended to, take into account the particular financial conditions, investment objectives, or requirements of individual customers. Before acting on any material within this report, you should consider whether it is suitable for your particular circumstances and as necessary, seek professional advice."
