Introduction,Header,Name,Account,Alias,BaseCurrency,AccountType,AnalysisPeriod,PerformanceMeasure
Introduction,Data,emma g bonicelli zegarra de quintana,U6731346,,USD,Individual (Broker Client),"August 11, 2021 to January 27, 2026 (Daily)",TWR
Key Statistics,MetaInfo,Analysis Period,"August 11, 2021 - January 27, 2026"
Key Statistics,Header,BeginningNAV,EndingNAV,CumulativeReturn,5DayReturn,5DayReturnDateRange,10DayReturn,10DayReturnDateRange,BestReturn,BestReturnDate,WorstReturn,WorstReturnDate,MTM,Deposits & Withdrawals,Dividends,Interest,Fees & Commissions,Other,ChangeInNAV
Key Statistics,Data,0,1136.882915564,87.24831476,-0,20260121 - 20260127,0,20260114 - 20260127,31.896423579,20250206,-2.543263027,20240709,-15712.748775999,-14769.38,38624.3304,1673.8986687,-3639.445664952,-5039.771712184,1136.882915564
Historical Performance,MetaInfo,Analysis Period,"August 11, 2021 - January 27, 2026"
Historical Performance,Header,Account,MTD,QTD,YTD,1 Year,3 Year,Since Inception
Historical Performance,Data,U6731346,0,0,0,53.552062338,86.805518657,87.248314709
Historical Performance,Header,Month,Account,AccountReturn
Historical Performance,Data,202501,U6731346,40.318365434
Historical Performance,Data,202502,U6731346,35.675125713
Historical Performance,Data,202503,U6731346,0
Historical Performance,Data,202504,U6731346,0
Historical Performance,Data,202505,U6731346,0
Historical Performance,Data,202506,U6731346,0
Historical Performance,Data,202507,U6731346,0
Historical Performance,Data,202508,U6731346,0
Historical Performance,Data,202509,U6731346,0
Historical Performance,Data,202510,U6731346,0
Historical Performance,Data,202511,U6731346,0
Historical Performance,Data,202512,U6731346,0
Historical Performance,Data,202401,U6731346,-0.048893254
Historical Performance,Data,202402,U6731346,0.079053516
Historical Performance,Data,202403,U6731346,0.378544757
Historical Performance,Data,202404,U6731346,-1.025846629
Historical Performance,Data,202405,U6731346,-0.33848001
Historical Performance,Data,202406,U6731346,-1.09436199
Historical Performance,Data,202407,U6731346,-3.621593357
Historical Performance,Data,202408,U6731346,-1.14804843
Historical Performance,Data,202409,U6731346,0
Historical Performance,Data,202410,U6731346,0
Historical Performance,Data,202411,U6731346,0
Historical Performance,Data,202412,U6731346,0
Historical Performance,Data,202301,U6731346,5.686174654
Historical Performance,Data,202302,U6731346,-1.655229467
Historical Performance,Data,202303,U6731346,0.882137876
Historical Performance,Data,202304,U6731346,1.289522302
Historical Performance,Data,202305,U6731346,-2.449388288
Historical Performance,Data,202306,U6731346,2.223007372
Historical Performance,Data,202307,U6731346,1.553574113
Historical Performance,Data,202308,U6731346,-1.976509889
Historical Performance,Data,202309,U6731346,-3.343230795
Historical Performance,Data,202310,U6731346,-3.900476068
Historical Performance,Data,202311,U6731346,7.595495939
Historical Performance,Data,202312,U6731346,5.262538774
Historical Performance,Data,202201,U6731346,3.215343744
Historical Performance,Data,202202,U6731346,-1.699072154
Historical Performance,Data,202203,U6731346,-1.071240463
Historical Performance,Data,202204,U6731346,-2.547752017
Historical Performance,Data,202205,U6731346,1.00975535
Historical Performance,Data,202206,U6731346,-1.260578112
Historical Performance,Data,202207,U6731346,0.467341263
Historical Performance,Data,202208,U6731346,-0.976113627
Historical Performance,Data,202209,U6731346,-9.28243367
Historical Performance,Data,202210,U6731346,0.536064917
Historical Performance,Data,202211,U6731346,10.207850988
Historical Performance,Data,202212,U6731346,-1.354869181
Historical Performance,Data,202101,U6731346,-
Historical Performance,Data,202102,U6731346,-
Historical Performance,Data,202103,U6731346,-
Historical Performance,Data,202104,U6731346,-
Historical Performance,Data,202105,U6731346,-
Historical Performance,Data,202106,U6731346,-
Historical Performance,Data,202107,U6731346,-
Historical Performance,Data,202108,U6731346,-
Historical Performance,Data,202109,U6731346,-1.162940531
Historical Performance,Data,202110,U6731346,0.549567325
Historical Performance,Data,202111,U6731346,-0.688360167
Historical Performance,Data,202112,U6731346,0.041998728
Historical Performance,Header,Quarter,Account,AccountReturn
Historical Performance,Data,2025 Q1,U6731346,90.377118702
Historical Performance,Data,2025 Q2,U6731346,0
Historical Performance,Data,2025 Q3,U6731346,0
Historical Performance,Data,2025 Q4,U6731346,0
Historical Performance,Data,2024 Q1,U6731346,0.408780391
Historical Performance,Data,2024 Q2,U6731346,-2.44032367
Historical Performance,Data,2024 Q3,U6731346,-4.728064142
Historical Performance,Data,2024 Q4,U6731346,0
Historical Performance,Data,2023 Q1,U6731346,4.853692057
Historical Performance,Data,2023 Q2,U6731346,1.005069926
Historical Performance,Data,2023 Q3,U6731346,-3.781706808
Historical Performance,Data,2023 Q4,U6731346,8.840159173
Historical Performance,Data,2022 Q1,U6731346,0.374742431
Historical Performance,Data,2022 Q2,U6731346,-2.804588894
Historical Performance,Data,2022 Q3,U6731346,-9.748117915
Historical Performance,Data,2022 Q4,U6731346,9.297460033
Historical Performance,Data,2021 Q1,U6731346,-
Historical Performance,Data,2021 Q2,U6731346,-
Historical Performance,Data,2021 Q3,U6731346,-
Historical Performance,Data,2021 Q4,U6731346,-0.100636997
Historical Performance,Header,Year,Account,AccountReturn
Historical Performance,Data,YTD,U6731346,0
Historical Performance,Data,2025,U6731346,90.377118702
Historical Performance,Data,2024,U6731346,-6.673058665
Historical Performance,Data,2023,U6731346,10.910769346
Historical Performance,Data,2022,U6731346,-3.76422642
Open Position Summary,MetaInfo,As Of,"January 27, 2026"
Open Position Summary,Header,Date,FinancialInstrument,Currency,Symbol,Description,Sector,Quantity,ClosePrice,Value,Cost Basis,UnrealizedP&L,FXRateToBase
Open Position Summary,Data,01/27/2026,Stocks,USD,QIWI,QIWI PLC-SPONSORED ADR,Industrials,200,5.67,1134,1305,-171,1
Open Position Summary,Data,Total,Stocks,USD,,,,,,1134,1305,-171
Open Position Summary,Data,01/27/2026,Cash,USD,USD,United States Dollar,Cash,2.882913,1,2.882913, , ,1
Performance by Symbol,MetaInfo,Analysis Period,"August 11, 2021 - January 27, 2026"
Performance by Symbol,Header,Symbol,Description,FinancialInstrument,Sector,AvgWeight,Return,Contribution,Unrealized_P&L,Realized_P&L,Open
Performance by Symbol,Data,2828,HANGSENG CHINA ENT INDEX,ETFs,Broad,16.969826228,-18.171786064,-3.311386417,0.00,"-10,282.84",No
Performance by Symbol,Data,3033,CSOP HANG SENG TECH INDE,ETFs,Technology,1.044751809,-24.39805642,-0.292097353,0.00,-958.61,No
Performance by Symbol,Data,BWX,SPDR BLOOMBERG INT TREASURY,ETFs,Broad,7.452689142,-0.763483121,-0.019753717,0.00,-263.17,No
Performance by Symbol,Data,CEFD,ETRACS 150% CL END FUND ETN,ETFs,Financials,3.274358862,-26.468810629,0.463418803,0.00,863.96,No
Performance by Symbol,Data,ECH,ISHARES MSCI CHILE ETF,ETFs,Broad,0.448152149,21.255935155,0.09751136,0.00,312.46,No
Performance by Symbol,Data,EMB,ISHARES J.P. MORGAN USD EMERGI,ETFs,Broad,9.114227608,12.175127014,1.103211592,0.00,"2,708.42",No
Performance by Symbol,Data,EMLC,VANECK JPM EM LOCAL CURR BND,ETFs,Broad,7.49862639,8.871478254,0.510105396,0.00,"1,704.79",No
Performance by Symbol,Data,EWZ,ISHARES MSCI BRAZIL ETF,ETFs,Broad,4.214093442,4.526363738,0.186412719,0.00,572.13,No
Performance by Symbol,Data,FNGA,MICROSECTORS FANG+ INDEX 3X,ETFs,Financials,0.648149034,14.427311557,0.0871443,0.00,277.38,No
Performance by Symbol,Data,GLD,SPDR GOLD SHARES,ETFs,Basic Materials,2.470707351,2.031987075,0.049821734,0.00,0.00,No
Performance by Symbol,Data,IEF,ISHARES 7-10 YEAR TREASURY B,ETFs,Government,56.791866246,-1.446940244,-0.817881258,0.00,"-2,723.09",No
Performance by Symbol,Data,IGOV,ISHARES INTERNATIONAL TREASU,ETFs,Broad,7.862139903,1.937984091,0.195198024,0.00,461.37,No
Performance by Symbol,Data,JEPI,JPMORGAN EQUITY PREMIUM INCO,ETFs,Broad,6.921568718,3.447852013,0.242418627,0.00,153.77,No
Performance by Symbol,Data,JETS,US GLOBAL JETS ETF,ETFs,Industrials,0.659538572,36.803300622,0.207140787,0.00,655.31,No
Performance by Symbol,Data,KWEB,KRANESH CSI CHINA INTERNET,ETFs,Technology,1.892072002,18.744589643,0.237963547,0.00,680.71,No
Performance by Symbol,Data,LABU.OLD,DRX DLY S&P BIOTECH BULL 3X,ETFs,Broad,0.713532098,0.749093926,0.005345026,0.00,17.67,No
Performance by Symbol,Data,LQD,ISHARES IBOXX INVESTMENT GRA,ETFs,Broad,2.496153727,0.758696972,0.087309208,0.00,142.85,No
Performance by Symbol,Data,MJ,ETFMG ALTERNATIVE HARVEST,ETFs,Broad,0.336485927,-38.839379249,-0.169835913,0.00,-550.28,No
Performance by Symbol,Data,PCY,INVESCO EMERGING MARKETS SOV,ETFs,Broad,4.797806909,1.739916406,0.264244384,0.00,248.87,No
Performance by Symbol,Data,QYLD,GLOBAL X NASD 100 COV CALL,ETFs,Broad,7.326920313,7.36963243,0.526132558,0.00,"1,307.47",No
Performance by Symbol,Data,RYLD,GLOBAL X RUSSELL 2000 COV CL,ETFs,Broad,7.304159894,0.882942474,0.051471417,0.00,288.22,No
Performance by Symbol,Data,SDIV,GLOBAL X SUPERDIVIDEND ETF,ETFs,Broad,5.602314307,5.346707231,0.538822012,0.00,867.69,No
Performance by Symbol,Data,SHV,ISHARES SHORT TREASURY BOND,ETFs,Government,13.256691493,0.963153366,0.127599367,0.00,208.15,No
Performance by Symbol,Data,SHY,ISHARES 1-3 YEAR TREASURY BO,ETFs,Government,3.67768002,0.21973782,0.017654828,0.00,13.64,No
Performance by Symbol,Data,SLV,ISHARES SILVER TRUST,ETFs,Basic Materials,0.335881306,14.743545994,0.047181197,0.00,154.51,No
Performance by Symbol,Data,TBF,PROSHARES SHORT 20+ TREASURY,ETFs,Broad,0.625699211,6.387750713,0.038148526,0.00,120.44,No
Performance by Symbol,Data,TLT,ISHARES 20+ YEAR TREASURY BD,ETFs,Government,10.020555438,-11.260239973,-0.590088495,0.00,"-2,807.14",No
Performance by Symbol,Data,TMV,DRX DLY 20+ YR TREAS BEAR 3X,ETFs,Broad,0.461666733,14.623264842,0.065080046,0.00,211.04,No
Performance by Symbol,Data,VCLT,VANGUARD LONG-TERM CORP BOND,ETFs,Broad,2.613868728,-9.129283262,-0.252540439,0.00,-873.19,No
Performance by Symbol,Data,VCSH,VANGUARD S/T CORP BOND ETF,ETFs,Broad,5.106058126,-1.797644162,-0.086758887,0.00,-381.67,No
Performance by Symbol,Data,WIP,SPDR FTSE INTERNATIONAL GOVE,ETFs,Broad,2.383502729,3.025330684,0.294159526,0.00,835.52,No
Performance by Symbol,Data,YINN.OLD,DRX DLY FTSE CHINA BULL 3X,ETFs,Broad,0.915602648,9.16480903,0.082693865,0.00,265.10,No
Performance by Symbol,Data,Total ETFs,,,,29.845668384,6.5412843,-0.238873018,0.00,"-5,768.51",
Performance by Symbol,Data,AAPL  211126C00160000,AAPL 26NOV21 160.0 C,Options,Technology,0.003176948,-100,-0.006353897,0.00,-20.60,No
Performance by Symbol,Data,AAPL  211126C00162500,AAPL 26NOV21 162.5 C,Options,Technology,0.014663947,51.705436621,0.007582058,0.00,24.53,No
Performance by Symbol,Data,AAPL  211126C00170000,AAPL 26NOV21 170.0 C,Options,Technology,0.004500395,-100,-0.015683242,0.00,-50.60,No
Performance by Symbol,Data,AAPL  211217P00172500,AAPL 17DEC21 172.5 P,Options,Technology,-0.04333579,113.095581992,-0.043110853,0.00,-138.35,No
Performance by Symbol,Data,AAPL  211217P00177500,AAPL 17DEC21 177.5 P,Options,Technology,0.095880829,95.640169354,0.082165394,0.00,263.65,No
Performance by Symbol,Data,AAPL  230120P00140000,AAPL 20JAN23 140 P,Options,Technology,0.272307296,31.682076061,0.095378202,0.00,321.90,No
Performance by Symbol,Data,ATVI  211217C00070000,ATVI 17DEC21 70.0 C,Options,Telecomm,0.238771669,58.970186609,0.127885139,0.00,414.77,No
Performance by Symbol,Data,ATVI  220218C00070000,ATVI 18FEB22 70.0 C,Options,Telecomm,0.061267783,12.597796666,0.021949358,0.00,70.52,No
Performance by Symbol,Data,BA    220408C00180000,BA 08APR22 180.0 C,Options,Industrials,0.035631157,-100,-0.056984544,0.00,-183.05,No
Performance by Symbol,Data,BA    240517C00220000,BA 17MAY24 220 C,Options,Industrials,0.069321399,-82.801405518,-0.137509658,0.00,-458.34,No
Performance by Symbol,Data,BABA  211203P00120000,BABA 03DEC21 120.0 P,Options,Technology,0.01770865,110.533394636,0.022769259,0.00,72.96,No
Performance by Symbol,Data,BABA  211210P00110000,BABA 10DEC21 110.0 P,Options,Technology,0.023279699,-100,0.118250629,0.00,378.23,No
Performance by Symbol,Data,BABA  230120C00170000,BABA 20JAN23 170 C,Options,Technology,0.356021395,-50.907347498,-0.250029085,0.00,-807.25,No
Performance by Symbol,Data,BABA  230120C00300000,BABA 20JAN23 300 C,Options,Technology,0.129324144,-67.171468504,-0.171311191,0.00,-555.22,No
Performance by Symbol,Data,BABA  230616C00200000,BABA 16JUN23 200 C,Options,Technology,0.149173556,-97.388984241,-0.449278426,0.00,"-1,492.16",No
Performance by Symbol,Data,BABA  240119C00070000,BABA 19JAN24 70 C,Options,Technology,0.638392835,33.421672603,0.214944758,0.00,628.53,No
Performance by Symbol,Data,BABA  240119C00200000,BABA 19JAN24 200 C,Options,Technology,0.349202897,-92.028294976,-0.846781689,0.00,"-2,717.44",No
Performance by Symbol,Data,BABA1 250620C00080000,BABA1 20JUN25 80 C,Options,Technology,1.871012535,-19.244658595,-0.384856364,0.00,"-1,283.46",No
Performance by Symbol,Data,C     220121C00070000,C 21JAN22 70.0 C,Options,Financials,0.032902292,-96.984888456,-0.071252221,0.00,-230.84,No
Performance by Symbol,Data,C     220617C00052500,C 17JUN22 52.5 C,Options,Financials,0.04768065,-100,-0.091802841,0.00,-291.99,No
Performance by Symbol,Data,C     250117C00045000,C 17JAN25 45 C,Options,Financials,0.203178407,18.918362284,0.047846052,0.00,149.57,No
Performance by Symbol,Data,COUP  211210P00100000,COUP 10DEC21 100.0 P,Options,Technology,0.010397034,-100,-0.025190168,0.00,-81.02,No
Performance by Symbol,Data,EWZ   211217C00032000,EWZ 17DEC21 32.0 C,Options,Broad,0.059205724,7.018206193,0.031151897,0.00,100.84,No
Performance by Symbol,Data,EWZ   220121C00030000,EWZ 21JAN22 30.0 C,Options,Broad,0.075495257,-87.763682235,-0.136960899,0.00,-445.93,No
Performance by Symbol,Data,EWZ   230120C00030000,EWZ 20JAN23 30 C,Options,Broad,0.857272251,55.669694575,0.42633064,0.00,"1,393.53",No
Performance by Symbol,Data,GOLD  250117C00015000,GOLD 17JAN25 15 C,Options,Basic Materials,0.204663809,32.097414879,0.075501116,0.00,247.66,No
Performance by Symbol,Data,INTC  220617C00045000,INTC 17JUN22 45 C,Options,Technology,0.127169633,139.112437179,0.136687075,0.00,434.02,No
Performance by Symbol,Data,INTC  220617P00034000,INTC 17JUN22 34 P,Options,Technology,0.001371059,-100,-0.002545494,0.00,-7.85,No
Performance by Symbol,Data,INTC  220715C00045000,INTC 15JUL22 45 C,Options,Technology,0.072664025,26.904397298,0.017467389,0.00,54.90,No
Performance by Symbol,Data,INTC  240119C00025000,INTC 19JAN24 25 C,Options,Technology,0.229277109,-53.377282112,-0.206605646,0.00,-657.10,No
Performance by Symbol,Data,KWEB  220617C00040000,KWEB 17JUN22 40 C,Options,Technology,0.010907422,-100,-0.032837056,0.00,-109.99,No
Performance by Symbol,Data,KWEB  230120C00047420,KWEB 20JAN23 47.42 C,Options,Technology,0.04889136,-99.561791284,-0.216703349,0.00,-717.86,No
Performance by Symbol,Data,KWEB  230519C00030000,KWEB 19MAY23 30 C,Options,Technology,0.104072457,86.126740086,0.083318591,0.00,256.33,No
Performance by Symbol,Data,KWEB  250117C00020000,KWEB 17JAN25 20 C,Options,Technology,0.27046368,50.971006086,0.14129801,0.00,408.30,No
Performance by Symbol,Data,KWEB  250117C00025000,KWEB 17JAN25 25 C,Options,Technology,0.809407038,61.001090337,0.492539153,0.00,"1,415.91",No
Performance by Symbol,Data,KWEB  250117C00030000,KWEB 17JAN25 30 C,Options,Technology,0.301061631,72.43612192,0.212453626,0.00,608.87,No
Performance by Symbol,Data,LABU  220121C00022000,LABU 21JAN22 22.0 C,Options,Broad,0.021219796,-100,-0.045942011,0.00,-151.04,No
Performance by Symbol,Data,LAZR  211119C00025000,LAZR 19NOV21 25.0 C,Options,Consumer Cyclicals,0.008589709,-100,-0.025076785,0.00,-81.87,No
Performance by Symbol,Data,LCID  230120P00040000,LCID 20JAN23 40 P,Options,Consumer Cyclicals,0.363175554,8.311290549,0.030349791,0.00,98.55,No
Performance by Symbol,Data,MDB   211210P00260000,MDB 10DEC21 260.0 P,Options,Technology,0.021287474,-100,-0.062463121,0.00,-200.27,No
Performance by Symbol,Data,NFLX  210917P00600000,NFLX 17SEP21 600.0 P,Options,Telecomm,0.185351968,24.605165292,0.045606158,0.00,147.89,No
Performance by Symbol,Data,NVDA  230120P00200000,NVDA 20JAN23 200 P,Options,Technology,0.357121864,11.171146864,0.039894608,0.00,128.55,No
Performance by Symbol,Data,OUST1 240119C00002500,OUST1 19JAN24 2.5 C,Options,Technology,0.027595383,-95.551768074,-0.061243472,0.00,-191.01,No
Performance by Symbol,Data,PFE   220617P00055000,PFE 17JUN22 55 P,Options,Healthcare,0.115659076,40.860037759,0.043448841,0.00,138.93,No
Performance by Symbol,Data,PSFE1 230120C00003000,PSFE1 20JAN23 3 C,Options,Technology,0.024520283,-99.567778414,-0.068053913,0.00,-221.06,No
Performance by Symbol,Data,PYPL  220204C00170000,PYPL 04FEB22 170.0 C,Options,Financials,0.129570134,118.150749843,0.12275466,0.00,401.13,No
Performance by Symbol,Data,PYPL  250117C00057500,PYPL 17JAN25 57.5 C,Options,Financials,0.359818323,7.879106617,0.027519839,0.00,103.83,No
Performance by Symbol,Data,QQQ   211020P00374000,QQQ 20OCT21 374.0 P,Options,Broad,0.022685317,-37.722099059,-0.009984703,0.00,-32.46,No
Performance by Symbol,Data,QQQ   211201P00394000,QQQ 01DEC21 394.0 P,Options,Broad,0.013592929,99.480523424,0.013522317,0.00,43.37,No
Performance by Symbol,Data,QQQ   211215P00385000,QQQ 15DEC21 385.0 P,Options,Broad,0.017304074,-100,-0.034608149,0.00,-111.01,No
Performance by Symbol,Data,QQQ   220124C00350000,QQQ 24JAN22 350.0 C,Options,Broad,0.021418671,-21.223263672,-0.004545741,0.00,-15.08,No
Performance by Symbol,Data,QQQ   240920P00419780,QQQ 20SEP24 419.78 P,Options,Broad,0.484054693,-60.285509148,-0.468842485,0.00,"-1,545.59",No
Performance by Symbol,Data,SKLZ  230120C00002500,SKLZ 20JAN23 2.5 C,Options,Technology,0.027399142,-98.082163971,-0.062613954,0.00,-201.46,No
Performance by Symbol,Data,SPCE  230120C00020000,SPCE 20JAN23 20 C,Options,Industrials,0.031204255,-99.375591397,-0.155006478,0.00,-502.85,No
Performance by Symbol,Data,SPY   211203P00450000,SPY 03DEC21 450.0 P,Options,Broad,0.069272616,10.753533584,0.008484858,0.00,26.95,No
Performance by Symbol,Data,SPY   220121P00430000,SPY 21JAN22 430.0 P,Options,Broad,0.153375518,-46.734809423,-0.094516974,0.00,-307.07,No
Performance by Symbol,Data,SPY   220223C00428000,SPY 23FEB22 428.0 C,Options,Broad,-0.00109361,96.698777987,-0.001057508,0.00,-3.46,No
Performance by Symbol,Data,SPY   220525P00387000,SPY 25MAY22 387.0 P,Options,Broad,0.196928358,-0.13329687,-0.000262499,0.00,-0.81,No
Performance by Symbol,Data,SPY   220617P00370000,SPY 17JUN22 370 P,Options,Broad,0.144038555,-1.869083946,-0.004389099,0.00,-10.11,No
Performance by Symbol,Data,SPY   220622P00360000,SPY 22JUN22 360 P,Options,Broad,0.058209464,-100,-0.092824381,0.00,-284.05,No
Performance by Symbol,Data,SPY   230609P00390000,SPY 09JUN23 390 P,Options,Broad,0.061247973,-100,-0.166414627,0.00,-522.09,No
Performance by Symbol,Data,SPY   241220C00380000,SPY 20DEC24 380 C,Options,Broad,1.905814155,7.796722512,0.159518348,0.00,485.12,No
Performance by Symbol,Data,SQ    220225C00115000,SQ 25FEB22 115.0 C,Options,Industrials,0.058459738,27.404402963,0.024224998,0.00,76.20,No
Performance by Symbol,Data,STNE  230120C00025000,STNE 20JAN23 25 C,Options,Technology,0.028463319,-100,-0.15719585,0.00,-513.02,No
Performance by Symbol,Data,TLT   260116C00090000,TLT 16JAN26 90 C,Options,Government,2.045875183,4.507501544,0.091365745,0.00,290.31,No
Performance by Symbol,Data,TTD   220617P00092000,TTD 17JUN22 92.0 P,Options,Technology,0.342278466,22.497065681,0.073792909,0.00,238.70,No
Performance by Symbol,Data,USB   250117C00035000,USB 17JAN25 35 C,Options,Financials,0.169481792,28.021161899,0.05293085,0.00,166.80,No
Performance by Symbol,Data,UVXY  211126C00015000,UVXY 26NOV21 15.0 C,Options,Broad,0.029894126,19.275649561,0.005186444,0.00,16.96,No
Performance by Symbol,Data,UVXY  211203C00016500,UVXY 03DEC21 16.5 C,Options,Broad,0.023586611,55.923862831,0.019765183,0.00,64.32,No
Performance by Symbol,Data,UVXY  211217C00015000,UVXY 17DEC21 15.0 C,Options,Broad,0.050463586,-6.13454169,-0.017767457,0.00,-56.71,No
Performance by Symbol,Data,UVXY  211223C00015000,UVXY 23DEC21 15.0 C,Options,Broad,0.050486707,131.336826669,0.061831106,0.00,198.33,No
Performance by Symbol,Data,UVXY  220114C00011000,UVXY 14JAN22 11.0 C,Options,Broad,0.02684464,-11.077711611,-0.003108458,0.00,-10.09,No
Performance by Symbol,Data,UVXY  220211C00014000,UVXY 11FEB22 14.0 C,Options,Broad,0.029921816,-40.875337667,-0.014027679,0.00,-45.59,No
Performance by Symbol,Data,UVXY  220304C00017000,UVXY 04MAR22 17.0 C,Options,Broad,0.048521768,33.882964626,0.022962563,0.00,74.90,No
Performance by Symbol,Data,UVXY  220311C00018000,UVXY 11MAR22 18.0 C,Options,Broad,0.067495934,93.953886465,0.059670444,0.00,191.32,No
Performance by Symbol,Data,UVXY  220401C00013000,UVXY 01APR22 13.0 C,Options,Broad,0.033106874,-100,-0.070229927,0.00,-225.40,No
Performance by Symbol,Data,VALE  240119C00010000,VALE 19JAN24 10 C,Options,Basic Materials,0.19976751,29.714322288,0.055075786,0.00,178.51,No
Performance by Symbol,Data,XOM   220715P00085000,XOM 15JUL22 85 P,Options,Energy,0.085874141,53.57767858,0.028823959,0.00,87.89,No
Performance by Symbol,Data,XOM   240119P00090000,XOM 19JAN24 90 P,Options,Energy,0.370653258,37.936685404,0.119525979,0.00,377.87,No
Performance by Symbol,Data,YINN1 230120C00007000,YINN1 20JAN23 7 C,Options,Broad,0.019255393,-66.713493414,-0.029469284,0.00,-98.10,No
Performance by Symbol,Data,YINN1 230120C00010000,YINN1 20JAN23 10 C,Options,Broad,0.009892549,-85.494005919,-0.027010975,0.00,-88.10,No
Performance by Symbol,Data,ZM    211203P00160000,ZM 03DEC21 160.0 P,Options,Technology,0.0312014,4.604572279,0.00143045,0.00,4.61,No
Performance by Symbol,Data,Total Options,,,,0.9482085,-91.951627349,-1.369376082,0.00,"-4,881.29",
Performance by Symbol,Data,9988,ALIBABA GROUP HOLDING LTD,Stocks,Technology,1.283962276,-16.871827623,-0.22811428,0.00,-775.15,No
Performance by Symbol,Data,ABEV,AMBEV SA-ADR,Stocks,Consumer Non-Cyc,1.713593024,14.752718577,0.241316825,0.00,769.44,No
Performance by Symbol,Data,ACB.OLD,AURORA CANNABIS INC,Stocks,Healthcare,0.546742126,14.302627637,0.076570729,0.00,250.11,No
Performance by Symbol,Data,ADBE,ADOBE INC,Stocks,Technology,0.561309104,-13.909510783,-0.081943231,0.00,-278.33,No
Performance by Symbol,Data,AI,C3.AI INC-A,Stocks,Technology,1.000140106,7.908798658,-0.014610367,0.00,-56.79,No
Performance by Symbol,Data,AKO B,EMBOTELLADORA ANDINA-ADR B,Stocks,Consumer Non-Cyc,1.838826136,21.804532805,0.389398316,0.00,"1,261.20",No
Performance by Symbol,Data,AMZN,AMAZON.COM INC,Stocks,Consumer Cyclicals,1.468836733,4.466616909,0.331228713,0.00,"1,002.38",No
Performance by Symbol,Data,AVAL,GRUPO AVAL ACCIONES Y VALORE,Stocks,Financials,1.437891808,2.965486364,0.111695612,0.00,306.02,No
Performance by Symbol,Data,BA,BOEING CO/THE,Stocks,Industrials,0.912386886,-22.751650253,-0.266383189,0.00,-862.20,No
Performance by Symbol,Data,BABA,ALIBABA GROUP HOLDING-SP ADR,Stocks,Technology,1.650985957,-24.670745832,-0.420846166,0.00,"-1,407.98",No
Performance by Symbol,Data,BAC,BANK OF AMERICA CORP,Stocks,Financials,1.801865464,16.676374923,0.284603588,0.00,873.95,No
Performance by Symbol,Data,BAP,CREDICORP LTD,Stocks,Financials,0.369257825,17.555853394,0.060640686,0.00,193.99,No
Performance by Symbol,Data,BBN,BLACKROCK TAXABLE MUNI BND,Stocks,Broad,8.44020512,-9.31679723,-0.202915335,0.00,"-2,639.79",No
Performance by Symbol,Data,BCS,BARCLAYS PLC-SPONS ADR,Stocks,Financials,0.970234472,-16.02556515,-0.137915984,0.00,-454.02,No
Performance by Symbol,Data,BHP,BHP GROUP LTD-SPON ADR,Stocks,Basic Materials,1.741961705,-19.538894849,-0.010391249,0.00,-535.53,No
Performance by Symbol,Data,BLW,BLACKROCK LTD DURAT INC TR,Stocks,Broad,8.095946428,27.717011046,2.754247765,0.00,"6,467.25",No
Performance by Symbol,Data,BMY,BRISTOL-MYERS SQUIBB CO,Stocks,Healthcare,0.893140142,4.041870322,0.03646479,0.00,115.73,No
Performance by Symbol,Data,BPCR,BIOPHARMA CREDIT PLC,Stocks,Broad,9.306014613,-0.36056137,0.064765531,0.00,-14.71,No
Performance by Symbol,Data,BSBR,BANCO SANTANDER BRASIL-ADS,Stocks,Financials,1.674307586,11.229856945,0.203405862,0.00,651.84,No
Performance by Symbol,Data,BTI,BRITISH AMERICAN TOB-SP ADR,Stocks,Consumer Non-Cyc,1.773708506,6.733081883,0.154218067,0.00,342.94,No
Performance by Symbol,Data,C,CITIGROUP INC,Stocks,Financials,1.304001496,-4.978526368,-0.03335354,0.00,-149.73,No
Performance by Symbol,Data,CBDBY,CIA BRASILEIRA DE DIS- ADR,Stocks,Consumer Non-Cyc,1.619247306,9.468553825,0.619616561,0.00,"2,026.10",No
Performance by Symbol,Data,CIG,CIA ENERGETICA DE-SPON ADR,Stocks,Utilities,0.250173053,51.734835251,0.445830353,0.00,"1,413.30",No
Performance by Symbol,Data,CRM,SALESFORCE INC,Stocks,Technology,0.386439244,0.520095752,0.005442498,0.00,6.63,No
Performance by Symbol,Data,DIS,WALT DISNEY CO/THE,Stocks,Telecomm,1.27625863,-24.132136315,-0.055083786,0.00,-183.66,No
Performance by Symbol,Data,EAD,ALLSPRING INCOME OPPORT,Stocks,Broad,6.887071917,9.030568973,0.796574971,0.00,"1,112.59",No
Performance by Symbol,Data,EBR,CENTRAIS ELETRICAS BR-SP ADR,Stocks,Utilities,0.969616623,7.897690299,0.332745906,0.00,"1,089.90",No
Performance by Symbol,Data,EXG,EATON VANCE TAX-MANAGED GLOB,Stocks,Broad,2.962388336,4.874646775,0.145016906,0.00,299.75,No
Performance by Symbol,Data,GBAB,GUGGENHEIM TAXABLE MUNICIPAL,Stocks,Broad,7.742442417,6.760640411,0.541632813,0.00,148.77,No
Performance by Symbol,Data,GDO,WESTERN AST GLB CORP OPPRNTY,Stocks,Broad,7.633351818,-2.052162957,-0.022346013,0.00,"-1,762.23",No
Performance by Symbol,Data,GHY,PGIM GLOBAL HIGH YIELD FUND,Stocks,Broad,2.302208693,3.86568476,0.094373039,0.00,257.60,No
Performance by Symbol,Data,GOLD.OLD,BARRICK MINING CORP,Stocks,Basic Materials,1.190885164,22.635051443,0.251116947,0.00,833.15,No
Performance by Symbol,Data,GRFS,GRIFOLS SA-ADR,Stocks,Healthcare,0.78815047,60.614962007,0.444505718,0.00,"1,394.63",No
Performance by Symbol,Data,HIX,WESTERN ASSET HIGH INC II,Stocks,Broad,7.305126743,-5.258161285,-0.155953513,0.00,"-2,484.39",No
Performance by Symbol,Data,HIX RT,WESTERN ASSET HIGH INCOM-W/I,Stocks,Broad,0.031023575,-100,-0.051825644,0.00,0.00,No
Performance by Symbol,Data,HMC,HONDA MOTOR CO LTD-SPONS ADR,Stocks,Consumer Cyclicals,0.403148397,-8.289851597,-0.034162439,0.00,-107.93,No
Performance by Symbol,Data,HUYA,HUYA INC-ADR,Stocks,Technology,0.983239761,-61.252231495,-0.857141294,0.00,"-2,881.02",No
Performance by Symbol,Data,IEP,ICAHN ENTERPRISES LP,Stocks,Energy,3.15919306,7.15947292,0.227944097,0.00,714.70,No
Performance by Symbol,Data,ING,ING GROEP N.V.-SPONSORED ADR,Stocks,Financials,0.326110684,-8.670785125,-0.023499609,0.00,-136.53,No
Performance by Symbol,Data,INTC,INTEL CORP,Stocks,Technology,0.892221401,21.538116046,0.188718168,0.00,579.01,No
Performance by Symbol,Data,ITUB,ITAU UNIBANCO H-SPON PRF ADR,Stocks,Financials,1.859011549,-32.876235069,-1.25338797,0.00,"-2,007.58",No
Performance by Symbol,Data,JD,JD.COM INC-ADR,Stocks,Consumer Cyclicals,0.360257075,12.664690993,0.049845874,0.00,138.05,No
Performance by Symbol,Data,KMB,KIMBERLY-CLARK CORP,Stocks,Consumer Non-Cyc,0.943618901,-1.251248168,-0.011644921,0.00,-38.03,No
Performance by Symbol,Data,LMT,LOCKHEED MARTIN CORP,Stocks,Industrials,1.059322967,6.866766482,0.073304738,0.00,214.18,No
Performance by Symbol,Data,LUMN,LUMEN TECHNOLOGIES INC,Stocks,Technology,1.10944919,14.254001645,0.156161382,0.00,506.94,No
Performance by Symbol,Data,META,META PLATFORMS INC-CLASS A,Stocks,Telecomm,0.317954762,-33.106027321,-0.114501232,0.00,-381.69,No
Performance by Symbol,Data,MMM,3M CO,Stocks,Consumer Non-Cyc,1.066879282,-17.676691469,-0.23224284,0.00,-786.79,No
Performance by Symbol,Data,MRK,MERCK & CO INC,Stocks,Healthcare,0.47329872,9.268405108,0.04251927,0.00,126.79,No
Performance by Symbol,Data,NBB,NUVEEN TAXABLE MUNICIPAL INC,Stocks,Broad,6.584222441,-3.915871409,-0.112589616,0.00,"-1,432.28",No
Performance by Symbol,Data,NEM,NEWMONT CORP,Stocks,Basic Materials,1.170736083,-28.994808368,-0.279934256,0.00,"-1,008.83",No
Performance by Symbol,Data,NFLX,NETFLIX INC,Stocks,Telecomm,0.301499242,-20.858467724,-0.07076753,0.00,-227.92,No
Performance by Symbol,Data,NKE,NIKE INC -CL B,Stocks,Consumer Cyclicals,1.563290137,23.921180851,0.398512325,0.00,"1,249.87",No
Performance by Symbol,Data,OPEN,OPENDOOR TECHNOLOGIES INC,Stocks,Real Estate,0.239150856,-50.961577821,-0.15481496,0.00,-518.02,No
Performance by Symbol,Data,ORANY,ORANGE-SPON ADR,Stocks,Technology,2.175141399,17.304385671,0.395885238,0.00,795.81,No
Performance by Symbol,Data,PAGS,PAGSEGURO DIGITAL LTD-CL A,Stocks,Industrials,0.670247209,5.347943058,0.035288974,0.00,104.93,No
Performance by Symbol,Data,PDD,PDD HOLDINGS INC,Stocks,Technology,0.70212818,-26.214729019,-0.119437446,0.00,-500.89,No
Performance by Symbol,Data,PHG,KONINKLIJKE PHILIPS NVR- NY,Stocks,Healthcare,0.5640787,-33.32021528,-0.227218578,0.00,-773.16,No
Performance by Symbol,Data,PLTR,PALANTIR TECHNOLOGIES INC-A,Stocks,Technology,0.495108969,9.6182027,0.046186092,0.00,149.18,No
Performance by Symbol,Data,PML,PIMCO MUNICIPAL INCOME FD II,Stocks,Broad,4.865075169,-19.560213151,-1.326494935,0.00,"-4,481.17",No
Performance by Symbol,Data,PYPL,PAYPAL HOLDINGS INC,Stocks,Financials,0.854447723,-49.156335976,-0.614330726,0.00,"-2,042.16",No
Performance by Symbol,Data,QIWI,QIWI PLC-SPONSORED ADR,Stocks,Industrials,41.230087231,-13.103448276,-0.05831631,-171.00,0.00,Yes
Performance by Symbol,Data,SAP,SAP SE-SPONSORED ADR,Stocks,Technology,0.311390288,-18.062545155,-0.058017478,0.00,-208.72,No
Performance by Symbol,Data,SKLZ,SKILLZ INC,Stocks,Technology,0.573044183,25.22211684,0.149891569,0.00,451.10,No
Performance by Symbol,Data,SWK,STANLEY BLACK & DECKER INC,Stocks,Industrials,0.659355466,-21.297652235,-0.175850249,0.00,-566.65,No
Performance by Symbol,Data,T,AT&T INC,Stocks,Technology,0.752147377,-2.751076749,-0.019930737,0.00,-67.53,No
Performance by Symbol,Data,TDOC,TELADOC HEALTH INC,Stocks,Healthcare,0.431235798,-54.870589242,-0.361462589,0.00,"-1,177.88",No
Performance by Symbol,Data,TLRY,TILRAY BRANDS INC,Stocks,Healthcare,0.557082331,-32.318261625,-0.22937927,0.00,-741.56,No
Performance by Symbol,Data,UGP,ULTRAPAR PARTICPAC-SPON ADR,Stocks,Energy,1.13476367,3.652730105,0.089939944,0.00,286.45,No
Performance by Symbol,Data,UL.OLD,UNILEVER PLC-SPONSORED ADR,Stocks,Consumer Non-Cyc,0.914436716,-2.325992146,-0.02134488,0.00,-68.97,No
Performance by Symbol,Data,V,VISA INC-CLASS A SHARES,Stocks,Industrials,0.630397631,6.174635119,0.037851732,0.00,120.79,No
Performance by Symbol,Data,VZ,VERIZON COMMUNICATIONS INC,Stocks,Technology,1.611659336,4.36378412,0.071584142,0.00,226.96,No
Performance by Symbol,Data,WBA,WALGREENS BOOTS ALLIANCE INC,Stocks,Consumer Non-Cyc,1.410315613,-15.153411338,-0.232410722,0.00,-766.77,No
Performance by Symbol,Data,WDS,WOODSIDE ENERGY GROUP-ADR,Stocks,Energy,0.128503628,-8.319638844,-0.011264769,0.00,-3.00,No
Performance by Symbol,Data,XP,XP INC - CLASS A,Stocks,Financials,1.575998686,3.123638337,0.647344313,0.00,"1,932.32",No
Performance by Symbol,Data,XYZ,BLOCK INC,Stocks,Industrials,0.848744149,26.011151925,0.214578314,0.00,697.10,No
Performance by Symbol,Data,Total Stocks,,,,60.62325001,-7.701974633,2.588140583,-171.00,"-3,418.14",
Performance by Symbol,Data,GBP,Great British Pound,Cash,Cash,0.096837039,-100,-0.001632107,,,No
Performance by Symbol,Data,HKD,Hong Kong Dollar,Cash,Cash,0.008226436,1032667.437390145,0.298488102,,,Yes
Performance by Symbol,Data,USD,United States Dollar,Cash,Cash,23.197823977,1184.788193022,93.160194398,,,Yes
Performance by Symbol,Data,Fees,Fees,Cash,Cash,-,-,-3.716686046,,,-
Performance by Symbol,Data,Total Cash,,,,23.190448887,1050.886324788,86.535331526,,,
Performance by Symbol,Data,Total,,,,99.91416309,87.250643616,87.250643616,-171.00,"-14,067.93",
Trade Summary,MetaInfo,Analysis Period,"August 11, 2021 - January 27, 2026"
Trade Summary,Header,Financial Instrument,Currency,Symbol,Description,Sector,Quantity Bought,Average Price Bought,Proceeds Bought,Proceeds Bought in Base,Quantity Sold,Average Price Sold,Proceeds Sold,Proceeds Sold in Base
Trade Summary,Data,ETFs,Hong Kong Dollar,2828,HANGSENG CHINA ENT INDEX,Broad,6400,84.14125,-538504,-69070.42672,-6400,71.66,458624,58424.11136
Trade Summary,Data,ETFs,Hong Kong Dollar,3033,CSOP HANG SENG TECH INDE,Technology,5400,5.835,-31509,-4042.6047,-5400,4.45,24030,3061.1817
Trade Summary,Data,ETFs,United States Dollar,BWX,SPDR BLOOMBERG INT TREASURY,Broad,1000,22.66353,-22663.53,-22663.53,-1000,22.411,22411,22411
Trade Summary,Data,ETFs,United States Dollar,CEFD,ETRACS 150% CL END FUND ETN,Financials,1318,18.679048558,-24618.986,-24618.986,-1318,19.433179059,25612.93,25612.93
Trade Summary,Data,ETFs,United States Dollar,ECH,ISHARES MSCI CHILE ETF,Broad,150,23.736666667,-3560.5,-3560.5,-150,25.846666667,3877,3877
Trade Summary,Data,ETFs,United States Dollar,EMB,ISHARES J.P. MORGAN USD EMERGI,Broad,933,85.229261093,-79518.9006,-79518.9006,-933,88.145063344,82239.3441,82239.3441
Trade Summary,Data,ETFs,United States Dollar,EMLC,VANECK JPM EM LOCAL CURR BND,Broad,1000,23.805,-23805,-23805,-1000,24.8082,24808.2,24808.2
Trade Summary,Data,ETFs,United States Dollar,EWZ,ISHARES MSCI BRAZIL ETF,Broad,500,25.275,-12637.5,-12637.5,-500,26.43,13215,13215
Trade Summary,Data,ETFs,United States Dollar,FNGA,MICROSECTORS FANG+ INDEX 3X,Financials,20,96.08,-1921.6,-1921.6,-20,110.05,2201,2201
Trade Summary,Data,ETFs,United States Dollar,GLD,SPDR GOLD SHARES,Basic Materials,47,163.8195,-7699.5165,-7699.5165,0,0,0,0
Trade Summary,Data,ETFs,United States Dollar,IEF,ISHARES 7-10 YEAR TREASURY B,Government,1985,94.785,-188148.225,-188148.225,-1985,93.462380353,185522.825,185522.825
Trade Summary,Data,ETFs,United States Dollar,IGOV,ISHARES INTERNATIONAL TREASU,Broad,600,39.671666667,-23803,-23803,-600,40.4525,24271.5,24271.5
Trade Summary,Data,ETFs,United States Dollar,JEPI,JPMORGAN EQUITY PREMIUM INCO,Broad,400,54.355,-21742,-21742,-400,54.75,21900,21900
Trade Summary,Data,ETFs,United States Dollar,JETS,US GLOBAL JETS ETF,Industrials,300,20.248333333,-6074.5,-6074.5,-300,22.452933333,6735.88,6735.88
Trade Summary,Data,ETFs,United States Dollar,KWEB,KRANESH CSI CHINA INTERNET,Technology,500,22.394,-11197,-11197,-500,23.771,11885.5,11885.5
Trade Summary,Data,ETFs,United States Dollar,LABU.OLD,DRX DLY S&P BIOTECH BULL 3X,Broad,100,23.585,-2358.5,-2358.5,-100,23.782,2378.2,2378.2
Trade Summary,Data,ETFs,United States Dollar,LQD,ISHARES IBOXX INVESTMENT GRA,Broad,100,108.0125,-10801.25,-10801.25,-100,109.472,10947.2,10947.2
Trade Summary,Data,ETFs,United States Dollar,MJ,ETFMG ALTERNATIVE HARVEST,Broad,200,8.29115,-1658.23,-1658.23,-200,5.555,1111,1111
Trade Summary,Data,ETFs,United States Dollar,PCY,INVESCO EMERGING MARKETS SOV,Broad,1527,19.412603798,-29643.046,-29643.046,-1527,19.58608055,29907.945,29907.945
Trade Summary,Data,ETFs,United States Dollar,QYLD,GLOBAL X NASD 100 COV CALL,Broad,2500,16.792,-41980,-41980,-2500,17.3192,43298,43298
Trade Summary,Data,ETFs,United States Dollar,RYLD,GLOBAL X RUSSELL 2000 COV CL,Broad,2500,17.3564,-43391,-43391,-2500,16.834052,42085.13,42085.13
Trade Summary,Data,ETFs,United States Dollar,SDIV,GLOBAL X SUPERDIVIDEND ETF,Broad,2062,22.638268671,-46680.11,-46680.11,-2062,23.088816683,47609.14,47609.14
Trade Summary,Data,ETFs,United States Dollar,SHV,ISHARES SHORT TREASURY BOND,Government,1080,110.15,-118962,-118962,-1080,110.385244444,119216.064,119216.064
Trade Summary,Data,ETFs,United States Dollar,SHY,ISHARES 1-3 YEAR TREASURY BO,Government,334,81.693502994,-27285.63,-27285.63,-277,81.761552708,22647.9501,22647.9501
Trade Summary,Data,ETFs,United States Dollar,SLV,ISHARES SILVER TRUST,Basic Materials,50,20.94,-1047,-1047,-50,24.0705,1203.525,1203.525
Trade Summary,Data,ETFs,United States Dollar,TBF,PROSHARES SHORT 20+ TREASURY,Broad,100,18.845,-1884.5,-1884.5,-100,20.07,2007,2007
Trade Summary,Data,ETFs,United States Dollar,TLT,ISHARES 20+ YEAR TREASURY BD,Government,1250,98.792,-123490,-123490,-1250,96.6372,120796.5,120796.5
Trade Summary,Data,ETFs,United States Dollar,TMV,DRX DLY 20+ YR TREAS BEAR 3X,Broad,20,72.11,-1442.2,-1442.2,-20,82.7627,1655.254,1655.254
Trade Summary,Data,ETFs,United States Dollar,VCLT,VANGUARD LONG-TERM CORP BOND,Broad,100,84.48,-8448,-8448,-100,75.77,7577,7577
Trade Summary,Data,ETFs,United States Dollar,VCSH,VANGUARD S/T CORP BOND ETF,Broad,200,77.0365,-15407.3,-15407.3,-200,75.145,15029,15029
Trade Summary,Data,ETFs,United States Dollar,WIP,SPDR FTSE INTERNATIONAL GOVE,Broad,500,41.512,-20756,-20756,-500,43.14,21570,21570
Trade Summary,Data,ETFs,United States Dollar,YINN.OLD,DRX DLY FTSE CHINA BULL 3X,Broad,600,9.855,-5913,-5913,-600,10.307,6184.2,6184.2
Trade Summary,Data,Forex,Hong Kong Dollar,USD.HKD,USD.HKD,Cash,66375.5395,7.849977941,-521046.520866425,-66376.116377866,-77974.9104,7.798594388,608094.69868107,77997.670741226
Trade Summary,Data,Forex,United States Dollar,GBP.USD,GBP.USD,Cash,4,1.3368,-5.3472,-5.3472,0,0,0,0
Trade Summary,Data,Options,United States Dollar,AAPL  211126C00160000,AAPL 26NOV21 160.0 C,Technology,1,0.2,-20,-20,-1,0,0,0
Trade Summary,Data,Options,United States Dollar,AAPL  211126C00162500,AAPL 26NOV21 162.5 C,Technology,1,0.46,-46,-46,-1,0.73,73,73
Trade Summary,Data,Options,United States Dollar,AAPL  211126C00170000,AAPL 26NOV21 170.0 C,Technology,1,0.5,-50,-50,-1,0,0,0
Trade Summary,Data,Options,United States Dollar,AAPL  211217P00172500,AAPL 17DEC21 172.5 P,Technology,1,2.6,-260,-260,-1,1.23,123,123
Trade Summary,Data,Options,United States Dollar,AAPL  211217P00177500,AAPL 17DEC21 177.5 P,Technology,1,2.75,-275,-275,-1,5.4,540,540
Trade Summary,Data,Options,United States Dollar,AAPL  230120P00140000,AAPL 20JAN23 140 P,Technology,1,10.15,-1015,-1015,-1,13.39,1339,1339
Trade Summary,Data,Options,United States Dollar,ATVI  211217C00070000,ATVI 17DEC21 70.0 C,Telecomm,5,1.4,-700,-700,-5,2.24,1120,1120
Trade Summary,Data,Options,United States Dollar,ATVI  220218C00070000,ATVI 18FEB22 70.0 C,Telecomm,2,3.505,-701,-701,-2,3.875,775,775
Trade Summary,Data,Options,United States Dollar,BA    220408C00180000,BA 08APR22 180.0 C,Industrials,1,1.82,-182,-182,-1,0,0,0
Trade Summary,Data,Options,United States Dollar,BA    240517C00220000,BA 17MAY24 220 C,Industrials,1,5.4,-540,-540,-1,1.09,109,109
Trade Summary,Data,Options,United States Dollar,BABA  211203P00120000,BABA 03DEC21 120.0 P,Technology,1,0.65,-65,-65,-1,1.4,140,140
Trade Summary,Data,Options,United States Dollar,BABA  211210P00110000,BABA 10DEC21 110.0 P,Technology,2,1.285,-257,-257,-2,3.19,638,638
Trade Summary,Data,Options,United States Dollar,BABA  230120C00170000,BABA 20JAN23 170 C,Technology,1,15.85,-1585,-1585,-1,7.8,780,780
Trade Summary,Data,Options,United States Dollar,BABA  230120C00300000,BABA 20JAN23 300 C,Technology,2,4.26,-852,-852,-2,1.5,300,300
Trade Summary,Data,Options,United States Dollar,BABA  230616C00200000,BABA 16JUN23 200 C,Technology,2,15.85,-3170,-3170,-2,8.405,1681,1681
Trade Summary,Data,Options,United States Dollar,BABA  240119C00070000,BABA 19JAN24 70 C,Technology,1,18.8,-1880,-1880,-1,25.1,2510,2510
Trade Summary,Data,Options,United States Dollar,BABA  240119C00200000,BABA 19JAN24 200 C,Technology,5,12.046,-6023,-6023,-5,6.628,3314,3314
Trade Summary,Data,Options,United States Dollar,BABA1 250620C00080000,BABA1 20JUN25 80 C,Technology,5,13.3,-6650,-6650,-5,10.81,5405,5405
Trade Summary,Data,Options,United States Dollar,C     220121C00070000,C 21JAN22 70.0 C,Financials,1,2.37,-237,-237,-1,0.08,8,8
Trade Summary,Data,Options,United States Dollar,C     220617C00052500,C 17JUN22 52.5 C,Financials,1,2.91,-291,-291,-1,0,0,0
Trade Summary,Data,Options,United States Dollar,C     250117C00045000,C 17JAN25 45 C,Financials,1,7.9,-790,-790,-1,9.54,954,954
Trade Summary,Data,Options,United States Dollar,COUP  211210P00100000,COUP 10DEC21 100.0 P,Technology,1,0.8,-80,-80,-1,0,0,0
Trade Summary,Data,Options,United States Dollar,EWZ   211217C00032000,EWZ 17DEC21 32.0 C,Broad,4,0.78,-312,-312,-4,1.04,416,416
Trade Summary,Data,Options,United States Dollar,EWZ   220121C00030000,EWZ 21JAN22 30.0 C,Broad,3,1.74,-522,-522,-3,0.27,81,81
Trade Summary,Data,Options,United States Dollar,EWZ   230120C00030000,EWZ 20JAN23 30 C,Broad,10,2.5,-2500,-2500,-10,3.9,3900,3900
Trade Summary,Data,Options,United States Dollar,GOLD  250117C00015000,GOLD 17JAN25 15 C,Basic Materials,3,2.52,-756,-756,-3,3.45,1035,1035
Trade Summary,Data,Options,United States Dollar,INTC  220617C00045000,INTC 17JUN22 45 C,Technology,1,3.11,-311,-311,-1,7.47,747,747
Trade Summary,Data,Options,United States Dollar,INTC  220617P00034000,INTC 17JUN22 34 P,Technology,1,0.07,-7,-7,-1,0,0,0
Trade Summary,Data,Options,United States Dollar,INTC  220715C00045000,INTC 15JUL22 45 C,Technology,1,2.03,-203,-203,-1,2.6,260,260
Trade Summary,Data,Options,United States Dollar,INTC  240119C00025000,INTC 19JAN24 25 C,Technology,1,12.3,-1230,-1230,-1,5.75,575,575
Trade Summary,Data,Options,United States Dollar,KWEB  220617C00040000,KWEB 17JUN22 40 C,Technology,1,1.09,-109,-109,-1,0,0,0
Trade Summary,Data,Options,United States Dollar,KWEB  230120C00047420,KWEB 20JAN23 47.42 C,Technology,1,7.2,-720,-720,-1,0.04,4,4
Trade Summary,Data,Options,United States Dollar,KWEB  230519C00030000,KWEB 19MAY23 30 C,Technology,1,2.97,-297,-297,-1,5.55,555,555
Trade Summary,Data,Options,United States Dollar,KWEB  250117C00020000,KWEB 17JAN25 20 C,Technology,1,8,-800,-800,-1,12.1,1210,1210
Trade Summary,Data,Options,United States Dollar,KWEB  250117C00025000,KWEB 17JAN25 25 C,Technology,4,5.8,-2320,-2320,-4,9.35,3740,3740
Trade Summary,Data,Options,United States Dollar,KWEB  250117C00030000,KWEB 17JAN25 30 C,Technology,2,4.2,-840,-840,-2,7.25,1450,1450
Trade Summary,Data,Options,United States Dollar,LABU  220121C00022000,LABU 21JAN22 22.0 C,Broad,1,1.5,-150,-150,-1,0,0,0
Trade Summary,Data,Options,United States Dollar,LAZR  211119C00025000,LAZR 19NOV21 25.0 C,Consumer Cyclicals,1,0.8,-80,-80,-1,0,0,0
Trade Summary,Data,Options,United States Dollar,LCID  230120P00040000,LCID 20JAN23 40 P,Consumer Cyclicals,1,11.85,-1185,-1185,-1,12.85,1285,1285
Trade Summary,Data,Options,United States Dollar,MDB   211210P00260000,MDB 10DEC21 260.0 P,Technology,1,2,-200,-200,-1,0,0,0
Trade Summary,Data,Options,United States Dollar,NFLX  210917P00600000,NFLX 17SEP21 600.0 P,Telecomm,1,6,-600,-600,-1,7.5,750,750
Trade Summary,Data,Options,United States Dollar,NVDA  230120P00200000,NVDA 20JAN23 200 P,Technology,1,11.5,-1150,-1150,-1,12.8,1280,1280
Trade Summary,Data,Options,United States Dollar,OUST1 240119C00002500,OUST1 19JAN24 2.5 C,Technology,2,1,-200,-200,-2,0.05,10,10
Trade Summary,Data,Options,United States Dollar,PFE   220617P00055000,PFE 17JUN22 55 P,Healthcare,1,3.39,-339,-339,-1,4.8,480,480
Trade Summary,Data,Options,United States Dollar,PSFE1 230120C00003000,PSFE1 20JAN23 3 C,Technology,1,2.21,-221,-221,-1,0.02,2,2
Trade Summary,Data,Options,United States Dollar,PYPL  220204C00170000,PYPL 04FEB22 170.0 C,Financials,2,2.4,-480,-480,-2,4.425,885,885
Trade Summary,Data,Options,United States Dollar,PYPL  250117C00057500,PYPL 17JAN25 57.5 C,Financials,1,13.04,-1304,-1304,-1,14.35,1435,1435
Trade Summary,Data,Options,United States Dollar,QQQ   211020P00374000,QQQ 20OCT21 374.0 P,Broad,1,0.85,-85,-85,-1,0.55,55,55
Trade Summary,Data,Options,United States Dollar,QQQ   211201P00394000,QQQ 01DEC21 394.0 P,Broad,1,0.43,-43,-43,-1,0.88,88,88
Trade Summary,Data,Options,United States Dollar,QQQ   211215P00385000,QQQ 15DEC21 385.0 P,Broad,1,1.1,-110,-110,-1,0,0,0
Trade Summary,Data,Options,United States Dollar,QQQ   220124C00350000,QQQ 24JAN22 350.0 C,Broad,1,0.7,-70,-70,-1,0.57,57,57
Trade Summary,Data,Options,United States Dollar,QQQ   240920P00419780,QQQ 20SEP24 419.78 P,Broad,1,25.5,-2550,-2550,-1,10.32,1032,1032
Trade Summary,Data,Options,United States Dollar,SKLZ  230120C00002500,SKLZ 20JAN23 2.5 C,Technology,2,1.02,-204,-204,-2,0.03,6,6
Trade Summary,Data,Options,United States Dollar,SPCE  230120C00020000,SPCE 20JAN23 20 C,Industrials,1,5.05,-505,-505,-1,0.04,4,4
Trade Summary,Data,Options,United States Dollar,SPY   211203P00450000,SPY 03DEC21 450.0 P,Broad,1,2.5,-250,-250,-1,2.79,279,279
Trade Summary,Data,Options,United States Dollar,SPY   220121P00430000,SPY 21JAN22 430.0 P,Broad,1,6.56,-656,-656,-1,3.51,351,351
Trade Summary,Data,Options,United States Dollar,SPY   220223C00428000,SPY 23FEB22 428.0 C,Broad,1,0.06,-6,-6,-1,0.05,5,5
Trade Summary,Data,Options,United States Dollar,SPY   220525P00387000,SPY 25MAY22 387.0 P,Broad,2,3.05,-610,-610,-2,3.06,612,612
Trade Summary,Data,Options,United States Dollar,SPY   220617P00370000,SPY 17JUN22 370 P,Broad,1,5.4,-540,-540,-1,5.32,532,532
Trade Summary,Data,Options,United States Dollar,SPY   220622P00360000,SPY 22JUN22 360 P,Broad,1,2.83,-283,-283,-1,0,0,0
Trade Summary,Data,Options,United States Dollar,SPY   230609P00390000,SPY 09JUN23 390 P,Broad,3,1.73,-519,-519,-3,0,0,0
Trade Summary,Data,Options,United States Dollar,SPY   241220C00380000,SPY 20DEC24 380 C,Broad,1,62.21,-6221,-6221,-1,67.08,6708,6708
Trade Summary,Data,Options,United States Dollar,SQ    220225C00115000,SQ 25FEB22 115.0 C,Industrials,1,2.77,-277,-277,-1,3.55,355,355
Trade Summary,Data,Options,United States Dollar,STNE  230120C00025000,STNE 20JAN23 25 C,Technology,1,5.12,-512,-512,-1,0,0,0
Trade Summary,Data,Options,United States Dollar,TLT   260116C00090000,TLT 16JAN26 90 C,Government,6,10.7,-6420,-6420,-6,11.25,6750,6750
Trade Summary,Data,Options,United States Dollar,TTD   220617P00092000,TTD 17JUN22 92.0 P,Technology,1,10.6,-1060,-1060,-1,13,1300,1300
Trade Summary,Data,Options,United States Dollar,USB   250117C00035000,USB 17JAN25 35 C,Financials,1,5.95,-595,-595,-1,7.75,775,775
Trade Summary,Data,Options,United States Dollar,UVXY  211126C00015000,UVXY 26NOV21 15.0 C,Broad,1,0.87,-87,-87,-1,1.06,106,106
Trade Summary,Data,Options,United States Dollar,UVXY  211203C00016500,UVXY 03DEC21 16.5 C,Broad,1,1.14,-114,-114,-1,1.8,180,180
Trade Summary,Data,Options,United States Dollar,UVXY  211217C00015000,UVXY 17DEC21 15.0 C,Broad,2,1.555,-311,-311,-2,1.29,258,258
Trade Summary,Data,Options,United States Dollar,UVXY  211223C00015000,UVXY 23DEC21 15.0 C,Broad,1,1.5,-150,-150,-1,3.5,350,350
Trade Summary,Data,Options,United States Dollar,UVXY  220114C00011000,UVXY 14JAN22 11.0 C,Broad,1,0.9,-90,-90,-1,0.82,82,82
Trade Summary,Data,Options,United States Dollar,UVXY  220211C00014000,UVXY 11FEB22 14.0 C,Broad,1,1.1,-110,-110,-1,0.67,67,67
Trade Summary,Data,Options,United States Dollar,UVXY  220304C00017000,UVXY 04MAR22 17.0 C,Broad,1,2.2,-220,-220,-1,2.97,297,297
Trade Summary,Data,Options,United States Dollar,UVXY  220311C00018000,UVXY 11MAR22 18.0 C,Broad,1,2.03,-203,-203,-1,3.96,396,396
Trade Summary,Data,Options,United States Dollar,UVXY  220401C00013000,UVXY 01APR22 13.0 C,Broad,2,1.12,-224,-224,-2,0,0,0
Trade Summary,Data,Options,United States Dollar,VALE  240119C00010000,VALE 19JAN24 10 C,Basic Materials,2,3,-600,-600,-2,3.9,780,780
Trade Summary,Data,Options,United States Dollar,XOM   220715P00085000,XOM 15JUL22 85 P,Energy,1,1.63,-163,-163,-1,2.53,253,253
Trade Summary,Data,Options,United States Dollar,XOM   240119P00090000,XOM 19JAN24 90 P,Energy,1,9.95,-995,-995,-1,13.75,1375,1375
Trade Summary,Data,Options,United States Dollar,YINN1 230120C00007000,YINN1 20JAN23 7 C,Broad,1,1.46,-146,-146,-1,0.5,50,50
Trade Summary,Data,Options,United States Dollar,YINN1 230120C00010000,YINN1 20JAN23 10 C,Broad,1,1.02,-102,-102,-1,0.16,16,16
Trade Summary,Data,Options,United States Dollar,ZM    211203P00160000,ZM 03DEC21 160.0 P,Technology,1,1,-100,-100,-1,1.05,105,105
Trade Summary,Data,Stocks,Hong Kong Dollar,9988,ALIBABA GROUP HOLDING LTD,Technology,300,122.3,-36690,-4704.7587,-300,102.5,30750,3917.2425
Trade Summary,Data,Stocks,United States Dollar,ABEV,AMBEV SA-ADR,Consumer Non-Cyc,4000,2.695,-10780,-10780,-4000,2.8975,11590,11590
Trade Summary,Data,Stocks,United States Dollar,ACB.OLD,AURORA CANNABIS INC,Healthcare,250,6.9868,-1746.7,-1746.7,-250,8.0004,2000.1,2000.1
Trade Summary,Data,Stocks,United States Dollar,ADBE,ADOBE INC,Technology,4,500,-2000,-2000,-4,430.92,1723.68,1723.68
Trade Summary,Data,Stocks,United States Dollar,AI,C3.AI INC-A,Technology,160,39.465,-6314.4,-6314.4,-160,39.135375,6261.66,6261.66
Trade Summary,Data,Stocks,United States Dollar,AKO B,EMBOTELLADORA ANDINA-ADR B,Consumer Non-Cyc,2013,12.611177347,-25386.3,-25386.3,-2013,13.248787879,26669.81,26669.81
Trade Summary,Data,Stocks,United States Dollar,AMZN,AMAZON.COM INC,Consumer Cyclicals,101,141.884455446,-14330.33,-14330.33,-120,127.959583333,15355.15,15355.15
Trade Summary,Data,Stocks,United States Dollar,AVAL,GRUPO AVAL ACCIONES Y VALORE,Financials,1500,5.197693333,-7796.54,-7796.54,-1500,5.411866667,8117.8,8117.8
Trade Summary,Data,Stocks,United States Dollar,BA,BOEING CO/THE,Industrials,36,178.269444444,-6417.7,-6417.7,-36,154.489166667,5561.61,5561.61
Trade Summary,Data,Stocks,United States Dollar,BABA,ALIBABA GROUP HOLDING-SP ADR,Technology,290,107.476206897,-31168.1,-31168.1,-290,102.812327586,29815.575,29815.575
Trade Summary,Data,Stocks,United States Dollar,BAC,BANK OF AMERICA CORP,Financials,200,27.215,-5443,-5443,-200,31.65,6330,6330
Trade Summary,Data,Stocks,United States Dollar,BAP,CREDICORP LTD,Financials,10,110.4,-1104,-1104,-10,130,1300,1300
Trade Summary,Data,Stocks,United States Dollar,BBN,BLACKROCK TAXABLE MUNI BND,Broad,3300,17.574718182,-57996.57,-57996.57,-3300,16.612981818,54822.84,54822.84
Trade Summary,Data,Stocks,United States Dollar,BCS,BARCLAYS PLC-SPONS ADR,Financials,400,8.069,-3227.6,-3227.6,-400,6.94425,2777.7,2777.7
Trade Summary,Data,Stocks,United States Dollar,BHP,BHP GROUP LTD-SPON ADR,Basic Materials,350,64.540285714,-22589.1,-22589.1,-350,63.030771429,22060.77,22060.77
Trade Summary,Data,Stocks,United States Dollar,BLW,BLACKROCK LTD DURAT INC TR,Broad,8670,13.008060554,-112779.885,-112779.885,-8670,13.744161476,119161.88,119161.88
Trade Summary,Data,Stocks,United States Dollar,BMY,BRISTOL-MYERS SQUIBB CO,Healthcare,50,57.225,-2861.25,-2861.25,-50,59.6,2980,2980
Trade Summary,Data,Stocks,United States Dollar,BPCR,BIOPHARMA CREDIT PLC,Broad,45000,0.966888889,-43510,-43510,-45000,0.9726672,43770.024,43770.024
Trade Summary,Data,Stocks,United States Dollar,BSBR,BANCO SANTANDER BRASIL-ADS,Financials,1000,5.7995,-5799.5,-5799.5,-1000,6.4615,6461.5,6461.5
Trade Summary,Data,Stocks,United States Dollar,BTI,BRITISH AMERICAN TOB-SP ADR,Consumer Non-Cyc,200,37.5,-7500,-7500,-200,39.23,7846,7846
Trade Summary,Data,Stocks,United States Dollar,C,CITIGROUP INC,Financials,245,46.972897959,-11508.36,-11508.36,-245,46.391530612,11365.925,11365.925
Trade Summary,Data,Stocks,United States Dollar,CBDBY,CIA BRASILEIRA DE DIS- ADR,Consumer Non-Cyc,5500,4.757272727,-26165,-26165,-5500,5.135803636,28246.92,28246.92
Trade Summary,Data,Stocks,United States Dollar,CIG,CIA ENERGETICA DE-SPON ADR,Utilities,4000,2.107,-8428,-8428,-4000,2.470475,9881.9,9881.9
Trade Summary,Data,Stocks,United States Dollar,CRM,SALESFORCE INC,Technology,6,212.38,-1274.28,-1274.28,-6,213.82,1282.92,1282.92
Trade Summary,Data,Stocks,United States Dollar,DIS,WALT DISNEY CO/THE,Telecomm,95,102.950526316,-9780.3,-9780.3,-95,101.263368421,9620.02,9620.02
Trade Summary,Data,Stocks,United States Dollar,EAD,ALLSPRING INCOME OPPORT,Broad,4200,6.270504762,-26336.12,-26336.12,-4200,6.57,27594,27594
Trade Summary,Data,Stocks,United States Dollar,EBR,CENTRAIS ELETRICAS BR-SP ADR,Utilities,1500,5.50324,-8254.86,-8254.86,-1500,6.24,9360,9360
Trade Summary,Data,Stocks,United States Dollar,EXG,EATON VANCE TAX-MANAGED GLOB,Broad,1200,7.51,-9012,-9012,-1200,7.77,9324,9324
Trade Summary,Data,Stocks,United States Dollar,GBAB,GUGGENHEIM TAXABLE MUNICIPAL,Broad,4400,17.471313636,-76873.78,-76873.78,-4400,17.293679545,76092.19,76092.19
Trade Summary,Data,Stocks,United States Dollar,GDO,WESTERN AST GLB CORP OPPRNTY,Broad,4200,13.137138095,-55175.98,-55175.98,-4200,12.522792857,52595.73,52595.73
Trade Summary,Data,Stocks,United States Dollar,GHY,PGIM GLOBAL HIGH YIELD FUND,Broad,700,11.42,-7994,-7994,-700,11.852857143,8297,8297
Trade Summary,Data,Stocks,United States Dollar,GOLD.OLD,BARRICK MINING CORP,Basic Materials,200,18.399,-3679.8,-3679.8,-200,22.575,4515,4515
Trade Summary,Data,Stocks,United States Dollar,GRFS,GRIFOLS SA-ADR,Healthcare,1100,10.322545455,-11354.8,-11354.8,-1100,11.603818182,12764.2,12764.2
Trade Summary,Data,Stocks,United States Dollar,HIX,WESTERN ASSET HIGH INC II,Broad,9500,4.893433158,-46487.615,-46487.615,-9500,4.669264211,44358.01,44358.01
Trade Summary,Data,Stocks,United States Dollar,HMC,HONDA MOTOR CO LTD-SPONS ADR,Consumer Cyclicals,50,26.02,-1301,-1301,-50,23.902,1195.1,1195.1
Trade Summary,Data,Stocks,United States Dollar,HUYA,HUYA INC-ADR,Technology,1970,8.308283249,-16367.318,-16367.318,-1970,6.856263959,13506.84,13506.84
Trade Summary,Data,Stocks,United States Dollar,IEP,ICAHN ENTERPRISES LP,Energy,370,51.01972973,-18877.3,-18877.3,-370,52.963513514,19596.5,19596.5
Trade Summary,Data,Stocks,United States Dollar,ING,ING GROEP N.V.-SPONSORED ADR,Financials,100,10.04,-1004,-1004,-100,8.695,869.5,869.5
Trade Summary,Data,Stocks,United States Dollar,INTC,INTEL CORP,Technology,230,37.389130435,-8599.5,-8599.5,-230,39.975869565,9194.45,9194.45
Trade Summary,Data,Stocks,United States Dollar,ITUB,ITAU UNIBANCO H-SPON PRF ADR,Financials,3000,5.071833333,-15215.5,-15215.5,-3000,3.72,11160,11160
Trade Summary,Data,Stocks,United States Dollar,JD,JD.COM INC-ADR,Consumer Cyclicals,20,54.45,-1089,-1089,-20,61.4527,1229.054,1229.054
Trade Summary,Data,Stocks,United States Dollar,KMB,KIMBERLY-CLARK CORP,Consumer Non-Cyc,25,121.538,-3038.45,-3038.45,-25,120.0975,3002.4375,3002.4375
Trade Summary,Data,Stocks,United States Dollar,LMT,LOCKHEED MARTIN CORP,Industrials,10,341.38,-3413.8,-3413.8,-10,363,3630,3630
Trade Summary,Data,Stocks,United States Dollar,LUMN,LUMEN TECHNOLOGIES INC,Technology,300,11.85,-3555,-3555,-300,13.55,4065,4065
Trade Summary,Data,Stocks,United States Dollar,META,META PLATFORMS INC-CLASS A,Telecomm,15,187.628833333,-2814.4325,-2814.4325,-15,162.453333333,2436.8,2436.8
Trade Summary,Data,Stocks,United States Dollar,MMM,3M CO,Consumer Non-Cyc,30,153.08,-4592.4,-4592.4,-30,126.99,3809.7,3809.7
Trade Summary,Data,Stocks,United States Dollar,MRK,MERCK & CO INC,Healthcare,20,73.56,-1471.2,-1471.2,-20,80,1600,1600
Trade Summary,Data,Stocks,United States Dollar,NBB,NUVEEN TAXABLE MUNICIPAL INC,Broad,2700,15.918481481,-42979.9,-42979.9,-2700,15.433762963,41671.16,41671.16
Trade Summary,Data,Stocks,United States Dollar,NEM,NEWMONT CORP,Basic Materials,350,49.322285714,-17262.8,-17262.8,-350,46.564428571,16297.55,16297.55
Trade Summary,Data,Stocks,United States Dollar,NFLX,NETFLIX INC,Telecomm,5,218.34,-1091.7,-1091.7,-5,173.16,865.8,865.8
Trade Summary,Data,Stocks,United States Dollar,NKE,NIKE INC -CL B,Consumer Cyclicals,53,98.41,-5215.73,-5215.73,-53,122.342,6484.126,6484.126
Trade Summary,Data,Stocks,United States Dollar,OPEN,OPENDOOR TECHNOLOGIES INC,Real Estate,100,10.155,-1015.5,-1015.5,-100,4.995,499.5,499.5
Trade Summary,Data,Stocks,United States Dollar,ORANY,ORANGE-SPON ADR,Technology,2350,10.95106383,-25735,-25735,-2350,11.300131915,26555.31,26555.31
Trade Summary,Data,Stocks,United States Dollar,PAGS,PAGSEGURO DIGITAL LTD-CL A,Industrials,200,9.805,-1961,-1961,-200,10.34,2068,2068
Trade Summary,Data,Stocks,United States Dollar,PDD,PDD HOLDINGS INC,Technology,50,64.8964,-3244.82,-3244.82,-50,54.94,2747,2747
Trade Summary,Data,Stocks,United States Dollar,PHG,KONINKLIJKE PHILIPS NVR- NY,Healthcare,70,31.208,-2184.56,-2184.56,-70,20.192,1413.44,1413.44
Trade Summary,Data,Stocks,United States Dollar,PLTR,PALANTIR TECHNOLOGIES INC-A,Technology,100,15.5,-1550,-1550,-100,17.012,1701.2,1701.2
Trade Summary,Data,Stocks,United States Dollar,PML,PIMCO MUNICIPAL INCOME FD II,Broad,2000,11.24032,-22480.64,-22480.64,-2000,8.9702,17940.4,17940.4
Trade Summary,Data,Stocks,United States Dollar,PYPL,PAYPAL HOLDINGS INC,Financials,40,151.955,-6078.2,-6078.2,-40,101.0525,4042.1,4042.1
Trade Summary,Data,Stocks,United States Dollar,QIWI,QIWI PLC-SPONSORED ADR,Industrials,200,6.52,-1304,-1304,0,0,0,0
Trade Summary,Data,Stocks,United States Dollar,SAP,SAP SE-SPONSORED ADR,Technology,10,104.79,-1047.9,-1047.9,-10,84.12,841.2,841.2
Trade Summary,Data,Stocks,United States Dollar,SKLZ,SKILLZ INC,Technology,700,2.55,-1785,-1785,-700,3.204571429,2243.2,2243.2
Trade Summary,Data,Stocks,United States Dollar,SWK,STANLEY BLACK & DECKER INC,Industrials,20,133.79,-2675.8,-2675.8,-20,105.61,2112.2,2112.2
Trade Summary,Data,Stocks,United States Dollar,T,AT&T INC,Technology,100,24.535,-2453.5,-2453.5,-100,23.88,2388,2388
Trade Summary,Data,Stocks,United States Dollar,TDOC,TELADOC HEALTH INC,Healthcare,35,87.177142857,-3051.2,-3051.2,-35,53.667142857,1878.35,1878.35
Trade Summary,Data,Stocks,United States Dollar,TLRY,TILRAY BRANDS INC,Healthcare,350,11.825714286,-4139,-4139,-350,9.721428571,3402.5,3402.5
Trade Summary,Data,Stocks,United States Dollar,UGP,ULTRAPAR PARTICPAC-SPON ADR,Energy,4500,2.627777778,-11825,-11825,-4500,2.701566667,12157.05,12157.05
Trade Summary,Data,Stocks,United States Dollar,UL.OLD,UNILEVER PLC-SPONSORED ADR,Consumer Non-Cyc,65,45.605,-2964.325,-2964.325,-65,44.575,2897.375,2897.375
Trade Summary,Data,Stocks,United States Dollar,V,VISA INC-CLASS A SHARES,Industrials,10,195.52,-1955.2,-1955.2,-10,207.8,2078,2078
Trade Summary,Data,Stocks,United States Dollar,VZ,VERIZON COMMUNICATIONS INC,Technology,100,52,-5200,-5200,-100,54.29,5429,5429
Trade Summary,Data,Stocks,United States Dollar,WBA,WALGREENS BOOTS ALLIANCE INC,Consumer Non-Cyc,195,44.40774359,-8659.51,-8659.51,-195,40.507128205,7898.89,7898.89
Trade Summary,Data,Stocks,United States Dollar,WDS,WOODSIDE ENERGY GROUP-ADR,Energy,0,0,0,0,-18.07,21.279961262,384.5289,384.5289
Trade Summary,Data,Stocks,United States Dollar,XP,XP INC - CLASS A,Financials,2221,17.707586673,-39328.55,-39328.55,-2271.7933,19.089795937,43368.070508,43368.070508
Trade Summary,Data,Stocks,United States Dollar,XYZ,BLOCK INC,Industrials,30,89.3,-2679,-2679,-30,112.604,3378.12,3378.12
Deposits And Withdrawals,MetaInfo,Analysis Period,"August 11, 2021 - January 27, 2026"
Deposits And Withdrawals,Header,Date,Type,Description,Amount
Deposits And Withdrawals,Data,08/11/21,DEPOSIT,Cash Receipts / Electronic Fund Transfers ,325000
Deposits And Withdrawals,Data,08/12/22,ACATOUT,Spdr Gold Shares (GLD) Quantity: -47,-7856.99
Deposits And Withdrawals,Data,02/15/23,NA,Adjustment: Other (orf Adjustment Credit) ,0.01
Deposits And Withdrawals,Data,01/30/24,ACATOUT,Ishares 1-3 Year Treasury Bo (SHY) Quantity: -57,-4685.4
Deposits And Withdrawals,Data,04/09/24,WITHDRAWAL,Disbursement Initiated By Emma G Bonicelli Zegarra De Quintana ,-325987
Deposits And Withdrawals,Data,04/09/25,WITHDRAWAL,Disbursement Initiated By Emma G Bonicelli Zegarra De Quintana ,-1240
Corporate Actions,MetaInfo,Analysis Period,"August 11, 2021 - January 27, 2026"
Corporate Actions,Header,Date,Type,Description,Quantity
Corporate Actions,Data,20211001,Spinoff,ITUB(US4655621062) SPINOFF  230878461 FOR 10000000000,50.7933
Corporate Actions,Data,20220601,Spinoff,BHP(US0886061086) SPINOFF  1807 FOR 5000,18.07
Corporate Actions,Data,20220603,Split,AMZN(US0231351067) SPLIT 20 FOR 1,19
Corporate Actions,Data,20240125,Rights,HIX(US95766J1025) SUBSCRIBABLE RIGHTS ISSUE  1 FOR 1,4300
Corporate Actions,Data,20240125,Rights,HIX(US95766J1025) SUBSCRIBABLE RIGHTS ISSUE  1 FOR 1,2
Corporate Actions,Data,20240307,Delisting,(US95766J1280) DELISTED,-4302
Dividends,MetaInfo,Analysis Period,"August 11, 2021 - January 27, 2026"
Dividends,Header,PayDate,Ex-Date,Symbol,Quantity,DividendPerShare,Amount
Dividends,Data,20210921,20210902,BHP,150,4.00,600
Dividends,Data,20211108,20211022,AKO B,800,0.23,187.26
Dividends,Data,20211112,20211001,ITUB,2200,0.00,5.81
Dividends,Data,20211116,20210930,BTI,200,0.72,144.34
Dividends,Data,20211119,20211110,UGP,2000,0.00,0.16
Dividends,Data,20211201,20211104,INTC,50,0.35,17.38
Dividends,Data,20211208,20211129,AVAL,500,0.02,11.36
Dividends,Data,20211213,20211101,ITUB,2200,0.00,6.91
Dividends,Data,20211217,20211118,BPCR,45000,0.02,787.5
Dividends,Data,20211227,20211130,LMT,10,2.80,28
Dividends,Data,20211228,20211223,JETS,100,0.14,14.14
Dividends,Data,20211230,20211209,ORANY,1500,0.34,506.61
Dividends,Data,20220105,20211230,ECH,50,0.09,4.42
Dividends,Data,20220107,20211214,MRK,20,0.69,13.8
Dividends,Data,20220110,20211230,AVAL,500,0.02,10.99
Dividends,Data,20220113,20211201,ITUB,3000,0.00,9.34
Dividends,Data,20220208,20220128,AVAL,1000,0.02,22.91
Dividends,Data,20220214,20211222,BTI,200,0.73,145.98
Dividends,Data,20220301,20220204,INTC,30,0.36,10.95
Dividends,Data,20220308,20220225,AVAL,1000,0.02,23.2
Dividends,Data,20220314,20220217,MMM,10,1.49,14.9
Dividends,Data,20220311,20220211,BSBR,1000,0.09,88.75
Dividends,Data,20220311,20220211,BSBR,1000,0.07,67.87
Dividends,Data,20220321,20211122,ITUB,3000,0.05,156.95
Dividends,Data,20220328,20220224,BHP,50,3.00,150
Dividends,Data,20220516,20220427,ING,100,0.43,43.14
Dividends,Data,20220525,20220513,ING,100,0.24,24.35
Dividends,Data,20220527,20220429,C,45,0.51,22.95
Dividends,Data,20220531,20220519,SAP,10,2.08,20.77
Dividends,Data,20220531,20220519,SAP,10,0.53,5.32
Dividends,Data,20220608,20220512,PHG,70,0.91,63.85
Dividends,Data,20220610,20220519,WBA,100,0.48,47.75
Dividends,Data,20220613,20220519,MMM,30,1.49,44.7
Dividends,Data,20220616,20220601,NEM,50,0.55,27.5
Dividends,Data,20220621,20220606,SWK,20,0.79,15.8
Dividends,Data,20220624,20220622,MJ,200,0.07,14
Dividends,Data,20220630,20220614,BBN,500,0.12,61.45
Dividends,Data,20220630,20220621,PCY,490,0.11,56.03
Dividends,Data,20220630,20220614,BLW,720,0.10,70.63
Dividends,Data,20220701,20220610,PML,600,0.06,35.4
Dividends,Data,20220722,20220718,PCY,490,0.12,56.51
Dividends,Data,20220728,20220623,2828,6400,0.15,937.5904
Dividends,Data,20220729,20220714,GBAB,1500,0.13,188.6
Dividends,Data,20220729,20220714,BLW,2220,0.10,217.78
Dividends,Data,20220729,20220714,BBN,1500,0.12,184.35
Dividends,Data,20220801,20220708,PML,600,0.06,35.4
Dividends,Data,20220801,20220721,GDO,1700,0.10,171.7
Dividends,Data,20220805,20220801,EMB,350,0.35,120.95
Dividends,Data,20220805,20220801,EMLC,1000,0.12,121.8
Dividends,Data,20220826,20220822,PCY,490,0.12,57.33
Dividends,Data,20220831,20220812,BLW,2220,0.10,217.78
Dividends,Data,20220831,20220812,BBN,1500,0.12,184.35
Dividends,Data,20220831,20220812,GBAB,1500,0.13,188.6
Dividends,Data,20220901,20220823,GDO,1700,0.10,171.7
Dividends,Data,20220901,20220810,PML,600,0.06,35.4
Dividends,Data,20220907,20220901,VCLT,100,0.28,28.49
Dividends,Data,20220907,20220901,VCSH,200,0.14,27.24
Dividends,Data,20220908,20220901,EMLC,1000,0.12,121.2
Dividends,Data,20220908,20220901,LQD,50,0.30,15.21
Dividends,Data,20220908,20220901,EMB,350,0.31,109.18
Dividends,Data,20220908,20220901,BWX,1000,0.02,23.08
Dividends,Data,20220923,20220919,PCY,1000,0.09,91.83
Dividends,Data,20220930,20220914,BBN,1500,0.12,184.35
Dividends,Data,20220930,20220914,GBAB,1500,0.13,188.59
Dividends,Data,20221003,20220909,PML,1900,0.06,112.1
Dividends,Data,20221003,20220922,GDO,1700,0.10,171.7
Dividends,Data,20221006,20221003,VCSH,200,0.14,28.86
Dividends,Data,20221006,20221003,VCLT,100,0.28,28.39
Dividends,Data,20221007,20221003,TLT,50,0.24,12.21
Dividends,Data,20221007,20221003,WIP,100,0.25,24.76
Dividends,Data,20221007,20221003,BWX,1000,0.02,22.49
Dividends,Data,20221007,20221003,LQD,50,0.34,16.96
Dividends,Data,20221007,20221003,EMB,350,0.37,129.74
Dividends,Data,20221007,20221003,EMLC,1000,0.12,117.6
Dividends,Data,20221028,20221024,PCY,1000,0.09,92.16
Dividends,Data,20221031,20221013,BBN,1500,0.12,184.35
Dividends,Data,20221031,20221013,GBAB,1500,0.13,188.59
Dividends,Data,20221031,20221013,BLW,2200,0.10,215.82
Dividends,Data,20221101,20221021,GDO,1700,0.10,171.7
Dividends,Data,20221101,20221012,PML,1900,0.06,112.1
Dividends,Data,20221104,20221101,VCLT,100,0.29,28.72
Dividends,Data,20221104,20221101,VCSH,200,0.15,29.62
Dividends,Data,20221107,20221101,TLT,50,0.24,11.78
Dividends,Data,20221107,20221101,EMLC,1000,0.12,118
Dividends,Data,20221107,20221101,BWX,1000,0.02,23.95
Dividends,Data,20221107,20221101,WIP,100,0.23,22.65
Dividends,Data,20221107,20221101,LQD,50,0.31,15.35
Dividends,Data,20221107,20221101,EMB,350,0.38,133.54
Dividends,Data,20221125,20221121,PCY,1000,0.10,101
Dividends,Data,20221130,20221114,GBAB,1500,0.13,188.6
Dividends,Data,20221130,20221114,BLW,2200,0.10,215.82
Dividends,Data,20221130,20221114,BBN,1500,0.12,184.35
Dividends,Data,20221201,20221110,PML,2000,0.06,118
Dividends,Data,20221201,20221121,GDO,1700,0.10,171.7
Dividends,Data,20221206,20221201,VCLT,100,0.29,29.48
Dividends,Data,20221206,20221201,VCSH,200,0.15,29.92
Dividends,Data,20221207,20221201,EMLC,1000,0.11,112.4
Dividends,Data,20221207,20221201,TLT,50,0.24,12.21
Dividends,Data,20221207,20221201,LQD,50,0.34,17.2
Dividends,Data,20221207,20221201,EMB,350,0.34,118.78
Dividends,Data,20221207,20221201,WIP,100,0.30,30.47
Dividends,Data,20221207,20221201,BWX,1000,0.03,26.16
Dividends,Data,20221221,20221215,LQD,50,0.33,16.58
Dividends,Data,20221221,20221215,EMB,350,0.34,118.97
Dividends,Data,20221221,20221215,TLT,50,0.26,13.05
Dividends,Data,20221222,20221201,ORANY,300,0.31,94.25
Dividends,Data,20221222,20221214,BBN,1500,0.10,154.35
Dividends,Data,20221223,20221219,PCY,1000,0.10,96.5
Dividends,Data,20221223,20221219,BWX,1000,0.03,29.48
Dividends,Data,20221223,20221219,WIP,100,0.30,30.12
Dividends,Data,20221229,20221223,VCLT,100,0.30,30.2
Dividends,Data,20221229,20221223,VCSH,200,0.17,33.86
Dividends,Data,20221230,20221214,GBAB,1500,0.13,188.59
Dividends,Data,20221230,20221221,GDO,1700,0.10,171.7
Dividends,Data,20221230,20221228,EMLC,1000,0.12,121.3
Dividends,Data,20230103,20221209,PML,2000,0.06,118
Dividends,Data,20230127,20230123,PCY,1000,0.10,100.56
Dividends,Data,20230131,20230123,QYLD,1000,0.17,169.6
Dividends,Data,20230131,20230112,BBN,1500,0.10,154.35
Dividends,Data,20230131,20230123,EXG,1200,0.06,66.36
Dividends,Data,20230131,20230112,GBAB,1500,0.13,188.6
Dividends,Data,20230201,20230112,PML,2000,0.04,79
Dividends,Data,20230201,20230112,NBB,1500,0.07,108
Dividends,Data,20230201,20230123,GDO,1700,0.10,171.7
Dividends,Data,20230206,20230201,JEPI,400,0.44,177.57
Dividends,Data,20230207,20230201,LQD,100,0.34,34.21
Dividends,Data,20230228,20230214,GBAB,1500,0.13,188.59
Dividends,Data,20230228,20230214,BBN,1800,0.10,185.22
Dividends,Data,20230228,20230221,EXG,1200,0.06,66.36
Dividends,Data,20230301,20230217,GDO,1700,0.10,171.7
Dividends,Data,20230301,20230210,PML,2000,0.04,79
Dividends,Data,20230301,20230214,NBB,1500,0.07,108
Dividends,Data,20230306,20230301,JEPI,400,0.41,164.46
Dividends,Data,20230307,20230301,EMB,183,0.38,69.32
Dividends,Data,20230307,20230301,LQD,100,0.37,37.18
Dividends,Data,20230313,20230303,SDIV,262,0.26,66.81
Dividends,Data,20230324,20230320,PCY,527,0.10,54.71
Dividends,Data,20230331,20230314,GBAB,1500,0.13,188.59
Dividends,Data,20230331,20230314,BBN,1800,0.10,185.22
Dividends,Data,20230331,20230321,EXG,1200,0.06,66.36
Dividends,Data,20230403,20230310,PML,2000,0.04,79
Dividends,Data,20230403,20230314,NBB,1500,0.07,108
Dividends,Data,20230403,20230323,GDO,1700,0.10,171.7
Dividends,Data,20230406,20230403,JEPI,400,0.45,178.02
Dividends,Data,20230428,20230413,BBN,1800,0.10,185.22
Dividends,Data,20230428,20230413,GBAB,1500,0.13,188.59
Dividends,Data,20230428,20230413,BLW,2000,0.10,196.2
Dividends,Data,20230501,20230413,NBB,1400,0.07,95.2
Dividends,Data,20230501,20230413,EAD,3200,0.05,159.04
Dividends,Data,20230501,20230420,HIX,5200,0.05,254.8
Dividends,Data,20230501,20230420,GDO,2100,0.10,212.1
Dividends,Data,20230502,20230424,QYLD,1500,0.17,259.52
Dividends,Data,20230502,20230424,RYLD,1400,0.18,254.8
Dividends,Data,20230504,20230501,JEPI,400,0.42,169.83
Dividends,Data,20230505,20230501,SHV,400,0.40,159.01
Dividends,Data,20230531,20230512,GBAB,1500,0.13,188.59
Dividends,Data,20230531,20230522,RYLD,1400,0.16,225.4
Dividends,Data,20230531,20230522,QYLD,1500,0.17,252.3
Dividends,Data,20230531,20230512,BBN,1800,0.10,185.22
Dividends,Data,20230531,20230512,BLW,2000,0.10,196.2
Dividends,Data,20230601,20230512,NBB,1400,0.07,95.2
Dividends,Data,20230601,20230522,HIX,5200,0.05,254.8
Dividends,Data,20230601,20230522,GDO,2100,0.10,212.1
Dividends,Data,20230601,20230511,EAD,3200,0.05,156.58
Dividends,Data,20230606,20230601,JEPI,400,0.37,146.16
Dividends,Data,20230607,20230601,SHV,260,0.48,125.26
Dividends,Data,20230615,20230531,NEM,100,0.40,40
Dividends,Data,20230628,20230620,RYLD,1400,0.18,256.06
Dividends,Data,20230630,20230601,BAC,200,0.22,44
Dividends,Data,20230630,20230614,GBAB,1500,0.13,188.6
Dividends,Data,20230630,20230614,BLW,2000,0.10,196.2
Dividends,Data,20230630,20230614,BBN,1800,0.09,167.22
Dividends,Data,20230703,20230622,HIX,5200,0.05,254.8
Dividends,Data,20230703,20230614,NBB,1400,0.07,95.2
Dividends,Data,20230703,20230622,GDO,2100,0.10,212.1
Dividends,Data,20230703,20230612,EAD,3200,0.05,154.69
Dividends,Data,20230731,20230713,BBN,1800,0.09,167.22
Dividends,Data,20230731,20230713,GBAB,1500,0.13,188.6
Dividends,Data,20230731,20230713,BLW,2000,0.10,196.2
Dividends,Data,20230801,20230721,HIX,5200,0.05,254.8
Dividends,Data,20230801,20230713,NBB,1400,0.07,95.2
Dividends,Data,20230801,20230713,EAD,3200,0.05,153.44
Dividends,Data,20230801,20230721,GDO,2100,0.10,212.1
Dividends,Data,20230801,20230724,RYLD,1400,0.18,251.58
Dividends,Data,20230807,20230801,TLT,300,0.28,82.58
Dividends,Data,20230821,20230810,CEFD,201,0.21,42.03
Dividends,Data,20230829,20230821,RYLD,1400,0.17,243.74
Dividends,Data,20230831,20230814,GBAB,1500,0.13,188.6
Dividends,Data,20230831,20230814,BLW,2000,0.10,196.2
Dividends,Data,20230831,20230814,BBN,1800,0.09,167.22
Dividends,Data,20230901,20230811,EAD,3200,0.05,152.83
Dividends,Data,20230901,20230823,HIX,5200,0.05,254.8
Dividends,Data,20230901,20230823,GDO,2100,0.10,212.1
Dividends,Data,20230901,20230814,NBB,1400,0.07,95.2
Dividends,Data,20230908,20230901,TLT,500,0.29,144.29
Dividends,Data,20230921,20230906,NEM,100,0.40,40
Dividends,Data,20230921,20230912,CEFD,201,0.21,41.51
Dividends,Data,20230926,20230918,RYLD,1400,0.17,241.66
Dividends,Data,20230929,20230914,GBAB,1500,0.13,188.59
Dividends,Data,20230929,20230914,BBN,1800,0.09,167.22
Dividends,Data,20230929,20230914,BLW,2000,0.10,196.2
Dividends,Data,20231002,20230911,EAD,3200,0.05,152.61
Dividends,Data,20231002,20230921,GDO,2100,0.10,214.2
Dividends,Data,20231002,20230921,HIX,5200,0.05,254.8
Dividends,Data,20231002,20230914,NBB,1400,0.07,95.2
Dividends,Data,20231006,20231002,TLT,500,0.28,140.01
Dividends,Data,20231023,20231012,CEFD,701,0.26,183.24
Dividends,Data,20231031,20231012,GBAB,1500,0.13,188.6
Dividends,Data,20231031,20231023,RYLD,1400,0.16,226.24
Dividends,Data,20231031,20231013,BLW,2000,0.11,215.8
Dividends,Data,20231031,20231013,BBN,1800,0.09,167.22
Dividends,Data,20231101,20231012,NBB,1400,0.07,95.2
Dividends,Data,20231101,20231023,GDO,2100,0.10,214.2
Dividends,Data,20231101,20231023,HIX,5200,0.05,254.8
Dividends,Data,20231101,20231012,EAD,4200,0.05,199.25
Dividends,Data,20231107,20231101,TLT,500,0.29,143.15
Dividends,Data,20231113,20231103,SDIV,1000,0.21,210
Dividends,Data,20231120,20231109,CEFD,701,0.19,130.53
Dividends,Data,20231129,20231120,RYLD,1400,0.17,234.92
Dividends,Data,20231130,20231114,GBAB,1500,0.13,188.6
Dividends,Data,20231130,20231114,BBN,1800,0.09,167.22
Dividends,Data,20231130,20231114,BLW,2000,0.11,215.8
Dividends,Data,20231201,20231114,NBB,1400,0.07,95.2
Dividends,Data,20231201,20231121,HIX,5200,0.05,254.8
Dividends,Data,20231201,20231121,GDO,2100,0.10,214.2
Dividends,Data,20231201,20231113,EAD,4200,0.05,199
Dividends,Data,20231207,20231201,TLT,500,0.29,144.46
Dividends,Data,20231213,20231205,SDIV,1000,0.21,210
Dividends,Data,20231220,20231214,TLT,500,0.31,155.27
Dividends,Data,20231220,20231214,BBN,1800,0.09,167.22
Dividends,Data,20231220,20231214,BLW,2000,0.11,215.8
Dividends,Data,20231221,20231212,CEFD,701,0.18,128.14
Dividends,Data,20231222,20231129,NEM,100,0.40,40
Dividends,Data,20231229,20231220,HIX,5200,0.05,254.8
Dividends,Data,20231229,20231214,GBAB,1500,0.13,188.6
Dividends,Data,20231229,20231214,NBB,1400,0.07,102.9
Dividends,Data,20231229,20231220,GDO,2100,0.10,214.2
Dividends,Data,20240102,20231201,NKE,53,0.37,19.61
Dividends,Data,20240102,20231211,EAD,4200,0.05,217.27
Dividends,Data,20231229,20231226,NBB,1400,0.48,675.22
Dividends,Data,20240108,20231228,SDIV,1000,0.21,210
Dividends,Data,20240110,20231208,DIS,65,0.30,19.5
Dividends,Data,20240118,20231220,BABA,65,1.00,65
Dividends,Data,20240124,20240112,CEFD,701,0.26,184.22
Dividends,Data,20240130,20240122,RYLD,1100,0.17,181.94
Dividends,Data,20240131,20240111,GBAB,1200,0.13,150.88
Dividends,Data,20240131,20240111,BBN,1500,0.09,139.35
Dividends,Data,20240131,20240111,BLW,2000,0.11,215.8
Dividends,Data,20240201,20240123,HIX,3700,0.05,181.3
Dividends,Data,20240201,20240111,NBB,600,0.07,44.1
Dividends,Data,20240201,20240112,EAD,4200,0.05,216.93
Dividends,Data,20240201,20240123,GDO,1600,0.10,163.2
Dividends,Data,20240207,20240201,TLT,500,0.31,155.06
Dividends,Data,20240213,20240205,SDIV,1000,0.21,210
Dividends,Data,20240221,20240209,CEFD,1001,0.16,162.26
Dividends,Data,20240228,20240220,RYLD,1100,0.16,179.52
Dividends,Data,20240229,20240214,BLW,2000,0.11,215.8
Dividends,Data,20240229,20240215,GHY,700,0.10,73.5
Dividends,Data,20240229,20240214,GBAB,1400,0.13,176.02
Dividends,Data,20240229,20240214,BBN,1500,0.09,139.35
Dividends,Data,20240301,20240221,GDO,2100,0.10,214.2
Dividends,Data,20240301,20240212,EAD,4200,0.05,217.14
Dividends,Data,20240301,20240214,NBB,1200,0.07,88.2
Dividends,Data,20240301,20240221,HIX,4300,0.05,210.7
Dividends,Data,20240307,20240301,TLT,500,0.30,147.62
Dividends,Data,20240307,20240301,SHY,277,0.24,66.61
Dividends,Data,20240313,20240305,SDIV,1000,0.21,210
Dividends,Data,20240320,20240311,CEFD,1001,0.19,191.99
Dividends,Data,20240328,20240314,BBN,76,0.09,7.06
Dividends,Data,20240328,20240304,NEM,100,0.25,25
Dividends,Data,20240328,20240314,GHY,700,0.10,73.5
Dividends,Data,20240401,20240311,EAD,4200,0.05,217.18
Dividends,Data,20240401,20240314,NBB,1200,0.07,88.2
Dividends,Data,20240401,20240320,GDO,2100,0.10,214.2
Dividends,Data,20240405,20240401,TLT,500,0.31,156.21
Dividends,Data,20240405,20240401,IEF,1985,0.28,547.55
Dividends,Data,20240411,20240403,SDIV,1000,0.19,190
Dividends,Data,20240708,20230331,CIG,2000,0.02,34.44
Dividends,Data,20250107,20230331,CIG,2000,0.02,31.07
Interest Details,MetaInfo,Analysis Period,"August 11, 2021 - January 27, 2026"
Interest Details,Header,Date,Description,Amount
Interest Details,Data,20220105,HKD Debit Interest Paid for December 2021,-8.625485
Interest Details,Data,20220203,HKD Debit Interest Paid for January 2022,-1.3755904
Interest Details,Data,20220603,USD Credit Interest Received for May 2022,44.85
Interest Details,Data,20220706,USD Credit Interest Received for June 2022,79.23
Interest Details,Data,20220803,HKD Debit Interest Paid for July 2022,-0.0076434
Interest Details,Data,20220803,USD Credit Interest Received for July 2022,87.96
Interest Details,Data,20220906,USD Credit Interest Received for August 2022,155.89
Interest Details,Data,20221005,USD Credit Interest Received for September 2022,26.32
Interest Details,Data,20221103,USD Debit Interest Paid for October 2022,-1.52
Interest Details,Data,20221205,USD Credit Interest Received for November 2022,5.88
Interest Details,Data,20221205,HKD Debit Interest Paid for November 2022,-0.1326125
Interest Details,Data,20230105,USD Credit Interest Received for December 2022,114.19
Interest Details,Data,20230203,USD Credit Interest Received for January 2023,109.04
Interest Details,Data,20230303,USD Credit Interest Received for February 2023,410.92
Interest Details,Data,20230405,USD Credit Interest Received for March 2023,356.3
Interest Details,Data,20230503,USD Credit Interest Received for April 2023,80.44
Interest Details,Data,20230605,USD Credit Interest Received for May 2023,16.03
Interest Details,Data,20230706,USD Credit Interest Received for June 2023,101.74
Interest Details,Data,20230803,USD Credit Interest Received for July 2023,97.05
Interest Details,Data,20240403,USD Net Stock Interest Paid for March 2024,-0.28
Fee Summary,MetaInfo,Analysis Period,"August 11, 2021 - January 27, 2026"
Fee Summary,Header,Date,Description,Amount
Fee Summary,Data,20211004,Q******26:global Snapshot Pnp For Sep 2021 ,-0.06
Fee Summary,Data,20211004,Q******26:global Snapshot Pnp For Sep 2021 ,0.06
Fee Summary,Data,20220204,Q******26:abcopranp For Feb 2022 ,-4.5
Fee Summary,Data,20220204,Q******26:cboe One Add-on For Feb 2022 ,-1
Fee Summary,Data,20220204,Q******26:snapshotvaluenonpro For Feb 2022 ,-10
Fee Summary,Data,20220303,Q******26:abcopranp For Mar 2022 ,-4.5
Fee Summary,Data,20220303,Q******26:cboe One Add-on For Feb 2022 ,1
Fee Summary,Data,20220303,Q******26:cboe One Add-on For Mar 2022 ,-1
Fee Summary,Data,20220303,Q******26:snapshotvaluenonpro For Feb 2022 ,10
Fee Summary,Data,20220303,Q******26:snapshotvaluenonpro For Mar 2022 ,-10
Fee Summary,Data,20220315,Cancel[q******26:cboe One Add-on] For Mar 2022 ,1
Fee Summary,Data,20220404,Q******26:abcopranp For Apr 2022 ,-4.5
Fee Summary,Data,20220404,Q******26:global Snapshot Pnp For Mar 2022 ,-0.03
Fee Summary,Data,20220404,Q******26:global Snapshot Pnp For Mar 2022 ,0.03
Fee Summary,Data,20220404,Q******26:snapshotvaluenonpro For Apr 2022 ,-10
Fee Summary,Data,20220404,Q******26:snapshotvaluenonpro For Mar 2022 ,10
Fee Summary,Data,20220503,Q******26:abcopranp For May 2022 ,-4.5
Fee Summary,Data,20220503,Q******26:snapshotvaluenonpro For May 2022 ,-10
Fee Summary,Data,20220603,Q******26:abcopranp For Jun 2022 ,-4.5
Fee Summary,Data,20220603,Q******26:snapshotvaluenonpro For Jun 2022 ,-10
Fee Summary,Data,20220705,Q******26:abcopranp For Jul 2022 ,-4.5
Fee Summary,Data,20220705,Q******26:snapshotvaluenonpro For Jul 2022 ,-10
Fee Summary,Data,20220803,Q******26:abcopranp For Aug 2022 ,-4.5
Fee Summary,Data,20220803,Q******26:snapshotvaluenonpro For Aug 2022 ,-10
Fee Summary,Data,20220803,Q******26:snapshotvaluenonpro For Jul 2022 ,10
Fee Summary,Data,20220905,Q******26:abcopranp For Sep 2022 ,-4.5
Fee Summary,Data,20220905,Q******26:snapshotvaluenonpro For Aug 2022 ,10
Fee Summary,Data,20220905,Q******26:snapshotvaluenonpro For Sep 2022 ,-10
Fee Summary,Data,20221004,Q******26:abcopranp For Oct 2022 ,-4.5
Fee Summary,Data,20221004,Q******26:snapshotvaluenonpro For Oct 2022 ,-10
Fee Summary,Data,20221103,Q******26:abcopranp For Nov 2022 ,-4.5
Fee Summary,Data,20221103,Q******26:snapshotvaluenonpro For Nov 2022 ,-10
Fee Summary,Data,20221202,Q******26:abcopranp For Dec 2022 ,-4.5
Fee Summary,Data,20221202,Q******26:snapshotvaluenonpro For Dec 2022 ,-10
Fee Summary,Data,20230104,Q******26:abcopranp For Jan 2023 ,-4.5
Fee Summary,Data,20230104,Q******26:snapshotvaluenonpro For Dec 2022 ,10
Fee Summary,Data,20230104,Q******26:snapshotvaluenonpro For Jan 2023 ,-10
Fee Summary,Data,20230202,Q******26:abcopranp For Feb 2023 ,-4.5
Fee Summary,Data,20230202,Q******26:snapshotvaluenonpro For Feb 2023 ,-10
Fee Summary,Data,20230202,Q******26:snapshotvaluenonpro For Jan 2023 ,10
Fee Summary,Data,20230302,Q******26:abcopranp For Mar 2023 ,-4.5
Fee Summary,Data,20230302,Q******26:snapshotvaluenonpro For Mar 2023 ,-10
Fee Summary,Data,20230404,Q******26:abcopranp For Apr 2023 ,-4.5
Fee Summary,Data,20230404,Q******26:snapshotvaluenonpro For Apr 2023 ,-10
Fee Summary,Data,20230404,Q******26:snapshotvaluenonpro For Mar 2023 ,10
Fee Summary,Data,20230502,Q******26:abcopranp For May 2023 ,-4.5
Fee Summary,Data,20230502,Q******26:snapshotvaluenonpro For May 2023 ,-10
Fee Summary,Data,20230602,Q******26:abcopranp For Jun 2023 ,-4.5
Fee Summary,Data,20230602,Q******26:snapshotvaluenonpro For Jun 2023 ,-10
Fee Summary,Data,20230703,Q******26:abcopranp For Jul 2023 ,-4.5
Fee Summary,Data,20230703,Q******26:snapshotvaluenonpro For Jul 2023 ,-10
Fee Summary,Data,20230802,Q******26:abcopranp For Aug 2023 ,-4.5
Fee Summary,Data,20230802,Q******26:snapshotvaluenonpro For Aug 2023 ,-10
Fee Summary,Data,20230802,Q******26:snapshotvaluenonpro For Jul 2023 ,10
Fee Summary,Data,20230906,Q******26:abcopranp For Sep 2023 ,-4.5
Fee Summary,Data,20230906,Q******26:snapshotvaluenonpro For Aug 2023 ,10
Fee Summary,Data,20230906,Q******26:snapshotvaluenonpro For Sep 2023 ,-10
Fee Summary,Data,20231004,Q******26:abcopranp For Oct 2023 ,-4.5
Fee Summary,Data,20231004,Q******26:snapshotvaluenonpro For Oct 2023 ,-10
Fee Summary,Data,20231103,Q******26:abcopranp For Nov 2023 ,-4.5
Fee Summary,Data,20231103,Q******26:snapshotvaluenonpro For Nov 2023 ,-10
Fee Summary,Data,20231103,Q******26:snapshotvaluenonpro For Oct 2023 ,10
Fee Summary,Data,20231205,Q******26:abcopranp For Dec 2023 ,-4.5
Fee Summary,Data,20231205,Q******26:snapshotvaluenonpro For Dec 2023 ,-10
Fee Summary,Data,20240103,E*********la:abcopranp For Jan 2024 ,-4.5
Fee Summary,Data,20240103,E*********la:snapshotvaluenonpro For Dec 2023 ,10
Fee Summary,Data,20240103,E*********la:snapshotvaluenonpro For Jan 2024 ,-10
Fee Summary,Data,20240202,E*********la:snapshotvaluenonpro For Feb 2024 ,-10
Fee Summary,Data,20240202,E*********la:snapshotvaluenonpro For Jan 2024 ,10
Fee Summary,Data,20240205,E*********la:abcopranp For Feb 2024 ,-4.5
Fee Summary,Data,20240305,E*********la:abcopranp For Mar 2024 ,-4.5
Fee Summary,Data,20240305,E*********la:snapshotvaluenonpro For Feb 2024 ,10
Fee Summary,Data,20240305,E*********la:snapshotvaluenonpro For Mar 2024 ,-10
Fee Summary,Data,20240402,E*********la:abcopranp For Apr 2024 ,-4.5
Fee Summary,Data,20240402,E*********la:snapshotvaluenonpro For Apr 2024 ,-10
Fee Summary,Data,20240403,E*********la:snapshotvaluenonpro For Mar 2024 ,10
Fee Summary,Data,20240502,E*********la:abcopranp For May 2024 ,-4.5
Fee Summary,Data,20240502,E*********la:snapshotvaluenonpro For Apr 2024 ,10
Fee Summary,Data,20240502,E*********la:snapshotvaluenonpro For May 2024 ,-10
Fee Summary,Data,20240604,E*********la:abcopranp For Jun 2024 ,-4.5
Fee Summary,Data,20240604,E*********la:snapshotvaluenonpro For Jun 2024 ,-10
Fee Summary,Data,20240702,E*********la:abcopranp For Jul 2024 ,-4.5
Fee Summary,Data,20240702,E*********la:snapshotvaluenonpro For Jul 2024 ,-10
Fee Summary,Data,20240802,E*********la:abcopranp For Aug 2024 ,-4.5
Fee Summary,Data,20240802,E*********la:snapshotvaluenonpro For Aug 2024 ,-10
Notes and Disclosure,Header,Type,Note
Notes and Disclosure,Data,General,"1. The Net Asset Value (NAV) consists of all positions by financial instrument (stock, securities options, warrants, bonds, cash, etc.). All non-base currency amounts are converted to the base currency at the close of period rate."
Notes and Disclosure,Data,General,2. The gain or loss from future contracts settle into cash each night. The notional value is used when computing the contribution to return.
Notes and Disclosure,Data,General,"3. Dividend accruals, interest accruals, and insured deposits are included in cash amounts throughout the report."
Notes and Disclosure,Data,General,4. Price valuations are obtained from outside parties. Clearing Broker shall have no responsibility for the accuracy or timeliness of any such price valuation.
Notes and Disclosure,Data,General,5. Data from Thomson Reuters Business Classifications and Lipper Global is used to derive our sector classifications. Funds with assorted sector allocations are classified as Broad.
Notes and Disclosure,Data,General,"6. Amounts are formatted to two decimal places. If amounts are greater than two decimal places, Clearing Broker uses "half-even" rounding. This means that Clearing Broker rounds such amounts up to the nearest even number."
Notes and Disclosure,Data,General,"7. For accounts opened and funded before 2009, reports with a time period of Since Inception will only include data going back to January 1, 2009. This includes some default reports and both Historical Performance reports."
Notes and Disclosure,Data,General,"8. If you have elected to trade cryptocurrency/digital asset products at Crypto Provider through the Clearing Broker platform, for your convenience your positions in your linked account at Crypto Provider are reflected in PortfolioAnalyst in connection with your Clearing Broker account."
Notes and Disclosure,Data,Section,1. Account Overview: The deposit/withdrawal amount displayed includes internal transfers along with cash and position transfers.
Notes and Disclosure,Data,Section,"2. Risk Measures: Historical US 3 Month Treasury Bill rates are used as the risk free rates when calculating Alpha, the Sharpe ratio, the Sortino ratio, and the downside deviation."
Notes and Disclosure,Data,Disclosure,"This portfolio report was generated using Clearing Broker's PortfolioAnalyst tool, which allows Clearing Broker clients to generate analyses of their accounts using market data provided by third parties along with trade and account data contained in Clearing Broker's systems. This report is for information purposes only and is provided AS IS. Clearing Broker makes no warranty of any kind, express or implied, as to this report and its contents. The data provided for use in the PortfolioAnalyst tool is believed to be accurate, but completeness and accuracy of the information is not guaranteed, and Clearing Broker has no liability with respect thereto. The data regarding accounts held outside of Clearing Broker is obtained either directly from your input or from the financial institutions holding those accounts through a third-party service provider and Clearing Broker has NOT reviewed its accuracy.

The material in this report is intended only as a reference and should not be relied upon for the maintenance of your books and records for tax, accounting, financial, or regulatory reporting or for any other purposes. This report is not an offer or a solicitation of an offer to buy or sell any security. This material does not, and is not intended to, take into account the particular financial conditions, investment objectives, or requirements of individual customers. Before acting on any material within this report, you should consider whether it is suitable for your particular circumstances and as necessary, seek professional advice."
