Introduction,Header,Name,Account,Alias,BaseCurrency,AccountType,AnalysisPeriod,PerformanceMeasure
Introduction,Data,Fernando J Munoz Rodriguez La Rosa and Giuliana M Macchiavello Casabonne,U12741918,,USD,Joint (Broker Client),"November 6, 2023 to January 27, 2026 (Daily)",TWR
Key Statistics,MetaInfo,Analysis Period,"November 6, 2023 - January 27, 2026"
Key Statistics,Header,BeginningNAV,EndingNAV,CumulativeReturn,5DayReturn,5DayReturnDateRange,10DayReturn,10DayReturnDateRange,BestReturn,BestReturnDate,WorstReturn,WorstReturnDate,MTM,Deposits & Withdrawals,Dividends,Interest,Fees & Commissions,Other,ChangeInNAV
Key Statistics,Data,0,133048.358565,53.501446905,0.500150778,20260121 - 20260127,-2.413507399,20260114 - 20260127,12.735312438,20250409,-5.570993638,20250403,75048.8251,74411.18,3441.67,-6,-19482.584285,-364.73225,133048.358565
Historical Performance,MetaInfo,Analysis Period,"November 6, 2023 - January 27, 2026"
Historical Performance,Header,Account,MTD,QTD,YTD,1 Year,Since Inception
Historical Performance,Data,U12741918,4.85007445,4.85007445,4.85007445,31.984632678,53.501446861
Historical Performance,Header,Month,Account,AccountReturn
Historical Performance,Data,202501,U12741918,2.661628843
Historical Performance,Data,202502,U12741918,-2.636121105
Historical Performance,Data,202503,U12741918,-5.550392665
Historical Performance,Data,202504,U12741918,-2.734703279
Historical Performance,Data,202505,U12741918,9.244672441
Historical Performance,Data,202506,U12741918,8.18363621
Historical Performance,Data,202507,U12741918,6.284486015
Historical Performance,Data,202508,U12741918,3.003558554
Historical Performance,Data,202509,U12741918,14.034526785
Historical Performance,Data,202510,U12741918,8.154906138
Historical Performance,Data,202511,U12741918,-9.101076053
Historical Performance,Data,202512,U12741918,-0.963163301
Historical Performance,Data,202401,U12741918,-2.904958774
Historical Performance,Data,202402,U12741918,-0.285451055
Historical Performance,Data,202403,U12741918,0.46178563
Historical Performance,Data,202404,U12741918,-7.22372086
Historical Performance,Data,202405,U12741918,5.113311274
Historical Performance,Data,202406,U12741918,-0.660401947
Historical Performance,Data,202407,U12741918,10.550816373
Historical Performance,Data,202408,U12741918,-0.033140458
Historical Performance,Data,202409,U12741918,1.162381854
Historical Performance,Data,202410,U12741918,0.198946992
Historical Performance,Data,202411,U12741918,-1.001488621
Historical Performance,Data,202412,U12741918,-2.46490058
Historical Performance,Data,202301,U12741918,-
Historical Performance,Data,202302,U12741918,-
Historical Performance,Data,202303,U12741918,-
Historical Performance,Data,202304,U12741918,-
Historical Performance,Data,202305,U12741918,-
Historical Performance,Data,202306,U12741918,-
Historical Performance,Data,202307,U12741918,-
Historical Performance,Data,202308,U12741918,-
Historical Performance,Data,202309,U12741918,-
Historical Performance,Data,202310,U12741918,-
Historical Performance,Data,202311,U12741918,-
Historical Performance,Data,202312,U12741918,5.932514708
Historical Performance,Header,Quarter,Account,AccountReturn
Historical Performance,Data,2025 Q1,U12741918,-5.592570103
Historical Performance,Data,2025 Q2,U12741918,14.952853798
Historical Performance,Data,2025 Q3,U12741918,24.841353997
Historical Performance,Data,2025 Q4,U12741918,-2.635255818
Historical Performance,Data,2024 Q1,U12741918,-2.735026525
Historical Performance,Data,2024 Q2,U12741918,-3.123806345
Historical Performance,Data,2024 Q3,U12741918,11.798776093
Historical Performance,Data,2024 Q4,U12741918,-3.249603675
Historical Performance,Data,2023 Q1,U12741918,-
Historical Performance,Data,2023 Q2,U12741918,-
Historical Performance,Data,2023 Q3,U12741918,-
Historical Performance,Data,2023 Q4,U12741918,-
Historical Performance,Header,Year,Account,AccountReturn
Historical Performance,Data,YTD,U12741918,4.85007445
Historical Performance,Data,2025,U12741918,31.912554203
Historical Performance,Data,2024,U12741918,1.920921423
Open Position Summary,MetaInfo,As Of,"January 27, 2026"
Open Position Summary,Header,Date,FinancialInstrument,Currency,Symbol,Description,Sector,Quantity,ClosePrice,Value,Cost Basis,UnrealizedP&L,FXRateToBase
Open Position Summary,Data,01/27/2026,Stocks,USD,ADBE,ADOBE INC,Technology,10,297.42,2974.2,3180.367257,-206.167257,1
Open Position Summary,Data,01/27/2026,Stocks,USD,AI,C3.AI INC-A,Technology,200,12.6,2520,2728.540514,-208.540514,1
Open Position Summary,Data,01/27/2026,Stocks,USD,APLD,APPLIED DIGITAL CORP,Technology,300,41.35,12405,10824.235171,1580.764829,1
Open Position Summary,Data,01/27/2026,Stocks,USD,CELH,CELSIUS HOLDINGS INC,Consumer Non-Cyc,125,55.51,6938.75,6183.314071,755.435929,1
Open Position Summary,Data,01/27/2026,Stocks,USD,CHPT,CHARGEPOINT HOLDINGS INC,Industrials,350,6.49,2271.5,2503.3103,-231.8103,1
Open Position Summary,Data,01/27/2026,Stocks,USD,DDOG,DATADOG INC - CLASS A,Technology,30,138.21,4146.3,3761.751257,384.548743,1
Open Position Summary,Data,01/27/2026,Stocks,USD,DKNG,DRAFTKINGS INC-CL A,Consumer Cyclicals,100,30.11,3011,3480.000257,-469.000257,1
Open Position Summary,Data,01/27/2026,Stocks,USD,EPAM,EPAM SYSTEMS INC,Technology,30,218.04,6541.2,7513.403417,-972.203417,1
Open Position Summary,Data,01/27/2026,Stocks,USD,LULU,LULULEMON ATHLETICA INC,Consumer Cyclicals,50,186.39,9319.5,8658.536614,660.963386,1
Open Position Summary,Data,01/27/2026,Stocks,USD,MDLZ,MONDELEZ INTERNATIONAL INC-A,Consumer Non-Cyc,200,59.02,11804,11328.454915,475.545085,1
Open Position Summary,Data,01/27/2026,Stocks,USD,MRVL,MARVELL TECHNOLOGY INC,Technology,75,82.93,6219.75,6277.102757,-57.352757,1
Open Position Summary,Data,01/27/2026,Stocks,USD,NFLX,NETFLIX INC,Telecomm,125,85.58,10697.5,10474.006321,223.493679,1
Open Position Summary,Data,01/27/2026,Stocks,USD,NKE,NIKE INC -CL B,Consumer Cyclicals,100,63.09,6309,6661.820257,-352.820257,1
Open Position Summary,Data,01/27/2026,Stocks,USD,NOW,SERVICENOW INC,Technology,20,131.8,2636,2816.334257,-180.334257,1
Open Position Summary,Data,01/27/2026,Stocks,USD,NVDA,NVIDIA CORP,Technology,50,188.52,9426,9859.286064,-433.286064,1
Open Position Summary,Data,01/27/2026,Stocks,USD,PYPL,PAYPAL HOLDINGS INC,Financials,100,55.51,5551,6135.820257,-584.820257,1
Open Position Summary,Data,01/27/2026,Stocks,USD,STLA,STELLANTIS NV,Consumer Cyclicals,500,9.75,4875,6062.628286,-1187.628286,1
Open Position Summary,Data,01/27/2026,Stocks,USD,UNH,UNITEDHEALTH GROUP INC,Healthcare,15,282.7,4240.5,5066.950757,-826.450757,1
Open Position Summary,Data,01/27/2026,Stocks,USD,ZBRA,ZEBRA TECHNOLOGIES CORP-CL A,Technology,15,238.56,3578.4,6191.801837,-2613.401837,1
Open Position Summary,Data,Total,Stocks,USD,,,,,,115464.6,119707.664566,-4243.064566
Open Position Summary,Data,01/27/2026,Cash,USD,USD,United States Dollar,Cash,17583.758565,1,17583.758565, , ,1
Performance by Symbol,MetaInfo,Analysis Period,"November 6, 2023 - January 27, 2026"
Performance by Symbol,Header,Symbol,Description,FinancialInstrument,Sector,AvgWeight,Return,Contribution,Unrealized_P&L,Realized_P&L,Open
Performance by Symbol,Data,FXI,ISHARES CHINA LARGE-CAP ETF,ETFs,Broad,2.688787506,2.839650126,0.086610576,0.00,133.20,No
Performance by Symbol,Data,IWM,ISHARES RUSSELL 2000 ETF,ETFs,Broad,3.972608222,1.685237869,0.18586602,0.00,150.63,No
Performance by Symbol,Data,JAAA,JANUS HENDERSON AAA CLO ETF,ETFs,Broad,99.464697105,-0.399762996,-0.397557471,0.00,-738.72,No
Performance by Symbol,Data,KWEB,KRANESH CSI CHINA INTERNET,ETFs,Technology,2.398603395,-0.06589355,-0.049224432,0.00,-47.22,No
Performance by Symbol,Data,SHV,ISHARES SHORT TREASURY BOND,ETFs,Government,40.963469031,-1.908032745,-0.451359861,0.00,-705.01,No
Performance by Symbol,Data,SHY,ISHARES 1-3 YEAR TREASURY BO,ETFs,Government,12.307092457,-375.176508442,-0.007717037,0.00,-31.61,No
Performance by Symbol,Data,TLT,ISHARES 20+ YEAR TREASURY BD,ETFs,Government,43.232596335,-4.222239515,-4.482344102,0.00,"-8,606.13",No
Performance by Symbol,Data,Total ETFs,,,,37.953743844,-1.310955304,-5.095142912,0.00,"-9,844.86",
Performance by Symbol,Data,AMZN  250117C00205000,AMZN 17JAN25 205 C,Options,Consumer Cyclicals,-0.7327223,-71.790196443,0.705404829,0.00,"1,006.61",No
Performance by Symbol,Data,AMZN  250117P00190000,AMZN 17JAN25 190 P,Options,Consumer Cyclicals,1.257170943,142.343650842,1.35470925,0.00,"1,931.31",No
Performance by Symbol,Data,BA    240426P00160000,BA 26APR24 160 P,Options,Industrials,0.124652273,-100,-0.26075732,0.00,-414.34,No
Performance by Symbol,Data,BABA  240517C00081000,BABA 17MAY24 81 C,Options,Technology,2.142993104,64.388343602,1.379837763,0.00,"2,182.08",No
Performance by Symbol,Data,BABA  250117C00085000,BABA 17JAN25 85 C,Options,Technology,-2.648556403,69.10589128,-1.659755083,0.00,"-2,412.33",No
Performance by Symbol,Data,BABA  250117P00077500,BABA 17JAN25 77.5 P,Options,Technology,1.683585236,-69.207320439,-1.892916288,0.00,"-2,874.27",No
Performance by Symbol,Data,BABA1 260116C00090000,BABA1 16JAN26 90 C,Options,Technology,3.718014862,-27.818482837,-1.138037673,0.00,"-1,918.36",No
Performance by Symbol,Data,BABA2 260116C00090000,BABA2 16JAN26 90 C,Options,Technology,3.329014845,5.99311257,0.276173804,0.00,305.48,No
Performance by Symbol,Data,BIDU  260116C00100000,BIDU 16JAN26 100 C,Options,Technology,3.55447539,8.071389772,0.613926487,0.00,521.12,No
Performance by Symbol,Data,CVS   260116C00060000,CVS 16JAN26 60 C,Options,Healthcare,4.526083247,46.416716066,1.990888382,0.00,"3,190.86",No
Performance by Symbol,Data,DIS   250117C00105000,DIS 17JAN25 105 C,Options,Telecomm,-0.626816224,63.275292066,-0.375722363,0.00,-699.37,No
Performance by Symbol,Data,DIS   250117P00090000,DIS 17JAN25 90 P,Options,Telecomm,1.663217074,-44.24201584,-0.731401685,0.00,"-1,339.95",No
Performance by Symbol,Data,INTC  261218C00040000,INTC 18DEC26 40 C,Options,Technology,6.279064832,15.155499771,1.664085137,0.00,"2,143.06",No
Performance by Symbol,Data,NKE   241018C00080000,NKE 18OCT24 80 C,Options,Consumer Cyclicals,-2.45628684,48.520586871,-1.025895771,0.00,"-1,446.27",No
Performance by Symbol,Data,NKE   241018P00070000,NKE 18OCT24 70 P,Options,Consumer Cyclicals,3.347957526,-30.804919112,-1.102966684,0.00,"-1,536.24",No
Performance by Symbol,Data,TLT   260116C00085000,TLT 16JAN26 85 C,Options,Government,7.663891169,22.070661296,1.404255904,0.00,"2,355.00",No
Performance by Symbol,Data,TLT   260116C00090000,TLT 16JAN26 90 C,Options,Government,5.851399801,23.707120685,1.151754313,0.00,"1,930.83",No
Performance by Symbol,Data,TLT   260116C00095000,TLT 16JAN26 95 C,Options,Government,8.835851698,28.654293509,2.06295163,0.00,"3,445.71",No
Performance by Symbol,Data,TSLA  240426P00140000,TSLA 26APR24 140 P,Options,Consumer Cyclicals,0.12123275,-100,-0.305675182,0.00,-485.80,No
Performance by Symbol,Data,Total Options,,,,16.915995907,-920.941365073,3.644799179,0.00,"5,885.14",
Performance by Symbol,Data,AA,ALCOA CORP,Stocks,Basic Materials,3.384242055,0.504942668,0.03619956,0.00,24.18,No
Performance by Symbol,Data,AAL,AMERICAN AIRLINES GROUP INC,Stocks,Industrials,2.861927985,2.476642348,0.0705416,0.00,129.68,No
Performance by Symbol,Data,AAPL,APPLE INC,Stocks,Technology,4.009885904,1.494943969,0.52332009,0.00,485.91,No
Performance by Symbol,Data,ABEV,AMBEV SA-ADR,Stocks,Consumer Non-Cyc,1.287953878,-30.583822771,-0.438002511,0.00,-763.13,No
Performance by Symbol,Data,ABNB,AIRBNB INC-CLASS A,Stocks,Technology,3.61581829,1.077653847,0.0248209,0.00,54.42,No
Performance by Symbol,Data,ADBE,ADOBE INC,Stocks,Technology,4.191675022,-2.650127835,0.183092555,-206.17,591.31,Yes
Performance by Symbol,Data,ADI,ANALOG DEVICES INC,Stocks,Technology,0.573243758,-3.525910725,-0.020461594,0.00,-34.28,No
Performance by Symbol,Data,AI,C3.AI INC-A,Stocks,Technology,1.949705834,-7.642932674,-0.153764663,-208.54,0.00,Yes
Performance by Symbol,Data,AMD,ADVANCED MICRO DEVICES,Stocks,Technology,4.528689141,73.485974877,6.624557131,0.00,"9,176.20",No
Performance by Symbol,Data,AMZN,AMAZON.COM INC,Stocks,Consumer Cyclicals,7.767567914,0.230423025,-1.075746547,0.00,"-1,757.22",No
Performance by Symbol,Data,APLD,APPLIED DIGITAL CORP,Stocks,Technology,8.505806485,229.637938708,12.192852945,"1,580.76","13,270.73",Yes
Performance by Symbol,Data,ASML,ASML HOLDING NV-NY REG SHS,Stocks,Technology,3.925618808,2.937820574,0.216672432,0.00,184.48,No
Performance by Symbol,Data,AUNA,AUNA SA-CLASS A,Stocks,Healthcare,2.079689248,1.091465741,0.02344934,0.00,36.39,No
Performance by Symbol,Data,BA,BOEING CO/THE,Stocks,Industrials,3.886102056,12.665147341,0.890037226,0.00,825.72,No
Performance by Symbol,Data,BABA,ALIBABA GROUP HOLDING-SP ADR,Stocks,Technology,9.425217405,21.518481876,4.46480461,0.00,"6,593.06",No
Performance by Symbol,Data,BHP,BHP GROUP LTD-SPON ADR,Stocks,Basic Materials,5.940239882,3.310070694,0.185186998,0.00,334.16,No
Performance by Symbol,Data,BIDU,BAIDU INC - SPON ADR,Stocks,Technology,2.575054427,-14.786800429,-0.592384299,0.00,"-1,048.50",No
Performance by Symbol,Data,BMRN,BIOMARIN PHARMACEUTICAL INC,Stocks,Healthcare,3.652687072,-19.9257038,-0.905313566,0.00,"-1,329.05",No
Performance by Symbol,Data,BMY,BRISTOL-MYERS SQUIBB CO,Stocks,Healthcare,2.548881702,-5.915957016,-0.143490441,0.00,-280.60,No
Performance by Symbol,Data,BRKR,BRUKER CORP,Stocks,Healthcare,2.054991987,-16.691698563,-0.155141706,0.00,-758.96,No
Performance by Symbol,Data,C,CITIGROUP INC,Stocks,Financials,2.750426908,3.217658829,0.088188046,0.00,161.38,No
Performance by Symbol,Data,CELH,CELSIUS HOLDINGS INC,Stocks,Consumer Non-Cyc,5.019980983,66.763539081,2.910832798,755.44,"3,888.77",Yes
Performance by Symbol,Data,CHPT,CHARGEPOINT HOLDINGS INC,Stocks,Industrials,1.779332552,-9.260150463,-0.171325223,-231.81,0.00,Yes
Performance by Symbol,Data,COIN,COINBASE GLOBAL INC -CLASS A,Stocks,Technology,1.988004532,14.073545442,0.279782721,0.00,467.14,No
Performance by Symbol,Data,CRWD,CROWDSTRIKE HOLDINGS INC - A,Stocks,Technology,4.511836129,12.824657472,0.757477567,0.00,834.42,No
Performance by Symbol,Data,CVS,CVS HEALTH CORP,Stocks,Healthcare,3.362584194,2.215047426,0.074047246,0.00,123.42,No
Performance by Symbol,Data,DBX,DROPBOX INC-CLASS A,Stocks,Technology,0.816500517,-31.320707412,-0.309487807,0.00,-520.53,No
Performance by Symbol,Data,DDOG,DATADOG INC - CLASS A,Stocks,Technology,2.7768603,10.222598903,0.292931571,384.55,0.00,Yes
Performance by Symbol,Data,DE,DEERE & CO,Stocks,Industrials,2.728357905,4.037617564,0.109696682,0.00,200.08,No
Performance by Symbol,Data,DIS,WALT DISNEY CO/THE,Stocks,Telecomm,11.598407514,25.247989304,2.246511416,0.00,"4,095.84",No
Performance by Symbol,Data,DKNG,DRAFTKINGS INC-CL A,Stocks,Consumer Cyclicals,2.428813793,-13.47701789,-0.348420104,-469.00,0.00,Yes
Performance by Symbol,Data,DOCU,DOCUSIGN INC,Stocks,Technology,1.213789739,9.637081323,0.109217499,0.00,205.72,No
Performance by Symbol,Data,EBAY,EBAY INC,Stocks,Consumer Cyclicals,2.64505901,4.418773075,0.181402527,0.00,294.51,No
Performance by Symbol,Data,EPAM,EPAM SYSTEMS INC,Stocks,Technology,3.58917626,-12.939587604,-0.209358497,-972.20,0.00,Yes
Performance by Symbol,Data,ESTC,ELASTIC NV,Stocks,Technology,0.646887239,-20.447934862,-0.134217675,0.00,-226.12,No
Performance by Symbol,Data,FCX,FREEPORT-MCMORAN INC,Stocks,Basic Materials,3.480286573,8.191662721,0.316067468,0.00,579.28,No
Performance by Symbol,Data,FL,FOOT LOCKER INC,Stocks,Consumer Cyclicals,0.621778493,-35.746539888,-0.224983086,0.00,-377.45,No
Performance by Symbol,Data,FLR,FLUOR CORP,Stocks,Industrials,1.809562569,-12.939588153,-0.311653554,0.00,-635.57,No
Performance by Symbol,Data,FSLR,FIRST SOLAR INC,Stocks,Energy,2.191273994,-18.763076077,-0.440868362,0.00,-929.03,No
Performance by Symbol,Data,FTNT,FORTINET INC,Stocks,Technology,1.266622001,-9.352982577,-0.136109209,0.00,-216.25,No
Performance by Symbol,Data,GNTX,GENTEX CORP,Stocks,Consumer Cyclicals,2.378034914,-7.935958422,-0.153820718,0.00,-454.35,No
Performance by Symbol,Data,GOLD.OLD,BARRICK MINING CORP,Stocks,Basic Materials,3.353856367,9.945897205,0.438265627,0.00,455.06,No
Performance by Symbol,Data,GOOG,ALPHABET INC-CL C,Stocks,Telecomm,7.041224492,30.682111655,2.541119431,0.00,"3,772.40",No
Performance by Symbol,Data,GOOGL,ALPHABET INC-CL A,Stocks,Telecomm,12.513387081,1.890887394,0.2397514,0.00,250.19,No
Performance by Symbol,Data,HAS,HASBRO INC,Stocks,Consumer Cyclicals,2.499494602,-1.616255638,-0.047804279,0.00,-66.84,No
Performance by Symbol,Data,HMC,HONDA MOTOR CO LTD-SPONS ADR,Stocks,Consumer Cyclicals,1.531020635,4.190268795,0.065314745,0.00,111.06,No
Performance by Symbol,Data,HSBC,HSBC HOLDINGS PLC-SPONS ADR,Stocks,Financials,0.985443415,-11.450563522,-0.114016303,0.00,-190.68,No
Performance by Symbol,Data,HSY,HERSHEY CO/THE,Stocks,Consumer Non-Cyc,0.901467478,-4.065126284,-0.071989409,0.00,-119.55,No
Performance by Symbol,Data,HUYA,HUYA INC-ADR,Stocks,Technology,0.547321437,-8.041120058,-0.047318855,0.00,-86.40,No
Performance by Symbol,Data,INTC,INTEL CORP,Stocks,Technology,5.27056506,6.912399953,3.242570098,0.00,"3,504.07",No
Performance by Symbol,Data,IRBT,IROBOT CORP,Stocks,Technology,1.001947572,-25.840912334,-0.303015826,0.00,-512.98,No
Performance by Symbol,Data,ISRG,INTUITIVE SURGICAL INC,Stocks,Healthcare,5.908091446,0.099912525,0.005901671,0.00,7.90,No
Performance by Symbol,Data,ITUB,ITAU UNIBANCO H-SPON PRF ADR,Stocks,Financials,1.749298654,-10.924541409,-0.358324354,0.00,-725.44,No
Performance by Symbol,Data,JD,JD.COM INC-ADR,Stocks,Consumer Cyclicals,2.808306487,2.158183599,0.047055664,0.00,118.87,No
Performance by Symbol,Data,LCID,LUCID GROUP INC,Stocks,Consumer Cyclicals,6.970318725,-37.477086708,-2.239016495,0.00,"-4,699.59",No
Performance by Symbol,Data,LCID.OLD,LUCID GROUP INC,Stocks,Consumer Cyclicals,3.31701372,-14.358814299,-0.772053358,0.00,0.00,No
Performance by Symbol,Data,LLY,ELI LILLY & CO,Stocks,Healthcare,4.292013001,5.77089769,0.250924406,0.00,467.24,No
Performance by Symbol,Data,LOGI,LOGITECH INTERNATIONAL-REG,Stocks,Technology,1.774518197,9.519452972,0.164306778,0.00,268.18,No
Performance by Symbol,Data,LRCX,LAM RESEARCH CORP,Stocks,Technology,3.463428013,45.015611332,1.875553851,0.00,"2,785.60",No
Performance by Symbol,Data,LULU,LULULEMON ATHLETICA INC,Stocks,Consumer Cyclicals,6.572948922,9.067147038,0.611431373,660.96,0.00,Yes
Performance by Symbol,Data,MDLZ,MONDELEZ INTERNATIONAL INC-A,Stocks,Consumer Non-Cyc,7.896625974,5.209605364,1.116574253,475.55,"1,185.13",Yes
Performance by Symbol,Data,META,META PLATFORMS INC-CLASS A,Stocks,Telecomm,4.052523019,21.915776405,1.750081231,0.00,"2,359.79",No
Performance by Symbol,Data,MRNA,MODERNA INC,Stocks,Healthcare,3.253416803,15.810422765,0.242537584,0.00,153.92,No
Performance by Symbol,Data,MRVL,MARVELL TECHNOLOGY INC,Stocks,Technology,6.705033348,4.699797296,-0.549399923,-57.35,-680.33,Yes
Performance by Symbol,Data,MSFT,MICROSOFT CORP,Stocks,Technology,5.751238612,2.672629461,0.498787242,0.00,530.14,No
Performance by Symbol,Data,MTCH,MATCH GROUP INC,Stocks,Technology,2.373400234,4.567874817,0.085701873,0.00,162.33,No
Performance by Symbol,Data,NBIX,NEUROCRINE BIOSCIENCES INC,Stocks,Healthcare,2.393640437,20.653342072,0.576622951,0.00,"1,012.31",No
Performance by Symbol,Data,NEM,NEWMONT CORP,Stocks,Basic Materials,6.099263116,6.451586983,0.454579029,0.00,828.57,No
Performance by Symbol,Data,NFLX,NETFLIX INC,Stocks,Telecomm,8.160453497,-19.169930215,-2.615875875,223.49,"-3,772.26",Yes
Performance by Symbol,Data,NIO,NIO INC - ADR,Stocks,Consumer Cyclicals,1.127469704,-26.510630073,-0.305545148,0.00,-560.68,No
Performance by Symbol,Data,NKE,NIKE INC -CL B,Stocks,Consumer Cyclicals,13.72779157,21.452311509,2.883367603,-352.82,"4,950.27",Yes
Performance by Symbol,Data,NOW,SERVICENOW INC,Stocks,Technology,1.9550606,-6.403155335,-0.130885432,-180.33,0.00,Yes
Performance by Symbol,Data,NTES,NETEASE INC-ADR,Stocks,Technology,0.60589623,12.521800658,0.071294018,0.00,117.56,No
Performance by Symbol,Data,NU,NU HOLDINGS LTD/CAYMAN ISL-A,Stocks,Financials,5.81951254,17.227532891,0.510770833,0.00,913.17,No
Performance by Symbol,Data,NVDA,NVIDIA CORP,Stocks,Technology,9.284658172,-0.992118433,2.818598109,-433.29,"4,683.13",Yes
Performance by Symbol,Data,NVO,NOVO-NORDISK A/S-SPONS ADR,Stocks,Healthcare,4.029360871,17.638097273,0.680855004,0.00,892.58,No
Performance by Symbol,Data,OKTA,OKTA INC,Stocks,Technology,1.550572088,22.497311608,0.350314323,0.00,587.24,No
Performance by Symbol,Data,OPEN,OPENDOOR TECHNOLOGIES INC,Stocks,Real Estate,0.56423732,-26.362134153,-0.167073254,0.00,-280.79,No
Performance by Symbol,Data,PEN,PENUMBRA INC,Stocks,Healthcare,3.453643268,22.648180351,0.740000588,0.00,"1,375.00",No
Performance by Symbol,Data,PEP,PEPSICO INC,Stocks,Consumer Non-Cyc,1.557062645,-1.062362796,-0.025758256,0.00,-48.72,No
Performance by Symbol,Data,PLTR,PALANTIR TECHNOLOGIES INC-A,Stocks,Technology,1.420974157,47.043075833,0.617317902,0.00,"1,087.01",No
Performance by Symbol,Data,PSFE,PAYSAFE LTD,Stocks,Technology,0.617858047,5.927869256,0.037146258,0.00,69.02,No
Performance by Symbol,Data,PYPL,PAYPAL HOLDINGS INC,Stocks,Financials,3.415754907,-13.946724846,-0.426375048,-584.82,-138.45,Yes
Performance by Symbol,Data,QFIN,QFIN HOLDINGS INC-ADR,Stocks,Financials,2.015274259,5.377299032,0.110120589,0.00,200.39,No
Performance by Symbol,Data,RBLX,ROBLOX CORP -CLASS A,Stocks,Technology,1.691717153,10.4961609,0.175797911,0.00,298.48,No
Performance by Symbol,Data,RGEN,REPLIGEN CORP,Stocks,Healthcare,2.412954375,-1.38797311,0.124324832,0.00,-62.51,No
Performance by Symbol,Data,RIVN,RIVIAN AUTOMOTIVE INC-A,Stocks,Consumer Cyclicals,2.229939737,-2.216369665,-0.046269266,0.00,-93.44,No
Performance by Symbol,Data,SBUX,STARBUCKS CORP,Stocks,Consumer Cyclicals,3.030885442,4.00386773,0.085439095,0.00,166.92,No
Performance by Symbol,Data,SEDG,SOLAREDGE TECHNOLOGIES INC,Stocks,Energy,1.268088923,-16.639204507,-0.212489389,0.00,-355.25,No
Performance by Symbol,Data,SKX,SKECHERS USA INC-CL A,Stocks,Consumer Cyclicals,3.261069713,15.529114459,0.747569826,0.00,"1,235.19",No
Performance by Symbol,Data,SNAP,SNAP INC - A,Stocks,Technology,2.389790398,-11.401088834,-0.322372955,0.00,-411.90,No
Performance by Symbol,Data,SNOW,SNOWFLAKE INC,Stocks,Technology,3.001105786,70.699990539,1.896766844,0.00,"3,215.96",No
Performance by Symbol,Data,SOFI,SOFI TECHNOLOGIES INC,Stocks,Financials,2.567635693,42.504210442,0.973355479,0.00,"1,702.20",No
Performance by Symbol,Data,SQM,QUIMICA Y MINERA CHIL-SP ADR,Stocks,Basic Materials,4.429022095,18.329063584,0.765127093,0.00,872.16,No
Performance by Symbol,Data,STLA,STELLANTIS NV,Stocks,Consumer Cyclicals,3.699642273,-23.009220596,-0.707164046,"-1,187.63",-708.10,Yes
Performance by Symbol,Data,STM,STMICROELECTRONICS NV-NY SHS,Stocks,Technology,2.575357173,-5.447925763,-0.095593483,0.00,-250.99,No
Performance by Symbol,Data,STNE,STONECO LTD-A,Stocks,Technology,1.711759738,-27.777764857,-0.526324911,0.00,-956.46,No
Performance by Symbol,Data,TM,TOYOTA MOTOR CORP -SPON ADR,Stocks,Consumer Cyclicals,3.120385346,-7.89272143,-0.201363826,0.00,-403.11,No
Performance by Symbol,Data,TROW,T ROWE PRICE GROUP INC,Stocks,Financials,2.666859513,3.021497273,0.076833469,0.00,131.13,No
Performance by Symbol,Data,TSLA,TESLA INC,Stocks,Consumer Cyclicals,6.740304459,96.530655502,7.307645214,0.00,"8,147.71",No
Performance by Symbol,Data,TTWO,TAKE-TWO INTERACTIVE SOFTWRE,Stocks,Telecomm,2.519357688,1.611931875,0.03920385,0.00,73.53,No
Performance by Symbol,Data,U,UNITY SOFTWARE INC,Stocks,Technology,1.261751693,-22.136076319,-0.30851709,0.00,-519.52,No
Performance by Symbol,Data,UNH,UNITEDHEALTH GROUP INC,Stocks,Healthcare,6.120664281,-24.924666165,-1.587070986,-826.45,"-1,323.03",Yes
Performance by Symbol,Data,VALE,VALE SA-SP ADR,Stocks,Basic Materials,5.405546291,4.069836321,0.302084684,0.00,463.37,No
Performance by Symbol,Data,WPM,WHEATON PRECIOUS METALS CORP,Stocks,Basic Materials,3.735745732,1.108449824,0.031828024,0.00,67.98,No
Performance by Symbol,Data,XP,XP INC - CLASS A,Stocks,Financials,1.455690093,-28.401495988,-0.543424334,0.00,-940.15,No
Performance by Symbol,Data,ZBRA,ZEBRA TECHNOLOGIES CORP-CL A,Stocks,Technology,2.874598463,-42.207452789,-1.553487031,"-2,613.40",0.00,Yes
Performance by Symbol,Data,Total Stocks,,,,71.458023404,62.843020992,54.669081508,"-4,243.06","64,541.36",
Performance by Symbol,Data,USD,United States Dollar,Cash,Cash,14.607438579,53.629321574,0.697041054,,,Yes
Performance by Symbol,Data,Total Cash,,,,14.607438579,53.629321574,0.697041054,,,
Performance by Symbol,Data,Total,,,,100,53.501446905,53.501446905,"-4,243.06","60,581.64",
Projected Income,MetaInfo,As Of,"January 27, 2026"
Projected Income,Header,Financial Instrument,Symbol,Description,Frequency,Quantity,Price,Value,Current Yield %,Principal,Estimated Annual Income,Estimated 2026 Remaining Income
Projected Income,Data,Stocks,MDLZ,Ordinary Dividend,4,200,59.02,11804,3.388681803,-,400,400
Projected Income,Data,Stocks,MRVL,Ordinary Dividend,4,75,82.93,6219.75,0.289400699,-,18,13.5
Projected Income,Data,Stocks,NKE,Ordinary Dividend,4,100,63.09,6309,2.599461087,-,164,164
Projected Income,Data,Stocks,NVDA,Ordinary Dividend,4,50,188.52,9426,0.021217908,-,2,2
Projected Income,Data,Stocks,PYPL,Ordinary Dividend,4,100,55.51,5551,1.008827238,-,56,56
Projected Income,Data,Stocks,STLA,Ordinary Dividend,1,500,9.75,4875,7.934698057,-,386.816530262,386.816530262
Projected Income,Data,Stocks,UNH,Ordinary Dividend,4,15,282.7,4240.5,3.126989742,-,132.6,132.6
Projected Income,Data,,Total,,,,,48425.25,2.394239638,,1159.416530262,1154.916530262
Trade Summary,MetaInfo,Analysis Period,"November 6, 2023 - January 27, 2026"
Trade Summary,Header,Financial Instrument,Currency,Symbol,Description,Sector,Quantity Bought,Average Price Bought,Proceeds Bought,Proceeds Bought in Base,Quantity Sold,Average Price Sold,Proceeds Sold,Proceeds Sold in Base
Trade Summary,Data,ETFs,United States Dollar,FXI,ISHARES CHINA LARGE-CAP ETF,Broad,200,23.25,-4650,-4650,-200,24.325,4865,4865
Trade Summary,Data,ETFs,United States Dollar,IWM,ISHARES RUSSELL 2000 ETF,Broad,45,204.901666667,-9220.575,-9220.575,-45,210.66,9479.7,9479.7
Trade Summary,Data,ETFs,United States Dollar,JAAA,JANUS HENDERSON AAA CLO ETF,Broad,3640,50.679197802,-184472.28,-184472.28,-3640,50.651807692,184372.58,184372.58
Trade Summary,Data,ETFs,United States Dollar,KWEB,KRANESH CSI CHINA INTERNET,Technology,150,26.795,-4019.25,-4019.25,-150,26.9412,4041.18,4041.18
Trade Summary,Data,ETFs,United States Dollar,SHV,ISHARES SHORT TREASURY BOND,Government,2798.188,110.224094621,-308427.73888,-308427.73888,-1934.188,110.157819199,213065.932,213065.932
Trade Summary,Data,ETFs,United States Dollar,SHY,ISHARES 1-3 YEAR TREASURY BO,Government,632.082,81.622788341,-51592.2953,-51592.2953,-550.082,82.955527685,45632.34258,45632.34258
Trade Summary,Data,ETFs,United States Dollar,TLT,ISHARES 20+ YEAR TREASURY BD,Government,1100,97.81,-107591,-107591,-1039,89.737791145,93237.565,93237.565
Trade Summary,Data,Options,United States Dollar,AMZN  250117C00205000,AMZN 17JAN25 205 C,Consumer Cyclicals,1,3.7,-370,-370,-1,14.28,1428,1428
Trade Summary,Data,Options,United States Dollar,AMZN  250117P00190000,AMZN 17JAN25 190 P,Consumer Cyclicals,1,13.31,-1331,-1331,-1,33.14,3314,3314
Trade Summary,Data,Options,United States Dollar,BA    240426P00160000,BA 26APR24 160 P,Industrials,3,1.26,-378,-378,-3,0,0,0
Trade Summary,Data,Options,United States Dollar,BABA  240517C00081000,BABA 17MAY24 81 C,Technology,20,1.63,-3260,-3260,-20,2.85,5700,5700
Trade Summary,Data,Options,United States Dollar,BABA  250117C00085000,BABA 17JAN25 85 C,Technology,7,8.35,-5845,-5845,-7,5.07,3549,3549
Trade Summary,Data,Options,United States Dollar,BABA  250117P00077500,BABA 17JAN25 77.5 P,Technology,7,5.85,-4095,-4095,-7,1.91,1337,1337
Trade Summary,Data,Options,United States Dollar,BABA1 260116C00090000,BABA1 16JAN26 90 C,Technology,5,13.7,-6850,-6850,-5,10.05,5025,5025
Trade Summary,Data,Options,United States Dollar,BABA2 260116C00090000,BABA2 16JAN26 90 C,Technology,5,10.1,-5050,-5050,-5,10.9,5450,5450
Trade Summary,Data,Options,United States Dollar,BIDU  260116C00100000,BIDU 16JAN26 100 C,Technology,3,21.4,-6420,-6420,-3,23.38,7014,7014
Trade Summary,Data,Options,United States Dollar,CVS   260116C00060000,CVS 16JAN26 60 C,Healthcare,10,6.8,-6800,-6800,-10,10.14,10140,10140
Trade Summary,Data,Options,United States Dollar,DIS   250117C00105000,DIS 17JAN25 105 C,Telecomm,6,2.92,-1752,-1752,-6,1.93,1158,1158
Trade Summary,Data,Options,United States Dollar,DIS   250117P00090000,DIS 17JAN25 90 P,Telecomm,6,4.96,-2976,-2976,-6,2.9,1740,1740
Trade Summary,Data,Options,United States Dollar,INTC  261218C00040000,INTC 18DEC26 40 C,Technology,20,5.45,-10900,-10900,-20,6.66,13320,13320
Trade Summary,Data,Options,United States Dollar,NKE   241018C00080000,NKE 18OCT24 80 C,Consumer Cyclicals,16,2.7,-4320,-4320,-16,1.93,3088,3088
Trade Summary,Data,Options,United States Dollar,NKE   241018P00070000,NKE 18OCT24 70 P,Consumer Cyclicals,16,3.05,-4880,-4880,-16,2.22375,3558,3558
Trade Summary,Data,Options,United States Dollar,TLT   260116C00085000,TLT 16JAN26 85 C,Government,10,10.6,-10600,-10600,-10,13.1,13100,13100
Trade Summary,Data,Options,United States Dollar,TLT   260116C00090000,TLT 16JAN26 90 C,Government,10,8.05,-8050,-8050,-10,10.15,10150,10150
Trade Summary,Data,Options,United States Dollar,TLT   260116C00095000,TLT 16JAN26 95 C,Government,20,5.946,-11892,-11892,-20,7.8,15600,15600
Trade Summary,Data,Options,United States Dollar,TSLA  240426P00140000,TSLA 26APR24 140 P,Consumer Cyclicals,1,4.6,-460,-460,-1,0,0,0
Trade Summary,Data,Stocks,United States Dollar,AA,ALCOA CORP,Basic Materials,150,31.68,-4752,-4752,-150,32.335,4850.25,4850.25
Trade Summary,Data,Stocks,United States Dollar,AAL,AMERICAN AIRLINES GROUP INC,Industrials,350,14.81,-5183.5,-5183.5,-350,15.483,5419.05,5419.05
Trade Summary,Data,Stocks,United States Dollar,AAPL,APPLE INC,Technology,195,189.711769231,-36993.795,-36993.795,-195,193.843384615,37799.46,37799.46
Trade Summary,Data,Stocks,United States Dollar,ABEV,AMBEV SA-ADR,Consumer Non-Cyc,1800,2.424444444,-4364,-4364,-1800,2.231666667,4017,4017
Trade Summary,Data,Stocks,United States Dollar,ABNB,AIRBNB INC-CLASS A,Technology,40,125.54,-5021.6,-5021.6,-40,128.3215,5132.86,5132.86
Trade Summary,Data,Stocks,United States Dollar,ADBE,ADOBE INC,Technology,135,462.767777778,-62473.65,-62473.65,-125,480.66324,60082.905,60082.905
Trade Summary,Data,Stocks,United States Dollar,ADI,ANALOG DEVICES INC,Technology,5,189.3,-946.5,-946.5,-5,192.74,963.7,963.7
Trade Summary,Data,Stocks,United States Dollar,AI,C3.AI INC-A,Technology,200,13.4375,-2687.5,-2687.5,0,0,0,0
Trade Summary,Data,Stocks,United States Dollar,AMD,ADVANCED MICRO DEVICES,Technology,165,142.857751515,-23571.529,-23571.529,-165,199.546363636,32925.15,32925.15
Trade Summary,Data,Stocks,United States Dollar,AMZN,AMAZON.COM INC,Consumer Cyclicals,310,173.033709677,-53640.45,-53640.45,-310,168.617935484,52271.56,52271.56
Trade Summary,Data,Stocks,United States Dollar,APLD,APPLIED DIGITAL CORP,Technology,2550,19.177054902,-48901.49,-48901.49,-2250,23.149092222,52085.4575,52085.4575
Trade Summary,Data,Stocks,United States Dollar,ASML,ASML HOLDING NV-NY REG SHS,Technology,10,667.446,-6674.46,-6674.46,-10,691.14,6911.4,6911.4
Trade Summary,Data,Stocks,United States Dollar,AUNA,AUNA SA-CLASS A,Healthcare,500,6.54,-3270,-3270,-500,6.87208,3436.04,3436.04
Trade Summary,Data,Stocks,United States Dollar,BA,BOEING CO/THE,Industrials,60,197.697333333,-11861.84,-11861.84,-60,213.576,12814.56,12814.56
Trade Summary,Data,Stocks,United States Dollar,BABA,ALIBABA GROUP HOLDING-SP ADR,Technology,1700,77.541470588,-131820.5,-131820.5,-1700,81.701632353,138892.775,138892.775
Trade Summary,Data,Stocks,United States Dollar,BHP,BHP GROUP LTD-SPON ADR,Basic Materials,170,59.157,-10056.69,-10056.69,-170,61.580676471,10468.715,10468.715
Trade Summary,Data,Stocks,United States Dollar,BIDU,BAIDU INC - SPON ADR,Technology,60,111.8425,-6710.55,-6710.55,-60,95.79,5747.4,5747.4
Trade Summary,Data,Stocks,United States Dollar,BMRN,BIOMARIN PHARMACEUTICAL INC,Healthcare,100,66.37,-6637,-6637,-100,53.74,5374,5374
Trade Summary,Data,Stocks,United States Dollar,BMY,BRISTOL-MYERS SQUIBB CO,Healthcare,80,51.795,-4143.6,-4143.6,-80,49.075,3926,3926
Trade Summary,Data,Stocks,United States Dollar,BRKR,BRUKER CORP,Healthcare,75,59.22,-4441.5,-4441.5,-75,49.93,3744.75,3744.75
Trade Summary,Data,Stocks,United States Dollar,C,CITIGROUP INC,Financials,85,58.63,-4983.55,-4983.55,-85,61.280705882,5208.86,5208.86
Trade Summary,Data,Stocks,United States Dollar,CELH,CELSIUS HOLDINGS INC,Consumer Non-Cyc,475,38.180736842,-18135.85,-18135.85,-350,45.879942857,16057.98,16057.98
Trade Summary,Data,Stocks,United States Dollar,CHPT,CHARGEPOINT HOLDINGS INC,Industrials,350,7,-2450,-2450,0,0,0,0
Trade Summary,Data,Stocks,United States Dollar,COIN,COINBASE GLOBAL INC -CLASS A,Technology,20,164.62,-3292.4,-3292.4,-20,190.67,3813.4,3813.4
Trade Summary,Data,Stocks,United States Dollar,CRWD,CROWDSTRIKE HOLDINGS INC - A,Technology,15,431.99,-6479.85,-6479.85,-15,491.15,7367.25,7367.25
Trade Summary,Data,Stocks,United States Dollar,CVS,CVS HEALTH CORP,Healthcare,100,55.39,-5539,-5539,-100,57.285,5728.5,5728.5
Trade Summary,Data,Stocks,United States Dollar,DBX,DROPBOX INC-CLASS A,Technology,50,32.655,-1632.75,-1632.75,-50,23.412,1170.6,1170.6
Trade Summary,Data,Stocks,United States Dollar,DDOG,DATADOG INC - CLASS A,Technology,30,124.47,-3734.1,-3734.1,0,0,0,0
Trade Summary,Data,Stocks,United States Dollar,DE,DEERE & CO,Industrials,13,379.165,-4929.145,-4929.145,-13,398.612692308,5181.965,5181.965
Trade Summary,Data,Stocks,United States Dollar,DIS,WALT DISNEY CO/THE,Telecomm,740,93.274391892,-69023.05,-69023.05,-740,99.154527027,73374.35,73374.35
Trade Summary,Data,Stocks,United States Dollar,DKNG,DRAFTKINGS INC-CL A,Consumer Cyclicals,100,34.4698,-3446.98,-3446.98,0,0,0,0
Trade Summary,Data,Stocks,United States Dollar,DOCU,DOCUSIGN INC,Technology,40,52.6575,-2106.3,-2106.3,-40,59.222,2368.88,2368.88
Trade Summary,Data,Stocks,United States Dollar,EBAY,EBAY INC,Consumer Cyclicals,150,43.895,-6584.25,-6584.25,-150,46.523333333,6978.5,6978.5
Trade Summary,Data,Stocks,United States Dollar,EPAM,EPAM SYSTEMS INC,Technology,30,249.525,-7485.75,-7485.75,0,0,0,0
Trade Summary,Data,Stocks,United States Dollar,ESTC,ELASTIC NV,Technology,8,134.98,-1079.84,-1079.84,-8,113.21,905.68,905.68
Trade Summary,Data,Stocks,United States Dollar,FCX,FREEPORT-MCMORAN INC,Basic Materials,190,46.358421053,-8808.1,-8808.1,-190,49.962,9492.78,9492.78
Trade Summary,Data,Stocks,United States Dollar,FL,FOOT LOCKER INC,Consumer Cyclicals,30,34.275,-1028.25,-1028.25,-30,23.54,706.2,706.2
Trade Summary,Data,Stocks,United States Dollar,FLR,FLUOR CORP,Industrials,220,46.908181818,-10319.8,-10319.8,-220,44.635227273,9819.75,9819.75
Trade Summary,Data,Stocks,United States Dollar,FSLR,FIRST SOLAR INC,Energy,25,196.9648,-4924.12,-4924.12,-25,161.985,4049.625,4049.625
Trade Summary,Data,Stocks,United States Dollar,FTNT,FORTINET INC,Technology,35,65.26,-2284.1,-2284.1,-35,60.685,2123.975,2123.975
Trade Summary,Data,Stocks,United States Dollar,GNTX,GENTEX CORP,Consumer Cyclicals,170,29.848,-5074.16,-5074.16,-170,27.63,4697.1,4697.1
Trade Summary,Data,Stocks,United States Dollar,GOLD.OLD,BARRICK MINING CORP,Basic Materials,850,16.151470588,-13728.75,-13728.75,-850,16.995070588,14445.81,14445.81
Trade Summary,Data,Stocks,United States Dollar,GOOG,ALPHABET INC-CL C,Telecomm,110,165.934090909,-18252.75,-18252.75,-110,201.534545455,22168.8,22168.8
Trade Summary,Data,Stocks,United States Dollar,GOOGL,ALPHABET INC-CL A,Telecomm,100,132.13,-13213,-13213,-100,135.14845,13514.845,13514.845
Trade Summary,Data,Stocks,United States Dollar,HAS,HASBRO INC,Consumer Cyclicals,80,51.3,-4104,-4104,-80,51.25,4100,4100
Trade Summary,Data,Stocks,United States Dollar,HMC,HONDA MOTOR CO LTD-SPONS ADR,Consumer Cyclicals,75,34.925,-2619.375,-2619.375,-75,37.238533333,2792.89,2792.89
Trade Summary,Data,Stocks,United States Dollar,HSBC,HSBC HOLDINGS PLC-SPONS ADR,Financials,40,40.92,-1636.8,-1636.8,-40,37.575,1503,1503
Trade Summary,Data,Stocks,United States Dollar,HSY,HERSHEY CO/THE,Consumer Non-Cyc,15,194.29,-2914.35,-2914.35,-15,189.855,2847.825,2847.825
Trade Summary,Data,Stocks,United States Dollar,HUYA,HUYA INC-ADR,Technology,220,4.69,-1031.8,-1031.8,-220,4.685,1030.7,1030.7
Trade Summary,Data,Stocks,United States Dollar,INTC,INTEL CORP,Technology,1425,30.714824561,-43768.625,-43768.625,-1425,33.612298246,47897.525,47897.525
Trade Summary,Data,Stocks,United States Dollar,IRBT,IROBOT CORP,Technology,130,15,-1950,-1950,-130,11.6,1508,1508
Trade Summary,Data,Stocks,United States Dollar,ISRG,INTUITIVE SURGICAL INC,Healthcare,15,525.26,-7878.9,-7878.9,-15,529.32,7939.8,7939.8
Trade Summary,Data,Stocks,United States Dollar,ITUB,ITAU UNIBANCO H-SPON PRF ADR,Financials,750,6.874,-5155.5,-5155.5,-750,6.17,4627.5,4627.5
Trade Summary,Data,Stocks,United States Dollar,JD,JD.COM INC-ADR,Consumer Cyclicals,200,27.335,-5467,-5467,-200,28.34,5668,5668
Trade Summary,Data,Stocks,United States Dollar,LCID,LUCID GROUP INC,Consumer Cyclicals,150,20.67,-3100.5,-3100.5,-525,13.687066667,7185.71,7185.71
Trade Summary,Data,Stocks,United States Dollar,LCID.OLD,LUCID GROUP INC,Consumer Cyclicals,3750,2.208,-8280,-8280,0,0,0,0
Trade Summary,Data,Stocks,United States Dollar,LLY,ELI LILLY & CO,Healthcare,10,824.265,-8242.65,-8242.65,-10,876.2369,8762.369,8762.369
Trade Summary,Data,Stocks,United States Dollar,LOGI,LOGITECH INTERNATIONAL-REG,Technology,35,79.69,-2789.15,-2789.15,-35,88.955,3113.425,3113.425
Trade Summary,Data,Stocks,United States Dollar,LRCX,LAM RESEARCH CORP,Technology,140,102.912214286,-14407.71,-14407.71,-140,123.687142857,17316.2,17316.2
Trade Summary,Data,Stocks,United States Dollar,LULU,LULULEMON ATHLETICA INC,Consumer Cyclicals,50,172.08,-8604,-8604,0,0,0,0
Trade Summary,Data,Stocks,United States Dollar,MDLZ,MONDELEZ INTERNATIONAL INC-A,Consumer Non-Cyc,520,58.735019231,-30542.21,-30542.21,-320,64.4271875,20616.7,20616.7
Trade Summary,Data,Stocks,United States Dollar,META,META PLATFORMS INC-CLASS A,Telecomm,50,491.158,-24557.9,-24557.9,-50,541.7606,27088.03,27088.03
Trade Summary,Data,Stocks,United States Dollar,MRNA,MODERNA INC,Healthcare,230,32.148782609,-7394.22,-7394.22,-230,33.485434783,7701.65,7701.65
Trade Summary,Data,Stocks,United States Dollar,MRVL,MARVELL TECHNOLOGY INC,Technology,220,83.815909091,-18439.5,-18439.5,-145,80.255,11636.975,11636.975
Trade Summary,Data,Stocks,United States Dollar,MSFT,MICROSOFT CORP,Technology,32,416.550975,-13329.6312,-13329.6312,-32,435.66,13941.12,13941.12
Trade Summary,Data,Stocks,United States Dollar,MTCH,MATCH GROUP INC,Technology,100,35.207,-3520.7,-3520.7,-100,37.491,3749.1,3749.1
Trade Summary,Data,Stocks,United States Dollar,NBIX,NEUROCRINE BIOSCIENCES INC,Healthcare,70,124.212142857,-8694.85,-8694.85,-70,140.280928571,9819.665,9819.665
Trade Summary,Data,Stocks,United States Dollar,NEM,NEWMONT CORP,Basic Materials,385,36.897337662,-14205.475,-14205.475,-385,39.405,15170.925,15170.925
Trade Summary,Data,Stocks,United States Dollar,NFLX,NETFLIX INC,Telecomm,400,159.6913125,-63876.525,-63876.525,-275,181.403090909,49885.85,49885.85
Trade Summary,Data,Stocks,United States Dollar,NIO,NIO INC - ADR,Consumer Cyclicals,350,5.89,-2061.5,-2061.5,-350,4.591242857,1606.935,1606.935
Trade Summary,Data,Stocks,United States Dollar,NKE,NIKE INC -CL B,Consumer Cyclicals,1940,72.121304124,-139915.33,-139915.33,-1840,75.399038043,138734.23,138734.23
Trade Summary,Data,Stocks,United States Dollar,NOW,SERVICENOW INC,Technology,20,139.4725,-2789.45,-2789.45,0,0,0,0
Trade Summary,Data,Stocks,United States Dollar,NTES,NETEASE INC-ADR,Technology,10,91.27,-912.7,-912.7,-10,108.25,1082.5,1082.5
Trade Summary,Data,Stocks,United States Dollar,NU,NU HOLDINGS LTD/CAYMAN ISL-A,Financials,1793,11.15,-19991.95,-19991.95,-1793,11.860766871,21266.355,21266.355
Trade Summary,Data,Stocks,United States Dollar,NVDA,NVIDIA CORP,Technology,270,155.380740741,-41952.8,-41952.8,-220,168.260581818,37017.328,37017.328
Trade Summary,Data,Stocks,United States Dollar,NVO,NOVO-NORDISK A/S-SPONS ADR,Healthcare,100,50.275,-5027.5,-5027.5,-100,59.86,5986,5986
Trade Summary,Data,Stocks,United States Dollar,OKTA,OKTA INC,Technology,30,86.09,-2582.7,-2582.7,-30,107.51,3225.3,3225.3
Trade Summary,Data,Stocks,United States Dollar,OPEN,OPENDOOR TECHNOLOGIES INC,Real Estate,310,3.275,-1015.25,-1015.25,-310,2.77,858.7,858.7
Trade Summary,Data,Stocks,United States Dollar,PEN,PENUMBRA INC,Healthcare,25,241.755,-6043.875,-6043.875,-25,298.945,7473.625,7473.625
Trade Summary,Data,Stocks,United States Dollar,PEP,PEPSICO INC,Consumer Non-Cyc,35,130.235,-4558.225,-4558.225,-35,130.445,4565.575,4565.575
Trade Summary,Data,Stocks,United States Dollar,PLTR,PALANTIR TECHNOLOGIES INC-A,Technology,140,35.764714286,-5007.06,-5007.06,-140,44.408571429,6217.2,6217.2
Trade Summary,Data,Stocks,United States Dollar,PSFE,PAYSAFE LTD,Technology,80,14.16,-1132.8,-1132.8,-80,15.81,1264.8,1264.8
Trade Summary,Data,Stocks,United States Dollar,PYPL,PAYPAL HOLDINGS INC,Financials,480,62.341604167,-29923.97,-29923.97,-380,63.038026316,23954.45,23954.45
Trade Summary,Data,Stocks,United States Dollar,QFIN,QFIN HOLDINGS INC-ADR,Financials,200,18.3025,-3660.5,-3660.5,-200,19.84,3968,3968
Trade Summary,Data,Stocks,United States Dollar,RBLX,ROBLOX CORP -CLASS A,Technology,70,40.185,-2812.95,-2812.95,-70,45.33,3173.1,3173.1
Trade Summary,Data,Stocks,United States Dollar,RGEN,REPLIGEN CORP,Healthcare,30,149.19,-4475.7,-4475.7,-30,148.95,4468.5,4468.5
Trade Summary,Data,Stocks,United States Dollar,RIVN,RIVIAN AUTOMOTIVE INC-A,Consumer Cyclicals,300,13.8893,-4166.79,-4166.79,-300,13.905,4171.5,4171.5
Trade Summary,Data,Stocks,United States Dollar,SBUX,STARBUCKS CORP,Consumer Cyclicals,130,79.443076923,-10327.6,-10327.6,-130,81.661538462,10616,10616
Trade Summary,Data,Stocks,United States Dollar,SEDG,SOLAREDGE TECHNOLOGIES INC,Energy,25,84.31,-2107.75,-2107.75,-25,72.282,1807.05,1807.05
Trade Summary,Data,Stocks,United States Dollar,SKX,SKECHERS USA INC-CL A,Consumer Cyclicals,230,59.56326087,-13699.55,-13699.55,-230,65.640826087,15097.39,15097.39
Trade Summary,Data,Stocks,United States Dollar,SNAP,SNAP INC - A,Technology,400,8.8893,-3555.72,-3555.72,-400,8.145,3258,3258
Trade Summary,Data,Stocks,United States Dollar,SNOW,SNOWFLAKE INC,Technology,125,169.023012,-21127.8765,-21127.8765,-125,196.5294,24566.175,24566.175
Trade Summary,Data,Stocks,United States Dollar,SOFI,SOFI TECHNOLOGIES INC,Financials,450,18.459555556,-8306.8,-8306.8,-450,22.625,10181.25,10181.25
Trade Summary,Data,Stocks,United States Dollar,SQM,QUIMICA Y MINERA CHIL-SP ADR,Basic Materials,200,46.265,-9253,-9253,-200,51.2875,10257.5,10257.5
Trade Summary,Data,Stocks,United States Dollar,STLA,STELLANTIS NV,Consumer Cyclicals,700,12.372142857,-8660.5,-8660.5,-200,10.185,2037,2037
Trade Summary,Data,Stocks,United States Dollar,STM,STMICROELECTRONICS NV-NY SHS,Technology,100,44.8,-4480,-4480,-100,42.9505,4295.05,4295.05
Trade Summary,Data,Stocks,United States Dollar,STNE,STONECO LTD-A,Technology,200,17.445,-3489,-3489,-200,13.3235,2664.7,2664.7
Trade Summary,Data,Stocks,United States Dollar,TM,TOYOTA MOTOR CORP -SPON ADR,Consumer Cyclicals,23,220.88,-5080.24,-5080.24,-23,205.72,4731.56,4731.56
Trade Summary,Data,Stocks,United States Dollar,TROW,T ROWE PRICE GROUP INC,Financials,40,107.785,-4311.4,-4311.4,-40,112.485,4499.4,4499.4
Trade Summary,Data,Stocks,United States Dollar,TSLA,TESLA INC,Consumer Cyclicals,380,249.204447368,-94697.69,-94697.69,-380,273.235934211,103829.655,103829.655
Trade Summary,Data,Stocks,United States Dollar,TTWO,TAKE-TWO INTERACTIVE SOFTWRE,Telecomm,20,226.735,-4534.7,-4534.7,-20,233.1,4662,4662
Trade Summary,Data,Stocks,United States Dollar,U,UNITY SOFTWARE INC,Technology,70,33.09,-2316.3,-2316.3,-70,26.545,1858.15,1858.15
Trade Summary,Data,Stocks,United States Dollar,UNH,UNITEDHEALTH GROUP INC,Healthcare,45,346.058333333,-15572.625,-15572.625,-30,309.66,9289.8,9289.8
Trade Summary,Data,Stocks,United States Dollar,VALE,VALE SA-SP ADR,Basic Materials,800,12.15,-9720,-9720,-800,12.985,10388,10388
Trade Summary,Data,Stocks,United States Dollar,WPM,WHEATON PRECIOUS METALS CORP,Basic Materials,120,50.82,-6098.4,-6098.4,-120,51.964,6235.68,6235.68
Trade Summary,Data,Stocks,United States Dollar,XP,XP INC - CLASS A,Financials,122,25.563229508,-3118.714,-3118.714,-122,18.635,2273.47,2273.47
Trade Summary,Data,Stocks,United States Dollar,ZBRA,ZEBRA TECHNOLOGIES CORP-CL A,Technology,15,411.02,-6165.3,-6165.3,0,0,0,0
Deposits And Withdrawals,MetaInfo,Analysis Period,"November 6, 2023 - January 27, 2026"
Deposits And Withdrawals,Header,Date,Type,Description,Amount
Deposits And Withdrawals,Data,11/06/23,DEPOSIT,Cash Receipts / Electronic Fund Transfers ,104663
Deposits And Withdrawals,Data,12/26/23,DEPOSIT,Cash Receipts / Electronic Fund Transfers ,60000
Deposits And Withdrawals,Data,03/07/24,DEPOSIT,Cash Receipts / Electronic Fund Transfers ,16500
Deposits And Withdrawals,Data,04/12/24,ACATOUT,Ishares 20+ Year Treasury Bd (TLT) Quantity: -61,-5478.41
Deposits And Withdrawals,Data,04/12/24,ACATOUT,Ishares 1-3 Year Treasury Bo (SHY) Quantity: -137,-11118.92
Deposits And Withdrawals,Data,06/21/24,ACATOUT,Ishares 1-3 Year Treasury Bo (SHY) Quantity: -430,-35092.3
Deposits And Withdrawals,Data,08/26/24,ACATIN,Ishares 1-3 Year Treasury Bo (SHY) Quantity: 485,40162.85
Deposits And Withdrawals,Data,12/19/24,NA,Adjustment: Commission (consolidated Audit Trail Fee Refund) ,0.06
Deposits And Withdrawals,Data,07/14/25,ACATOUT,Ishares Short Treasury Bond (SHV) Quantity: -454,-50030.8
Deposits And Withdrawals,Data,09/08/25,ACATOUT,Ishares Short Treasury Bond (SHV) Quantity: -410,-45194.3
Corporate Actions,MetaInfo,Analysis Period,"November 6, 2023 - January 27, 2026"
Corporate Actions,Header,Date,Type,Description,Quantity
Corporate Actions,Data,20250901,Split,LCID.OLD(US5494981039) SPLIT 1 FOR 10,-3750
Corporate Actions,Data,20250901,Split,LCID.OLD(US5494981039) SPLIT 1 FOR 10,375
Dividends,MetaInfo,Analysis Period,"November 6, 2023 - January 27, 2026"
Dividends,Header,PayDate,Ex-Date,Symbol,Note,Quantity,DividendPerShare,Amount
Dividends,Data,20231116,20231110,AAPL,Dividend Payment,50,0.24,12
Dividends,Data,20231207,20231201,TLT,Dividend Payment,100,0.29,28.89
Dividends,Data,20231220,20231218,KWEB,Dividend Payment,150,0.42,62.89
Dividends,Data,20231229,20231227,KWEB,Dividend Payment,150,0.04,6.29
Dividends,Data,20240110,20231208,DIS,Dividend Payment,50,0.30,15
Dividends,Data,20240118,20231220,BABA,Dividend Payment,50,1.00,50
Dividends,Data,20240201,20240104,BMY,Dividend Payment,80,0.60,48
Dividends,Data,20240207,20240201,TLT,Dividend Payment,1000,0.31,310.12
Dividends,Data,20240301,20240206,INTC,Dividend Payment,50,0.12,6.25
Dividends,Data,20240307,20240301,TLT,Dividend Payment,1000,0.30,295.23
Dividends,Data,20240307,20240301,SHV,Dividend Payment,79.188,0.45,35.45
Dividends,Data,20240315,20240216,HSY,Dividend Payment,15,1.37,20.55
Dividends,Data,20240315,20240228,GOLD.OLD,Dividend Payment,350,0.10,35
Dividends,Data,20240315,20240222,ITUB,Dividend Payment,150,0.23,33.76
Dividends,Data,20240327,20240321,IWM,Dividend Payment,15,0.52,7.83
Dividends,Data,20240405,20240401,TLT,Dividend Payment,930,0.31,290.56
Dividends,Data,20240405,20240401,SHY,Dividend Payment,137.082,0.27,37.08
Dividends,Data,20240408,20240308,ITUB,Dividend Payment,150,0.00,0.53
Dividends,Data,20240509,20240328,ITUB,Dividend Payment,750,0.00,2.56
Dividends,Data,20240531,20240516,SBUX,Dividend Payment,60,0.57,34.2
Dividends,Data,20240603,20240506,INTC,Dividend Payment,100,0.12,12.5
Dividends,Data,20240610,20240502,ITUB,Dividend Payment,750,0.00,2.52
Dividends,Data,20240617,20240611,IWM,Dividend Payment,45,0.56,25.3
Dividends,Data,20240626,20240614,META,Dividend Payment,5,0.50,2.5
Dividends,Data,20240703,20240625,STM,Dividend Payment,100,-0.09,-9
Dividends,Data,20240703,20240625,STM,Dividend Payment,100,0.09,9
Dividends,Data,20240703,20240625,STM,Dividend Payment,100,0.09,9
Dividends,Data,20240709,20240604,ITUB,Dividend Payment,750,0.00,2.36
Dividends,Data,20240809,20240702,ITUB,Dividend Payment,750,0.00,2.33
Dividends,Data,20240906,20240903,SHY,Dividend Payment,485,0.29,139.8
Dividends,Data,20240909,20240624,ITUB,Dividend Payment,750,0.04,33.12
Dividends,Data,20240909,20240322,ITUB,Dividend Payment,750,0.04,31.91
Dividends,Data,20241106,20241101,SHV,Payment In Lieu,1680,0.00,0.47
Dividends,Data,20241106,20241101,SHV,Dividend Payment,1680,0.47,783.84
Dividends,Data,20241210,20241115,LLY,Dividend Payment,10,1.30,13
Dividends,Data,20241212,20241121,MSFT,Dividend Payment,20,0.83,16.6
Dividends,Data,20241216,20241209,GOOG,Dividend Payment,70,0.20,14
Dividends,Data,20241227,20241205,NVDA,Dividend Payment,130,0.01,1.3
Dividends,Data,20250108,20241211,LRCX,Dividend Payment,80,0.23,18.4
Dividends,Data,20250114,20241231,MDLZ,Dividend Payment,100,0.47,47
Dividends,Data,20250122,20250108,GNTX,Dividend Payment,170,0.12,20.4
Dividends,Data,20250213,20250210,AAPL,Dividend Payment,25,0.25,6.25
Dividends,Data,20250219,20250211,ASML,Dividend Payment,10,1.57,15.71
Dividends,Data,20250313,20250220,MSFT,Dividend Payment,20,0.83,16.6
Dividends,Data,20250317,20250310,GOOG,Dividend Payment,70,0.20,14
Dividends,Data,20250328,20250317,BRKR,Dividend Payment,75,0.05,3.75
Dividends,Data,20250402,20250312,NVDA,Dividend Payment,180,0.01,1.8
Dividends,Data,20250409,20250305,LRCX,Dividend Payment,80,0.23,18.4
Dividends,Data,20250414,20250331,MDLZ,Dividend Payment,220,0.47,103.4
Dividends,Data,20250423,20250409,GNTX,Dividend Payment,170,0.12,20.4
Dividends,Data,20250505,20250423,STLA,Dividend Payment,500,0.77,386.82
Dividends,Data,20250506,20250428,ASML,Dividend Payment,10,2.09,20.91
Dividends,Data,20250515,20250512,AAPL,Dividend Payment,25,0.26,6.5
Dividends,Data,20250616,20250609,GOOG,Dividend Payment,70,0.21,14.7
Dividends,Data,20250627,20250616,BRKR,Dividend Payment,75,0.05,3.75
Dividends,Data,20250630,20250606,PEP,Dividend Payment,35,1.42,49.79
Dividends,Data,20250701,20250602,NKE,Dividend Payment,100,0.40,40
Dividends,Data,20250703,20250611,NVDA,Dividend Payment,180,0.01,1.8
Dividends,Data,20250709,20250618,LRCX,Dividend Payment,80,0.23,18.4
Dividends,Data,20250723,20250709,GNTX,Dividend Payment,170,0.12,20.4
Dividends,Data,20250814,20250811,AAPL,Dividend Payment,25,0.26,6.5
Dividends,Data,20251002,20250911,NVDA,Dividend Payment,40,0.01,0.4
Dividends,Data,20251003,20250923,BRKR,Dividend Payment,75,0.05,3.75
Dividends,Data,20251030,20251010,MRVL,Dividend Payment,85,0.06,5.1
Dividends,Data,20251226,20251204,NVDA,Dividend Payment,25,0.01,0.25
Dividends,Data,20260102,20251208,BRKR,Dividend Payment,75,0.05,3.75
Dividends,Data,20260114,20251231,MDLZ,Dividend Payment,300,0.50,150
Interest Details,MetaInfo,Analysis Period,"November 6, 2023 - January 27, 2026"
Interest Details,Header,Date,Description,Amount
Interest Details,Data,20240403,USD Debit Interest Paid for March 2024,-0.05
Interest Details,Data,20240503,USD Debit Interest Paid for April 2024,-4.02
Interest Details,Data,20241204,USD Debit Interest Paid for November 2024,-0.12
Interest Details,Data,20250106,USD Debit Interest Paid for December 2024,-1.77
Interest Details,Data,20251003,USD Debit Interest Paid for September 2025,-0.03
Interest Details,Data,20251105,USD Debit Interest Paid for October 2025,-0.01
Notes and Disclosure,Header,Type,Note
Notes and Disclosure,Data,General,"1. The Net Asset Value (NAV) consists of all positions by financial instrument (stock, securities options, warrants, bonds, cash, etc.). All non-base currency amounts are converted to the base currency at the close of period rate."
Notes and Disclosure,Data,General,2. The gain or loss from future contracts settle into cash each night. The notional value is used when computing the contribution to return.
Notes and Disclosure,Data,General,"3. Dividend accruals, interest accruals, and insured deposits are included in cash amounts throughout the report."
Notes and Disclosure,Data,General,4. Price valuations are obtained from outside parties. Clearing Broker shall have no responsibility for the accuracy or timeliness of any such price valuation.
Notes and Disclosure,Data,General,5. Data from Thomson Reuters Business Classifications and Lipper Global is used to derive our sector classifications. Funds with assorted sector allocations are classified as Broad.
Notes and Disclosure,Data,General,"6. Amounts are formatted to two decimal places. If amounts are greater than two decimal places, Clearing Broker uses "half-even" rounding. This means that Clearing Broker rounds such amounts up to the nearest even number."
Notes and Disclosure,Data,General,"7. For accounts opened and funded before 2009, reports with a time period of Since Inception will only include data going back to January 1, 2009. This includes some default reports and both Historical Performance reports."
Notes and Disclosure,Data,General,"8. If you have elected to trade cryptocurrency/digital asset products at Crypto Provider through the Clearing Broker platform, for your convenience your positions in your linked account at Crypto Provider are reflected in PortfolioAnalyst in connection with your Clearing Broker account."
Notes and Disclosure,Data,Section,1. Account Overview: The deposit/withdrawal amount displayed includes internal transfers along with cash and position transfers.
Notes and Disclosure,Data,Section,2. Projected Income: The Estimated Annual Income and Estimated Remaining Income in the Projected Income report assume dividend and bond payments remain constant throughout the year. These positions and interest rates are based on the previous business day.
Notes and Disclosure,Data,Section,"3. Risk Measures: Historical US 3 Month Treasury Bill rates are used as the risk free rates when calculating Alpha, the Sharpe ratio, the Sortino ratio, and the downside deviation."
Notes and Disclosure,Data,Disclosure,"This portfolio report was generated using Clearing Broker's PortfolioAnalyst tool, which allows Clearing Broker clients to generate analyses of their accounts using market data provided by third parties along with trade and account data contained in Clearing Broker's systems. This report is for information purposes only and is provided AS IS. Clearing Broker makes no warranty of any kind, express or implied, as to this report and its contents. The data provided for use in the PortfolioAnalyst tool is believed to be accurate, but completeness and accuracy of the information is not guaranteed, and Clearing Broker has no liability with respect thereto. The data regarding accounts held outside of Clearing Broker is obtained either directly from your input or from the financial institutions holding those accounts through a third-party service provider and Clearing Broker has NOT reviewed its accuracy.

The material in this report is intended only as a reference and should not be relied upon for the maintenance of your books and records for tax, accounting, financial, or regulatory reporting or for any other purposes. This report is not an offer or a solicitation of an offer to buy or sell any security. This material does not, and is not intended to, take into account the particular financial conditions, investment objectives, or requirements of individual customers. Before acting on any material within this report, you should consider whether it is suitable for your particular circumstances and as necessary, seek professional advice."
