Introduction,Header,Name,Account,Alias,BaseCurrency,AccountType,AnalysisPeriod,PerformanceMeasure
Introduction,Data,Fiorella M Galarza Godines,U22058904,,USD,Individual (Broker Client),"October 14, 2025 to January 27, 2026 (Daily)",TWR
Key Statistics,MetaInfo,Analysis Period,"October 14, 2025 - January 27, 2026"
Key Statistics,Header,BeginningNAV,EndingNAV,CumulativeReturn,5DayReturn,5DayReturnDateRange,10DayReturn,10DayReturnDateRange,BestReturn,BestReturnDate,WorstReturn,WorstReturnDate,MTM,Deposits & Withdrawals,Dividends,Interest,Fees & Commissions,Other,ChangeInNAV
Key Statistics,Data,0,3164.882408,5.496080267,2.328918115,20260121 - 20260127,1.619225257,20260114 - 20260127,1.732065572,20251121,-1.381324141,20251120,22.7,3000,140.7,0,-0.747592,2.23,3164.882408
Historical Performance,MetaInfo,Analysis Period,"October 14, 2025 - January 27, 2026"
Historical Performance,Header,Account,MTD,QTD,YTD,Since Inception
Historical Performance,Data,U22058904,4.597849461,4.597849461,4.597849461,5.49608024
Historical Performance,Header,Month,Account,AccountReturn
Historical Performance,Data,202501,U22058904,-
Historical Performance,Data,202502,U22058904,-
Historical Performance,Data,202503,U22058904,-
Historical Performance,Data,202504,U22058904,-
Historical Performance,Data,202505,U22058904,-
Historical Performance,Data,202506,U22058904,-
Historical Performance,Data,202507,U22058904,-
Historical Performance,Data,202508,U22058904,-
Historical Performance,Data,202509,U22058904,-
Historical Performance,Data,202510,U22058904,-
Historical Performance,Data,202511,U22058904,-0.397195257
Historical Performance,Data,202512,U22058904,0.133698566
Historical Performance,Header,Quarter,Account,AccountReturn
Historical Performance,Data,2025 Q1,U22058904,-
Historical Performance,Data,2025 Q2,U22058904,-
Historical Performance,Data,2025 Q3,U22058904,-
Historical Performance,Data,2025 Q4,U22058904,-
Historical Performance,Header,Year,Account,AccountReturn
Historical Performance,Data,YTD,U22058904,4.597849461
Open Position Summary,MetaInfo,As Of,"January 27, 2026"
Open Position Summary,Header,Date,FinancialInstrument,Currency,Symbol,Description,Sector,Quantity,ClosePrice,Value,Cost Basis,UnrealizedP&L,FXRateToBase
Open Position Summary,Data,01/27/2026,ETFs,USD,RYLD,GLOBAL X RUSSELL 2000 COV CL,Broad,98,15.62,1530.76,1497.322013,33.437987,1
Open Position Summary,Data,Total,ETFs,USD,,,,,,1530.76,1497.322013,33.437987
Open Position Summary,Data,01/27/2026,Stocks,USD,BCAT,BLACKROCK CAPITAL ALLOC TR,Broad,101,14.68,1482.68,1494.16558,-11.48558,1
Open Position Summary,Data,Total,Stocks,USD,,,,,,1482.68,1494.16558,-11.48558
Open Position Summary,Data,01/27/2026,Cash,USD,USD,United States Dollar,Cash,151.442408,1,151.442408, , ,1
Performance by Symbol,MetaInfo,Analysis Period,"October 14, 2025 - January 27, 2026"
Performance by Symbol,Header,Symbol,Description,FinancialInstrument,Sector,AvgWeight,Return,Contribution,Unrealized_P&L,Realized_P&L,Open
Performance by Symbol,Data,RYLD,GLOBAL X RUSSELL 2000 COV CL,ETFs,Broad,49.828367104,5.121431225,2.55881178,33.44,0.00,Yes
Performance by Symbol,Data,Total ETFs,,,,49.828367104,5.121431225,2.55881178,33.44,0.00,
Performance by Symbol,Data,BCAT,BLACKROCK CAPITAL ALLOC TR,Stocks,Broad,48.308690403,4.39174213,2.057451842,-11.49,0.00,Yes
Performance by Symbol,Data,Total Stocks,,,,48.308690403,4.39174213,2.057451842,-11.49,0.00,
Performance by Symbol,Data,USD,United States Dollar,Cash,Cash,1.862942492,24.319489728,0.829747872,,,Yes
Performance by Symbol,Data,Total Cash,,,,1.862942492,24.319489728,0.829747872,,,
Performance by Symbol,Data,Total,,,,100,5.496080267,5.496080267,21.95,0.00,
Projected Income,MetaInfo,As Of,"January 27, 2026"
Projected Income,Header,Financial Instrument,Symbol,Description,Frequency,Quantity,Price,Value,Current Yield %,Principal,Estimated Annual Income,Estimated 2026 Remaining Income
Projected Income,Data,ETFs,RYLD,Ordinary Dividend,11,98,15.62,1530.76,11.077464789,-,169.5694,169.5694
Projected Income,Data,,Total ETFs,,,,,1530.76,11.077464789,,169.5694,169.5694
Projected Income,Data,Stocks,BCAT,Ordinary Dividend,12,101,14.68,1482.68,21.313079019,-,316.00476,289.67103
Projected Income,Data,,Total Stocks,,,,,1482.68,21.313079019,,316.00476,289.67103
Projected Income,Data,,Total,,,,,3013.44,16.113616332,,485.57416,459.24043
Trade Summary,MetaInfo,Analysis Period,"October 14, 2025 - January 27, 2026"
Trade Summary,Header,Financial Instrument,Currency,Symbol,Description,Sector,Quantity Bought,Average Price Bought,Proceeds Bought,Proceeds Bought in Base,Quantity Sold,Average Price Sold,Proceeds Sold,Proceeds Sold in Base
Trade Summary,Data,ETFs,United States Dollar,RYLD,GLOBAL X RUSSELL 2000 COV CL,Broad,98,15.275,-1496.95,-1496.95,0,0,0,0
Trade Summary,Data,Stocks,United States Dollar,BCAT,BLACKROCK CAPITAL ALLOC TR,Broad,101,14.79,-1493.79,-1493.79,0,0,0,0
Deposits And Withdrawals,MetaInfo,Analysis Period,"October 14, 2025 - January 27, 2026"
Deposits And Withdrawals,Header,Date,Type,Description,Amount
Deposits And Withdrawals,Data,10/14/25,DEPOSIT,Cash Receipts / Electronic Fund Transfers ,3000
Dividends,MetaInfo,Analysis Period,"October 14, 2025 - January 27, 2026"
Dividends,Header,PayDate,Ex-Date,Symbol,Quantity,DividendPerShare,Amount
Dividends,Data,20251027,20251020,RYLD,98,0.15,14.95
Dividends,Data,20251031,20251015,BCAT,101,0.27,27.02
Dividends,Data,20251128,20251114,BCAT,101,0.26,26.76
Dividends,Data,20251202,20251124,RYLD,98,0.15,14.88
Dividends,Data,20251230,20251222,RYLD,98,0.16,15.2
Dividends,Data,20251231,20251222,BCAT,101,0.26,26.47
Dividends,Data,20260123,20260120,RYLD,98,0.16,15.42
Notes and Disclosure,Header,Type,Note
Notes and Disclosure,Data,General,"1. The Net Asset Value (NAV) consists of all positions by financial instrument (stock, securities options, warrants, bonds, cash, etc.). All non-base currency amounts are converted to the base currency at the close of period rate."
Notes and Disclosure,Data,General,2. The gain or loss from future contracts settle into cash each night. The notional value is used when computing the contribution to return.
Notes and Disclosure,Data,General,"3. Dividend accruals, interest accruals, and insured deposits are included in cash amounts throughout the report."
Notes and Disclosure,Data,General,4. Price valuations are obtained from outside parties. Clearing Broker shall have no responsibility for the accuracy or timeliness of any such price valuation.
Notes and Disclosure,Data,General,5. Data from Thomson Reuters Business Classifications and Lipper Global is used to derive our sector classifications. Funds with assorted sector allocations are classified as Broad.
Notes and Disclosure,Data,General,"6. Amounts are formatted to two decimal places. If amounts are greater than two decimal places, Clearing Broker uses "half-even" rounding. This means that Clearing Broker rounds such amounts up to the nearest even number."
Notes and Disclosure,Data,General,"7. For accounts opened and funded before 2009, reports with a time period of Since Inception will only include data going back to January 1, 2009. This includes some default reports and both Historical Performance reports."
Notes and Disclosure,Data,General,"8. If you have elected to trade cryptocurrency/digital asset products at Crypto Provider through the Clearing Broker platform, for your convenience your positions in your linked account at Crypto Provider are reflected in PortfolioAnalyst in connection with your Clearing Broker account."
Notes and Disclosure,Data,Section,1. Account Overview: The deposit/withdrawal amount displayed includes internal transfers along with cash and position transfers.
Notes and Disclosure,Data,Section,2. Projected Income: The Estimated Annual Income and Estimated Remaining Income in the Projected Income report assume dividend and bond payments remain constant throughout the year. These positions and interest rates are based on the previous business day.
Notes and Disclosure,Data,Section,"3. Risk Measures: Historical US 3 Month Treasury Bill rates are used as the risk free rates when calculating Alpha, the Sharpe ratio, the Sortino ratio, and the downside deviation."
Notes and Disclosure,Data,Disclosure,"This portfolio report was generated using Clearing Broker's PortfolioAnalyst tool, which allows Clearing Broker clients to generate analyses of their accounts using market data provided by third parties along with trade and account data contained in Clearing Broker's systems. This report is for information purposes only and is provided AS IS. Clearing Broker makes no warranty of any kind, express or implied, as to this report and its contents. The data provided for use in the PortfolioAnalyst tool is believed to be accurate, but completeness and accuracy of the information is not guaranteed, and Clearing Broker has no liability with respect thereto. The data regarding accounts held outside of Clearing Broker is obtained either directly from your input or from the financial institutions holding those accounts through a third-party service provider and Clearing Broker has NOT reviewed its accuracy.

The material in this report is intended only as a reference and should not be relied upon for the maintenance of your books and records for tax, accounting, financial, or regulatory reporting or for any other purposes. This report is not an offer or a solicitation of an offer to buy or sell any security. This material does not, and is not intended to, take into account the particular financial conditions, investment objectives, or requirements of individual customers. Before acting on any material within this report, you should consider whether it is suitable for your particular circumstances and as necessary, seek professional advice."
