Introduction,Header,Name,Account,Alias,BaseCurrency,AccountType,AnalysisPeriod,PerformanceMeasure
Introduction,Data,Francis R Chavez Paredes,U16211849,,USD,Individual (Broker Client),"March 31, 2025 to January 27, 2026 (Daily)",TWR
Key Statistics,MetaInfo,Analysis Period,"March 31, 2025 - January 27, 2026"
Key Statistics,Header,BeginningNAV,EndingNAV,CumulativeReturn,5DayReturn,5DayReturnDateRange,10DayReturn,10DayReturnDateRange,BestReturn,BestReturnDate,WorstReturn,WorstReturnDate,MTM,Deposits & Withdrawals,Dividends,Interest,Fees & Commissions,Other,ChangeInNAV
Key Statistics,Data,0,2090.722225,27.121346578,1.001940971,20260121 - 20260127,-2.032704877,20260114 - 20260127,11.344806111,20250516,-7.432417,20250331,984.0808,1540,2.95,0,-435.418568,-0.890007,2090.722225
Historical Performance,MetaInfo,Analysis Period,"March 31, 2025 - January 27, 2026"
Historical Performance,Header,Account,MTD,QTD,YTD,Since Inception
Historical Performance,Data,U16211849,2.455133508,2.455133508,2.455133508,27.121346617
Historical Performance,Header,Month,Account,AccountReturn
Historical Performance,Data,202501,U16211849,-
Historical Performance,Data,202502,U16211849,-
Historical Performance,Data,202503,U16211849,-
Historical Performance,Data,202504,U16211849,13.328074611
Historical Performance,Data,202505,U16211849,21.042459789
Historical Performance,Data,202506,U16211849,9.518998492
Historical Performance,Data,202507,U16211849,1.315050576
Historical Performance,Data,202508,U16211849,0.989033362
Historical Performance,Data,202509,U16211849,5.768781602
Historical Performance,Data,202510,U16211849,-16.225471076
Historical Performance,Data,202511,U16211849,7.298998241
Historical Performance,Data,202512,U16211849,-8.283435618
Historical Performance,Header,Quarter,Account,AccountReturn
Historical Performance,Data,2025 Q1,U16211849,-
Historical Performance,Data,2025 Q2,U16211849,50.232783808
Historical Performance,Data,2025 Q3,U16211849,8.219539704
Historical Performance,Data,2025 Q4,U16211849,-17.556686204
Historical Performance,Header,Year,Account,AccountReturn
Historical Performance,Data,YTD,U16211849,2.455133508
Open Position Summary,MetaInfo,As Of,"January 27, 2026"
Open Position Summary,Header,Date,FinancialInstrument,Currency,Symbol,Description,Sector,Quantity,ClosePrice,Value,Cost Basis,UnrealizedP&L,FXRateToBase
Open Position Summary,Data,01/27/2026,Stocks,USD,DXCM,DEXCOM INC,Healthcare,11,73.67,810.37,744.409899,65.960101,1
Open Position Summary,Data,01/27/2026,Stocks,USD,FOUR,SHIFT4 PAYMENTS INC-CLASS A,Industrials,20,61.46,1229.2,1553.084697,-323.884697,1
Open Position Summary,Data,Total,Stocks,USD,,,,,,2039.57,2297.494596,-257.924596
Open Position Summary,Data,01/27/2026,Cash,USD,USD,United States Dollar,Cash,51.152225,1,51.152225, , ,1
Performance by Symbol,MetaInfo,Analysis Period,"March 31, 2025 - January 27, 2026"
Performance by Symbol,Header,Symbol,Description,FinancialInstrument,Sector,AvgWeight,Return,Contribution,Unrealized_P&L,Realized_P&L,Open
Performance by Symbol,Data,ACB,AURORA CANNABIS INC,Stocks,Healthcare,49.422763196,2.482851255,1.246722376,0.00,26.80,No
Performance by Symbol,Data,ADMA,ADMA BIOLOGICS INC,Stocks,Healthcare,38.496562851,1.949274922,0.775286734,0.00,17.69,No
Performance by Symbol,Data,APLD,APPLIED DIGITAL CORP,Stocks,Technology,22.147800789,29.20072495,6.342577121,0.00,276.01,No
Performance by Symbol,Data,AVGO,BROADCOM INC,Stocks,Technology,40.373718002,3.032826245,1.668571464,0.00,37.09,No
Performance by Symbol,Data,BTBT,BIT DIGITAL INC,Stocks,Technology,57.067187421,9.111053876,5.100615762,0.00,103.52,No
Performance by Symbol,Data,BTCS,BTCS INC,Stocks,Technology,53.409380865,7.859000706,4.104284157,0.00,98.75,No
Performance by Symbol,Data,CGC,CANOPY GROWTH CORP,Stocks,Healthcare,31.321861774,31.281485149,9.461404809,0.00,182.26,No
Performance by Symbol,Data,DXCM,DEXCOM INC,Stocks,Healthcare,33.528636021,8.860723214,3.049051953,65.96,0.00,Yes
Performance by Symbol,Data,FOUR,SHIFT4 PAYMENTS INC-CLASS A,Stocks,Industrials,64.061859195,-20.85428424,-13.576821027,-323.88,0.00,Yes
Performance by Symbol,Data,HALO,HALOZYME THERAPEUTICS INC,Stocks,Healthcare,51.157196893,4.36010952,2.315364267,0.00,44.80,No
Performance by Symbol,Data,KPRX,KIORA PHARMACEUTICALS INC,Stocks,Healthcare,39.72079095,-7.953820532,-3.207197645,0.00,-76.25,No
Performance by Symbol,Data,MARA,MARA HOLDINGS INC,Stocks,Technology,35.817950622,22.494109328,6.616019811,0.00,93.66,No
Performance by Symbol,Data,NAGE,NIAGEN BIOSCIENCE INC,Stocks,Healthcare,40.240914578,-33.159263407,-13.250666711,0.00,-342.05,No
Performance by Symbol,Data,NVDA,NVIDIA CORP,Stocks,Technology,62.56674625,10.615258134,6.504837886,0.00,109.17,No
Performance by Symbol,Data,PONY,PONY AI INC,Stocks,Technology,39.313253502,-22.827506375,-9.585207444,0.00,-227.56,No
Performance by Symbol,Data,QUBT,QUANTUM COMPUTING INC,Stocks,Technology,40.324309013,5.381148056,2.136187042,0.00,47.44,No
Performance by Symbol,Data,RIOT,RIOT PLATFORMS INC,Stocks,Technology,43.559904304,4.594785704,2.173084369,0.00,45.56,No
Performance by Symbol,Data,SMCI,SUPER MICRO COMPUTER INC,Stocks,Technology,55.444810864,35.067338907,18.495316011,0.00,369.69,No
Performance by Symbol,Data,Total Stocks,,,,95.365450238,29.672370084,26.999325075,-257.92,806.59,
Performance by Symbol,Data,USD,United States Dollar,Cash,Cash,4.634549762,-0.103666568,0.09330677,,,Yes
Performance by Symbol,Data,Total Cash,,,,4.634549762,-0.103666568,0.09330677,,,
Performance by Symbol,Data,Total,,,,100,27.121346578,27.121346578,-257.92,806.59,
Trade Summary,MetaInfo,Analysis Period,"March 31, 2025 - January 27, 2026"
Trade Summary,Header,Financial Instrument,Currency,Symbol,Description,Sector,Quantity Bought,Average Price Bought,Proceeds Bought,Proceeds Bought in Base,Quantity Sold,Average Price Sold,Proceeds Sold,Proceeds Sold in Base
Trade Summary,Data,Stocks,United States Dollar,ACB,AURORA CANNABIS INC,Healthcare,260,4.114230769,-1069.7,-1069.7,-260,4.29,1115.4,1115.4
Trade Summary,Data,Stocks,United States Dollar,ADMA,ADMA BIOLOGICS INC,Healthcare,50,18,-900,-900,-50,18.66,933,933
Trade Summary,Data,Stocks,United States Dollar,APLD,APPLIED DIGITAL CORP,Technology,416,7.406057692,-3080.92,-3080.92,-416,8.224038462,3421.2,3421.2
Trade Summary,Data,Stocks,United States Dollar,AVGO,BROADCOM INC,Technology,5,243.12924,-1215.6462,-1215.6462,-5,253.5,1267.5,1267.5
Trade Summary,Data,Stocks,United States Dollar,BTBT,BIT DIGITAL INC,Technology,950,2.288421053,-2174,-2174,-950,2.453178947,2330.52,2330.52
Trade Summary,Data,Stocks,United States Dollar,BTCS,BTCS INC,Technology,300,4.155,-1246.5,-1246.5,-300,4.55,1365,1365
Trade Summary,Data,Stocks,United States Dollar,CGC,CANOPY GROWTH CORP,Healthcare,400,1.40805,-563.22,-563.22,-400,1.94,776,776
Trade Summary,Data,Stocks,United States Dollar,DXCM,DEXCOM INC,Healthcare,11,67,-737,-737,0,0,0,0
Trade Summary,Data,Stocks,United States Dollar,FOUR,SHIFT4 PAYMENTS INC-CLASS A,Industrials,20,77.28,-1545.6,-1545.6,0,0,0,0
Trade Summary,Data,Stocks,United States Dollar,HALO,HALOZYME THERAPEUTICS INC,Healthcare,20,51,-1020,-1020,-20,53.99,1079.8,1079.8
Trade Summary,Data,Stocks,United States Dollar,KPRX,KIORA PHARMACEUTICALS INC,Healthcare,350,2.71,-948.5,-948.5,-350,2.55,892.5,892.5
Trade Summary,Data,Stocks,United States Dollar,MARA,MARA HOLDINGS INC,Technology,100,14.174,-1417.4,-1417.4,-100,15.41621,1541.621,1541.621
Trade Summary,Data,Stocks,United States Dollar,NAGE,NIAGEN BIOSCIENCE INC,Healthcare,100,10.235,-1023.5,-1023.5,-100,6.975,697.5,697.5
Trade Summary,Data,Stocks,United States Dollar,NVDA,NVIDIA CORP,Technology,10,102.1,-1021,-1021,-10,114.5,1145,1145
Trade Summary,Data,Stocks,United States Dollar,PONY,PONY AI INC,Technology,70,14.13,-989.1,-989.1,-70,11.102,777.14,777.14
Trade Summary,Data,Stocks,United States Dollar,QUBT,QUANTUM COMPUTING INC,Technology,50,17.48,-874,-874,-50,18.735,936.75,936.75
Trade Summary,Data,Stocks,United States Dollar,RIOT,RIOT PLATFORMS INC,Technology,110,8.94,-983.4,-983.4,-110,9.5,1045,1045
Trade Summary,Data,Stocks,United States Dollar,SMCI,SUPER MICRO COMPUTER INC,Technology,118,40.324016949,-4758.234,-4758.234,-118,43.968644068,5188.3,5188.3
Deposits And Withdrawals,MetaInfo,Analysis Period,"March 31, 2025 - January 27, 2026"
Deposits And Withdrawals,Header,Date,Type,Description,Amount
Deposits And Withdrawals,Data,03/31/25,DEPOSIT,Cash Receipts / Electronic Fund Transfers (from Nium Pte Ltd ) ,100
Deposits And Withdrawals,Data,04/01/25,DEPOSIT,Cash Receipts / Electronic Fund Transfers (from Nium Pte Ltd ) ,700
Deposits And Withdrawals,Data,04/10/25,DEPOSIT,Cash Receipts / Electronic Fund Transfers (from Nium Pte Ltd ) ,740
Dividends,MetaInfo,Analysis Period,"March 31, 2025 - January 27, 2026"
Dividends,Header,PayDate,Ex-Date,Symbol,Quantity,DividendPerShare,Amount
Dividends,Data,20250630,20250620,AVGO,5,0.59,2.95
Notes and Disclosure,Header,Type,Note
Notes and Disclosure,Data,General,"1. The Net Asset Value (NAV) consists of all positions by financial instrument (stock, securities options, warrants, bonds, cash, etc.). All non-base currency amounts are converted to the base currency at the close of period rate."
Notes and Disclosure,Data,General,2. The gain or loss from future contracts settle into cash each night. The notional value is used when computing the contribution to return.
Notes and Disclosure,Data,General,"3. Dividend accruals, interest accruals, and insured deposits are included in cash amounts throughout the report."
Notes and Disclosure,Data,General,4. Price valuations are obtained from outside parties. Clearing Broker shall have no responsibility for the accuracy or timeliness of any such price valuation.
Notes and Disclosure,Data,General,5. Data from Thomson Reuters Business Classifications and Lipper Global is used to derive our sector classifications. Funds with assorted sector allocations are classified as Broad.
Notes and Disclosure,Data,General,"6. Amounts are formatted to two decimal places. If amounts are greater than two decimal places, Clearing Broker uses "half-even" rounding. This means that Clearing Broker rounds such amounts up to the nearest even number."
Notes and Disclosure,Data,General,"7. For accounts opened and funded before 2009, reports with a time period of Since Inception will only include data going back to January 1, 2009. This includes some default reports and both Historical Performance reports."
Notes and Disclosure,Data,General,"8. If you have elected to trade cryptocurrency/digital asset products at Crypto Provider through the Clearing Broker platform, for your convenience your positions in your linked account at Crypto Provider are reflected in PortfolioAnalyst in connection with your Clearing Broker account."
Notes and Disclosure,Data,Section,1. Account Overview: The deposit/withdrawal amount displayed includes internal transfers along with cash and position transfers.
Notes and Disclosure,Data,Section,"2. Risk Measures: Historical US 3 Month Treasury Bill rates are used as the risk free rates when calculating Alpha, the Sharpe ratio, the Sortino ratio, and the downside deviation."
Notes and Disclosure,Data,Disclosure,"This portfolio report was generated using Clearing Broker's PortfolioAnalyst tool, which allows Clearing Broker clients to generate analyses of their accounts using market data provided by third parties along with trade and account data contained in Clearing Broker's systems. This report is for information purposes only and is provided AS IS. Clearing Broker makes no warranty of any kind, express or implied, as to this report and its contents. The data provided for use in the PortfolioAnalyst tool is believed to be accurate, but completeness and accuracy of the information is not guaranteed, and Clearing Broker has no liability with respect thereto. The data regarding accounts held outside of Clearing Broker is obtained either directly from your input or from the financial institutions holding those accounts through a third-party service provider and Clearing Broker has NOT reviewed its accuracy.

The material in this report is intended only as a reference and should not be relied upon for the maintenance of your books and records for tax, accounting, financial, or regulatory reporting or for any other purposes. This report is not an offer or a solicitation of an offer to buy or sell any security. This material does not, and is not intended to, take into account the particular financial conditions, investment objectives, or requirements of individual customers. Before acting on any material within this report, you should consider whether it is suitable for your particular circumstances and as necessary, seek professional advice."
