Introduction,Header,Name,Account,Alias,BaseCurrency,AccountType,AnalysisPeriod,PerformanceMeasure
Introduction,Data,Gabriela Rouillon Acosta,U20392097,,USD,Individual (Broker Client),"June 11, 2025 to January 27, 2026 (Daily)",TWR
Key Statistics,MetaInfo,Analysis Period,"June 11, 2025 - January 27, 2026"
Key Statistics,Header,BeginningNAV,EndingNAV,CumulativeReturn,5DayReturn,5DayReturnDateRange,10DayReturn,10DayReturnDateRange,BestReturn,BestReturnDate,WorstReturn,WorstReturnDate,MTM,Deposits & Withdrawals,Dividends,Interest,Fees & Commissions,Other,ChangeInNAV
Key Statistics,Data,0,21819.627419,9.098137095,2.955466883,20260121 - 20260127,2.249432197,20260114 - 20260127,1.282389226,20250822,-1.143507915,20260120,378.3253,20000,1536.45,0,-48.267882,-46.879999,21819.627419
Historical Performance,MetaInfo,Analysis Period,"June 11, 2025 - January 27, 2026"
Historical Performance,Header,Account,MTD,QTD,YTD,Since Inception
Historical Performance,Data,U20392097,4.363961452,4.363961452,4.363961452,9.098137056
Historical Performance,Header,Month,Account,AccountReturn
Historical Performance,Data,202501,U20392097,-
Historical Performance,Data,202502,U20392097,-
Historical Performance,Data,202503,U20392097,-
Historical Performance,Data,202504,U20392097,-
Historical Performance,Data,202505,U20392097,-
Historical Performance,Data,202506,U20392097,-
Historical Performance,Data,202507,U20392097,-0.346039635
Historical Performance,Data,202508,U20392097,2.051880709
Historical Performance,Data,202509,U20392097,1.10831183
Historical Performance,Data,202510,U20392097,2.351768625
Historical Performance,Data,202511,U20392097,0.613377591
Historical Performance,Data,202512,U20392097,-1.279102338
Historical Performance,Header,Quarter,Account,AccountReturn
Historical Performance,Data,2025 Q1,U20392097,-
Historical Performance,Data,2025 Q2,U20392097,-
Historical Performance,Data,2025 Q3,U20392097,2.825879928
Historical Performance,Data,2025 Q4,U20392097,1.662357332
Historical Performance,Header,Year,Account,AccountReturn
Historical Performance,Data,YTD,U20392097,4.363961452
Open Position Summary,MetaInfo,As Of,"January 27, 2026"
Open Position Summary,Header,Date,FinancialInstrument,Currency,Symbol,Description,Sector,Quantity,ClosePrice,Value,Cost Basis,UnrealizedP&L,FXRateToBase
Open Position Summary,Data,01/27/2026,ETFs,USD,RYLD,GLOBAL X RUSSELL 2000 COV CL,Broad,269,15.62,4201.78,4017.668566,184.111434,1
Open Position Summary,Data,01/27/2026,ETFs,USD,TLTW,ISHARES 20+ BOND BUYWRITE,Broad,256,22.89,5859.84,5927.870534,-68.030534,1
Open Position Summary,Data,Total,ETFs,USD,,,,,,10061.62,9945.5391,116.0809
Open Position Summary,Data,01/27/2026,Stocks,USD,BCAT,BLACKROCK CAPITAL ALLOC TR,Broad,479,14.68,7031.72,7202.634889,-170.914889,1
Open Position Summary,Data,01/27/2026,Stocks,USD,BMEZ,BLACKROCK HLTH SCI TRM TR II,Broad,277,15.44,4276.88,3891.988592,384.891408,1
Open Position Summary,Data,Total,Stocks,USD,,,,,,11308.6,11094.623481,213.976519
Open Position Summary,Data,01/27/2026,Cash,USD,USD,United States Dollar,Cash,449.407419,1,449.407419, , ,1
Performance by Symbol,MetaInfo,Analysis Period,"June 11, 2025 - January 27, 2026"
Performance by Symbol,Header,Symbol,Description,FinancialInstrument,Sector,AvgWeight,Return,Contribution,Unrealized_P&L,Realized_P&L,Open
Performance by Symbol,Data,RYLD,GLOBAL X RUSSELL 2000 COV CL,ETFs,Broad,19.861570061,9.825654084,1.892938769,184.11,0.00,Yes
Performance by Symbol,Data,TLTW,ISHARES 20+ BOND BUYWRITE,ETFs,Broad,28.668928688,3.956458766,1.148128702,-68.03,0.00,Yes
Performance by Symbol,Data,Total ETFs,,,,48.530498748,6.335272642,3.062653587,116.08,0.00,
Performance by Symbol,Data,BCAT,BLACKROCK CAPITAL ALLOC TR,Stocks,Broad,29.088576617,5.837264347,1.757801357,-170.91,0.00,Yes
Performance by Symbol,Data,BMEZ,BLACKROCK HLTH SCI TRM TR II,Stocks,Broad,19.759361569,13.919315211,2.63457357,384.89,0.00,Yes
Performance by Symbol,Data,Total Stocks,,,,47.169038183,9.188921454,4.420395433,213.98,0.00,
Performance by Symbol,Data,USD,United States Dollar,Cash,Cash,11.260429391,3145.511131856,1.418483991,,,Yes
Performance by Symbol,Data,Total Cash,,,,11.260429391,3145.511131856,1.418483991,,,
Performance by Symbol,Data,Total,,,,100,9.098137095,9.098137095,330.06,0.00,
Projected Income,MetaInfo,As Of,"January 27, 2026"
Projected Income,Header,Financial Instrument,Symbol,Description,Frequency,Quantity,Price,Value,Current Yield %,Principal,Estimated Annual Income,Estimated 2026 Remaining Income
Projected Income,Data,ETFs,RYLD,Ordinary Dividend,11,269,15.62,4201.78,11.077464789,-,465.4507,465.4507
Projected Income,Data,ETFs,TLTW,Ordinary Dividend,12,256,22.89,5859.84,9.798621689,-,574.183553177,574.183553177
Projected Income,Data,,Total ETFs,,,,,10061.62,10.332672603,,1039.634253177,1039.634253177
Projected Income,Data,Stocks,BCAT,Ordinary Dividend,12,479,14.68,7031.72,21.313079019,-,1498.67604,1373.78637
Projected Income,Data,Stocks,BMEZ,Ordinary Dividend,12,277,15.44,4276.88,8.549222798,-,365.64,335.17
Projected Income,Data,,Total Stocks,,,,,11308.6,16.485825301,,1864.31604,1708.95637
Projected Income,Data,,Total,,,,,21370.22,13.588771165,,2903.950293177,2748.590623177
Trade Summary,MetaInfo,Analysis Period,"June 11, 2025 - January 27, 2026"
Trade Summary,Header,Financial Instrument,Currency,Symbol,Description,Sector,Quantity Bought,Average Price Bought,Proceeds Bought,Proceeds Bought in Base,Quantity Sold,Average Price Sold,Proceeds Sold,Proceeds Sold in Base
Trade Summary,Data,ETFs,United States Dollar,RYLD,GLOBAL X RUSSELL 2000 COV CL,Broad,269,14.8993,-4007.9117,-4007.9117,0,0,0,0
Trade Summary,Data,ETFs,United States Dollar,TLTW,ISHARES 20+ BOND BUYWRITE,Broad,256,23.11878125,-5918.408,-5918.408,0,0,0,0
Trade Summary,Data,Stocks,United States Dollar,BCAT,BLACKROCK CAPITAL ALLOC TR,Broad,479,14.996701461,-7183.42,-7183.42,0,0,0,0
Trade Summary,Data,Stocks,United States Dollar,BMEZ,BLACKROCK HLTH SCI TRM TR II,Broad,277,14.015,-3882.155,-3882.155,0,0,0,0
Deposits And Withdrawals,MetaInfo,Analysis Period,"June 11, 2025 - January 27, 2026"
Deposits And Withdrawals,Header,Date,Type,Description,Amount
Deposits And Withdrawals,Data,06/11/25,DEPOSIT,Cash Receipts / Electronic Fund Transfers ,20000
Dividends,MetaInfo,Analysis Period,"June 11, 2025 - January 27, 2026"
Dividends,Header,PayDate,Ex-Date,Symbol,Quantity,DividendPerShare,Amount
Dividends,Data,20250708,20250702,TLTW,256,0.31,80.3
Dividends,Data,20250728,20250721,RYLD,269,0.15,40.3
Dividends,Data,20250731,20250715,BCAT,398,0.28,109.64
Dividends,Data,20250807,20250804,TLTW,256,0.23,59.16
Dividends,Data,20250825,20250818,RYLD,269,0.15,40.51
Dividends,Data,20250829,20250815,BMEZ,277,0.16,45.69
Dividends,Data,20250829,20250815,BCAT,398,0.27,108.4
Dividends,Data,20250908,20250903,TLTW,256,0.22,55.89
Dividends,Data,20250929,20250922,RYLD,269,0.15,40.81
Dividends,Data,20250930,20250915,BMEZ,277,0.16,45.13
Dividends,Data,20250930,20250915,BCAT,398,0.27,107.42
Dividends,Data,20251007,20251002,TLTW,256,0.14,37
Dividends,Data,20251027,20251020,RYLD,269,0.15,41.02
Dividends,Data,20251031,20251015,BMEZ,277,0.11,30.47
Dividends,Data,20251031,20251015,BCAT,398,0.27,106.47
Dividends,Data,20251107,20251104,TLTW,256,0.38,96.84
Dividends,Data,20251128,20251114,BCAT,398,0.26,105.44
Dividends,Data,20251128,20251114,BMEZ,277,0.11,30.47
Dividends,Data,20251202,20251124,RYLD,269,0.15,40.83
Dividends,Data,20251205,20251202,TLTW,256,0.19,48.02
Dividends,Data,20251229,20251223,TLTW,256,0.19,47.85
Dividends,Data,20251230,20251222,RYLD,269,0.16,41.72
Dividends,Data,20251231,20251222,BMEZ,277,0.11,30.47
Dividends,Data,20251231,20251222,BCAT,398,0.26,104.29
Dividends,Data,20260123,20260120,RYLD,269,0.16,42.31
Notes and Disclosure,Header,Type,Note
Notes and Disclosure,Data,General,"1. The Net Asset Value (NAV) consists of all positions by financial instrument (stock, securities options, warrants, bonds, cash, etc.). All non-base currency amounts are converted to the base currency at the close of period rate."
Notes and Disclosure,Data,General,2. The gain or loss from future contracts settle into cash each night. The notional value is used when computing the contribution to return.
Notes and Disclosure,Data,General,"3. Dividend accruals, interest accruals, and insured deposits are included in cash amounts throughout the report."
Notes and Disclosure,Data,General,4. Price valuations are obtained from outside parties. Clearing Broker shall have no responsibility for the accuracy or timeliness of any such price valuation.
Notes and Disclosure,Data,General,5. Data from Thomson Reuters Business Classifications and Lipper Global is used to derive our sector classifications. Funds with assorted sector allocations are classified as Broad.
Notes and Disclosure,Data,General,"6. Amounts are formatted to two decimal places. If amounts are greater than two decimal places, Clearing Broker uses "half-even" rounding. This means that Clearing Broker rounds such amounts up to the nearest even number."
Notes and Disclosure,Data,General,"7. For accounts opened and funded before 2009, reports with a time period of Since Inception will only include data going back to January 1, 2009. This includes some default reports and both Historical Performance reports."
Notes and Disclosure,Data,General,"8. If you have elected to trade cryptocurrency/digital asset products at Crypto Provider through the Clearing Broker platform, for your convenience your positions in your linked account at Crypto Provider are reflected in PortfolioAnalyst in connection with your Clearing Broker account."
Notes and Disclosure,Data,Section,1. Account Overview: The deposit/withdrawal amount displayed includes internal transfers along with cash and position transfers.
Notes and Disclosure,Data,Section,2. Projected Income: The Estimated Annual Income and Estimated Remaining Income in the Projected Income report assume dividend and bond payments remain constant throughout the year. These positions and interest rates are based on the previous business day.
Notes and Disclosure,Data,Section,"3. Risk Measures: Historical US 3 Month Treasury Bill rates are used as the risk free rates when calculating Alpha, the Sharpe ratio, the Sortino ratio, and the downside deviation."
Notes and Disclosure,Data,Disclosure,"This portfolio report was generated using Clearing Broker's PortfolioAnalyst tool, which allows Clearing Broker clients to generate analyses of their accounts using market data provided by third parties along with trade and account data contained in Clearing Broker's systems. This report is for information purposes only and is provided AS IS. Clearing Broker makes no warranty of any kind, express or implied, as to this report and its contents. The data provided for use in the PortfolioAnalyst tool is believed to be accurate, but completeness and accuracy of the information is not guaranteed, and Clearing Broker has no liability with respect thereto. The data regarding accounts held outside of Clearing Broker is obtained either directly from your input or from the financial institutions holding those accounts through a third-party service provider and Clearing Broker has NOT reviewed its accuracy.

The material in this report is intended only as a reference and should not be relied upon for the maintenance of your books and records for tax, accounting, financial, or regulatory reporting or for any other purposes. This report is not an offer or a solicitation of an offer to buy or sell any security. This material does not, and is not intended to, take into account the particular financial conditions, investment objectives, or requirements of individual customers. Before acting on any material within this report, you should consider whether it is suitable for your particular circumstances and as necessary, seek professional advice."
