Introduction,Header,Name,Account,Alias,BaseCurrency,AccountType,AnalysisPeriod,PerformanceMeasure
Introduction,Data,Gian Carlo V Rupp,U16450533,,USD,Individual (Broker Client),"November 6, 2024 to January 27, 2026 (Daily)",TWR
Key Statistics,MetaInfo,Analysis Period,"November 6, 2024 - January 27, 2026"
Key Statistics,Header,BeginningNAV,EndingNAV,CumulativeReturn,5DayReturn,5DayReturnDateRange,10DayReturn,10DayReturnDateRange,BestReturn,BestReturnDate,WorstReturn,WorstReturnDate,MTM,Deposits & Withdrawals,Dividends,Interest,Fees & Commissions,Other,ChangeInNAV
Key Statistics,Data,0,247169.217171,9.226243722,1.919235546,20260121 - 20260127,1.278347654,20260114 - 20260127,5.462971821,20250409,-5.834907371,20250404,-2706.2787,228721.83,25701.55,-0.02,-944.074128,-3603.790001,247169.217171
Historical Performance,MetaInfo,Analysis Period,"November 6, 2024 - January 27, 2026"
Historical Performance,Header,Account,MTD,QTD,YTD,1 Year,Since Inception
Historical Performance,Data,U16450533,2.745249969,2.745249969,2.745249969,8.768724078,9.22624373
Historical Performance,Header,Month,Account,AccountReturn
Historical Performance,Data,202501,U16450533,2.729658843
Historical Performance,Data,202502,U16450533,0.79350734
Historical Performance,Data,202503,U16450533,-1.86721936
Historical Performance,Data,202504,U16450533,-2.27878428
Historical Performance,Data,202505,U16450533,2.818727256
Historical Performance,Data,202506,U16450533,3.345836333
Historical Performance,Data,202507,U16450533,0.922426061
Historical Performance,Data,202508,U16450533,2.376104205
Historical Performance,Data,202509,U16450533,0.561061207
Historical Performance,Data,202510,U16450533,0.15240681
Historical Performance,Data,202511,U16450533,-0.642645492
Historical Performance,Data,202512,U16450533,-0.533602772
Historical Performance,Data,202401,U16450533,-
Historical Performance,Data,202402,U16450533,-
Historical Performance,Data,202403,U16450533,-
Historical Performance,Data,202404,U16450533,-
Historical Performance,Data,202405,U16450533,-
Historical Performance,Data,202406,U16450533,-
Historical Performance,Data,202407,U16450533,-
Historical Performance,Data,202408,U16450533,-
Historical Performance,Data,202409,U16450533,-
Historical Performance,Data,202410,U16450533,-
Historical Performance,Data,202411,U16450533,-
Historical Performance,Data,202412,U16450533,-2.181578884
Historical Performance,Header,Quarter,Account,AccountReturn
Historical Performance,Data,2025 Q1,U16450533,1.611417185
Historical Performance,Data,2025 Q2,U16450533,3.837463083
Historical Performance,Data,2025 Q3,U16450533,3.900139023
Historical Performance,Data,2025 Q4,U16450533,-1.022199736
Historical Performance,Data,2024 Q1,U16450533,-
Historical Performance,Data,2024 Q2,U16450533,-
Historical Performance,Data,2024 Q3,U16450533,-
Historical Performance,Data,2024 Q4,U16450533,-
Historical Performance,Header,Year,Account,AccountReturn
Historical Performance,Data,YTD,U16450533,2.745249969
Historical Performance,Data,2025,U16450533,8.505188027
Open Position Summary,MetaInfo,As Of,"January 27, 2026"
Open Position Summary,Header,Date,FinancialInstrument,Currency,Symbol,Description,Sector,Quantity,ClosePrice,Value,Cost Basis,UnrealizedP&L,FXRateToBase
Open Position Summary,Data,01/27/2026,ETFs,USD,RYLD,GLOBAL X RUSSELL 2000 COV CL,Broad,3161,15.62,49374.82,50040.918823,-666.098823,1
Open Position Summary,Data,Total,ETFs,USD,,,,,,49374.82,50040.918823,-666.098823
Open Position Summary,Data,01/27/2026,Stocks,USD,BCAT,BLACKROCK CAPITAL ALLOC TR,Broad,1712,14.68,25132.16,25046.580468,85.579532,1
Open Position Summary,Data,01/27/2026,Stocks,USD,BHK,BLACKROCK CORE BOND TRUST,Broad,2050,9.55,19577.5,19971.313371,-393.813371,1
Open Position Summary,Data,01/27/2026,Stocks,USD,DSL,DOUBLELINE INCOME SOLUTIONS,Broad,1562,11.4,17806.8,20023.524882,-2216.724882,1
Open Position Summary,Data,01/27/2026,Stocks,USD,EAD,ALLSPRING INCOME OPPORT,Broad,2846,6.86,19523.56,19707.578434,-184.018434,1
Open Position Summary,Data,01/27/2026,Stocks,USD,ETY,EATON VANCE TAX-MGD DIV EQTY,Broad,1300,15.31,19903,19520.034544,382.965456,1
Open Position Summary,Data,01/27/2026,Stocks,USD,GBAB,GUGGENHEIM TAXABLE MUNICIPAL,Broad,1334,15.02,20036.68,21413.499551,-1376.819551,1
Open Position Summary,Data,01/27/2026,Stocks,USD,GDO,WESTERN AST GLB CORP OPPRNTY,Broad,1673,11.62,19440.26,20044.221607,-603.961607,1
Open Position Summary,Data,01/27/2026,Stocks,USD,GHY,PGIM GLOBAL HIGH YIELD FUND,Broad,1035,12.88,13330.8,13380.129182,-49.329182,1
Open Position Summary,Data,01/27/2026,Stocks,USD,NPCT,NUVEEN CORE PLUS IMPACT,Broad,1910,10.23,19539.3,20123.136913,-583.836913,1
Open Position Summary,Data,01/27/2026,Stocks,USD,VLT,INVESCO HIGH INCOME TRUST II,Broad,1746,11.12,19415.52,19987.30153,-571.78153,1
Open Position Summary,Data,Total,Stocks,USD,,,,,,193705.58,199217.320482,-5511.740482
Open Position Summary,Data,01/27/2026,Cash,USD,USD,United States Dollar,Cash,4088.817171,1,4088.817171, , ,1
Performance by Symbol,MetaInfo,Analysis Period,"November 6, 2024 - January 27, 2026"
Performance by Symbol,Header,Symbol,Description,FinancialInstrument,Sector,AvgWeight,Return,Contribution,Unrealized_P&L,Realized_P&L,Open
Performance by Symbol,Data,RYLD,GLOBAL X RUSSELL 2000 COV CL,ETFs,Broad,12.353223645,3.343860519,0.989447977,-666.10,0.00,Yes
Performance by Symbol,Data,SDIV,GLOBAL X SUPERDIVIDEND ETF,ETFs,Broad,10.021329633,13.438354845,1.393707488,0.00,"1,673.35",No
Performance by Symbol,Data,Total ETFs,,,,17.839584489,13.121928879,2.380854769,-666.10,"1,673.35",
Performance by Symbol,Data,AVK,ADVENT CONVERT & INCOME,Stocks,Broad,10.258753663,16.603947563,1.731818703,0.00,"1,364.00",No
Performance by Symbol,Data,BCAT,BLACKROCK CAPITAL ALLOC TR,Stocks,Broad,10.151696933,4.233168433,0.425924069,85.58,0.00,Yes
Performance by Symbol,Data,BHK,BLACKROCK CORE BOND TRUST,Stocks,Broad,9.261063415,1.785316735,0.196934318,-393.81,0.00,Yes
Performance by Symbol,Data,DSL,DOUBLELINE INCOME SOLUTIONS,Stocks,Broad,9.365257973,-2.248663613,-0.162575509,"-2,216.72",0.00,Yes
Performance by Symbol,Data,EAD,ALLSPRING INCOME OPPORT,Stocks,Broad,9.677286854,6.815777608,0.714386254,-184.02,0.00,Yes
Performance by Symbol,Data,ETY,EATON VANCE TAX-MGD DIV EQTY,Stocks,Broad,9.677748283,9.165839332,1.016770375,382.97,0.00,Yes
Performance by Symbol,Data,GBAB,GUGGENHEIM TAXABLE MUNICIPAL,Stocks,Broad,10.034566687,1.248532443,0.178765484,"-1,376.82",0.00,Yes
Performance by Symbol,Data,GDO,WESTERN AST GLB CORP OPPRNTY,Stocks,Broad,9.526829442,8.269525407,0.792372281,-603.96,0.00,Yes
Performance by Symbol,Data,GHY,PGIM GLOBAL HIGH YIELD FUND,Stocks,Broad,7.81950352,8.331446018,0.463911951,-49.33,-321.05,Yes
Performance by Symbol,Data,NPCT,NUVEEN CORE PLUS IMPACT,Stocks,Broad,8.058607871,-1.578112801,-0.129869393,-583.84,0.00,Yes
Performance by Symbol,Data,VLT,INVESCO HIGH INCOME TRUST II,Stocks,Broad,9.416284886,6.089649452,0.603457118,-571.78,0.00,Yes
Performance by Symbol,Data,Total Stocks,,,,81.499136307,7.095607857,5.57511229,"-5,511.74","1,042.96",
Performance by Symbol,Data,USD,United States Dollar,Cash,Cash,1.903013214,2742.653522937,1.273986806,,,Yes
Performance by Symbol,Data,Total Cash,,,,1.903013214,2742.653522937,1.273986806,,,
Performance by Symbol,Data,Total,,,,100,9.226243722,9.226243722,"-6,177.84","2,716.31",
Projected Income,MetaInfo,As Of,"January 27, 2026"
Projected Income,Header,Financial Instrument,Symbol,Description,Frequency,Quantity,Price,Value,Current Yield %,Principal,Estimated Annual Income,Estimated 2026 Remaining Income
Projected Income,Data,ETFs,RYLD,Ordinary Dividend,11,3161,15.62,49374.82,11.077464789,-,5469.4783,5469.4783
Projected Income,Data,,Total ETFs,,,,,49374.82,11.077464789,,5469.4783,5469.4783
Projected Income,Data,Stocks,BCAT,Ordinary Dividend,12,1712,14.68,25132.16,21.313079019,-,5356.43712,4910.06736
Projected Income,Data,Stocks,BHK,Ordinary Dividend,12,2050,9.55,19577.5,9.37382199,-,1835.16,1682.23
Projected Income,Data,Stocks,DSL,Ordinary Dividend,12,1562,11.4,17806.8,11.578947368,-,2061.84,1890.02
Projected Income,Data,Stocks,EAD,Ordinary Dividend,12,2846,6.86,19523.56,9.365597668,-,1828.49808,1828.49808
Projected Income,Data,Stocks,ETY,Ordinary Dividend,12,1300,15.31,19903,7.775310255,-,1547.52,1418.56
Projected Income,Data,Stocks,GBAB,Ordinary Dividend,12,1334,15.02,20036.68,10.045006658,-,2012.68584,1844.96202
Projected Income,Data,Stocks,GDO,Ordinary Dividend,12,1673,11.62,19440.26,12.598967298,-,2449.272,2245.166
Projected Income,Data,Stocks,GHY,Ordinary Dividend,12,1035,12.88,13330.8,9.782608696,-,1304.1,1195.425
Projected Income,Data,Stocks,NPCT,Ordinary Dividend,12,1910,10.23,19539.3,11.612903226,-,2269.08,2079.99
Projected Income,Data,Stocks,VLT,Ordinary Dividend,12,1746,11.12,19415.52,10.143884892,-,1969.488,1805.364
Projected Income,Data,,Total Stocks,,,,,193705.58,11.68478525,,22634.08104,20900.28246
Projected Income,Data,,Total,,,,,243080.4,11.561425495,,28103.55934,26369.76076
Trade Summary,MetaInfo,Analysis Period,"November 6, 2024 - January 27, 2026"
Trade Summary,Header,Financial Instrument,Currency,Symbol,Description,Sector,Quantity Bought,Average Price Bought,Proceeds Bought,Proceeds Bought in Base,Quantity Sold,Average Price Sold,Proceeds Sold,Proceeds Sold in Base
Trade Summary,Data,ETFs,United States Dollar,RYLD,GLOBAL X RUSSELL 2000 COV CL,Broad,3161,15.791496678,-49916.921,-49916.921,0,0,0,0
Trade Summary,Data,ETFs,United States Dollar,SDIV,GLOBAL X SUPERDIVIDEND ETF,Broad,923,21.623666306,-19958.644,-19958.644,-923,23.521313434,21710.1723,21710.1723
Trade Summary,Data,Stocks,United States Dollar,AVK,ADVENT CONVERT & INCOME,Broad,1692,11.818079196,-19996.19,-19996.19,-1692,12.69,21471.48,21471.48
Trade Summary,Data,Stocks,United States Dollar,BCAT,BLACKROCK CAPITAL ALLOC TR,Broad,1712,14.598116822,-24991.976,-24991.976,0,0,0,0
Trade Summary,Data,Stocks,United States Dollar,BHK,BLACKROCK CORE BOND TRUST,Broad,2050,9.71,-19905.5,-19905.5,0,0,0,0
Trade Summary,Data,Stocks,United States Dollar,DSL,DOUBLELINE INCOME SOLUTIONS,Broad,1562,12.786079385,-19971.856,-19971.856,0,0,0,0
Trade Summary,Data,Stocks,United States Dollar,EAD,ALLSPRING INCOME OPPORT,Broad,2846,6.897356641,-19629.877,-19629.877,0,0,0,0
Trade Summary,Data,Stocks,United States Dollar,ETY,EATON VANCE TAX-MGD DIV EQTY,Broad,1300,14.979769231,-19473.7,-19473.7,0,0,0,0
Trade Summary,Data,Stocks,United States Dollar,GBAB,GUGGENHEIM TAXABLE MUNICIPAL,Broad,1334,16.084889055,-21457.242,-21457.242,0,0,0,0
Trade Summary,Data,Stocks,United States Dollar,GDO,WESTERN AST GLB CORP OPPRNTY,Broad,1673,11.95,-19992.35,-19992.35,0,0,0,0
Trade Summary,Data,Stocks,United States Dollar,GHY,PGIM GLOBAL HIGH YIELD FUND,Broad,1545,12.907330097,-19941.825,-19941.825,-510,12.4,6324,6324
Trade Summary,Data,Stocks,United States Dollar,NPCT,NUVEEN CORE PLUS IMPACT,Broad,1910,10.505,-20064.55,-20064.55,0,0,0,0
Trade Summary,Data,Stocks,United States Dollar,VLT,INVESCO HIGH INCOME TRUST II,Broad,1746,11.45,-19991.7,-19991.7,0,0,0,0
Deposits And Withdrawals,MetaInfo,Analysis Period,"November 6, 2024 - January 27, 2026"
Deposits And Withdrawals,Header,Date,Type,Description,Amount
Deposits And Withdrawals,Data,11/06/24,DEPOSIT,Cash Receipts / Electronic Fund Transfers ,200000
Deposits And Withdrawals,Data,02/21/25,WITHDRAWAL,Disbursement Initiated By Gian Carlo V Rupp ,-3001.63
Deposits And Withdrawals,Data,03/31/25,WITHDRAWAL,Disbursement Initiated By Gian Carlo V Rupp ,-1460.68
Deposits And Withdrawals,Data,04/04/25,WITHDRAWAL,Disbursement Initiated By Gian Carlo V Rupp ,-827.24
Deposits And Withdrawals,Data,05/05/25,WITHDRAWAL,Disbursement Initiated By Gian Carlo V Rupp ,-2382.92
Deposits And Withdrawals,Data,06/06/25,WITHDRAWAL,Disbursement Initiated By Gian Carlo V Rupp ,-1195.99
Deposits And Withdrawals,Data,07/03/25,WITHDRAWAL,Disbursement Initiated By Gian Carlo V Rupp ,-1194.33
Deposits And Withdrawals,Data,08/04/25,WITHDRAWAL,Disbursement Initiated By Gian Carlo V Rupp ,-2858.78
Deposits And Withdrawals,Data,09/08/25,WITHDRAWAL,Disbursement Initiated By Gian Carlo V Rupp ,-1322.51
Deposits And Withdrawals,Data,10/02/25,WITHDRAWAL,Disbursement Initiated By Gian Carlo V Rupp ,-1177.98
Deposits And Withdrawals,Data,11/04/25,WITHDRAWAL,Disbursement Initiated By Gian Carlo V Rupp ,-1178.86
Deposits And Withdrawals,Data,11/05/25,DEPOSIT,Cash Receipts / Electronic Fund Transfers ,50000
Deposits And Withdrawals,Data,12/02/25,WITHDRAWAL,Disbursement Initiated By Gian Carlo V Rupp ,-1382.84
Deposits And Withdrawals,Data,01/05/26,WITHDRAWAL,Disbursement Initiated By Gian Carlo V Rupp ,-3294.41
Dividends,MetaInfo,Analysis Period,"November 6, 2024 - January 27, 2026"
Dividends,Header,PayDate,Ex-Date,Symbol,Quantity,DividendPerShare,Amount
Dividends,Data,20241125,20241118,RYLD,1191,0.17,197.47
Dividends,Data,20241129,20241113,DSL,1562,0.11,171.82
Dividends,Data,20241129,20241115,VLT,1746,0.10,168.31
Dividends,Data,20241129,20241115,AVK,1692,0.12,198.3
Dividends,Data,20241129,20241115,GBAB,1274,0.13,160.18
Dividends,Data,20241129,20241114,GHY,1545,0.11,162.23
Dividends,Data,20241129,20241121,ETY,1300,0.10,128.96
Dividends,Data,20241202,20241121,GDO,1673,0.12,204.11
Dividends,Data,20241211,20241204,SDIV,923,0.20,180.91
Dividends,Data,20241231,20241212,GHY,1545,0.11,162.23
Dividends,Data,20241231,20241223,ETY,1300,0.10,128.96
Dividends,Data,20241231,20241218,DSL,1562,0.11,171.82
Dividends,Data,20241231,20241213,GBAB,1334,0.13,167.72
Dividends,Data,20241231,20241213,AVK,1692,0.12,198.3
Dividends,Data,20241231,20241223,GDO,1673,0.12,204.11
Dividends,Data,20241231,20241217,VLT,1746,0.10,168.31
Dividends,Data,20250102,20241212,EAD,2846,0.05,151.01
Dividends,Data,20250107,20241230,RYLD,1191,0.17,198.18
Dividends,Data,20250107,20241230,SDIV,923,0.20,180.91
Dividends,Data,20250109,20241226,GHY,1545,0.11,162.23
Dividends,Data,20250128,20250121,RYLD,1191,0.17,200.33
Dividends,Data,20250131,20250115,AVK,1692,0.12,198.3
Dividends,Data,20250131,20250115,DSL,1562,0.11,171.82
Dividends,Data,20250131,20250115,ETY,1300,0.10,128.96
Dividends,Data,20250131,20250117,VLT,1746,0.10,168.31
Dividends,Data,20250131,20250115,GBAB,1334,0.13,167.72
Dividends,Data,20250203,20250124,GDO,1673,0.12,204.11
Dividends,Data,20250203,20250113,EAD,2846,0.05,151.72
Dividends,Data,20250212,20250205,SDIV,923,0.19,178.14
Dividends,Data,20250228,20250214,ETY,1300,0.10,128.96
Dividends,Data,20250228,20250213,GHY,1545,0.11,162.23
Dividends,Data,20250228,20250214,GBAB,1334,0.13,167.72
Dividends,Data,20250228,20250214,AVK,1692,0.12,198.3
Dividends,Data,20250228,20250219,DSL,1562,0.11,171.82
Dividends,Data,20250228,20250218,VLT,1746,0.10,168.31
Dividends,Data,20250303,20250213,EAD,2846,0.05,151.98
Dividends,Data,20250303,20250221,GDO,1673,0.12,204.11
Dividends,Data,20250303,20250224,RYLD,1191,0.16,193.78
Dividends,Data,20250312,20250305,SDIV,923,0.20,184.6
Dividends,Data,20250331,20250314,ETY,1300,0.10,128.96
Dividends,Data,20250331,20250313,GHY,1545,0.11,162.23
Dividends,Data,20250331,20250314,GBAB,1334,0.13,167.72
Dividends,Data,20250331,20250314,AVK,1692,0.12,198.3
Dividends,Data,20250331,20250317,VLT,1746,0.10,168.31
Dividends,Data,20250331,20250324,RYLD,1191,0.15,183.06
Dividends,Data,20250331,20250319,DSL,1562,0.11,171.82
Dividends,Data,20250401,20250313,EAD,2846,0.05,152.15
Dividends,Data,20250401,20250324,GDO,1673,0.12,204.11
Dividends,Data,20250410,20250403,SDIV,923,0.20,179.99
Dividends,Data,20250428,20250421,RYLD,1191,0.14,170.43
Dividends,Data,20250430,20250416,VLT,1746,0.10,168.31
Dividends,Data,20250430,20250415,ETY,1300,0.10,128.96
Dividends,Data,20250430,20250416,DSL,1562,0.11,171.82
Dividends,Data,20250430,20250415,AVK,1692,0.12,198.3
Dividends,Data,20250430,20250415,GBAB,1334,0.13,167.72
Dividends,Data,20250430,20250410,GHY,1545,0.11,162.23
Dividends,Data,20250501,20250411,EAD,2846,0.05,152.43
Dividends,Data,20250501,20250423,GDO,1673,0.12,204.11
Dividends,Data,20250512,20250505,SDIV,923,0.20,179.99
Dividends,Data,20250527,20250519,RYLD,1541,0.15,228.22
Dividends,Data,20250530,20250516,VLT,1746,0.10,168.31
Dividends,Data,20250530,20250515,GBAB,1334,0.13,167.72
Dividends,Data,20250530,20250515,AVK,1692,0.12,198.3
Dividends,Data,20250530,20250515,ETY,1300,0.10,128.96
Dividends,Data,20250530,20250515,GHY,1035,0.11,108.68
Dividends,Data,20250530,20250514,DSL,1562,0.11,171.82
Dividends,Data,20250602,20250512,EAD,2846,0.05,152.46
Dividends,Data,20250602,20250522,GDO,1673,0.12,204.11
Dividends,Data,20250611,20250604,SDIV,923,0.19,177.22
Dividends,Data,20250630,20250613,AVK,1692,0.12,198.3
Dividends,Data,20250630,20250623,RYLD,1541,0.15,228.84
Dividends,Data,20250630,20250618,DSL,1562,0.11,171.82
Dividends,Data,20250630,20250612,GHY,1035,0.11,108.68
Dividends,Data,20250630,20250617,VLT,1746,0.10,168.31
Dividends,Data,20250630,20250616,ETY,1300,0.10,128.96
Dividends,Data,20250630,20250613,GBAB,1334,0.13,167.72
Dividends,Data,20250701,20250623,GDO,1673,0.12,204.11
Dividends,Data,20250701,20250612,EAD,2846,0.05,152.23
Dividends,Data,20250711,20250703,SDIV,923,0.19,175.37
Dividends,Data,20250728,20250721,RYLD,1541,0.15,230.84
Dividends,Data,20250731,20250716,DSL,1562,0.11,171.82
Dividends,Data,20250731,20250715,BHK,2050,0.07,152.93
Dividends,Data,20250731,20250715,ETY,1300,0.10,128.96
Dividends,Data,20250731,20250710,GHY,1035,0.11,108.68
Dividends,Data,20250731,20250715,GBAB,1334,0.13,167.72
Dividends,Data,20250731,20250715,AVK,1692,0.12,198.3
Dividends,Data,20250731,20250716,VLT,1746,0.10,168.31
Dividends,Data,20250801,20250711,EAD,2846,0.05,152.2
Dividends,Data,20250801,20250724,GDO,1673,0.12,204.11
Dividends,Data,20250825,20250818,RYLD,1541,0.15,232.07
Dividends,Data,20250829,20250815,AVK,1692,0.12,198.3
Dividends,Data,20250829,20250815,GBAB,1334,0.13,167.72
Dividends,Data,20250829,20250815,BHK,2050,0.07,152.93
Dividends,Data,20250829,20250813,DSL,1562,0.11,171.82
Dividends,Data,20250829,20250814,GHY,1035,0.11,108.68
Dividends,Data,20250829,20250818,VLT,1746,0.10,168.31
Dividends,Data,20250829,20250815,ETY,1300,0.10,128.96
Dividends,Data,20250902,20250822,GDO,1673,0.12,204.11
Dividends,Data,20250902,20250811,EAD,2846,0.05,152.32
Dividends,Data,20250929,20250922,RYLD,1541,0.15,233.77
Dividends,Data,20250930,20250915,BHK,2050,0.07,152.93
Dividends,Data,20250930,20250911,GHY,1035,0.11,108.68
Dividends,Data,20250930,20250915,GBAB,1334,0.13,167.72
Dividends,Data,20250930,20250915,ETY,1300,0.10,128.96
Dividends,Data,20250930,20250916,VLT,1746,0.09,164.12
Dividends,Data,20250930,20250917,DSL,1562,0.11,171.82
Dividends,Data,20250930,20250915,AVK,1692,0.12,198.3
Dividends,Data,20251001,20250912,EAD,2846,0.05,152.43
Dividends,Data,20251001,20250923,GDO,1673,0.12,204.11
Dividends,Data,20251027,20251020,RYLD,1541,0.15,235
Dividends,Data,20251031,20251015,DSL,1562,0.11,171.82
Dividends,Data,20251031,20251016,GHY,1035,0.11,108.68
Dividends,Data,20251031,20251015,ETY,1300,0.10,128.96
Dividends,Data,20251031,20251015,GBAB,1334,0.13,167.72
Dividends,Data,20251031,20251015,BHK,2050,0.07,152.93
Dividends,Data,20251031,20251015,AVK,1692,0.12,198.3
Dividends,Data,20251031,20251016,VLT,1746,0.09,164.12
Dividends,Data,20251103,20251014,EAD,2846,0.05,152.46
Dividends,Data,20251103,20251024,GDO,1673,0.12,204.11
Dividends,Data,20251128,20251113,GHY,1035,0.11,108.68
Dividends,Data,20251128,20251114,ETY,1300,0.10,128.96
Dividends,Data,20251128,20251114,BCAT,1712,0.26,453.56
Dividends,Data,20251128,20251114,BHK,2050,0.07,152.93
Dividends,Data,20251128,20251117,VLT,1746,0.09,164.12
Dividends,Data,20251128,20251119,DSL,1562,0.11,171.82
Dividends,Data,20251128,20251114,AVK,1692,0.12,198.3
Dividends,Data,20251128,20251114,GBAB,1334,0.13,167.72
Dividends,Data,20251201,20251113,EAD,2846,0.05,152.46
Dividends,Data,20251201,20251120,GDO,1673,0.12,204.11
Dividends,Data,20251202,20251124,RYLD,3161,0.15,479.84
Dividends,Data,20251230,20251222,RYLD,3161,0.16,490.27
Dividends,Data,20251231,20251222,BHK,2050,0.07,152.93
Dividends,Data,20251231,20251216,VLT,1746,0.09,164.12
Dividends,Data,20251231,20251223,GDO,1673,0.12,204.11
Dividends,Data,20251231,20251217,DSL,1562,0.11,171.82
Dividends,Data,20251231,20251215,NPCT,1910,0.10,189.09
Dividends,Data,20251231,20251215,ETY,1300,0.10,128.96
Dividends,Data,20251231,20251215,GBAB,1334,0.13,167.72
Dividends,Data,20251231,20251211,GHY,1035,0.11,108.68
Dividends,Data,20251231,20251222,BCAT,1712,0.26,448.6
Dividends,Data,20260102,20251211,EAD,2846,0.05,152.43
Dividends,Data,20260108,20251226,GHY,1035,0.11,108.68
Dividends,Data,20260123,20260120,RYLD,3161,0.16,497.23
Interest Details,MetaInfo,Analysis Period,"November 6, 2024 - January 27, 2026"
Interest Details,Header,Date,Description,Amount
Interest Details,Data,20250805,USD Debit Interest Paid for July 2025,-0.02
Notes and Disclosure,Header,Type,Note
Notes and Disclosure,Data,General,"1. The Net Asset Value (NAV) consists of all positions by financial instrument (stock, securities options, warrants, bonds, cash, etc.). All non-base currency amounts are converted to the base currency at the close of period rate."
Notes and Disclosure,Data,General,2. The gain or loss from future contracts settle into cash each night. The notional value is used when computing the contribution to return.
Notes and Disclosure,Data,General,"3. Dividend accruals, interest accruals, and insured deposits are included in cash amounts throughout the report."
Notes and Disclosure,Data,General,4. Price valuations are obtained from outside parties. Clearing Broker shall have no responsibility for the accuracy or timeliness of any such price valuation.
Notes and Disclosure,Data,General,5. Data from Thomson Reuters Business Classifications and Lipper Global is used to derive our sector classifications. Funds with assorted sector allocations are classified as Broad.
Notes and Disclosure,Data,General,"6. Amounts are formatted to two decimal places. If amounts are greater than two decimal places, Clearing Broker uses "half-even" rounding. This means that Clearing Broker rounds such amounts up to the nearest even number."
Notes and Disclosure,Data,General,"7. For accounts opened and funded before 2009, reports with a time period of Since Inception will only include data going back to January 1, 2009. This includes some default reports and both Historical Performance reports."
Notes and Disclosure,Data,General,"8. If you have elected to trade cryptocurrency/digital asset products at Crypto Provider through the Clearing Broker platform, for your convenience your positions in your linked account at Crypto Provider are reflected in PortfolioAnalyst in connection with your Clearing Broker account."
Notes and Disclosure,Data,Section,1. Account Overview: The deposit/withdrawal amount displayed includes internal transfers along with cash and position transfers.
Notes and Disclosure,Data,Section,2. Projected Income: The Estimated Annual Income and Estimated Remaining Income in the Projected Income report assume dividend and bond payments remain constant throughout the year. These positions and interest rates are based on the previous business day.
Notes and Disclosure,Data,Section,"3. Risk Measures: Historical US 3 Month Treasury Bill rates are used as the risk free rates when calculating Alpha, the Sharpe ratio, the Sortino ratio, and the downside deviation."
Notes and Disclosure,Data,Disclosure,"This portfolio report was generated using Clearing Broker's PortfolioAnalyst tool, which allows Clearing Broker clients to generate analyses of their accounts using market data provided by third parties along with trade and account data contained in Clearing Broker's systems. This report is for information purposes only and is provided AS IS. Clearing Broker makes no warranty of any kind, express or implied, as to this report and its contents. The data provided for use in the PortfolioAnalyst tool is believed to be accurate, but completeness and accuracy of the information is not guaranteed, and Clearing Broker has no liability with respect thereto. The data regarding accounts held outside of Clearing Broker is obtained either directly from your input or from the financial institutions holding those accounts through a third-party service provider and Clearing Broker has NOT reviewed its accuracy.

The material in this report is intended only as a reference and should not be relied upon for the maintenance of your books and records for tax, accounting, financial, or regulatory reporting or for any other purposes. This report is not an offer or a solicitation of an offer to buy or sell any security. This material does not, and is not intended to, take into account the particular financial conditions, investment objectives, or requirements of individual customers. Before acting on any material within this report, you should consider whether it is suitable for your particular circumstances and as necessary, seek professional advice."
