Introduction,Header,Name,Account,Alias,BaseCurrency,AccountType,AnalysisPeriod,PerformanceMeasure
Introduction,Data,Guillermo E Knell Alegria,U6307847,,USD,Individual (Broker Client),"June 1, 2021 to January 27, 2026 (Daily)",TWR
Key Statistics,MetaInfo,Analysis Period,"June 1, 2021 - January 27, 2026"
Key Statistics,Header,BeginningNAV,EndingNAV,CumulativeReturn,5DayReturn,5DayReturnDateRange,10DayReturn,10DayReturnDateRange,BestReturn,BestReturnDate,WorstReturn,WorstReturnDate,MTM,Deposits & Withdrawals,Dividends,Interest,Fees & Commissions,Other,ChangeInNAV
Key Statistics,Data,0,1720.927771713,30.216258487,16.60525863,20260121 - 20260127,16.605258629,20260114 - 20260127,19.40563475,20250409,-12.944057729,20250403,-3287.52959,-980.1,8412.8482,1282.331746,-2454.587882981,-1252.034701306,1720.927771713
Historical Performance,MetaInfo,Analysis Period,"June 1, 2021 - January 27, 2026"
Historical Performance,Header,Account,MTD,QTD,YTD,1 Year,3 Year,Since Inception
Historical Performance,Data,U6307847,16.60525863,16.60525863,16.60525863,-3.427393377,28.921546832,30.216258489
Historical Performance,Header,Month,Account,AccountReturn
Historical Performance,Data,202501,U6307847,0.862574955
Historical Performance,Data,202502,U6307847,-3.913061488
Historical Performance,Data,202503,U6307847,-6.667631599
Historical Performance,Data,202504,U6307847,-12.441264862
Historical Performance,Data,202505,U6307847,15.296154439
Historical Performance,Data,202506,U6307847,15.455280521
Historical Performance,Data,202507,U6307847,0.942414467
Historical Performance,Data,202508,U6307847,-0.08917817
Historical Performance,Data,202509,U6307847,-1.150205182
Historical Performance,Data,202510,U6307847,-10.304944938
Historical Performance,Data,202511,U6307847,-8.483572406
Historical Performance,Data,202512,U6307847,-2.073662291
Historical Performance,Data,202401,U6307847,0.077856374
Historical Performance,Data,202402,U6307847,-0.131989492
Historical Performance,Data,202403,U6307847,9.122702023
Historical Performance,Data,202404,U6307847,-4.999835713
Historical Performance,Data,202405,U6307847,7.473640658
Historical Performance,Data,202406,U6307847,-8.299037878
Historical Performance,Data,202407,U6307847,19.784289298
Historical Performance,Data,202408,U6307847,17.564827062
Historical Performance,Data,202409,U6307847,4.473456335
Historical Performance,Data,202410,U6307847,-3.116699946
Historical Performance,Data,202411,U6307847,1.377642912
Historical Performance,Data,202412,U6307847,-13.499795188
Historical Performance,Data,202301,U6307847,6.77342633
Historical Performance,Data,202302,U6307847,-2.989187226
Historical Performance,Data,202303,U6307847,1.537616953
Historical Performance,Data,202304,U6307847,0.501473301
Historical Performance,Data,202305,U6307847,-2.194744072
Historical Performance,Data,202306,U6307847,3.203117183
Historical Performance,Data,202307,U6307847,1.28973408
Historical Performance,Data,202308,U6307847,-2.726470818
Historical Performance,Data,202309,U6307847,-3.466310295
Historical Performance,Data,202310,U6307847,-4.053401684
Historical Performance,Data,202311,U6307847,7.009022431
Historical Performance,Data,202312,U6307847,5.411181293
Historical Performance,Data,202201,U6307847,6.66018451
Historical Performance,Data,202202,U6307847,-2.534411618
Historical Performance,Data,202203,U6307847,1.594148102
Historical Performance,Data,202204,U6307847,-3.901505233
Historical Performance,Data,202205,U6307847,2.362367897
Historical Performance,Data,202206,U6307847,-2.414028149
Historical Performance,Data,202207,U6307847,3.458073042
Historical Performance,Data,202208,U6307847,-1.321131461
Historical Performance,Data,202209,U6307847,-8.767165253
Historical Performance,Data,202210,U6307847,1.316175433
Historical Performance,Data,202211,U6307847,9.711655822
Historical Performance,Data,202212,U6307847,-3.136933261
Historical Performance,Data,202101,U6307847,-
Historical Performance,Data,202102,U6307847,-
Historical Performance,Data,202103,U6307847,-
Historical Performance,Data,202104,U6307847,-
Historical Performance,Data,202105,U6307847,-
Historical Performance,Data,202106,U6307847,0
Historical Performance,Data,202107,U6307847,-0.624069745
Historical Performance,Data,202108,U6307847,0.213773017
Historical Performance,Data,202109,U6307847,-1.102357054
Historical Performance,Data,202110,U6307847,2.446590381
Historical Performance,Data,202111,U6307847,-5.133583772
Historical Performance,Data,202112,U6307847,-3.110226588
Historical Performance,Header,Quarter,Account,AccountReturn
Historical Performance,Data,2025 Q1,U6307847,-9.546225484
Historical Performance,Data,2025 Q2,U6307847,16.554246792
Historical Performance,Data,2025 Q3,U6307847,-0.307613615
Historical Performance,Data,2025 Q4,U6307847,-19.616470296
Historical Performance,Data,2024 Q1,U6307847,9.063518364
Historical Performance,Data,2024 Q2,U6307847,-6.373193703
Historical Performance,Data,2024 Q3,U6307847,47.123901323
Historical Performance,Data,2024 Q4,U6307847,-15.041223673
Historical Performance,Data,2023 Q1,U6307847,5.174459544
Historical Performance,Data,2023 Q2,U6307847,1.444250372
Historical Performance,Data,2023 Q3,U6307847,-4.887190601
Historical Performance,Data,2023 Q4,U6307847,8.22725883
Historical Performance,Data,2022 Q1,U6307847,5.614204568
Historical Performance,Data,2022 Q2,U6307847,-4.005953225
Historical Performance,Data,2022 Q3,U6307847,-6.859253222
Historical Performance,Data,2022 Q4,U6307847,7.668775012
Historical Performance,Data,2021 Q1,U6307847,-
Historical Performance,Data,2021 Q2,U6307847,-
Historical Performance,Data,2021 Q3,U6307847,-1.509450233
Historical Performance,Data,2021 Q4,U6307847,-5.835339789
Historical Performance,Header,Year,Account,AccountReturn
Historical Performance,Data,YTD,U6307847,16.60525863
Historical Performance,Data,2025,U6307847,-15.51417276
Historical Performance,Data,2024,U6307847,27.635414913
Historical Performance,Data,2023,U6307847,9.828080894
Historical Performance,Data,2022,U6307847,1.670771836
Open Position Summary,MetaInfo,As Of,"January 27, 2026"
Open Position Summary,Header,Date,FinancialInstrument,Currency,Symbol,Description,Sector,Quantity,ClosePrice,Value,Cost Basis,UnrealizedP&L,FXRateToBase
Open Position Summary,Data,01/27/2026,Stocks,USD,QIWI,QIWI PLC-SPONSORED ADR,Industrials,250,5.67,1417.5,1818.75,-401.25,1
Open Position Summary,Data,Total,Stocks,USD,,,,,,1417.5,1818.75,-401.25
Open Position Summary,Data,01/27/2026,Cash,USD,USD,United States Dollar,Cash,303.427813,1,303.427813, , ,1
Performance by Symbol,MetaInfo,Analysis Period,"June 1, 2021 - January 27, 2026"
Performance by Symbol,Header,Symbol,Description,FinancialInstrument,Sector,AvgWeight,Return,Contribution,Unrealized_P&L,Realized_P&L,Open
Performance by Symbol,Data,CXW 4 3/4 10/15/27,CXW 4 3/4 10/15/27,Bonds,Industrials,21.36870891,1.69440063,0.335141702,0.00,199.00,No
Performance by Symbol,Data,GEL 7 3/4 02/01/28,GEL 7 3/4 02/01/28,Bonds,Energy,21.834276919,1.130851544,0.28506833,0.00,-165.30,No
Performance by Symbol,Data,LCI 7 3/4 04/15/26 9AB5,LCIN 7 3/4 04/15/26,Bonds,Healthcare,22.344844082,-23.509809454,-4.755142029,0.00,"-4,709.00",No
Performance by Symbol,Data,RCL 5 1/2 04/01/28 TAE3,RCL 5 1/2 04/01/28,Bonds,Consumer Cyclicals,24.096396188,2.669959821,0.638251505,0.00,294.25,No
Performance by Symbol,Data,Total Bonds,,,,63.972785846,-18.332216162,-3.549071295,0.00,"-4,381.05",
Performance by Symbol,Data,2828,HANGSENG CHINA ENT INDEX,ETFs,Broad,13.043795,-14.510493584,-2.111514168,0.00,"-1,672.97",No
Performance by Symbol,Data,3033,CSOP HANG SENG TECH INDE,ETFs,Technology,4.115489351,-22.962585618,-1.065455868,0.00,-889.09,No
Performance by Symbol,Data,ECH,ISHARES MSCI CHILE ETF,ETFs,Broad,4.679251382,14.420330602,0.617338042,0.00,496.12,No
Performance by Symbol,Data,EDV,VANGUARD EXTENDED DUR TREAS,ETFs,Government,11.791467702,-4.473400165,-0.407752281,0.00,-368.91,No
Performance by Symbol,Data,EMB,ISHARES J.P. MORGAN USD EMERGI,ETFs,Broad,11.547952017,4.667347596,0.602043215,0.00,206.56,No
Performance by Symbol,Data,EMLC,VANECK JPM EM LOCAL CURR BND,ETFs,Broad,11.620635252,8.65168291,1.013873748,0.00,622.90,No
Performance by Symbol,Data,EWG,ISHARES MSCI GERMANY ETF,ETFs,Broad,5.72375356,13.225081393,0.857167009,0.00,600.62,No
Performance by Symbol,Data,EWZ,ISHARES MSCI BRAZIL ETF,ETFs,Broad,6.631865349,1.144457794,0.077421851,0.00,60.85,No
Performance by Symbol,Data,JEPI,JPMORGAN EQUITY PREMIUM INCO,ETFs,Broad,9.250778984,2.414611265,0.179420847,0.00,29.47,No
Performance by Symbol,Data,KWEB,KRANESH CSI CHINA INTERNET,ETFs,Technology,3.0901295,14.740330012,0.529597014,0.00,371.97,No
Performance by Symbol,Data,MJ,ETFMG ALTERNATIVE HARVEST,ETFs,Broad,2.480146078,-31.716815978,-0.517027289,0.00,-470.19,No
Performance by Symbol,Data,NUSI.OLD,NATIONWIDE NASDAQ-100 RISK-M,ETFs,Broad,5.930242268,4.095857318,0.239140814,0.00,127.92,No
Performance by Symbol,Data,PYPY,YLDMX PYPL OP INC STRTG ETF,ETFs,Broad,35.871031212,17.096867272,5.586013091,0.00,661.34,No
Performance by Symbol,Data,RYLD,GLOBAL X RUSSELL 2000 COV CL,ETFs,Broad,9.830222624,-5.60337784,-1.024428295,0.00,-208.91,No
Performance by Symbol,Data,SDIV,GLOBAL X SUPERDIVIDEND ETF,ETFs,Broad,11.568532322,0.914143969,0.335027875,0.00,-258.83,No
Performance by Symbol,Data,SHV,ISHARES SHORT TREASURY BOND,ETFs,Government,23.394439855,0.151126068,0.090794816,0.00,-0.75,No
Performance by Symbol,Data,SHY,ISHARES 1-3 YEAR TREASURY BO,ETFs,Government,15.312600054,-0.181200939,-0.016160343,0.00,0.00,No
Performance by Symbol,Data,TAN,INVESCO SOLAR ETF,ETFs,Energy,6.514629911,-0.899307601,-0.05397398,0.00,-11.37,No
Performance by Symbol,Data,TBF,PROSHARES SHORT 20+ TREASURY,ETFs,Broad,2.474857732,7.911658071,0.183447138,0.00,147.14,No
Performance by Symbol,Data,TLT,ISHARES 20+ YEAR TREASURY BD,ETFs,Government,12.766691232,-7.903572125,-1.008451132,0.00,-246.41,No
Performance by Symbol,Data,TMV,DRX DLY 20+ YR TREAS BEAR 3X,ETFs,Broad,1.834678363,15.024916278,0.260921159,0.00,216.45,No
Performance by Symbol,Data,WIP,SPDR FTSE INTERNATIONAL GOVE,ETFs,Broad,9.029036273,2.756401365,0.310084975,0.00,27.30,No
Performance by Symbol,Data,Total ETFs,,,,31.431119611,19.971492461,4.327546306,0.00,-558.79,
Performance by Symbol,Data,ABNB  260116C00120000,ABNB 16JAN26 120 C,Options,Technology,12.844808198,18.601326707,2.361161259,0.00,474.81,No
Performance by Symbol,Data,ACB   230120C00004000,ACB 20JAN23 4 C,Options,Healthcare,0.06464123,-97.058787309,-0.169516683,0.00,-136.90,No
Performance by Symbol,Data,ATVI  220218C00070000,ATVI 18FEB22 70.0 C,Options,Telecomm,0.244099132,542.373682501,1.730328724,0.00,"1,442.89",No
Performance by Symbol,Data,BABA  211210P00110000,BABA 10DEC21 110.0 P,Options,Technology,0.049952218,-100,-0.165806723,0.00,-135.02,No
Performance by Symbol,Data,BABA  230616C00200000,BABA 16JUN23 200 C,Options,Technology,0.79599182,-55.609560191,-0.909968506,0.00,-856.79,No
Performance by Symbol,Data,BABA  240119C00080000,BABA 19JAN24 80 C,Options,Technology,1.178323117,20.761183311,0.255158355,0.00,51.08,No
Performance by Symbol,Data,BABA  240119C00200000,BABA 19JAN24 200 C,Options,Technology,1.488759446,-30.238769682,-0.211490934,0.00,-288.31,No
Performance by Symbol,Data,BABA  240216C00085000,BABA 16FEB24 85 C,Options,Technology,0.25642038,-100,-0.951906743,0.00,-192.78,No
Performance by Symbol,Data,BABA  240419C00079000,BABA 19APR24 79 C,Options,Technology,0.446995205,-100,-1.346837268,0.00,-284.47,No
Performance by Symbol,Data,BABA1 250117C00095000,BABA1 17JAN25 95 C,Options,Technology,2.464799677,20.297043342,0.604989386,0.00,126.41,No
Performance by Symbol,Data,BABA1 260116C00075000,BABA1 16JAN26 75 C,Options,Technology,8.547713396,30.580744356,2.811250167,0.00,610.64,No
Performance by Symbol,Data,BABA1 260116C00090000,BABA1 16JAN26 90 C,Options,Technology,17.649783118,-17.44605062,-3.21981077,0.00,-633.47,No
Performance by Symbol,Data,BABA2 260116C00090000,BABA2 16JAN26 90 C,Options,Technology,15.017062872,0.175746643,0.480368437,0.00,5.35,No
Performance by Symbol,Data,BABA2 270115C00080000,BABA2 15JAN27 80 C,Options,Technology,24.127786728,-4.865683419,-1.171136371,0.00,-228.90,No
Performance by Symbol,Data,C     220617C00052500,C 17JUN22 52.5 C,Options,Financials,0.208188683,-8.685909818,-0.025614562,0.00,-25.11,No
Performance by Symbol,Data,C     240119C00045000,C 19JAN24 45 C,Options,Financials,1.01334863,3.802240948,0.040556135,0.00,29.30,No
Performance by Symbol,Data,C     240119C00050000,C 19JAN24 50 C,Options,Financials,0.770668058,-17.797388718,-0.149703629,0.00,-124.69,No
Performance by Symbol,Data,C     250117C00045000,C 17JAN25 45 C,Options,Financials,1.079784394,18.344889525,0.176229205,0.00,142.51,No
Performance by Symbol,Data,DIS   261218C00090000,DIS 18DEC26 90 C,Options,Telecomm,9.593127102,9.632957568,0.892358568,0.00,194.83,No
Performance by Symbol,Data,ENPH  250523C00045000,ENPH 23MAY25 45 C,Options,Energy,0.303977171,-100,-0.711225172,0.00,-107.78,No
Performance by Symbol,Data,EWZ   261218C00027000,EWZ 18DEC26 27 C,Options,Broad,6.657996369,36.951032074,2.22760099,0.00,482.80,No
Performance by Symbol,Data,EWZ   270115C00027000,EWZ 15JAN27 27 C,Options,Broad,10.568425513,-23.884744124,-2.762149244,0.00,-551.15,No
Performance by Symbol,Data,FCX   261218C00040000,FCX 18DEC26 40 C,Options,Basic Materials,16.950924331,18.238379252,2.527898494,0.00,485.61,No
Performance by Symbol,Data,FCX   270115C00035000,FCX 15JAN27 35 C,Options,Basic Materials,18.563153392,30.071369921,6.032010664,0.00,883.91,No
Performance by Symbol,Data,GOLD  240119C00015000,GOLD 19JAN24 15 C,Options,Basic Materials,0.58964869,-29.642310053,-0.213332495,0.00,-170.63,No
Performance by Symbol,Data,GOOG  271217C00170000,GOOG 17DEC27 170 C,Options,Telecomm,26.371156966,2.910411883,1.721497689,0.00,139.92,No
Performance by Symbol,Data,GOOGL 260116C00150000,GOOGL 16JAN26 150 C,Options,Telecomm,15.316198886,13.198191966,1.985346938,0.00,431.29,No
Performance by Symbol,Data,INTC  220617C00045000,INTC 17JUN22 45 C,Options,Technology,0.498673454,65.551340809,0.26605129,0.00,203.90,No
Performance by Symbol,Data,INTC  220715C00045000,INTC 15JUL22 45 C,Options,Technology,0.283157182,36.237074144,0.08762248,0.00,69.41,No
Performance by Symbol,Data,INTC  261218C00040000,INTC 18DEC26 40 C,Options,Technology,8.298604701,27.469791477,2.603848613,0.00,470.78,No
Performance by Symbol,Data,JD    220401C00062000,JD 01APR22 62.0 C,Options,Consumer Cyclicals,0.183955583,34.475729783,0.073574194,0.00,61.02,No
Performance by Symbol,Data,JD    220408C00064000,JD 08APR22 64.0 C,Options,Consumer Cyclicals,0.108292715,-100,-0.288281356,0.00,-241.04,No
Performance by Symbol,Data,JETS  220617C00020860,JETS 17JUN22 20.86 C,Options,Industrials,0.190211702,39.72220355,0.091163762,0.00,63.10,No
Performance by Symbol,Data,KWEB  220617C00040000,KWEB 17JUN22 40 C,Options,Technology,0.170434316,69.813109425,0.101928229,0.00,77.27,No
Performance by Symbol,Data,KWEB  230519C00030000,KWEB 19MAY23 30 C,Options,Technology,0.513549747,144.284178617,0.55093358,0.00,433.74,No
Performance by Symbol,Data,KWEB  250117C00020000,KWEB 17JAN25 20 C,Options,Technology,1.005170856,137.789880397,0.924800108,0.00,684.88,No
Performance by Symbol,Data,MCD   260116C00260000,MCD 16JAN26 260 C,Options,Consumer Cyclicals,13.226340368,8.129525272,1.042124863,0.00,214.83,No
Performance by Symbol,Data,NEM   260116C00020000,NEM 16JAN26 20 C,Options,Basic Materials,22.97885026,16.409493026,4.493020462,0.00,790.10,No
Performance by Symbol,Data,NEM   260116C00030000,NEM 16JAN26 30 C,Options,Basic Materials,9.608291601,124.490135108,8.405321479,0.00,"1,661.19",No
Performance by Symbol,Data,NEM   260116C00035000,NEM 16JAN26 35 C,Options,Basic Materials,7.307460238,150.351859814,7.211835798,0.00,"1,432.69",No
Performance by Symbol,Data,NKE   260116C00110000,NKE 16JAN26 110 C,Options,Consumer Cyclicals,9.26227476,21.559562834,2.242199761,0.00,417.05,No
Performance by Symbol,Data,NKE   261218C00065000,NKE 18DEC26 65 C,Options,Consumer Cyclicals,9.521883809,20.430793746,1.858941147,0.00,392.79,No
Performance by Symbol,Data,NKE   261218C00075000,NKE 18DEC26 75 C,Options,Consumer Cyclicals,16.066648308,-16.341024618,-2.82910703,0.00,-587.36,No
Performance by Symbol,Data,NKE   271217C00060000,NKE 17DEC27 60 C,Options,Consumer Cyclicals,20.550414541,47.327095457,9.678856527,0.00,"1,431.37",No
Performance by Symbol,Data,OUST1 240119C00002500,OUST1 19JAN24 2.5 C,Options,Technology,0.130992481,15.410023567,0.022505162,0.00,15.75,No
Performance by Symbol,Data,PYPL  261218C00090000,PYPL 18DEC26 90 C,Options,Financials,9.843276144,9.46335325,0.651340999,0.00,219.44,No
Performance by Symbol,Data,PYPL  270115C00070000,PYPL 15JAN27 70 C,Options,Financials,10.159262915,-29.737164702,-2.609887534,0.00,-640.11,No
Performance by Symbol,Data,QQQ   211020P00374000,QQQ 20OCT21 374.0 P,Options,Broad,0.083689602,-37.545080811,-0.036593421,0.00,-32.15,No
Performance by Symbol,Data,QQQ   211201P00393000,QQQ 01DEC21 393.0 P,Options,Broad,0.024843854,207.932354588,0.05165841,0.00,42.52,No
Performance by Symbol,Data,QQQ   211215P00385000,QQQ 15DEC21 385.0 P,Options,Broad,0.150045726,-93.692770355,-0.140581998,0.00,-112.99,No
Performance by Symbol,Data,QQQ   211217P00370000,QQQ 17DEC21 370.0 P,Options,Broad,1.520206761,42.150921915,0.670735367,0.00,569.30,No
Performance by Symbol,Data,SBUX  261218C00070000,SBUX 18DEC26 70 C,Options,Consumer Cyclicals,7.953085817,16.002957276,1.234632564,0.00,254.85,No
Performance by Symbol,Data,SBUX  261218C00075000,SBUX 18DEC26 75 C,Options,Consumer Cyclicals,6.703089474,81.672474293,5.386631033,0.00,"1,198.58",No
Performance by Symbol,Data,SBUX  270115C00095000,SBUX 15JAN27 95 C,Options,Consumer Cyclicals,16.511452885,-31.690865801,-7.47008074,0.00,"-1,208.82",No
Performance by Symbol,Data,SCHW  230414C00053000,SCHW 14APR23 53 C,Options,Financials,0.032074151,-100,-0.050146931,0.00,-41.04,No
Performance by Symbol,Data,SKLZ1 240119C00002500,SKLZ1 19JAN24 2.5 C,Options,Technology,0.203907761,45.747193857,0.084958191,0.00,65.90,No
Performance by Symbol,Data,SLV   220617C00020000,SLV 17JUN22 20 C,Options,Basic Materials,0.10336956,-94.971715522,-0.236944554,0.00,-187.90,No
Performance by Symbol,Data,SLV   260116C00022000,SLV 16JAN26 22 C,Options,Basic Materials,16.194064784,22.497226308,3.409671372,0.00,797.94,No
Performance by Symbol,Data,SOXS  220610C00045500,SOXS 10JUN22 45.5 C,Options,Broad,0.2549513,84.316780099,0.210541785,0.00,172.89,No
Performance by Symbol,Data,SOXS  240202C00006500,SOXS 02FEB24 6.5 C,Options,Broad,0.876051534,148.922524805,1.019623795,0.00,202.17,No
Performance by Symbol,Data,SPY   211210P00460000,SPY 10DEC21 460.0 P,Options,Broad,0.07274012,-100.013220077,-0.123095664,0.00,-101.03,No
Performance by Symbol,Data,SPY   220610P00409000,SPY 10JUN22 409.0 P,Options,Broad,0.251896205,270.673017335,0.681815059,0.00,570.25,No
Performance by Symbol,Data,SPY   230414C00415000,SPY 14APR23 415 C,Options,Broad,0.072936016,65.516450929,0.074767343,0.00,61.20,No
Performance by Symbol,Data,SPY   230504C00418000,SPY 04MAY23 418 C,Options,Broad,0.047168894,-100,-0.132235384,0.00,-107.09,No
Performance by Symbol,Data,SQ    220225C00115000,SQ 25FEB22 115.0 C,Options,Industrials,0.227855083,22.541860628,0.076986467,0.00,60.20,No
Performance by Symbol,Data,STLA  260116C00015000,STLA 16JAN26 15 C,Options,Consumer Cyclicals,5.964896994,-63.640097494,-6.880924329,0.00,"-1,496.26",No
Performance by Symbol,Data,STM   270115C00020000,STM 15JAN27 20 C,Options,Technology,14.12000012,-19.744413721,-3.157036416,0.00,-660.50,No
Performance by Symbol,Data,TLRY  220408C00009000,TLRY 08APR22 9.0 C,Options,Healthcare,0.051843968,-90.546032725,-0.108988292,0.00,-90.59,No
Performance by Symbol,Data,TLRY  220408P00007000,TLRY 08APR22 7.0 P,Options,Healthcare,0.03813185,-71.978883386,-0.020241394,0.00,-16.59,No
Performance by Symbol,Data,TLT   260116C00085000,TLT 16JAN26 85 C,Options,Government,12.542953205,16.281773137,2.001470458,0.00,429.17,No
Performance by Symbol,Data,TLT   260116C00090000,TLT 16JAN26 90 C,Options,Government,11.02586705,-42.440332164,-7.208345608,0.00,"-1,576.64",No
Performance by Symbol,Data,TM    240719C00220000,TM 19JUL24 220 C,Options,Consumer Cyclicals,0.386057897,-100,-1.858091114,0.00,-372.80,No
Performance by Symbol,Data,UPS   260116C00110000,UPS 16JAN26 110 C,Options,Industrials,13.269500245,10.50186069,1.320991412,0.00,287.52,No
Performance by Symbol,Data,UVXY  211203C00017000,UVXY 03DEC21 17.0 C,Options,Broad,0.175234548,100.447307576,0.11689208,0.00,99.46,No
Performance by Symbol,Data,UVXY  211217C00015000,UVXY 17DEC21 15.0 C,Options,Broad,0.164452906,-78.387210108,-0.138074761,0.00,-110.53,No
Performance by Symbol,Data,UVXY  211231C00016000,UVXY 31DEC21 16.0 C,Options,Broad,0.057664942,-100,-0.1727195,0.00,-138.02,No
Performance by Symbol,Data,UVXY  220114C00012000,UVXY 14JAN22 12.0 C,Options,Broad,0.127126366,-23.229053964,-0.047513828,0.00,-35.09,No
Performance by Symbol,Data,UVXY  220121C00012000,UVXY 21JAN22 12.0 C,Options,Broad,0.159675999,77.646879906,0.08496035,0.00,69.91,No
Performance by Symbol,Data,UVXY  220128C00017000,UVXY 28JAN22 17.0 C,Options,Broad,0.260796654,22.340608188,0.05342809,0.00,44.91,No
Performance by Symbol,Data,UVXY  220204C00017000,UVXY 04FEB22 17.0 C,Options,Broad,0.077691506,-95.175850304,-0.200709756,0.00,-168.02,No
Performance by Symbol,Data,UVXY  220211C00014000,UVXY 11FEB22 14.0 C,Options,Broad,0.116700543,-38.813494412,-0.052662604,0.00,-43.10,No
Performance by Symbol,Data,UVXY  220218C00015000,UVXY 18FEB22 15.0 C,Options,Broad,0.182935922,19.742307661,0.025149783,0.00,22.91,No
Performance by Symbol,Data,UVXY  220225C00016000,UVXY 25FEB22 16.0 C,Options,Broad,0.24558995,118.78497018,0.289316521,0.00,238.32,No
Performance by Symbol,Data,UVXY  220304C00017000,UVXY 04MAR22 17.0 C,Options,Broad,0.232589036,-23.406456648,-0.062526248,0.00,-50.10,No
Performance by Symbol,Data,UVXY  220311C00018000,UVXY 11MAR22 18.0 C,Options,Broad,0.375953262,11.057049677,0.018476259,0.00,21.90,No
Performance by Symbol,Data,UVXY  220318C00020000,UVXY 18MAR22 20.0 C,Options,Broad,0.184681206,-99.825152295,-0.281140499,0.00,-210.48,No
Performance by Symbol,Data,UVXY  220325C00015000,UVXY 25MAR22 15.0 C,Options,Broad,0.170816481,-95.273525698,-0.270456908,0.00,-219.66,No
Performance by Symbol,Data,UVXY  220401C00013000,UVXY 01APR22 13.0 C,Options,Broad,0.072231677,-100,-0.132608208,0.00,-109.05,No
Performance by Symbol,Data,UVXY  220422C00012000,UVXY 22APR22 12.0 C,Options,Broad,0.163821573,-56.37539778,-0.111253357,0.00,-89.10,No
Performance by Symbol,Data,UVXY  220429C00012000,UVXY 29APR22 12.0 C,Options,Broad,0.160062584,166.853554891,0.235946976,0.00,186.96,No
Performance by Symbol,Data,UVXY  220708C00013000,UVXY 08JUL22 13 C,Options,Broad,0.143965282,-89.763211385,-0.122681256,0.00,-96.09,No
Performance by Symbol,Data,VALE  260116C00008000,VALE 16JAN26 8 C,Options,Basic Materials,5.362309683,-36.36475817,-2.458171701,0.00,-513.38,No
Performance by Symbol,Data,VALE  260116C00015000,VALE 16JAN26 15 C,Options,Basic Materials,10.801835763,10.822353644,1.307557365,0.00,242.31,No
Performance by Symbol,Data,XOM   220715P00085000,XOM 15JUL22 85 P,Options,Energy,0.294570444,42.031154437,0.094356643,0.00,71.89,No
Performance by Symbol,Data,XOM   240119P00090000,XOM 19JAN24 90 P,Options,Energy,1.447755971,38.388019675,0.473570905,0.00,384.17,No
Performance by Symbol,Data,XYZ   270115C00045000,XYZ 15JAN27 45 C,Options,Industrials,14.083265071,29.688838543,3.855019702,0.00,509.91,No
Performance by Symbol,Data,YINN1 230120C00007000,YINN1 20JAN23 7 C,Options,Broad,0.08321235,-86.749468263,-0.15251866,0.00,-130.60,No
Performance by Symbol,Data,YINN1 230120C00010000,YINN1 20JAN23 10 C,Options,Broad,0.088385793,-89.772888947,-0.212598273,0.00,-180.80,No
Performance by Symbol,Data,Total Options,,,,30.372007375,-100,33.811205299,0.00,"7,442.85",
Performance by Symbol,Data,9988,ALIBABA GROUP HOLDING LTD,Stocks,Technology,3.374474849,-12.280203796,-0.421860018,0.00,-371.95,No
Performance by Symbol,Data,ABEV,AMBEV SA-ADR,Stocks,Consumer Non-Cyc,2.901992386,4.453070022,0.319083277,0.00,254.11,No
Performance by Symbol,Data,ABNB,AIRBNB INC-CLASS A,Stocks,Technology,2.770523331,6.46715205,0.174599022,0.00,131.35,No
Performance by Symbol,Data,AI,C3.AI INC-A,Stocks,Technology,1.221844802,11.587692803,0.150322174,0.00,113.04,No
Performance by Symbol,Data,AVAL,GRUPO AVAL ACCIONES Y VALORE,Stocks,Financials,6.793666512,-12.458823179,0.426559173,0.00,40.94,No
Performance by Symbol,Data,BA,BOEING CO/THE,Stocks,Industrials,3.697784102,-14.377447423,-0.190265568,0.00,-162.11,No
Performance by Symbol,Data,BABA,ALIBABA GROUP HOLDING-SP ADR,Stocks,Technology,2.351279845,-21.106273044,-0.578142689,0.00,-506.76,No
Performance by Symbol,Data,BBN,BLACKROCK TAXABLE MUNI BND,Stocks,Broad,10.860042249,-4.047658647,0.051695081,0.00,-332.34,No
Performance by Symbol,Data,BBVA,BANCO BILBAO VIZCAYA-SP ADR,Stocks,Financials,2.012959461,6.637849084,0.130623244,0.00,100.42,No
Performance by Symbol,Data,BCAT,BLACKROCK CAPITAL ALLOC TR,Stocks,Broad,64.329590242,-1.974870495,-0.118651639,0.00,-369.33,No
Performance by Symbol,Data,BCS,BARCLAYS PLC-SPONS ADR,Stocks,Financials,3.64723976,2.563116238,0.246728035,0.00,172.77,No
Performance by Symbol,Data,BHP,BHP GROUP LTD-SPON ADR,Stocks,Basic Materials,2.015479442,-21.069618029,-0.438902482,0.00,-359.38,No
Performance by Symbol,Data,BLW,BLACKROCK LTD DURAT INC TR,Stocks,Broad,9.909391713,6.514486958,0.741418539,0.00,491.06,No
Performance by Symbol,Data,C,CITIGROUP INC,Stocks,Financials,3.542706938,-5.560112843,0.0152528,0.00,-37.26,No
Performance by Symbol,Data,CBDBY,CIA BRASILEIRA DE DIS- ADR,Stocks,Consumer Non-Cyc,2.728549965,26.116295517,0.674128207,0.00,590.33,No
Performance by Symbol,Data,CCI,CROWN CASTLE INC,Stocks,Real Estate,10.220071867,-7.633909217,-0.779096814,0.00,-189.48,No
Performance by Symbol,Data,CRM,SALESFORCE INC,Stocks,Technology,2.077546402,17.488337905,0.349313517,0.00,280.36,No
Performance by Symbol,Data,CVX,CHEVRON CORP,Stocks,Energy,1.154015555,1.766930045,0.020040369,0.00,7.99,No
Performance by Symbol,Data,EAD,ALLSPRING INCOME OPPORT,Stocks,Broad,10.635805781,9.691273025,1.142551823,0.00,42.50,No
Performance by Symbol,Data,EBR,CENTRAIS ELETRICAS BR-SP ADR,Stocks,Utilities,1.423512657,14.091656735,0.186424672,0.00,157.97,No
Performance by Symbol,Data,ECAT,BLACKROCK ESG CAP ALL TRM TR,Stocks,Broad,35.760492658,-3.836417849,-0.851979972,0.00,-350.62,No
Performance by Symbol,Data,ELP,COMPANHIA PARANAENSE DE ENER,Stocks,Utilities,1.499039887,7.489960423,0.111427487,0.00,97.46,No
Performance by Symbol,Data,GBAB,GUGGENHEIM TAXABLE MUNICIPAL,Stocks,Broad,11.484006996,0.140034104,0.451781017,0.00,-519.87,No
Performance by Symbol,Data,GDO,WESTERN AST GLB CORP OPPRNTY,Stocks,Broad,12.583081468,1.766227892,0.150593651,0.00,"-1,115.12",No
Performance by Symbol,Data,GOLD.OLD,BARRICK MINING CORP,Stocks,Basic Materials,3.626787783,0.536765055,0.905608139,0.00,786.23,No
Performance by Symbol,Data,GRFS,GRIFOLS SA-ADR,Stocks,Healthcare,3.072225152,33.106922046,0.933212918,0.00,755.85,No
Performance by Symbol,Data,HIX,WESTERN ASSET HIGH INC II,Stocks,Broad,11.252696659,-2.584773196,0.056037791,0.00,-484.09,No
Performance by Symbol,Data,HIX RT,WESTERN ASSET HIGH INCOM-W/I,Stocks,Broad,0.06144324,-139.840981603,-0.139343398,0.00,-7.89,No
Performance by Symbol,Data,HMC,HONDA MOTOR CO LTD-SPONS ADR,Stocks,Consumer Cyclicals,1.593699287,-7.63222991,-0.121273204,0.00,-99.73,No
Performance by Symbol,Data,ING,ING GROEP N.V.-SPONSORED ADR,Stocks,Financials,1.291791707,0.23427638,0.023665037,0.00,-52.03,No
Performance by Symbol,Data,INTC,INTEL CORP,Stocks,Technology,2.783322436,-10.391638635,-0.467722793,0.00,-409.91,No
Performance by Symbol,Data,ITUB,ITAU UNIBANCO H-SPON PRF ADR,Stocks,Financials,1.490249058,7.969617502,0.22060127,0.00,173.63,No
Performance by Symbol,Data,JD,JD.COM INC-ADR,Stocks,Consumer Cyclicals,1.372148896,20.05465089,0.308441042,0.00,216.79,No
Performance by Symbol,Data,KMB,KIMBERLY-CLARK CORP,Stocks,Consumer Non-Cyc,3.059091062,15.191731716,0.462008668,0.00,369.08,No
Performance by Symbol,Data,LMT,LOCKHEED MARTIN CORP,Stocks,Industrials,10.648536244,4.865783469,0.518093176,0.00,93.46,No
Performance by Symbol,Data,MMM,3M CO,Stocks,Consumer Non-Cyc,2.713670627,-13.369569926,-0.355807737,0.00,-314.95,No
Performance by Symbol,Data,MS,MORGAN STANLEY,Stocks,Financials,8.512905296,3.517055378,0.299934253,0.00,60.54,No
Performance by Symbol,Data,NEM,NEWMONT CORP,Stocks,Basic Materials,2.819579527,2.256564223,0.101514388,0.00,30.19,No
Performance by Symbol,Data,NU,NU HOLDINGS LTD/CAYMAN ISL-A,Stocks,Financials,1.989476563,-37.382913115,-0.136500171,0.00,-132.93,No
Performance by Symbol,Data,ORANY,ORANGE-SPON ADR,Stocks,Technology,6.112981637,8.294965499,1.195124604,0.00,701.68,No
Performance by Symbol,Data,PAGS,PAGSEGURO DIGITAL LTD-CL A,Stocks,Industrials,2.330879036,-62.07791112,-1.977698411,0.00,"-1,740.91",No
Performance by Symbol,Data,PLTR,PALANTIR TECHNOLOGIES INC-A,Stocks,Technology,2.101957946,9.707066161,0.195536895,0.00,147.94,No
Performance by Symbol,Data,PML,PIMCO MUNICIPAL INCOME FD II,Stocks,Broad,11.228823804,-1.760988587,-0.561819568,0.00,-589.20,No
Performance by Symbol,Data,PYPL,PAYPAL HOLDINGS INC,Stocks,Financials,24.169699279,-55.693884723,-21.478011559,0.00,-850.58,No
Performance by Symbol,Data,QIWI,QIWI PLC-SPONSORED ADR,Stocks,Industrials,9.075944666,-22.06185567,-0.516425295,-401.25,0.00,Yes
Performance by Symbol,Data,SAN,BANCO SANTANDER SA-SPON ADR,Stocks,Financials,2.141071774,5.508964851,0.111808043,0.00,94.43,No
Performance by Symbol,Data,SAP,SAP SE-SPONSORED ADR,Stocks,Technology,1.968515255,-12.795009778,-0.221287044,0.00,-214.34,No
Performance by Symbol,Data,SKLZ,SKILLZ INC,Stocks,Technology,2.315883515,24.456115714,0.598184395,0.00,437.40,No
Performance by Symbol,Data,SWK,STANLEY BLACK & DECKER INC,Stocks,Industrials,3.616490477,-18.097763152,-0.6691124,0.00,-576.91,No
Performance by Symbol,Data,T,AT&T INC,Stocks,Technology,6.025667097,10.618741072,0.748054556,0.00,588.12,No
Performance by Symbol,Data,TLRY,TILRAY BRANDS INC,Stocks,Healthcare,3.555105818,-53.858948352,-2.571026827,0.00,"-2,146.55",No
Performance by Symbol,Data,UL.OLD,UNILEVER PLC-SPONSORED ADR,Stocks,Consumer Non-Cyc,3.413149549,2.11852058,0.084693141,0.00,29.13,No
Performance by Symbol,Data,VALE,VALE SA-SP ADR,Stocks,Basic Materials,7.096051352,-7.009789505,-0.520524704,0.00,-172.79,No
Performance by Symbol,Data,VZ,VERIZON COMMUNICATIONS INC,Stocks,Technology,2.494450574,4.039605622,0.107110969,0.00,84.06,No
Performance by Symbol,Data,WBA,WALGREENS BOOTS ALLIANCE INC,Stocks,Consumer Non-Cyc,4.695266254,-12.052827945,-0.62278745,0.00,-577.65,No
Performance by Symbol,Data,WDS,WOODSIDE ENERGY GROUP-ADR,Stocks,Energy,0.208468541,1.984441052,0.004136935,0.00,24.93,No
Performance by Symbol,Data,XP,XP INC - CLASS A,Stocks,Financials,3.631954204,27.547525331,0.855304962,0.00,674.99,No
Performance by Symbol,Data,XYZ,BLOCK INC,Stocks,Industrials,3.349447955,26.714606583,0.865874209,0.00,708.98,No
Performance by Symbol,Data,Total Stocks,,,,42.463324185,-33.783026487,-20.623479622,-401.25,"-4,226.97",
Performance by Symbol,Data,HKD,Hong Kong Dollar,Cash,Cash,-0.231828537,1710102.425393849,0.186541547,,,Yes
Performance by Symbol,Data,USD,United States Dollar,Cash,Cash,19.412104055,26007.771883676,24.326348119,,,Yes
Performance by Symbol,Data,Fees,Fees,Cash,Cash,-,-,0,,,-
Performance by Symbol,Data,Total Cash,,,,19.206013062,26722.253824026,24.558274183,,,
Performance by Symbol,Data,Total,,,,100,30.216258487,30.216258487,-401.25,"-1,723.96",
Trade Summary,MetaInfo,Analysis Period,"June 1, 2021 - January 27, 2026"
Trade Summary,Header,Financial Instrument,Currency,Symbol,Description,Sector,Quantity Bought,Average Price Bought,Proceeds Bought,Proceeds Bought in Base,Quantity Sold,Average Price Sold,Proceeds Sold,Proceeds Sold in Base
Trade Summary,Data,Bonds,United States Dollar,CXW 4 3/4 10/15/27,CXW 4 3/4 10/15/27,Industrials,20000,0.911,-18220,-18220,-20000,0.924,18480,18480
Trade Summary,Data,Bonds,United States Dollar,GEL 7 3/4 02/01/28,GEL 7 3/4 02/01/28,Energy,20000,1.013,-20260,-20260,-20000,1.0074,20148,20148
Trade Summary,Data,Bonds,United States Dollar,LCI 7 3/4 04/15/26 9AB5,LCIN 7 3/4 04/15/26,Healthcare,20000,1.013,-20260,-20260,-20000,0.7795,15590,15590
Trade Summary,Data,Bonds,United States Dollar,RCL 5 1/2 04/01/28 TAE3,RCL 5 1/2 04/01/28,Consumer Cyclicals,20000,1,-20000,-20000,-20000,1.016,20320,20320
Trade Summary,Data,ETFs,Hong Kong Dollar,2828,HANGSENG CHINA ENT INDEX,Broad,1200,84.273333333,-101128,-12966.64,-1200,73.46,88152,11229.68328
Trade Summary,Data,ETFs,Hong Kong Dollar,3033,CSOP HANG SENG TECH INDE,Technology,5400,5.75,-31050,-3981.5415,-5400,4.466,24116.4,3072.188196
Trade Summary,Data,ETFs,United States Dollar,ECH,ISHARES MSCI CHILE ETF,Broad,300,23.483333333,-7045,-7045,-300,25.150666667,7545.2,7545.2
Trade Summary,Data,ETFs,United States Dollar,EDV,VANGUARD EXTENDED DUR TREAS,Government,110,93.622945455,-10298.524,-10298.524,-110,90.297345455,9932.708,9932.708
Trade Summary,Data,ETFs,United States Dollar,EMB,ISHARES J.P. MORGAN USD EMERGI,Broad,107,84.345,-9024.915,-9024.915,-107,86.295,9233.565,9233.565
Trade Summary,Data,ETFs,United States Dollar,EMLC,VANECK JPM EM LOCAL CURR BND,Broad,379,23.778416887,-9012.02,-9012.02,-379,25.311386016,9593.0153,9593.0153
Trade Summary,Data,ETFs,United States Dollar,EWG,ISHARES MSCI GERMANY ETF,Broad,430,22.058255814,-9485.05,-9485.05,-430,23.46572093,10090.26,10090.26
Trade Summary,Data,ETFs,United States Dollar,EWZ,ISHARES MSCI BRAZIL ETF,Broad,200,26.58,-5316,-5316,-200,26.895,5379,5379
Trade Summary,Data,ETFs,United States Dollar,JEPI,JPMORGAN EQUITY PREMIUM INCO,Broad,150,54.535,-8180.25,-8180.25,-150,54.752026,8212.8039,8212.8039
Trade Summary,Data,ETFs,United States Dollar,KWEB,KRANESH CSI CHINA INTERNET,Technology,100,25.225,-2522.5,-2522.5,-100,28.965,2896.5,2896.5
Trade Summary,Data,ETFs,United States Dollar,MJ,ETFMG ALTERNATIVE HARVEST,Broad,500,9.8294,-4914.7,-4914.7,-500,8.90124,4450.62,4450.62
Trade Summary,Data,ETFs,United States Dollar,NUSI.OLD,NATIONWIDE NASDAQ-100 RISK-M,Broad,250,19.088,-4772,-4772,-250,19.61,4902.5,4902.5
Trade Summary,Data,ETFs,United States Dollar,PYPY,YLDMX PYPL OP INC STRTG ETF,Broad,680,17.906617647,-12176.5,-12176.5,-680,18.881764706,12839.6,12839.6
Trade Summary,Data,ETFs,United States Dollar,RYLD,GLOBAL X RUSSELL 2000 COV CL,Broad,1043,16.512683605,-17222.729,-17222.729,-968,16.141548554,15625.019,15625.019
Trade Summary,Data,ETFs,United States Dollar,SDIV,GLOBAL X SUPERDIVIDEND ETF,Broad,456,22.589539474,-10300.83,-10300.83,-456,21.968947368,10017.84,10017.84
Trade Summary,Data,ETFs,United States Dollar,SHV,ISHARES SHORT TREASURY BOND,Government,578,110.191619377,-63690.756,-63690.756,-12,110.435,1325.22,1325.22
Trade Summary,Data,ETFs,United States Dollar,SHY,ISHARES 1-3 YEAR TREASURY BO,Government,84,82.150238095,-6900.62,-6900.62,0,0,0,0
Trade Summary,Data,ETFs,United States Dollar,TAN,INVESCO SOLAR ETF,Energy,18,70.2,-1263.6,-1263.6,-18,69.68,1254.24,1254.24
Trade Summary,Data,ETFs,United States Dollar,TBF,PROSHARES SHORT 20+ TREASURY,Broad,100,18.588,-1858.8,-1858.8,-100,20.08,2008,2008
Trade Summary,Data,ETFs,United States Dollar,TLT,ISHARES 20+ YEAR TREASURY BD,Government,26,101.82,-2647.32,-2647.32,-26,92.561,2406.586,2406.586
Trade Summary,Data,ETFs,United States Dollar,TMV,DRX DLY 20+ YR TREAS BEAR 3X,Broad,20,71.98,-1439.6,-1439.6,-20,82.903,1658.06,1658.06
Trade Summary,Data,ETFs,United States Dollar,WIP,SPDR FTSE INTERNATIONAL GOVE,Broad,170,42.004117647,-7140.7,-7140.7,-170,42.1,7157,7157
Trade Summary,Data,Forex,Hong Kong Dollar,USD.HKD,USD.HKD,Cash,17209.281,7.849755248,-135088.64384005,-17208.943133149,-20112.0065,7.800400369,156881.702923625,20117.04743722
Trade Summary,Data,Options,United States Dollar,ABNB  260116C00120000,ABNB 16JAN26 120 C,Technology,1,25.4,-2540,-2540,-1,30.4,3040,3040
Trade Summary,Data,Options,United States Dollar,ACB   230120C00004000,ACB 20JAN23 4 C,Healthcare,1,1.4,-140,-140,-1,0.05,5,5
Trade Summary,Data,Options,United States Dollar,ATVI  220218C00070000,ATVI 18FEB22 70.0 C,Telecomm,2,3.57,-714,-714,-2,10.805,2161,2161
Trade Summary,Data,Options,United States Dollar,BABA  211210P00110000,BABA 10DEC21 110.0 P,Technology,1,1.34,-134,-134,-1,0,0,0
Trade Summary,Data,Options,United States Dollar,BABA  230616C00200000,BABA 16JUN23 200 C,Technology,1,15.4,-1540,-1540,-1,6.85,685,685
Trade Summary,Data,Options,United States Dollar,BABA  240119C00080000,BABA 19JAN24 80 C,Technology,2,1.16,-232,-232,-2,1.56,312,312
Trade Summary,Data,Options,United States Dollar,BABA  240119C00200000,BABA 19JAN24 200 C,Technology,2,24,-4800,-4800,-2,22.575,4515,4515
Trade Summary,Data,Options,United States Dollar,BABA  240216C00085000,BABA 16FEB24 85 C,Technology,1,1.8,-180,-180,-1,0,0,0
Trade Summary,Data,Options,United States Dollar,BABA  240419C00079000,BABA 19APR24 79 C,Technology,10,0.24,-240,-240,-10,0,0,0
Trade Summary,Data,Options,United States Dollar,BABA1 250117C00095000,BABA1 17JAN25 95 C,Technology,1,6.1,-610,-610,-1,7.62,762,762
Trade Summary,Data,Options,United States Dollar,BABA1 260116C00075000,BABA1 16JAN26 75 C,Technology,1,19.84,-1984,-1984,-1,26.2,2620,2620
Trade Summary,Data,Options,United States Dollar,BABA1 260116C00090000,BABA1 16JAN26 90 C,Technology,3,12.05,-3615,-3615,-3,10.05,3015,3015
Trade Summary,Data,Options,United States Dollar,BABA2 260116C00090000,BABA2 16JAN26 90 C,Technology,3,10.1,-3030,-3030,-3,10.26,3078,3078
Trade Summary,Data,Options,United States Dollar,BABA2 270115C00080000,BABA2 15JAN27 80 C,Technology,2,23.45,-4690,-4690,-2,22.45,4490,4490
Trade Summary,Data,Options,United States Dollar,C     220617C00052500,C 17JUN22 52.5 C,Financials,1,2.88,-288,-288,-1,2.65,265,265
Trade Summary,Data,Options,United States Dollar,C     240119C00045000,C 19JAN24 45 C,Financials,1,7.7,-770,-770,-1,8.01,801,801
Trade Summary,Data,Options,United States Dollar,C     240119C00050000,C 19JAN24 50 C,Financials,1,7,-700,-700,-1,5.77,577,577
Trade Summary,Data,Options,United States Dollar,C     250117C00045000,C 17JAN25 45 C,Financials,1,7.76,-776,-776,-1,9.2,920,920
Trade Summary,Data,Options,United States Dollar,DIS   261218C00090000,DIS 18DEC26 90 C,Telecomm,1,20.1,-2010,-2010,-1,22.3,2230,2230
Trade Summary,Data,Options,United States Dollar,ENPH  250523C00045000,ENPH 23MAY25 45 C,Energy,10,0.08,-80,-80,-10,0,0,0
Trade Summary,Data,Options,United States Dollar,EWZ   261218C00027000,EWZ 18DEC26 27 C,Broad,3,4.3,-1290,-1290,-3,6.02,1806,1806
Trade Summary,Data,Options,United States Dollar,EWZ   270115C00027000,EWZ 15JAN27 27 C,Broad,8,2.85,-2280,-2280,-8,2.23,1784,1784
Trade Summary,Data,Options,United States Dollar,FCX   261218C00040000,FCX 18DEC26 40 C,Basic Materials,3,13.1,-3930,-3930,-3,14.866666667,4460,4460
Trade Summary,Data,Options,United States Dollar,FCX   270115C00035000,FCX 15JAN27 35 C,Basic Materials,3,9.74,-2922,-2922,-3,12.8,3840,3840
Trade Summary,Data,Options,United States Dollar,GOLD  240119C00015000,GOLD 19JAN24 15 C,Basic Materials,1,5.75,-575,-575,-1,4.06,406,406
Trade Summary,Data,Options,United States Dollar,GOOG  271217C00170000,GOOG 17DEC27 170 C,Telecomm,1,47.95,-4795,-4795,-1,49.6,4960,4960
Trade Summary,Data,Options,United States Dollar,GOOGL 260116C00150000,GOOGL 16JAN26 150 C,Telecomm,1,32.55,-3255,-3255,-1,37.12,3712,3712
Trade Summary,Data,Options,United States Dollar,INTC  220617C00045000,INTC 17JUN22 45 C,Technology,1,3.1,-310,-310,-1,5.16,516,516
Trade Summary,Data,Options,United States Dollar,INTC  220715C00045000,INTC 15JUL22 45 C,Technology,1,1.9,-190,-190,-1,2.62,262,262
Trade Summary,Data,Options,United States Dollar,INTC  261218C00040000,INTC 18DEC26 40 C,Technology,3,5.65,-1695,-1695,-3,7.34,2202,2202
Trade Summary,Data,Options,United States Dollar,JD    220401C00062000,JD 01APR22 62.0 C,Consumer Cyclicals,1,1.76,-176,-176,-1,2.39,239,239
Trade Summary,Data,Options,United States Dollar,JD    220408C00064000,JD 08APR22 64.0 C,Consumer Cyclicals,1,2.4,-240,-240,-1,0,0,0
Trade Summary,Data,Options,United States Dollar,JETS  220617C00020860,JETS 17JUN22 20.86 C,Industrials,1,1.58,-158,-158,-1,2.23,223,223
Trade Summary,Data,Options,United States Dollar,KWEB  220617C00040000,KWEB 17JUN22 40 C,Technology,1,1.1,-110,-110,-1,1.89,189,189
Trade Summary,Data,Options,United States Dollar,KWEB  230519C00030000,KWEB 19MAY23 30 C,Technology,1,3,-300,-300,-1,7.35,735,735
Trade Summary,Data,Options,United States Dollar,KWEB  250117C00020000,KWEB 17JAN25 20 C,Technology,1,4.96,-496,-496,-1,11.83,1183,1183
Trade Summary,Data,Options,United States Dollar,MCD   260116C00260000,MCD 16JAN26 260 C,Consumer Cyclicals,1,26.3,-2630,-2630,-1,28.7,2870,2870
Trade Summary,Data,Options,United States Dollar,NEM   260116C00020000,NEM 16JAN26 20 C,Basic Materials,2,24,-4800,-4800,-2,28.1,5620,5620
Trade Summary,Data,Options,United States Dollar,NEM   260116C00030000,NEM 16JAN26 30 C,Basic Materials,2,6.6,-1320,-1320,-2,15.05,3010,3010
Trade Summary,Data,Options,United States Dollar,NEM   260116C00035000,NEM 16JAN26 35 C,Basic Materials,2,4.69,-938,-938,-2,12,2400,2400
Trade Summary,Data,Options,United States Dollar,NKE   260116C00110000,NKE 16JAN26 110 C,Consumer Cyclicals,2,9.6,-1920,-1920,-2,11.83,2366,2366
Trade Summary,Data,Options,United States Dollar,NKE   261218C00065000,NKE 18DEC26 65 C,Consumer Cyclicals,1,19.1,-1910,-1910,-1,23.28,2328,2328
Trade Summary,Data,Options,United States Dollar,NKE   261218C00075000,NKE 18DEC26 75 C,Consumer Cyclicals,2,17.9,-3580,-3580,-2,15.11,3022,3022
Trade Summary,Data,Options,United States Dollar,NKE   271217C00060000,NKE 17DEC27 60 C,Consumer Cyclicals,2,15.05,-3010,-3010,-2,22.35,4470,4470
Trade Summary,Data,Options,United States Dollar,OUST1 240119C00002500,OUST1 19JAN24 2.5 C,Technology,1,1.02,-102,-102,-1,1.19,119,119
Trade Summary,Data,Options,United States Dollar,PYPL  261218C00090000,PYPL 18DEC26 90 C,Financials,2,11.05,-2210,-2210,-2,12.35,2470,2470
Trade Summary,Data,Options,United States Dollar,PYPL  270115C00070000,PYPL 15JAN27 70 C,Financials,1,21.4,-2140,-2140,-1,15.25,1525,1525
Trade Summary,Data,Options,United States Dollar,QQQ   211020P00374000,QQQ 20OCT21 374.0 P,Broad,1,0.85,-85,-85,-1,0.55,55,55
Trade Summary,Data,Options,United States Dollar,QQQ   211201P00393000,QQQ 01DEC21 393.0 P,Broad,1,0.19,-19,-19,-1,0.64,64,64
Trade Summary,Data,Options,United States Dollar,QQQ   211215P00385000,QQQ 15DEC21 385.0 P,Broad,1,1.2,-120,-120,-1,0.09,9,9
Trade Summary,Data,Options,United States Dollar,QQQ   211217P00370000,QQQ 17DEC21 370.0 P,Broad,1,13.5,-1350,-1350,-1,19.21,1921,1921
Trade Summary,Data,Options,United States Dollar,SBUX  261218C00070000,SBUX 18DEC26 70 C,Consumer Cyclicals,1,15.8,-1580,-1580,-1,18.6,1860,1860
Trade Summary,Data,Options,United States Dollar,SBUX  261218C00075000,SBUX 18DEC26 75 C,Consumer Cyclicals,1,14.55,-1455,-1455,-1,26.79,2679,2679
Trade Summary,Data,Options,United States Dollar,SBUX  270115C00095000,SBUX 15JAN27 95 C,Consumer Cyclicals,2,19,-3800,-3800,-2,13.1,2620,2620
Trade Summary,Data,Options,United States Dollar,SCHW  230414C00053000,SCHW 14APR23 53 C,Financials,3,0.13,-39,-39,-3,0,0,0
Trade Summary,Data,Options,United States Dollar,SKLZ1 240119C00002500,SKLZ1 19JAN24 2.5 C,Technology,1,1.43,-143,-143,-1,2.11,211,211
Trade Summary,Data,Options,United States Dollar,SLV   220617C00020000,SLV 17JUN22 20 C,Basic Materials,1,1.97,-197,-197,-1,0.11,11,11
Trade Summary,Data,Options,United States Dollar,SLV   260116C00022000,SLV 16JAN26 22 C,Basic Materials,6,5.838333333,-3503,-3503,-6,7.28,4368,4368
Trade Summary,Data,Options,United States Dollar,SOXS  220610C00045500,SOXS 10JUN22 45.5 C,Broad,1,2.04,-204,-204,-1,3.79,379,379
Trade Summary,Data,Options,United States Dollar,SOXS  240202C00006500,SOXS 02FEB24 6.5 C,Broad,4,0.29,-116,-116,-4,0.89,356,356
Trade Summary,Data,Options,United States Dollar,SPY   211210P00460000,SPY 10DEC21 460.0 P,Broad,1,1,-100,-100,-1,0.01,1,1
Trade Summary,Data,Options,United States Dollar,SPY   220610P00409000,SPY 10JUN22 409.0 P,Broad,1,2.1,-210,-210,-1,7.82,782,782
Trade Summary,Data,Options,United States Dollar,SPY   230414C00415000,SPY 14APR23 415 C,Broad,2,0.455,-91,-91,-2,0.78,156,156
Trade Summary,Data,Options,United States Dollar,SPY   230504C00418000,SPY 04MAY23 418 C,Broad,3,0.35,-105,-105,-3,0,0,0
Trade Summary,Data,Options,United States Dollar,SQ    220225C00115000,SQ 25FEB22 115.0 C,Industrials,1,2.66,-266,-266,-1,3.28,328,328
Trade Summary,Data,Options,United States Dollar,STLA  260116C00015000,STLA 16JAN26 15 C,Consumer Cyclicals,7,3.32,-2324,-2324,-7,1.26,882,882
Trade Summary,Data,Options,United States Dollar,STM   270115C00020000,STM 15JAN27 20 C,Technology,3,11.1,-3330,-3330,-3,9,2700,2700
Trade Summary,Data,Options,United States Dollar,TLRY  220408C00009000,TLRY 08APR22 9.0 C,Healthcare,1,0.99,-99,-99,-1,0.11,11,11
Trade Summary,Data,Options,United States Dollar,TLRY  220408P00007000,TLRY 08APR22 7.0 P,Healthcare,1,0.22,-22,-22,-1,0.08,8,8
Trade Summary,Data,Options,United States Dollar,TLT   260116C00085000,TLT 16JAN26 85 C,Government,2,13.1,-2620,-2620,-2,15.4,3080,3080
Trade Summary,Data,Options,United States Dollar,TLT   260116C00090000,TLT 16JAN26 90 C,Government,6,9.726666667,-5836,-5836,-6,7.213333333,4328,4328
Trade Summary,Data,Options,United States Dollar,TM    240719C00220000,TM 19JUL24 220 C,Consumer Cyclicals,1,3.6,-360,-360,-1,0,0,0
Trade Summary,Data,Options,United States Dollar,UPS   260116C00110000,UPS 16JAN26 110 C,Industrials,1,27.25,-2725,-2725,-1,30.38,3038,3038
Trade Summary,Data,Options,United States Dollar,UVXY  211203C00017000,UVXY 03DEC21 17.0 C,Broad,1,0.98,-98,-98,-1,2,200,200
Trade Summary,Data,Options,United States Dollar,UVXY  211217C00015000,UVXY 17DEC21 15.0 C,Broad,1,1.4,-140,-140,-1,0.32,32,32
Trade Summary,Data,Options,United States Dollar,UVXY  211231C00016000,UVXY 31DEC21 16.0 C,Broad,1,1.37,-137,-137,-1,0,0,0
Trade Summary,Data,Options,United States Dollar,UVXY  220114C00012000,UVXY 14JAN22 12.0 C,Broad,1,1.5,-150,-150,-1,1.17,117,117
Trade Summary,Data,Options,United States Dollar,UVXY  220121C00012000,UVXY 21JAN22 12.0 C,Broad,1,0.89,-89,-89,-1,1.61,161,161
Trade Summary,Data,Options,United States Dollar,UVXY  220128C00017000,UVXY 28JAN22 17.0 C,Broad,1,2,-200,-200,-1,2.47,247,247
Trade Summary,Data,Options,United States Dollar,UVXY  220204C00017000,UVXY 04FEB22 17.0 C,Broad,1,1.75,-175,-175,-1,0.1,10,10
Trade Summary,Data,Options,United States Dollar,UVXY  220211C00014000,UVXY 11FEB22 14.0 C,Broad,1,1.1,-110,-110,-1,0.69,69,69
Trade Summary,Data,Options,United States Dollar,UVXY  220218C00015000,UVXY 18FEB22 15.0 C,Broad,1,1.15,-115,-115,-1,1.4,140,140
Trade Summary,Data,Options,United States Dollar,UVXY  220225C00016000,UVXY 25FEB22 16.0 C,Broad,1,2,-200,-200,-1,4.4,440,440
Trade Summary,Data,Options,United States Dollar,UVXY  220304C00017000,UVXY 04MAR22 17.0 C,Broad,1,2.13,-213,-213,-1,1.65,165,165
Trade Summary,Data,Options,United States Dollar,UVXY  220311C00018000,UVXY 11MAR22 18.0 C,Broad,1,1.97,-197,-197,-1,2.21,221,221
Trade Summary,Data,Options,United States Dollar,UVXY  220318C00020000,UVXY 18MAR22 20.0 C,Broad,1,2.1,-210,-210,-1,0.01,1,1
Trade Summary,Data,Options,United States Dollar,UVXY  220325C00015000,UVXY 25MAR22 15.0 C,Broad,2,1.15,-230,-230,-2,0.06,12,12
Trade Summary,Data,Options,United States Dollar,UVXY  220401C00013000,UVXY 01APR22 13.0 C,Broad,1,1.08,-108,-108,-1,0,0,0
Trade Summary,Data,Options,United States Dollar,UVXY  220422C00012000,UVXY 22APR22 12.0 C,Broad,1,1.57,-157,-157,-1,0.7,70,70
Trade Summary,Data,Options,United States Dollar,UVXY  220429C00012000,UVXY 29APR22 12.0 C,Broad,1,1.11,-111,-111,-1,3,300,300
Trade Summary,Data,Options,United States Dollar,UVXY  220708C00013000,UVXY 08JUL22 13 C,Broad,1,1.06,-106,-106,-1,0.12,12,12
Trade Summary,Data,Options,United States Dollar,VALE  260116C00008000,VALE 16JAN26 8 C,Basic Materials,3,4.65,-1395,-1395,-3,3.05,915,915
Trade Summary,Data,Options,United States Dollar,VALE  260116C00015000,VALE 16JAN26 15 C,Basic Materials,20,1.085,-2170,-2170,-20,1.27,2540,2540
Trade Summary,Data,Options,United States Dollar,XOM   220715P00085000,XOM 15JUL22 85 P,Energy,1,1.7,-170,-170,-1,2.44,244,244
Trade Summary,Data,Options,United States Dollar,XOM   240119P00090000,XOM 19JAN24 90 P,Energy,1,10,-1000,-1000,-1,13.86,1386,1386
Trade Summary,Data,Options,United States Dollar,XYZ   270115C00045000,XYZ 15JAN27 45 C,Industrials,1,17.05,-1705,-1705,-1,22.4,2240,2240
Trade Summary,Data,Options,United States Dollar,YINN1 230120C00007000,YINN1 20JAN23 7 C,Broad,1,1.5,-150,-150,-1,0.21,21,21
Trade Summary,Data,Options,United States Dollar,YINN1 230120C00010000,YINN1 20JAN23 10 C,Broad,2,1,-200,-200,-2,0.11,22,22
Trade Summary,Data,Stocks,Hong Kong Dollar,9988,ALIBABA GROUP HOLDING LTD,Technology,200,122,-24400,-3128.812,-200,107.9,21580,2749.0762
Trade Summary,Data,Stocks,United States Dollar,ABEV,AMBEV SA-ADR,Consumer Non-Cyc,2800,2.789642857,-7811,-7811,-2800,2.890714286,8094,8094
Trade Summary,Data,Stocks,United States Dollar,ABNB,AIRBNB INC-CLASS A,Technology,20,101.5,-2030,-2030,-20,108.17,2163.4,2163.4
Trade Summary,Data,Stocks,United States Dollar,AI,C3.AI INC-A,Technology,50,19.49,-974.5,-974.5,-50,21.791,1089.55,1089.55
Trade Summary,Data,Stocks,United States Dollar,AVAL,GRUPO AVAL ACCIONES Y VALORE,Financials,3500,4.963750914,-17373.1282,-17373.1282,-3500,4.985857143,17450.5,17450.5
Trade Summary,Data,Stocks,United States Dollar,BA,BOEING CO/THE,Industrials,40,161.8375,-6473.5,-6473.5,-40,157.9375,6317.5,6317.5
Trade Summary,Data,Stocks,United States Dollar,BABA,ALIBABA GROUP HOLDING-SP ADR,Technology,15,160,-2400,-2400,-15,126.35,1895.25,1895.25
Trade Summary,Data,Stocks,United States Dollar,BBN,BLACKROCK TAXABLE MUNI BND,Broad,626,18.205865815,-11396.872,-11396.872,-626,17.638984026,11042.004,11042.004
Trade Summary,Data,Stocks,United States Dollar,BBVA,BANCO BILBAO VIZCAYA-SP ADR,Financials,300,5.038,-1511.4,-1511.4,-300,5.383,1614.9,1614.9
Trade Summary,Data,Stocks,United States Dollar,BCAT,BLACKROCK CAPITAL ALLOC TR,Broad,1510,15.345562914,-23171.8,-23171.8,-1510,15.151739073,22879.126,22879.126
Trade Summary,Data,Stocks,United States Dollar,BCS,BARCLAYS PLC-SPONS ADR,Financials,400,8.01025,-3204.1,-3204.1,-400,8.455,3382,3382
Trade Summary,Data,Stocks,United States Dollar,BHP,BHP GROUP LTD-SPON ADR,Basic Materials,50,60.0172,-3000.86,-3000.86,-50,52.891,2644.55,2644.55
Trade Summary,Data,Stocks,United States Dollar,BLW,BLACKROCK LTD DURAT INC TR,Broad,713,12.65,-9019.45,-9019.45,-713,13.349152875,9517.946,9517.946
Trade Summary,Data,Stocks,United States Dollar,C,CITIGROUP INC,Financials,128,50.079023437,-6410.115,-6410.115,-128,49.84371875,6379.996,6379.996
Trade Summary,Data,Stocks,United States Dollar,CBDBY,CIA BRASILEIRA DE DIS- ADR,Consumer Non-Cyc,1000,4.55,-4550,-4550,-1000,5.15048,5150.48,5150.48
Trade Summary,Data,Stocks,United States Dollar,CCI,CROWN CASTLE INC,Real Estate,20,110.19,-2203.8,-2203.8,-20,101.175,2023.5,2023.5
Trade Summary,Data,Stocks,United States Dollar,CRM,SALESFORCE INC,Technology,10,160.21,-1602.1,-1602.1,-10,188.45,1884.5,1884.5
Trade Summary,Data,Stocks,United States Dollar,CVX,CHEVRON CORP,Energy,10,102,-1020,-1020,-10,103,1030,1030
Trade Summary,Data,Stocks,United States Dollar,EAD,ALLSPRING INCOME OPPORT,Broad,1300,6.352084615,-8257.71,-8257.71,-1300,6.40371,8324.823,8324.823
Trade Summary,Data,Stocks,United States Dollar,EBR,CENTRAIS ELETRICAS BR-SP ADR,Utilities,200,5.6,-1120,-1120,-200,6.4,1280,1280
Trade Summary,Data,Stocks,United States Dollar,ECAT,BLACKROCK ESG CAP ALL TRM TR,Broad,327,16.67,-5451.09,-5451.09,-327,15.655,5119.185,5119.185
Trade Summary,Data,Stocks,United States Dollar,ELP,COMPANHIA PARANAENSE DE ENER,Utilities,250,5.2,-1300,-1300,-250,5.6,1400,1400
Trade Summary,Data,Stocks,United States Dollar,GBAB,GUGGENHEIM TAXABLE MUNICIPAL,Broad,747,17.571441767,-13125.867,-13125.867,-747,16.794080054,12545.1778,12545.1778
Trade Summary,Data,Stocks,United States Dollar,GDO,WESTERN AST GLB CORP OPPRNTY,Broad,1425,13.348673684,-19021.86,-19021.86,-1425,12.553859649,17889.25,17889.25
Trade Summary,Data,Stocks,United States Dollar,GOLD.OLD,BARRICK MINING CORP,Basic Materials,950,18.853463158,-17910.79,-17910.79,-950,19.678684211,18694.75,18694.75
Trade Summary,Data,Stocks,United States Dollar,GRFS,GRIFOLS SA-ADR,Healthcare,800,10.84,-8672,-8672,-800,11.795,9436,9436
Trade Summary,Data,Stocks,United States Dollar,HIX,WESTERN ASSET HIGH INC II,Broad,2293,4.856354121,-11135.62,-11135.62,-2293,4.659221544,10683.595,10683.595
Trade Summary,Data,Stocks,United States Dollar,HIX RT,WESTERN ASSET HIGH INCOM-W/I,Broad,0,0,0,0,-495,0.0037,1.8315,1.8315
Trade Summary,Data,Stocks,United States Dollar,HMC,HONDA MOTOR CO LTD-SPONS ADR,Consumer Cyclicals,50,26.115,-1305.75,-1305.75,-50,24.161,1208.05,1208.05
Trade Summary,Data,Stocks,United States Dollar,ING,ING GROEP N.V.-SPONSORED ADR,Financials,100,10.075,-1007.5,-1007.5,-100,9.575,957.5,957.5
Trade Summary,Data,Stocks,United States Dollar,INTC,INTEL CORP,Technology,130,43.506538462,-5655.85,-5655.85,-130,40.392692308,5251.05,5251.05
Trade Summary,Data,Stocks,United States Dollar,ITUB,ITAU UNIBANCO H-SPON PRF ADR,Financials,965,4.598445596,-4437.5,-4437.5,-965,4.788523316,4620.925,4620.925
Trade Summary,Data,Stocks,United States Dollar,JD,JD.COM INC-ADR,Consumer Cyclicals,20,54,-1080,-1080,-20,64.94,1298.8,1298.8
Trade Summary,Data,Stocks,United States Dollar,KMB,KIMBERLY-CLARK CORP,Consumer Non-Cyc,20,121.425,-2428.5,-2428.5,-20,139.98,2799.6,2799.6
Trade Summary,Data,Stocks,United States Dollar,LMT,LOCKHEED MARTIN CORP,Industrials,5,428.07,-2140.35,-2140.35,-5,448.53,2242.65,2242.65
Trade Summary,Data,Stocks,United States Dollar,MMM,3M CO,Consumer Non-Cyc,15,149.62,-2244.3,-2244.3,-15,128.76,1931.4,1931.4
Trade Summary,Data,Stocks,United States Dollar,MS,MORGAN STANLEY,Financials,20,85.84,-1716.8,-1716.8,-20,89.325,1786.5,1786.5
Trade Summary,Data,Stocks,United States Dollar,NEM,NEWMONT CORP,Basic Materials,50,45.09,-2254.5,-2254.5,-50,45.735,2286.75,2286.75
Trade Summary,Data,Stocks,United States Dollar,NU,NU HOLDINGS LTD/CAYMAN ISL-A,Financials,600,4.2235,-2534.1,-2534.1,-600,4.013,2407.8,2407.8
Trade Summary,Data,Stocks,United States Dollar,ORANY,ORANGE-SPON ADR,Technology,1500,10.6125,-15918.75,-15918.75,-1500,11.0905,16635.75,16635.75
Trade Summary,Data,Stocks,United States Dollar,PAGS,PAGSEGURO DIGITAL LTD-CL A,Industrials,400,23.1375,-9255,-9255,-400,18.800625,7520.25,7520.25
Trade Summary,Data,Stocks,United States Dollar,PLTR,PALANTIR TECHNOLOGIES INC-A,Technology,200,7.615,-1523,-1523,-200,8.365,1673,1673
Trade Summary,Data,Stocks,United States Dollar,PML,PIMCO MUNICIPAL INCOME FD II,Broad,1400,9.336,-13070.4,-13070.4,-1400,8.92,12488,12488
Trade Summary,Data,Stocks,United States Dollar,PYPL,PAYPAL HOLDINGS INC,Financials,219,81.588557078,-17867.894,-17867.894,-15,73.62,1104.3,1104.3
Trade Summary,Data,Stocks,United States Dollar,QIWI,QIWI PLC-SPONSORED ADR,Industrials,250,7.27,-1817.5,-1817.5,0,0,0,0
Trade Summary,Data,Stocks,United States Dollar,SAN,BANCO SANTANDER SA-SPON ADR,Financials,500,3.7,-1850,-1850,-500,3.9,1950,1950
Trade Summary,Data,Stocks,United States Dollar,SAP,SAP SE-SPONSORED ADR,Technology,20,101.085,-2021.7,-2021.7,-20,90.52,1810.4,1810.4
Trade Summary,Data,Stocks,United States Dollar,SKLZ,SKILLZ INC,Technology,700,2.55,-1785,-1785,-700,3.185,2229.5,2229.5
Trade Summary,Data,Stocks,United States Dollar,SWK,STANLEY BLACK & DECKER INC,Industrials,40,125.275,-5011,-5011,-40,110.955,4438.2,4438.2
Trade Summary,Data,Stocks,United States Dollar,T,AT&T INC,Technology,320,23.878125,-7641,-7641,-320,25.729375,8233.4,8233.4
Trade Summary,Data,Stocks,United States Dollar,TLRY,TILRAY BRANDS INC,Healthcare,300,13.28,-3984,-3984,-300,6.135,1840.5,1840.5
Trade Summary,Data,Stocks,United States Dollar,UL.OLD,UNILEVER PLC-SPONSORED ADR,Consumer Non-Cyc,60,45.575,-2734.5,-2734.5,-60,46.095,2765.7,2765.7
Trade Summary,Data,Stocks,United States Dollar,VALE,VALE SA-SP ADR,Basic Materials,115,13.57,-1560.55,-1560.55,-115,12.165,1398.975,1398.975
Trade Summary,Data,Stocks,United States Dollar,VZ,VERIZON COMMUNICATIONS INC,Technology,40,52,-2080,-2080,-40,54.152,2166.08,2166.08
Trade Summary,Data,Stocks,United States Dollar,WBA,WALGREENS BOOTS ALLIANCE INC,Consumer Non-Cyc,217,41.390723502,-8981.787,-8981.787,-217,38.761658986,8411.28,8411.28
Trade Summary,Data,Stocks,United States Dollar,WDS,WOODSIDE ENERGY GROUP-ADR,Energy,0,0,0,0,-7.228,23.7484228,171.6536,171.6536
Trade Summary,Data,Stocks,United States Dollar,XP,XP INC - CLASS A,Financials,510,22.811666667,-11633.95,-11633.95,-510,24.15527451,12319.19,12319.19
Trade Summary,Data,Stocks,United States Dollar,XYZ,BLOCK INC,Industrials,30,88.43,-2652.9,-2652.9,-30,112.13,3363.9,3363.9
Deposits And Withdrawals,MetaInfo,Analysis Period,"June 1, 2021 - January 27, 2026"
Deposits And Withdrawals,Header,Date,Type,Description,Amount
Deposits And Withdrawals,Data,06/01/21,DEPOSIT,Cash Receipts / Electronic Fund Transfers ,46000
Deposits And Withdrawals,Data,07/08/21,DEPOSIT,Cash Receipts / Electronic Fund Transfers ,40000
Deposits And Withdrawals,Data,03/11/22,WITHDRAWAL,Disbursement Initiated By Guillermo E Knell Alegria ,-1672
Deposits And Withdrawals,Data,07/18/22,WITHDRAWAL,Disbursement Initiated By Guillermo E Knell Alegria ,-940
Deposits And Withdrawals,Data,11/08/22,WITHDRAWAL,Disbursement Initiated By Guillermo E Knell Alegria ,-1200
Deposits And Withdrawals,Data,02/15/23,NA,Adjustment: Other (orf Adjustment Credit) ,0.01
Deposits And Withdrawals,Data,05/22/23,ACATOUT,Ishares Short Treasury Bond (SHV) Quantity: -547,-60328.63
Deposits And Withdrawals,Data,06/29/23,ACATOUT,Global X Russell 2000 Cov Cl (RYLD) Quantity: -75,-1344
Deposits And Withdrawals,Data,05/28/24,ACATOUT,Ishares 1-3 Year Treasury Bo (SHY) Quantity: -34,-2766.58
Deposits And Withdrawals,Data,08/21/24,ACATOUT,Ishares 1-3 Year Treasury Bo (SHY) Quantity: -50,-4132
Deposits And Withdrawals,Data,08/30/24,ACATOUTCNCL,Ishares 1-3 Year Treasury Bo (SHY) Quantity: 50,4132
Deposits And Withdrawals,Data,08/30/24,ACATOUT,Ishares 1-3 Year Treasury Bo (SHY) Quantity: -50,-4139.5
Deposits And Withdrawals,Data,12/19/24,NA,Adjustment: Commission (consolidated Audit Trail Fee Refund) ,0.02
Deposits And Withdrawals,Data,01/10/25,ACATOUT,Ishares Short Treasury Bond (SHV) Quantity: -19,-2093.8
Deposits And Withdrawals,Data,01/21/25,ACATOUT,Ishares Short Treasury Bond (SHV) Quantity: -19,-2096.46
Deposits And Withdrawals,Data,01/21/25,ACATOUTCNCL,Ishares Short Treasury Bond (SHV) Quantity: 19,2093.8
Deposits And Withdrawals,Data,12/04/25,ACATOUT,Paypal Holdings Inc (PYPL) Quantity: -204,-12492.96
Corporate Actions,MetaInfo,Analysis Period,"June 1, 2021 - January 27, 2026"
Corporate Actions,Header,Date,Type,Description,Quantity
Corporate Actions,Data,20220601,Spinoff,BHP(US0886061086) SPINOFF  1807 FOR 5000,7.228
Corporate Actions,Data,20240125,Rights,HIX(US95766J1025) SUBSCRIBABLE RIGHTS ISSUE  1 FOR 1,493
Corporate Actions,Data,20240125,Rights,HIX(US95766J1025) SUBSCRIBABLE RIGHTS ISSUE  1 FOR 1,2
Dividends,MetaInfo,Analysis Period,"June 1, 2021 - January 27, 2026"
Dividends,Header,PayDate,Ex-Date,Symbol,Quantity,DividendPerShare,Amount
Dividends,Data,20210910,20210818,CVX,10,1.34,13.4
Dividends,Data,20210915,20210830,GOLD.OLD,100,0.09,9
Dividends,Data,20210915,20210830,GOLD.OLD,100,0.14,14.05
Dividends,Data,20211230,20211209,ORANY,1000,0.34,337.74
Dividends,Data,20220105,20211230,ECH,200,0.09,17.7
Dividends,Data,20220110,20211230,AVAL,2000,0.02,43.94
Dividends,Data,20220113,20211201,ITUB,600,0.00,1.87
Dividends,Data,20220211,20220103,ITUB,600,0.00,1.99
Dividends,Data,20220301,20220204,INTC,30,0.36,10.95
Dividends,Data,20220321,20211122,ITUB,600,0.05,31.39
Dividends,Data,20220516,20220427,ING,100,0.43,43.14
Dividends,Data,20220525,20220513,ING,100,0.24,24.35
Dividends,Data,20220527,20220429,C,45,0.51,22.95
Dividends,Data,20220531,20220519,SAP,10,2.08,20.77
Dividends,Data,20220531,20220519,SAP,10,0.53,5.32
Dividends,Data,20220607,20220601,AVAL,1000,0.29,285.49
Dividends,Data,20220610,20220519,WBA,100,0.48,47.75
Dividends,Data,20220613,20220519,MMM,15,1.49,22.35
Dividends,Data,20220616,20220519,UL.OLD,60,0.46,27.33
Dividends,Data,20220621,20220606,SWK,40,0.79,31.6
Dividends,Data,20220624,20220622,MJ,200,0.07,14
Dividends,Data,20220728,20220623,2828,1200,0.15,175.7982
Dividends,Data,20220729,20220714,BBN,492,0.12,60.47
Dividends,Data,20220729,20220714,GBAB,506,0.13,63.62
Dividends,Data,20220729,20220714,BLW,713,0.10,69.95
Dividends,Data,20220801,20220721,GDO,664,0.10,67.06
Dividends,Data,20220805,20220801,EMB,107,0.35,36.98
Dividends,Data,20220805,20220801,EMLC,379,0.12,46.16
Dividends,Data,20220831,20220812,GBAB,506,0.13,63.62
Dividends,Data,20220831,20220812,BBN,492,0.12,60.47
Dividends,Data,20220831,20220812,BLW,713,0.10,69.95
Dividends,Data,20220901,20220823,GDO,664,0.10,67.06
Dividends,Data,20220908,20220901,EMB,107,0.31,33.38
Dividends,Data,20220908,20220901,EMLC,379,0.12,45.93
Dividends,Data,20220922,20220907,NEM,50,0.55,27.5
Dividends,Data,20220930,20220914,BLW,713,0.10,69.95
Dividends,Data,20220930,20220914,GBAB,506,0.13,63.62
Dividends,Data,20220930,20220914,BBN,492,0.12,60.47
Dividends,Data,20221003,20220922,GDO,664,0.10,67.06
Dividends,Data,20221006,20221003,EDV,110,0.68,75.06
Dividends,Data,20221007,20221003,WIP,170,0.25,42.1
Dividends,Data,20221007,20221003,EMB,107,0.37,39.66
Dividends,Data,20221007,20221003,EMLC,379,0.12,44.57
Dividends,Data,20221031,20221013,BBN,492,0.12,60.47
Dividends,Data,20221031,20221013,GBAB,506,0.13,63.62
Dividends,Data,20221101,20221021,GDO,664,0.10,67.06
Dividends,Data,20221107,20221101,EMLC,379,0.12,44.72
Dividends,Data,20221107,20221101,WIP,170,0.23,38.5
Dividends,Data,20221107,20221101,EMB,107,0.38,40.83
Dividends,Data,20221130,20221114,GBAB,506,0.13,63.62
Dividends,Data,20221130,20221114,BBN,492,0.12,60.47
Dividends,Data,20221201,20221121,GDO,664,0.10,67.06
Dividends,Data,20221207,20221201,EMB,107,0.34,36.31
Dividends,Data,20221207,20221201,EMLC,379,0.11,42.6
Dividends,Data,20221207,20221201,WIP,170,0.30,51.81
Dividends,Data,20221221,20221215,EMB,107,0.34,36.37
Dividends,Data,20221222,20221214,BBN,492,0.10,50.63
Dividends,Data,20221223,20221219,WIP,170,0.30,51.21
Dividends,Data,20221229,20221223,EDV,110,0.69,76.05
Dividends,Data,20221230,20221228,EMLC,379,0.12,45.97
Dividends,Data,20221230,20221214,GBAB,606,0.13,76.19
Dividends,Data,20221230,20221221,GDO,784,0.10,79.18
Dividends,Data,20230103,20221209,PML,900,0.06,53.1
Dividends,Data,20230127,20230125,NUSI.OLD,250,0.12,30.98
Dividends,Data,20230131,20230112,GBAB,606,0.13,76.19
Dividends,Data,20230131,20230112,BBN,492,0.10,50.63
Dividends,Data,20230201,20230112,PML,900,0.04,35.55
Dividends,Data,20230201,20230123,GDO,784,0.10,79.18
Dividends,Data,20230207,20230201,WIP,170,0.26,44.28
Dividends,Data,20230207,20230201,EMB,107,0.31,33.36
Dividends,Data,20230227,20230223,NUSI.OLD,250,0.12,31.07
Dividends,Data,20230228,20230214,GBAB,606,0.13,76.19
Dividends,Data,20230228,20230214,BBN,492,0.10,50.63
Dividends,Data,20230301,20230217,GDO,1234,0.10,124.63
Dividends,Data,20230301,20230210,PML,1400,0.04,55.3
Dividends,Data,20230307,20230301,WIP,170,0.14,23.93
Dividends,Data,20230307,20230301,EMB,107,0.38,40.53
Dividends,Data,20230324,20230322,NUSI.OLD,250,0.13,31.69
Dividends,Data,20230331,20230314,GBAB,606,0.13,76.19
Dividends,Data,20230331,20230314,BBN,492,0.10,50.63
Dividends,Data,20230403,20230310,PML,1400,0.04,55.3
Dividends,Data,20230403,20230323,GDO,1234,0.10,124.63
Dividends,Data,20230406,20230403,JEPI,150,0.45,66.76
Dividends,Data,20230414,20230405,SDIV,350,0.23,80.5
Dividends,Data,20230428,20230413,BBN,492,0.10,50.63
Dividends,Data,20230428,20230413,GBAB,606,0.13,76.19
Dividends,Data,20230501,20230413,EAD,1300,0.05,64.61
Dividends,Data,20230501,20230420,HIX,1800,0.05,88.2
Dividends,Data,20230501,20230420,GDO,1234,0.10,124.63
Dividends,Data,20230502,20230424,RYLD,500,0.18,91
Dividends,Data,20230504,20230501,JEPI,150,0.42,63.69
Dividends,Data,20230505,20230501,SHV,25,0.40,9.94
Dividends,Data,20230511,20230503,SDIV,350,0.21,75.25
Dividends,Data,20230531,20230512,GBAB,141,0.13,17.73
Dividends,Data,20230531,20230522,RYLD,135,0.16,21.74
Dividends,Data,20230531,20230512,BBN,134,0.10,13.79
Dividends,Data,20230601,20230522,GDO,191,0.10,19.29
Dividends,Data,20230601,20230522,HIX,493,0.05,24.16
Dividends,Data,20230601,20230511,EAD,374,0.05,18.3
Dividends,Data,20230606,20230601,JEPI,43,0.37,15.71
Dividends,Data,20230613,20230605,SDIV,106,0.21,22.79
Dividends,Data,20230628,20230620,RYLD,135,0.18,24.69
Dividends,Data,20230630,20230614,BBN,134,0.09,12.45
Dividends,Data,20230630,20230614,GBAB,141,0.13,17.73
Dividends,Data,20230703,20230622,GDO,191,0.10,19.29
Dividends,Data,20230703,20230622,HIX,493,0.05,24.16
Dividends,Data,20230703,20230612,EAD,374,0.05,18.08
Dividends,Data,20230714,20230706,SDIV,106,0.21,22.79
Dividends,Data,20230731,20230713,BBN,134,0.09,12.45
Dividends,Data,20230731,20230713,GBAB,141,0.13,17.73
Dividends,Data,20230801,20230724,RYLD,60,0.18,10.78
Dividends,Data,20230801,20230713,EAD,374,0.05,17.93
Dividends,Data,20230801,20230721,GDO,191,0.10,19.29
Dividends,Data,20230801,20230721,HIX,493,0.05,24.16
Dividends,Data,20230807,20230801,TLT,26,0.28,7.16
Dividends,Data,20230811,20230803,SDIV,106,0.21,22.26
Dividends,Data,20230829,20230821,RYLD,60,0.17,10.45
Dividends,Data,20230831,20230814,GBAB,141,0.13,17.73
Dividends,Data,20230831,20230814,BBN,134,0.09,12.45
Dividends,Data,20230901,20230823,GDO,191,0.10,19.29
Dividends,Data,20230901,20230823,HIX,493,0.05,24.16
Dividends,Data,20230901,20230811,EAD,374,0.05,17.86
Dividends,Data,20230908,20230901,TLT,26,0.29,7.5
Dividends,Data,20230914,20230906,SDIV,106,0.21,22.26
Dividends,Data,20230926,20230918,RYLD,60,0.17,10.36
Dividends,Data,20230929,20230914,GBAB,141,0.13,17.73
Dividends,Data,20230929,20230914,BBN,134,0.09,12.45
Dividends,Data,20231002,20230921,GDO,191,0.10,19.48
Dividends,Data,20231002,20230921,HIX,493,0.05,24.16
Dividends,Data,20231002,20230911,EAD,374,0.05,17.84
Dividends,Data,20231006,20231002,TLT,26,0.28,7.28
Dividends,Data,20231013,20231004,SDIV,106,0.21,22.26
Dividends,Data,20231031,20231012,GBAB,141,0.13,17.73
Dividends,Data,20231031,20231023,RYLD,60,0.16,9.7
Dividends,Data,20231031,20231013,BBN,134,0.09,12.45
Dividends,Data,20231101,20231023,GDO,191,0.10,19.48
Dividends,Data,20231101,20231023,HIX,493,0.05,24.16
Dividends,Data,20231101,20231012,EAD,374,0.05,17.74
Dividends,Data,20231107,20231101,TLT,26,0.29,7.44
Dividends,Data,20231113,20231103,SDIV,106,0.21,22.26
Dividends,Data,20231129,20231120,RYLD,60,0.17,10.07
Dividends,Data,20231130,20231114,GBAB,141,0.13,17.73
Dividends,Data,20231130,20231114,BBN,134,0.09,12.45
Dividends,Data,20231201,20231121,HIX,493,0.05,24.16
Dividends,Data,20231201,20231121,GDO,191,0.10,19.48
Dividends,Data,20231201,20231113,EAD,374,0.05,17.72
Dividends,Data,20231207,20231201,TLT,26,0.29,7.51
Dividends,Data,20231213,20231205,SDIV,106,0.21,22.26
Dividends,Data,20231220,20231214,TLT,26,0.31,8.07
Dividends,Data,20231220,20231214,BBN,134,0.09,12.45
Dividends,Data,20231229,20231220,HIX,493,0.05,24.16
Dividends,Data,20231229,20231214,GBAB,141,0.13,17.73
Dividends,Data,20231229,20231220,GDO,191,0.10,19.48
Dividends,Data,20240102,20231211,EAD,279,0.05,14.43
Dividends,Data,20240108,20231228,SDIV,106,0.21,22.26
Dividends,Data,20240108,20231228,RYLD,73,0.17,12.17
Dividends,Data,20240130,20240122,RYLD,73,0.17,12.07
Dividends,Data,20240131,20240111,BBN,134,0.09,12.45
Dividends,Data,20240131,20240111,GBAB,141,0.13,17.73
Dividends,Data,20240201,20240112,EAD,279,0.05,14.41
Dividends,Data,20240201,20240123,GDO,191,0.10,19.48
Dividends,Data,20240201,20240123,HIX,493,0.05,24.16
Dividends,Data,20240207,20240201,TLT,26,0.31,8.06
Dividends,Data,20240213,20240205,SDIV,106,0.21,22.26
Dividends,Data,20240228,20240220,RYLD,73,0.16,11.91
Dividends,Data,20240229,20240214,BBN,134,0.09,12.45
Dividends,Data,20240229,20240214,GBAB,141,0.13,17.73
Dividends,Data,20240301,20240212,EAD,279,0.05,14.42
Dividends,Data,20240301,20240221,HIX,493,0.05,24.16
Dividends,Data,20240301,20240221,GDO,191,0.10,19.48
Dividends,Data,20240326,20240312,VALE,115,0.54,62.52
Dividends,Data,20240328,20240314,CCI,20,1.56,31.3
Dividends,Data,20240401,20240229,LMT,5,3.15,15.75
Dividends,Data,20241018,20241017,PYPY,410,1.10,452.72
Dividends,Data,20241115,20241114,PYPY,410,0.59,241.08
Dividends,Data,20241223,20241218,SHV,19,0.43,8.11
Dividends,Data,20250131,20250115,BCAT,970,0.29,280.43
Dividends,Data,20250228,20250214,BCAT,658,0.29,189.65
Dividends,Data,20250331,20250314,ECAT,327,0.31,100.15
Dividends,Data,20250430,20250415,ECAT,327,0.30,99.27
Dividends,Data,20250929,20250922,RYLD,530,0.15,80.4
Dividends,Data,20250930,20250915,BCAT,540,0.27,145.75
Dividends,Data,20251210,20251119,PYPL,204,0.14,28.56
Interest Details,MetaInfo,Analysis Period,"June 1, 2021 - January 27, 2026"
Interest Details,Header,Date,Description,Amount
Interest Details,Data,20210722,Accrued Interest Paid LCI 7 3/4 04/15/26,-404.72
Interest Details,Data,20210730,Accrued Interest Paid CXW 4 3/4 10/15/27,-228
Interest Details,Data,20210803,Accrued Interest Paid CXW 4 3/4 10/15/27,-58.06
Interest Details,Data,20210803,Accrued Interest Paid GEL 7 3/4 02/01/28,-17.22
Interest Details,Data,20210805,Accrued Interest Paid RCL 5 1/2 04/01/28,-397.22
Interest Details,Data,20210902,Accrued Interest Received CXW 4 3/4 10/15/27,187.36
Interest Details,Data,20210903,Accrued Interest Received CXW 4 3/4 10/15/27,188.68
Interest Details,Data,20211001,Bond Coupon Payment RCL 5 1/2 04/01/28 TAE3,556.11
Interest Details,Data,20211008,Accrued Interest Received GEL 7 3/4 02/01/28,62
Interest Details,Data,20211015,Bond Coupon Payment LCI 7 3/4 04/15/26 9AB5,744.86
Interest Details,Data,20211025,Accrued Interest Received LCI 7 3/4 04/15/26,5.17
Interest Details,Data,20211029,Accrued Interest Received RCL 5 1/2 04/01/28,94.72
Interest Details,Data,20211110,Accrued Interest Received GEL 7 3/4 02/01/28,358.22
Interest Details,Data,20211119,Accrued Interest Received LCI 7 3/4 04/15/26,147.25
Interest Details,Data,20220105,HKD Debit Interest Paid for December 2021,-18.1192902
Interest Details,Data,20220203,HKD Debit Interest Paid for January 2022,-0.006416
Interest Details,Data,20220603,USD Credit Interest Received for May 2022,2.59
Interest Details,Data,20220706,USD Credit Interest Received for June 2022,4.15
Interest Details,Data,20220803,USD Credit Interest Received for July 2022,5.07
Interest Details,Data,20220803,HKD Debit Interest Paid for July 2022,-0.0025478
Interest Details,Data,20220906,USD Credit Interest Received for August 2022,10.68
Interest Details,Data,20221205,USD Credit Interest Received for November 2022,0.05
Interest Details,Data,20230405,USD Credit Interest Received for March 2023,13.1
Interest Details,Data,20230503,USD Credit Interest Received for April 2023,0.55
Interest Details,Data,20230605,USD Credit Interest Received for May 2023,30.39
Interest Details,Data,20240104,USD Debit Interest Paid for December 2023,-0.07
Interest Details,Data,20240305,USD Debit Interest Paid for February 2024,-4.59
Interest Details,Data,20240403,USD Debit Interest Paid for March 2024,-0.21
Interest Details,Data,20241003,USD Debit Interest Paid for September 2024,-0.37
Interest Details,Data,20250106,USD Debit Interest Paid for December 2024,-0.03
Fee Summary,MetaInfo,Analysis Period,"June 1, 2021 - January 27, 2026"
Fee Summary,Header,Date,Description,Amount
Fee Summary,Data,20220705,K******08:global Snapshot Pnp For Jun 2022 ,-0.03
Fee Summary,Data,20220705,K******08:global Snapshot Pnp For Jun 2022 ,0.03
Notes and Disclosure,Header,Type,Note
Notes and Disclosure,Data,General,"1. The Net Asset Value (NAV) consists of all positions by financial instrument (stock, securities options, warrants, bonds, cash, etc.). All non-base currency amounts are converted to the base currency at the close of period rate."
Notes and Disclosure,Data,General,2. The gain or loss from future contracts settle into cash each night. The notional value is used when computing the contribution to return.
Notes and Disclosure,Data,General,"3. Dividend accruals, interest accruals, and insured deposits are included in cash amounts throughout the report."
Notes and Disclosure,Data,General,4. Price valuations are obtained from outside parties. Clearing Broker shall have no responsibility for the accuracy or timeliness of any such price valuation.
Notes and Disclosure,Data,General,5. Data from Thomson Reuters Business Classifications and Lipper Global is used to derive our sector classifications. Funds with assorted sector allocations are classified as Broad.
Notes and Disclosure,Data,General,"6. Amounts are formatted to two decimal places. If amounts are greater than two decimal places, Clearing Broker uses "half-even" rounding. This means that Clearing Broker rounds such amounts up to the nearest even number."
Notes and Disclosure,Data,General,"7. For accounts opened and funded before 2009, reports with a time period of Since Inception will only include data going back to January 1, 2009. This includes some default reports and both Historical Performance reports."
Notes and Disclosure,Data,General,"8. If you have elected to trade cryptocurrency/digital asset products at Crypto Provider through the Clearing Broker platform, for your convenience your positions in your linked account at Crypto Provider are reflected in PortfolioAnalyst in connection with your Clearing Broker account."
Notes and Disclosure,Data,Section,1. Account Overview: The deposit/withdrawal amount displayed includes internal transfers along with cash and position transfers.
Notes and Disclosure,Data,Section,"2. Risk Measures: Historical US 3 Month Treasury Bill rates are used as the risk free rates when calculating Alpha, the Sharpe ratio, the Sortino ratio, and the downside deviation."
Notes and Disclosure,Data,Disclosure,"This portfolio report was generated using Clearing Broker's PortfolioAnalyst tool, which allows Clearing Broker clients to generate analyses of their accounts using market data provided by third parties along with trade and account data contained in Clearing Broker's systems. This report is for information purposes only and is provided AS IS. Clearing Broker makes no warranty of any kind, express or implied, as to this report and its contents. The data provided for use in the PortfolioAnalyst tool is believed to be accurate, but completeness and accuracy of the information is not guaranteed, and Clearing Broker has no liability with respect thereto. The data regarding accounts held outside of Clearing Broker is obtained either directly from your input or from the financial institutions holding those accounts through a third-party service provider and Clearing Broker has NOT reviewed its accuracy.

The material in this report is intended only as a reference and should not be relied upon for the maintenance of your books and records for tax, accounting, financial, or regulatory reporting or for any other purposes. This report is not an offer or a solicitation of an offer to buy or sell any security. This material does not, and is not intended to, take into account the particular financial conditions, investment objectives, or requirements of individual customers. Before acting on any material within this report, you should consider whether it is suitable for your particular circumstances and as necessary, seek professional advice."
