Introduction,Header,Name,Account,Alias,BaseCurrency,AccountType,AnalysisPeriod,PerformanceMeasure
Introduction,Data,HENRY J MARINO URBINA,U14524173,,USD,Individual (Broker Client),"June 20, 2024 to January 27, 2026 (Daily)",TWR
Key Statistics,MetaInfo,Analysis Period,"June 20, 2024 - January 27, 2026"
Key Statistics,Header,BeginningNAV,EndingNAV,CumulativeReturn,5DayReturn,5DayReturnDateRange,10DayReturn,10DayReturnDateRange,BestReturn,BestReturnDate,WorstReturn,WorstReturnDate,MTM,Deposits & Withdrawals,Dividends,Interest,Fees & Commissions,Other,ChangeInNAV
Key Statistics,Data,0,15613.350819,44.505043018,2.534912373,20260121 - 20260127,1.251279037,20260114 - 20260127,12.23136883,20250409,-8.01900664,20250403,6707.015,9571.32,783.46,0,-1328.83418,-119.610001,15613.350819
Historical Performance,MetaInfo,Analysis Period,"June 20, 2024 - January 27, 2026"
Historical Performance,Header,Account,MTD,QTD,YTD,1 Year,Since Inception
Historical Performance,Data,U14524173,6.740621433,6.740621433,6.740621433,8.647167037,44.505043018
Historical Performance,Header,Month,Account,AccountReturn
Historical Performance,Data,202501,U14524173,0.938786009
Historical Performance,Data,202502,U14524173,-1.061823907
Historical Performance,Data,202503,U14524173,0.003517898
Historical Performance,Data,202504,U14524173,-9.466829489
Historical Performance,Data,202505,U14524173,4.813099823
Historical Performance,Data,202506,U14524173,1.912716578
Historical Performance,Data,202507,U14524173,-5.817671485
Historical Performance,Data,202508,U14524173,11.02598527
Historical Performance,Data,202509,U14524173,-2.783823003
Historical Performance,Data,202510,U14524173,0.753336659
Historical Performance,Data,202511,U14524173,3.470042904
Historical Performance,Data,202512,U14524173,0.342414695
Historical Performance,Data,202401,U14524173,-
Historical Performance,Data,202402,U14524173,-
Historical Performance,Data,202403,U14524173,-
Historical Performance,Data,202404,U14524173,-
Historical Performance,Data,202405,U14524173,-
Historical Performance,Data,202406,U14524173,-
Historical Performance,Data,202407,U14524173,6.668869102
Historical Performance,Data,202408,U14524173,9.796398474
Historical Performance,Data,202409,U14524173,18.202359078
Historical Performance,Data,202410,U14524173,1.074996766
Historical Performance,Data,202411,U14524173,-0.818065367
Historical Performance,Data,202412,U14524173,-1.138872129
Historical Performance,Header,Quarter,Account,AccountReturn
Historical Performance,Data,2025 Q1,U14524173,-0.129492933
Historical Performance,Data,2025 Q2,U14524173,-3.294388954
Historical Performance,Data,2025 Q3,U14524173,1.655901933
Historical Performance,Data,2025 Q4,U14524173,4.606486347
Historical Performance,Data,2024 Q1,U14524173,-
Historical Performance,Data,2024 Q2,U14524173,-
Historical Performance,Data,2024 Q3,U14524173,38.43692042
Historical Performance,Data,2024 Q4,U14524173,-0.893560872
Historical Performance,Header,Year,Account,AccountReturn
Historical Performance,Data,YTD,U14524173,6.740621433
Historical Performance,Data,2025,U14524173,2.70229322
Open Position Summary,MetaInfo,As Of,"January 27, 2026"
Open Position Summary,Header,Date,FinancialInstrument,Currency,Symbol,Description,Sector,Quantity,ClosePrice,Value,Cost Basis,UnrealizedP&L,FXRateToBase
Open Position Summary,Data,01/27/2026,Stocks,USD,HRL,HORMEL FOODS CORP,Consumer Non-Cyc,200,25.2,5040,5133.804915,-93.804915,1
Open Position Summary,Data,01/27/2026,Stocks,USD,HUN,HUNTSMAN CORP,Basic Materials,200,11.37,2274,4236.250114,-1962.250114,1
Open Position Summary,Data,01/27/2026,Stocks,USD,JD,JD.COM INC-ADR,Consumer Cyclicals,80,29.5,2360,2389.528017,-29.528017,1
Open Position Summary,Data,01/27/2026,Stocks,USD,STLA,STELLANTIS NV,Consumer Cyclicals,400,9.75,3900,5532.50023,-1632.50023,1
Open Position Summary,Data,Total,Stocks,USD,,,,,,13574,17292.083276,-3718.083276
Open Position Summary,Data,01/27/2026,Cash,USD,USD,United States Dollar,Cash,2039.350819,1,2039.350819, , ,1
Performance by Symbol,MetaInfo,Analysis Period,"June 20, 2024 - January 27, 2026"
Performance by Symbol,Header,Symbol,Description,FinancialInstrument,Sector,AvgWeight,Return,Contribution,Unrealized_P&L,Realized_P&L,Open
Performance by Symbol,Data,SHY,ISHARES 1-3 YEAR TREASURY BO,ETFs,Government,11.713668826,-1.588060628,-0.174530752,0.00,-39.11,No
Performance by Symbol,Data,TMF,DRX DLY 20+ YR TREAS BULL 3X,ETFs,Broad,44.752702086,9.890525869,4.214273502,0.00,641.67,No
Performance by Symbol,Data,Total ETFs,,,,31.788018148,8.145397694,4.032387546,0.00,602.56,
Performance by Symbol,Data,BABA2 260116C00075000,BABA2 16JAN26 75 C,Options,Technology,11.106032522,70.323662882,7.046066253,0.00,"1,154.57",No
Performance by Symbol,Data,BABA2 261218C00100000,BABA2 18DEC26 100 C,Options,Technology,7.831006519,63.684743609,4.613254215,0.00,772.84,No
Performance by Symbol,Data,BABA2 270115C00100000,BABA2 15JAN27 100 C,Options,Technology,21.605747,30.355095217,6.496242187,0.00,"1,207.04",No
Performance by Symbol,Data,NKE   261218C00090000,NKE 18DEC26 90 C,Options,Consumer Cyclicals,6.997232973,44.407003403,2.818720087,0.00,447.87,No
Performance by Symbol,Data,Total Options,,,,22.883312359,136.440787626,22.341104546,0.00,"3,582.32",
Performance by Symbol,Data,AHCO,ADAPTHEALTH CORP,Stocks,Healthcare,10.254612215,24.478796493,2.511418354,0.00,370.29,No
Performance by Symbol,Data,AZN,ASTRAZENECA PLC-SPONS ADR,Stocks,Healthcare,32.077137528,0.385021544,0.135020932,0.00,25.26,No
Performance by Symbol,Data,BABA,ALIBABA GROUP HOLDING-SP ADR,Stocks,Technology,9.593632493,1.940764663,0.216289057,0.00,27.46,No
Performance by Symbol,Data,CVS,CVS HEALTH CORP,Stocks,Healthcare,33.462096856,6.070044261,1.808685905,0.00,350.90,No
Performance by Symbol,Data,DSGN,DESIGN THERAPEUTICS INC,Stocks,Healthcare,29.27856985,7.45238369,2.26709924,0.00,449.96,No
Performance by Symbol,Data,EBR,CENTRAIS ELETRICAS BR-SP ADR,Stocks,Utilities,22.074218811,5.890817821,1.618993067,0.00,148.51,No
Performance by Symbol,Data,GOLD.OLD,BARRICK MINING CORP,Stocks,Basic Materials,11.516703541,9.928639851,1.121063921,0.00,162.93,No
Performance by Symbol,Data,HBM,HUDBAY MINERALS INC,Stocks,Basic Materials,12.017928878,7.86902357,0.999181192,0.00,176.63,No
Performance by Symbol,Data,HOG,HARLEY-DAVIDSON INC,Stocks,Consumer Cyclicals,14.737535948,7.163060192,1.783884833,0.00,164.35,No
Performance by Symbol,Data,HRL,HORMEL FOODS CORP,Stocks,Consumer Non-Cyc,29.428127691,-0.12779607,0.016448809,-93.80,0.00,Yes
Performance by Symbol,Data,HUN,HUNTSMAN CORP,Stocks,Basic Materials,15.017233761,-42.861300105,-9.043569365,"-1,962.25",0.00,Yes
Performance by Symbol,Data,JD,JD.COM INC-ADR,Stocks,Consumer Cyclicals,14.218699392,-1.302684757,-0.10470155,-29.53,0.00,Yes
Performance by Symbol,Data,MMM,3M CO,Stocks,Consumer Non-Cyc,34.392944795,3.433943939,1.165959526,0.00,173.02,No
Performance by Symbol,Data,NKE,NIKE INC -CL B,Stocks,Consumer Cyclicals,22.196077191,13.547128989,2.946595505,0.00,460.86,No
Performance by Symbol,Data,SPCE,VIRGIN GALACTIC HOLDINGS INC,Stocks,Industrials,16.098582399,9.423761734,1.520295691,0.00,300.15,No
Performance by Symbol,Data,SRPT,SAREPTA THERAPEUTICS INC,Stocks,Healthcare,24.049507986,19.634872845,5.796256498,0.00,752.13,No
Performance by Symbol,Data,STLA,STELLANTIS NV,Stocks,Consumer Cyclicals,25.749305792,-24.460008353,-5.799674928,"-1,632.50",0.00,Yes
Performance by Symbol,Data,UUUU,ENERGY FUELS INC,Stocks,Energy,17.680637783,14.203807865,1.900114693,0.00,361.91,No
Performance by Symbol,Data,VSAT,VIASAT INC,Stocks,Technology,21.963409705,6.897730529,1.687316619,0.00,287.55,No
Performance by Symbol,Data,XYZ,BLOCK INC,Stocks,Industrials,19.575794551,21.028777475,4.320863182,0.00,699.48,No
Performance by Symbol,Data,Total Stocks,,,,74.544188632,6.58147373,13.628637217,"-3,718.08","4,911.39",
Performance by Symbol,Data,USD,United States Dollar,Cash,Cash,21.83642976,-0.151682166,-0.035186356,,,Yes
Performance by Symbol,Data,Total Cash,,,,21.83642976,-0.151682166,-0.035186356,,,
Performance by Symbol,Data,Total,,,,100,44.505043018,44.505043018,"-3,718.08","9,096.27",
Projected Income,MetaInfo,As Of,"January 27, 2026"
Projected Income,Header,Financial Instrument,Symbol,Description,Frequency,Quantity,Price,Value,Current Yield %,Principal,Estimated Annual Income,Estimated 2026 Remaining Income
Projected Income,Data,Stocks,HRL,Ordinary Dividend,4,200,25.2,5040,4.642857143,-,234,175.5
Projected Income,Data,Stocks,HUN,Ordinary Dividend,4,200,11.37,2274,3.078276165,-,70,70
Projected Income,Data,Stocks,JD,Ordinary Dividend,1,80,29.5,2360,3.389830508,-,80,80
Projected Income,Data,Stocks,STLA,Ordinary Dividend,1,400,9.75,3900,7.934698057,-,309.45322421,309.45322421
Projected Income,Data,,Total,,,,,13574,5.108687374,,693.45322421,634.95322421
Trade Summary,MetaInfo,Analysis Period,"June 20, 2024 - January 27, 2026"
Trade Summary,Header,Financial Instrument,Currency,Symbol,Description,Sector,Quantity Bought,Average Price Bought,Proceeds Bought,Proceeds Bought in Base,Quantity Sold,Average Price Sold,Proceeds Sold,Proceeds Sold in Base
Trade Summary,Data,ETFs,United States Dollar,SHY,ISHARES 1-3 YEAR TREASURY BO,Government,26,81.97,-2131.22,-2131.22,-26,82.07,2133.82,2133.82
Trade Summary,Data,ETFs,United States Dollar,TMF,DRX DLY 20+ YR TREAS BULL 3X,Broad,0,0,0,0,-130,58.86,7651.8,7651.8
Trade Summary,Data,Options,United States Dollar,BABA2 260116C00075000,BABA2 16JAN26 75 C,Technology,1,16.28,-1628,-1628,-1,28.1,2810,2810
Trade Summary,Data,Options,United States Dollar,BABA2 261218C00100000,BABA2 18DEC26 100 C,Technology,1,12,-1200,-1200,-1,20,2000,2000
Trade Summary,Data,Options,United States Dollar,BABA2 270115C00100000,BABA2 15JAN27 100 C,Technology,2,19.8,-3960,-3960,-2,26,5200,5200
Trade Summary,Data,Options,United States Dollar,NKE   261218C00090000,NKE 18DEC26 90 C,Consumer Cyclicals,1,9.95,-995,-995,-1,14.7,1470,1470
Trade Summary,Data,Stocks,United States Dollar,AHCO,ADAPTHEALTH CORP,Healthcare,350,8.557142857,-2995,-2995,-350,9.884142857,3459.45,3459.45
Trade Summary,Data,Stocks,United States Dollar,AZN,ASTRAZENECA PLC-SPONS ADR,Healthcare,100,65.39,-6539,-6539,-100,66.085,6608.5,6608.5
Trade Summary,Data,Stocks,United States Dollar,BABA,ALIBABA GROUP HOLDING-SP ADR,Technology,0,0,0,0,-19,76.995,1462.905,1462.905
Trade Summary,Data,Stocks,United States Dollar,CVS,CVS HEALTH CORP,Healthcare,100,57.59,-5759,-5759,-100,61.54,6154,6154
Trade Summary,Data,Stocks,United States Dollar,DSGN,DESIGN THERAPEUTICS INC,Healthcare,1000,5.9786,-5978.6,-5978.6,-1000,6.52862,6528.62,6528.62
Trade Summary,Data,Stocks,United States Dollar,EBR,CENTRAIS ELETRICAS BR-SP ADR,Utilities,700,6.185,-4329.5,-4329.5,-700,6.495,4546.5,4546.5
Trade Summary,Data,Stocks,United States Dollar,GOLD.OLD,BARRICK MINING CORP,Basic Materials,0,0,0,0,-100,18.26,1826,1826
Trade Summary,Data,Stocks,United States Dollar,HBM,HUDBAY MINERALS INC,Basic Materials,300,7.395,-2218.5,-2218.5,-300,8.16,2448,2448
Trade Summary,Data,Stocks,United States Dollar,HOG,HARLEY-DAVIDSON INC,Consumer Cyclicals,100,26.97,-2697,-2697,-100,29.055,2905.5,2905.5
Trade Summary,Data,Stocks,United States Dollar,HRL,HORMEL FOODS CORP,Consumer Non-Cyc,200,25.55,-5110,-5110,0,0,0,0
Trade Summary,Data,Stocks,United States Dollar,HUN,HUNTSMAN CORP,Basic Materials,200,20.96,-4192,-4192,0,0,0,0
Trade Summary,Data,Stocks,United States Dollar,JD,JD.COM INC-ADR,Consumer Cyclicals,80,29.598,-2367.84,-2367.84,0,0,0,0
Trade Summary,Data,Stocks,United States Dollar,MMM,3M CO,Consumer Non-Cyc,0,0,0,0,-50,104.66,5233,5233
Trade Summary,Data,Stocks,United States Dollar,NKE,NIKE INC -CL B,Consumer Cyclicals,62,54.525,-3380.55,-3380.55,-62,62.65,3884.3,3884.3
Trade Summary,Data,Stocks,United States Dollar,SPCE,VIRGIN GALACTIC HOLDINGS INC,Industrials,500,6.3092,-3154.6,-3154.6,-500,7.03084,3515.42,3515.42
Trade Summary,Data,Stocks,United States Dollar,SRPT,SAREPTA THERAPEUTICS INC,Healthcare,600,19.285,-11571,-11571,-600,20.779,12467.4,12467.4
Trade Summary,Data,Stocks,United States Dollar,STLA,STELLANTIS NV,Consumer Cyclicals,400,13.76,-5504,-5504,0,0,0,0
Trade Summary,Data,Stocks,United States Dollar,UUUU,ENERGY FUELS INC,Energy,200,16.79,-3358,-3358,-200,18.94,3788,3788
Trade Summary,Data,Stocks,United States Dollar,VSAT,VIASAT INC,Technology,900,8.918888889,-8027,-8027,-900,9.368888889,8432,8432
Trade Summary,Data,Stocks,United States Dollar,XYZ,BLOCK INC,Industrials,130,53.87,-7003.1,-7003.1,-130,59.911153846,7788.45,7788.45
Deposits And Withdrawals,MetaInfo,Analysis Period,"June 20, 2024 - January 27, 2026"
Deposits And Withdrawals,Header,Date,Type,Description,Amount
Deposits And Withdrawals,Data,06/20/24,ACATIN,3m Co (MMM) Quantity: 50,5038.5
Deposits And Withdrawals,Data,06/20/24,ACATIN,Barrick Gold Corp (GOLD) Quantity: 100,1641
Deposits And Withdrawals,Data,06/20/24,ACATIN,Alibaba Group Holding-sp Adr (BABA) Quantity: 19,1414.74
Deposits And Withdrawals,Data,06/20/24,ACATIN,Drx Dly 20+ Yr Treas Bull 3x (TMF) Quantity: 130,6987.5
Deposits And Withdrawals,Data,12/19/24,NA,Adjustment: Commission (consolidated Audit Trail Fee Refund) ,0.02
Deposits And Withdrawals,Data,01/15/25,WITHDRAWAL,Disbursement Initiated By Henry J Marino Urbina ,-2000
Deposits And Withdrawals,Data,07/22/25,WITHDRAWAL,Disbursement Initiated By Henry J Marino Urbina ,-1700
Deposits And Withdrawals,Data,01/21/26,WITHDRAWAL,Disbursement Initiated By Henry J Marino Urbina ,-1810.44
Dividends,MetaInfo,Analysis Period,"June 20, 2024 - January 27, 2026"
Dividends,Header,PayDate,Ex-Date,Symbol,Quantity,DividendPerShare,Amount
Dividends,Data,20240702,20240625,TMF,130,0.43,56.54
Dividends,Data,20241231,20241213,HUN,200,0.25,50
Dividends,Data,20250121,20241230,EBR,700,0.14,98.85
Dividends,Data,20250206,20250203,SHY,26,0.27,7.11
Dividends,Data,20250314,20250228,HOG,100,0.18,18
Dividends,Data,20250331,20250314,HUN,200,0.25,50
Dividends,Data,20250505,20250423,STLA,400,0.77,309.46
Dividends,Data,20250618,20250602,HOG,100,0.18,18
Dividends,Data,20250630,20250613,HUN,200,0.25,50
Dividends,Data,20250930,20250915,HUN,200,0.25,50
Dividends,Data,20251117,20251014,HRL,200,0.29,58
Dividends,Data,20251231,20251215,HUN,200,0.09,17.5
Notes and Disclosure,Header,Type,Note
Notes and Disclosure,Data,General,"1. The Net Asset Value (NAV) consists of all positions by financial instrument (stock, securities options, warrants, bonds, cash, etc.). All non-base currency amounts are converted to the base currency at the close of period rate."
Notes and Disclosure,Data,General,2. The gain or loss from future contracts settle into cash each night. The notional value is used when computing the contribution to return.
Notes and Disclosure,Data,General,"3. Dividend accruals, interest accruals, and insured deposits are included in cash amounts throughout the report."
Notes and Disclosure,Data,General,4. Price valuations are obtained from outside parties. Clearing Broker shall have no responsibility for the accuracy or timeliness of any such price valuation.
Notes and Disclosure,Data,General,5. Data from Thomson Reuters Business Classifications and Lipper Global is used to derive our sector classifications. Funds with assorted sector allocations are classified as Broad.
Notes and Disclosure,Data,General,"6. Amounts are formatted to two decimal places. If amounts are greater than two decimal places, Clearing Broker uses "half-even" rounding. This means that Clearing Broker rounds such amounts up to the nearest even number."
Notes and Disclosure,Data,General,"7. For accounts opened and funded before 2009, reports with a time period of Since Inception will only include data going back to January 1, 2009. This includes some default reports and both Historical Performance reports."
Notes and Disclosure,Data,General,"8. If you have elected to trade cryptocurrency/digital asset products at Crypto Provider through the Clearing Broker platform, for your convenience your positions in your linked account at Crypto Provider are reflected in PortfolioAnalyst in connection with your Clearing Broker account."
Notes and Disclosure,Data,Section,1. Account Overview: The deposit/withdrawal amount displayed includes internal transfers along with cash and position transfers.
Notes and Disclosure,Data,Section,2. Projected Income: The Estimated Annual Income and Estimated Remaining Income in the Projected Income report assume dividend and bond payments remain constant throughout the year. These positions and interest rates are based on the previous business day.
Notes and Disclosure,Data,Section,"3. Risk Measures: Historical US 3 Month Treasury Bill rates are used as the risk free rates when calculating Alpha, the Sharpe ratio, the Sortino ratio, and the downside deviation."
Notes and Disclosure,Data,Disclosure,"This portfolio report was generated using Clearing Broker's PortfolioAnalyst tool, which allows Clearing Broker clients to generate analyses of their accounts using market data provided by third parties along with trade and account data contained in Clearing Broker's systems. This report is for information purposes only and is provided AS IS. Clearing Broker makes no warranty of any kind, express or implied, as to this report and its contents. The data provided for use in the PortfolioAnalyst tool is believed to be accurate, but completeness and accuracy of the information is not guaranteed, and Clearing Broker has no liability with respect thereto. The data regarding accounts held outside of Clearing Broker is obtained either directly from your input or from the financial institutions holding those accounts through a third-party service provider and Clearing Broker has NOT reviewed its accuracy.

The material in this report is intended only as a reference and should not be relied upon for the maintenance of your books and records for tax, accounting, financial, or regulatory reporting or for any other purposes. This report is not an offer or a solicitation of an offer to buy or sell any security. This material does not, and is not intended to, take into account the particular financial conditions, investment objectives, or requirements of individual customers. Before acting on any material within this report, you should consider whether it is suitable for your particular circumstances and as necessary, seek professional advice."
