Introduction,Header,Name,Account,Alias,BaseCurrency,AccountType,AnalysisPeriod,PerformanceMeasure
Introduction,Data,Iris Maria A De Ferreyro,U16507979,,USD,Individual (Broker Client),"January 10, 2025 to January 27, 2026 (Daily)",TWR
Key Statistics,MetaInfo,Analysis Period,"January 10, 2025 - January 27, 2026"
Key Statistics,Header,BeginningNAV,EndingNAV,CumulativeReturn,5DayReturn,5DayReturnDateRange,10DayReturn,10DayReturnDateRange,BestReturn,BestReturnDate,WorstReturn,WorstReturnDate,MTM,Deposits & Withdrawals,Dividends,Interest,Fees & Commissions,Other,ChangeInNAV
Key Statistics,Data,0,223082.815329,8.820885526,1.903918304,20260121 - 20260127,1.137322625,20260114 - 20260127,3.141156899,20250409,-3.712700972,20250404,-502.0954,205000,23556.09,0,-1270.241669,-3700.937602,223082.815329
Historical Performance,MetaInfo,Analysis Period,"January 10, 2025 - January 27, 2026"
Historical Performance,Header,Account,MTD,QTD,YTD,1 Year,Since Inception
Historical Performance,Data,U16507979,2.342833088,2.342833088,2.342833088,6.690863244,8.820885531
Historical Performance,Header,Month,Account,AccountReturn
Historical Performance,Data,202501,U16507979,-
Historical Performance,Data,202502,U16507979,1.225152218
Historical Performance,Data,202503,U16507979,-1.681153526
Historical Performance,Data,202504,U16507979,-1.4842431
Historical Performance,Data,202505,U16507979,0.598021296
Historical Performance,Data,202506,U16507979,2.387186709
Historical Performance,Data,202507,U16507979,0.778243432
Historical Performance,Data,202508,U16507979,1.792678301
Historical Performance,Data,202509,U16507979,0.131307711
Historical Performance,Data,202510,U16507979,0.403882353
Historical Performance,Data,202511,U16507979,0.323517989
Historical Performance,Data,202512,U16507979,-1.081123687
Historical Performance,Header,Quarter,Account,AccountReturn
Historical Performance,Data,2025 Q1,U16507979,-
Historical Performance,Data,2025 Q2,U16507979,1.470721157
Historical Performance,Data,2025 Q3,U16507979,2.719574982
Historical Performance,Data,2025 Q4,U16507979,-0.360294935
Historical Performance,Header,Year,Account,AccountReturn
Historical Performance,Data,YTD,U16507979,2.342833088
Open Position Summary,MetaInfo,As Of,"January 27, 2026"
Open Position Summary,Header,Date,FinancialInstrument,Currency,Symbol,Description,Sector,Quantity,ClosePrice,Value,Cost Basis,UnrealizedP&L,FXRateToBase
Open Position Summary,Data,01/27/2026,ETFs,USD,KBWD,INVESCO KBW HIGH DIVIDEND YI,Financials,1312,14.37,18853.44,18758.174127,95.265873,1
Open Position Summary,Data,01/27/2026,ETFs,USD,LQDW,ISHARES INGR CORP BD B/W ETF,Broad,715,24.71,17667.65,18688.505963,-1020.855963,1
Open Position Summary,Data,01/27/2026,ETFs,USD,RYLD,GLOBAL X RUSSELL 2000 COV CL,Broad,1150,15.62,17963,18684.035858,-721.035858,1
Open Position Summary,Data,01/27/2026,ETFs,USD,SPHY,SS SPDR P HIGH YIELD ETF,Broad,272,23.85,6487.2,6513.622444,-26.422444,1
Open Position Summary,Data,01/27/2026,ETFs,USD,TLTW,ISHARES 20+ BOND BUYWRITE,Broad,810,22.89,18540.9,18683.551344,-142.651344,1
Open Position Summary,Data,Total,ETFs,USD,,,,,,79512.19,81327.889736,-1815.699736
Open Position Summary,Data,01/27/2026,Stocks,USD,BHK,BLACKROCK CORE BOND TRUST,Broad,1910,9.55,18240.5,18625.018483,-384.518483,1
Open Position Summary,Data,01/27/2026,Stocks,USD,BKT,BLACKROCK INCOME TRUST,Broad,1643,11.05,18155.15,18754.21313,-599.06313,1
Open Position Summary,Data,01/27/2026,Stocks,USD,BWG,BRANDYWINEGLOBAL GLOBAL INCO,Broad,1543,8.5,13115.5,13211.247569,-95.747569,1
Open Position Summary,Data,01/27/2026,Stocks,USD,DSU,BLACKROCK DEBT STRATEGIES,Broad,1732,10.16,17597.12,18708.210528,-1111.090528,1
Open Position Summary,Data,01/27/2026,Stocks,USD,ECAT,BLACKROCK ESG CAP ALL TRM TR,Broad,1115,15.53,17315.95,17651.145868,-335.195868,1
Open Position Summary,Data,01/27/2026,Stocks,USD,FAX,ABRDN ASIA-PACIFIC INCOME,Broad,440,15.55,6842,7039.380531,-197.380531,1
Open Position Summary,Data,01/27/2026,Stocks,USD,GBAB,GUGGENHEIM TAXABLE MUNICIPAL,Broad,1200,15.02,18024,18623.498286,-599.498286,1
Open Position Summary,Data,01/27/2026,Stocks,USD,GHY,PGIM GLOBAL HIGH YIELD FUND,Broad,1050,12.88,13524,13160.712701,363.287299,1
Open Position Summary,Data,01/27/2026,Stocks,USD,WDI,WESTERN ASSET DIVERS INC,Broad,1240,13.75,17050,17997.099356,-947.099356,1
Open Position Summary,Data,Total,Stocks,USD,,,,,,139864.22,143770.526452,-3906.306452
Open Position Summary,Data,01/27/2026,Cash,USD,USD,United States Dollar,Cash,3706.405329,1,3706.405329, , ,1
Performance by Symbol,MetaInfo,Analysis Period,"January 10, 2025 - January 27, 2026"
Performance by Symbol,Header,Symbol,Description,FinancialInstrument,Sector,AvgWeight,Return,Contribution,Unrealized_P&L,Realized_P&L,Open
Performance by Symbol,Data,KBWD,INVESCO KBW HIGH DIVIDEND YI,ETFs,Financials,8.634564919,10.467690464,0.892162076,95.27,0.00,Yes
Performance by Symbol,Data,LQDW,ISHARES INGR CORP BD B/W ETF,ETFs,Broad,8.543093591,5.328484729,0.452135756,"-1,020.86",0.00,Yes
Performance by Symbol,Data,RYLD,GLOBAL X RUSSELL 2000 COV CL,ETFs,Broad,8.224738408,5.325574125,0.44516062,-721.04,0.00,Yes
Performance by Symbol,Data,SDIV,GLOBAL X SUPERDIVIDEND ETF,ETFs,Broad,9.248308846,18.225509389,1.638158734,0.00,"2,686.53",No
Performance by Symbol,Data,SPHY,SS SPDR P HIGH YIELD ETF,ETFs,Broad,2.950788929,1.273322717,0.037918532,-26.42,0.00,Yes
Performance by Symbol,Data,TLTW,ISHARES 20+ BOND BUYWRITE,ETFs,Broad,8.816632446,9.807726473,0.822607863,-142.65,0.00,Yes
Performance by Symbol,Data,Total ETFs,,,,39.711721687,10.962102668,4.294042153,"-1,815.70","2,686.53",
Performance by Symbol,Data,BBN,BLACKROCK TAXABLE MUNI BND,Stocks,Broad,8.944962302,9.473820637,0.806515524,0.00,887.07,No
Performance by Symbol,Data,BHK,BLACKROCK CORE BOND TRUST,Stocks,Broad,8.502771046,1.689162845,0.147508615,-384.52,0.00,Yes
Performance by Symbol,Data,BKT,BLACKROCK INCOME TRUST,Stocks,Broad,8.855312024,4.940303237,0.447646692,-599.06,0.00,Yes
Performance by Symbol,Data,BKT RT,BLACKROCK INCOME TR-RT,Stocks,Broad,0.072004142,-100,-0.092447908,0.00,0.00,No
Performance by Symbol,Data,BTZ,BLACKROCK CREDIT ALLOCATION,Stocks,Broad,9.023177226,8.226600689,0.760014584,0.00,376.07,No
Performance by Symbol,Data,BWG,BRANDYWINEGLOBAL GLOBAL INCO,Stocks,Broad,5.975933408,-0.070678937,-0.003974797,-95.75,0.00,Yes
Performance by Symbol,Data,DSU,BLACKROCK DEBT STRATEGIES,Stocks,Broad,8.497335387,2.469789499,0.261347344,"-1,111.09",0.00,Yes
Performance by Symbol,Data,ECAT,BLACKROCK ESG CAP ALL TRM TR,Stocks,Broad,7.988606323,-0.674097134,-0.053415188,-335.20,0.00,Yes
Performance by Symbol,Data,FAX,ABRDN ASIA-PACIFIC INCOME,Stocks,Broad,3.205921771,3.032515699,0.097715044,-197.38,0.00,Yes
Performance by Symbol,Data,GBAB,GUGGENHEIM TAXABLE MUNICIPAL,Stocks,Broad,8.615958023,4.249061534,0.372763675,-599.50,0.00,Yes
Performance by Symbol,Data,GHY,PGIM GLOBAL HIGH YIELD FUND,Stocks,Broad,6.020004911,2.760392291,0.165626942,363.29,0.00,Yes
Performance by Symbol,Data,WDI,WESTERN ASSET DIVERS INC,Stocks,Broad,8.476773029,3.937456948,0.401404256,-947.10,0.00,Yes
Performance by Symbol,Data,Total Stocks,,,,57.884686651,5.686865828,3.280244952,"-3,906.31","1,263.14",
Performance by Symbol,Data,USD,United States Dollar,Cash,Cash,2.761087663,2607.496794904,1.17218403,,,Yes
Performance by Symbol,Data,Total Cash,,,,2.761087663,2607.496794904,1.17218403,,,
Performance by Symbol,Data,Total,,,,100,8.820885526,8.820885526,"-5,722.01","3,949.67",
Projected Income,MetaInfo,As Of,"January 27, 2026"
Projected Income,Header,Financial Instrument,Symbol,Description,Frequency,Quantity,Price,Value,Current Yield %,Principal,Estimated Annual Income,Estimated 2026 Remaining Income
Projected Income,Data,ETFs,KBWD,Ordinary Dividend,11,1312,14.37,18853.44,11.317675713,-,2133.7712,2133.7712
Projected Income,Data,ETFs,LQDW,Ordinary Dividend,12,715,24.71,17667.65,12.940914609,-,2286.3555,2286.3555
Projected Income,Data,ETFs,RYLD,Ordinary Dividend,11,1150,15.62,17963,11.077464789,-,1989.845,1989.845
Projected Income,Data,ETFs,SPHY,Ordinary Dividend,11,272,23.85,6487.2,6.488385744,-,420.91456,420.91456
Projected Income,Data,ETFs,TLTW,Ordinary Dividend,12,810,22.89,18540.9,9.798621689,-,1816.752648725,1816.752648725
Projected Income,Data,,Total ETFs,,,,,79512.19,10.875865586,,8647.638908725,8647.638908725
Projected Income,Data,Stocks,BHK,Ordinary Dividend,12,1910,9.55,18240.5,9.37382199,-,1709.832,1567.346
Projected Income,Data,Stocks,BKT,Ordinary Dividend,12,1643,11.05,18155.15,9.578280543,-,1738.9512,1594.0386
Projected Income,Data,Stocks,BWG,Ordinary Dividend,12,1543,8.5,13115.5,11.294117647,-,1481.28,1357.84
Projected Income,Data,Stocks,DSU,Ordinary Dividend,12,1732,10.16,17597.12,11.661023622,-,2052.00432,1881.00396
Projected Income,Data,Stocks,ECAT,Ordinary Dividend,12,1115,15.53,17315.95,21.404507405,-,3706.3938,3397.52765
Projected Income,Data,Stocks,FAX,Ordinary Dividend,12,440,15.55,6842,12.733118971,-,871.2,798.6
Projected Income,Data,Stocks,GBAB,Ordinary Dividend,12,1200,15.02,18024,10.045006658,-,1810.512,1659.636
Projected Income,Data,Stocks,GHY,Ordinary Dividend,12,1050,12.88,13524,9.782608696,-,1323,1212.75
Projected Income,Data,Stocks,WDI,Ordinary Dividend,12,1240,13.75,17050,12.96,-,2209.68,2025.54
Projected Income,Data,,Total Stocks,,,,,139864.22,12.085187563,,16902.85332,15494.28221
Projected Income,Data,,Total,,,,,219376.41,11.646873166,,25550.492228725,24141.921118725
Trade Summary,MetaInfo,Analysis Period,"January 10, 2025 - January 27, 2026"
Trade Summary,Header,Financial Instrument,Currency,Symbol,Description,Sector,Quantity Bought,Average Price Bought,Proceeds Bought,Proceeds Bought in Base,Quantity Sold,Average Price Sold,Proceeds Sold,Proceeds Sold in Base
Trade Summary,Data,ETFs,United States Dollar,KBWD,INVESCO KBW HIGH DIVIDEND YI,Financials,1312,14.248085366,-18693.488,-18693.488,0,0,0,0
Trade Summary,Data,ETFs,United States Dollar,LQDW,ISHARES INGR CORP BD B/W ETF,Broad,715,26.069986014,-18640.04,-18640.04,0,0,0,0
Trade Summary,Data,ETFs,United States Dollar,RYLD,GLOBAL X RUSSELL 2000 COV CL,Broad,1150,16.195,-18624.25,-18624.25,0,0,0,0
Trade Summary,Data,ETFs,United States Dollar,SDIV,GLOBAL X SUPERDIVIDEND ETF,Broad,910,20.427340659,-18588.88,-18588.88,-910,23.495,21380.45,21380.45
Trade Summary,Data,ETFs,United States Dollar,SPHY,SS SPDR P HIGH YIELD ETF,Broad,272,23.825,-6480.4,-6480.4,0,0,0,0
Trade Summary,Data,ETFs,United States Dollar,TLTW,ISHARES 20+ BOND BUYWRITE,Broad,810,23.005,-18634.05,-18634.05,0,0,0,0
Trade Summary,Data,Stocks,United States Dollar,BBN,BLACKROCK TAXABLE MUNI BND,Broad,1160,16.066474138,-18637.11,-18637.11,-1160,16.935,19644.6,19644.6
Trade Summary,Data,Stocks,United States Dollar,BHK,BLACKROCK CORE BOND TRUST,Broad,1910,9.708,-18542.28,-18542.28,0,0,0,0
Trade Summary,Data,Stocks,United States Dollar,BKT,BLACKROCK INCOME TRUST,Broad,1643,11.354522215,-18655.48,-18655.48,0,0,0,0
Trade Summary,Data,Stocks,United States Dollar,BTZ,BLACKROCK CREDIT ALLOCATION,Broad,1772,10.51,-18623.72,-18623.72,-1772,10.81,19155.32,19155.32
Trade Summary,Data,Stocks,United States Dollar,BWG,BRANDYWINEGLOBAL GLOBAL INCO,Broad,1543,8.515648088,-13139.645,-13139.645,0,0,0,0
Trade Summary,Data,Stocks,United States Dollar,DSU,BLACKROCK DEBT STRATEGIES,Broad,1732,10.75682448,-18630.82,-18630.82,0,0,0,0
Trade Summary,Data,Stocks,United States Dollar,ECAT,BLACKROCK ESG CAP ALL TRM TR,Broad,1115,15.778,-17592.47,-17592.47,0,0,0,0
Trade Summary,Data,Stocks,United States Dollar,FAX,ABRDN ASIA-PACIFIC INCOME,Broad,440,15.91,-7000.4,-7000.4,0,0,0,0
Trade Summary,Data,Stocks,United States Dollar,GBAB,GUGGENHEIM TAXABLE MUNICIPAL,Broad,1200,15.4685,-18562.2,-18562.2,0,0,0,0
Trade Summary,Data,Stocks,United States Dollar,GHY,PGIM GLOBAL HIGH YIELD FUND,Broad,1050,12.48,-13104,-13104,0,0,0,0
Trade Summary,Data,Stocks,United States Dollar,WDI,WESTERN ASSET DIVERS INC,Broad,1240,14.443258065,-17909.64,-17909.64,0,0,0,0
Deposits And Withdrawals,MetaInfo,Analysis Period,"January 10, 2025 - January 27, 2026"
Deposits And Withdrawals,Header,Date,Type,Description,Amount
Deposits And Withdrawals,Data,01/10/25,DEPOSIT,Cash Receipts / Electronic Fund Transfers ,205000
Corporate Actions,MetaInfo,Analysis Period,"January 10, 2025 - January 27, 2026"
Corporate Actions,Header,Date,Type,Description,Quantity
Corporate Actions,Data,20250926,Rights,BKT(US09247F2092) SUBSCRIBABLE RIGHTS ISSUE  1 FOR 1,1643
Corporate Actions,Data,20251030,Delisting,(US09247F1185) DELISTED,-1643
Dividends,MetaInfo,Analysis Period,"January 10, 2025 - January 27, 2026"
Dividends,Header,PayDate,Ex-Date,Symbol,Quantity,DividendPerShare,Amount
Dividends,Data,20250124,20250121,KBWD,1312,0.15,190.46
Dividends,Data,20250128,20250121,RYLD,1150,0.17,193.43
Dividends,Data,20250131,20250115,BKT,1643,0.09,144.91
Dividends,Data,20250131,20250115,GBAB,1200,0.13,150.88
Dividends,Data,20250131,20250115,DSU,1732,0.10,171
Dividends,Data,20250131,20250115,BBN,1160,0.09,107.76
Dividends,Data,20250131,20250115,BTZ,1772,0.08,148.67
Dividends,Data,20250203,20250124,WDI,1240,0.15,184.14
Dividends,Data,20250207,20250204,TLTW,810,0.39,314.5
Dividends,Data,20250207,20250204,LQDW,715,0.43,309.88
Dividends,Data,20250212,20250205,SDIV,910,0.19,175.63
Dividends,Data,20250228,20250214,BBN,1160,0.09,107.76
Dividends,Data,20250228,20250214,GBAB,1200,0.13,150.88
Dividends,Data,20250228,20250224,KBWD,1312,0.15,191.91
Dividends,Data,20250228,20250214,DSU,1732,0.10,171
Dividends,Data,20250228,20250214,BKT,1643,0.09,144.91
Dividends,Data,20250228,20250214,BTZ,1772,0.08,148.67
Dividends,Data,20250303,20250221,WDI,1240,0.15,184.14
Dividends,Data,20250303,20250224,RYLD,1150,0.16,187.1
Dividends,Data,20250307,20250304,TLTW,810,0.26,209.65
Dividends,Data,20250307,20250304,LQDW,715,0.26,185.86
Dividends,Data,20250312,20250305,SDIV,910,0.20,182
Dividends,Data,20250328,20250324,KBWD,1312,0.14,186.66
Dividends,Data,20250331,20250324,RYLD,1150,0.15,176.76
Dividends,Data,20250331,20250314,GBAB,1200,0.13,150.88
Dividends,Data,20250331,20250314,DSU,1732,0.10,171
Dividends,Data,20250331,20250314,BTZ,1772,0.08,148.67
Dividends,Data,20250331,20250314,BBN,1160,0.09,107.76
Dividends,Data,20250331,20250314,BKT,1643,0.09,144.91
Dividends,Data,20250401,20250324,WDI,1240,0.15,184.14
Dividends,Data,20250407,20250402,TLTW,810,0.26,208.93
Dividends,Data,20250407,20250402,LQDW,715,0.27,196.56
Dividends,Data,20250410,20250403,SDIV,910,0.19,177.45
Dividends,Data,20250425,20250421,KBWD,1312,0.14,183.75
Dividends,Data,20250428,20250421,RYLD,1150,0.14,164.56
Dividends,Data,20250430,20250415,BKT,1643,0.09,144.91
Dividends,Data,20250430,20250415,BBN,1160,0.09,107.76
Dividends,Data,20250430,20250415,DSU,1732,0.10,171
Dividends,Data,20250430,20250415,GBAB,1200,0.13,150.88
Dividends,Data,20250430,20250415,BTZ,1772,0.08,148.67
Dividends,Data,20250501,20250423,WDI,1240,0.15,184.14
Dividends,Data,20250507,20250502,TLTW,810,0.37,303.73
Dividends,Data,20250507,20250502,LQDW,715,0.56,399.22
Dividends,Data,20250512,20250505,SDIV,910,0.19,177.45
Dividends,Data,20250523,20250519,KBWD,1312,0.15,193.86
Dividends,Data,20250527,20250519,RYLD,1150,0.15,170.31
Dividends,Data,20250530,20250515,GBAB,1200,0.13,150.88
Dividends,Data,20250530,20250515,BTZ,1772,0.08,148.67
Dividends,Data,20250530,20250515,BKT,1643,0.09,144.91
Dividends,Data,20250530,20250515,BBN,1160,0.09,107.76
Dividends,Data,20250530,20250515,DSU,1732,0.10,171
Dividends,Data,20250602,20250522,WDI,1240,0.15,184.14
Dividends,Data,20250606,20250603,LQDW,715,0.45,319.07
Dividends,Data,20250606,20250603,TLTW,810,0.42,339.07
Dividends,Data,20250611,20250604,SDIV,910,0.19,174.72
Dividends,Data,20250627,20250623,KBWD,1312,0.15,193.53
Dividends,Data,20250630,20250613,GBAB,1200,0.13,150.88
Dividends,Data,20250630,20250623,RYLD,1150,0.15,170.78
Dividends,Data,20250630,20250623,FAX,440,0.16,72.6
Dividends,Data,20250630,20250613,BTZ,1772,0.08,148.67
Dividends,Data,20250630,20250613,BKT,1643,0.09,144.91
Dividends,Data,20250630,20250613,BBN,1160,0.09,107.76
Dividends,Data,20250630,20250613,DSU,1732,0.10,171
Dividends,Data,20250701,20250623,WDI,1240,0.15,184.14
Dividends,Data,20250708,20250702,LQDW,715,0.29,210.1
Dividends,Data,20250708,20250702,TLTW,810,0.31,254.08
Dividends,Data,20250711,20250703,SDIV,910,0.19,172.9
Dividends,Data,20250725,20250721,KBWD,1312,0.15,193.19
Dividends,Data,20250728,20250721,RYLD,1150,0.15,172.27
Dividends,Data,20250731,20250715,BTZ,1772,0.08,148.67
Dividends,Data,20250731,20250715,BHK,1910,0.07,142.49
Dividends,Data,20250731,20250715,BKT,1643,0.09,144.91
Dividends,Data,20250731,20250715,DSU,1732,0.10,171
Dividends,Data,20250731,20250715,BBN,1160,0.09,107.76
Dividends,Data,20250731,20250724,FAX,440,0.16,72.6
Dividends,Data,20250731,20250715,GBAB,1200,0.13,150.88
Dividends,Data,20250801,20250724,WDI,1240,0.15,184.14
Dividends,Data,20250807,20250804,LQDW,715,0.31,225
Dividends,Data,20250807,20250804,TLTW,810,0.23,187.18
Dividends,Data,20250822,20250818,KBWD,1312,0.15,192.93
Dividends,Data,20250825,20250818,RYLD,1150,0.15,173.19
Dividends,Data,20250829,20250815,BKT,1643,0.09,144.91
Dividends,Data,20250829,20250815,GBAB,1200,0.13,150.88
Dividends,Data,20250829,20250822,FAX,440,0.16,72.6
Dividends,Data,20250829,20250815,BHK,1910,0.07,142.49
Dividends,Data,20250829,20250815,BTZ,1772,0.08,148.67
Dividends,Data,20250829,20250815,DSU,1732,0.10,171
Dividends,Data,20250829,20250815,BBN,1160,0.10,114.38
Dividends,Data,20250902,20250822,WDI,1240,0.15,184.14
Dividends,Data,20250908,20250903,TLTW,810,0.22,176.84
Dividends,Data,20250908,20250903,LQDW,715,0.24,174.5
Dividends,Data,20250926,20250922,KBWD,1312,0.15,193.59
Dividends,Data,20250929,20250922,RYLD,1150,0.15,174.46
Dividends,Data,20250930,20250923,FAX,440,0.16,72.6
Dividends,Data,20250930,20250915,GBAB,1200,0.13,150.88
Dividends,Data,20250930,20250915,BTZ,1772,0.08,148.67
Dividends,Data,20250930,20250915,BHK,1910,0.07,142.49
Dividends,Data,20250930,20250915,DSU,1732,0.10,171
Dividends,Data,20250930,20250915,BKT,1643,0.09,144.91
Dividends,Data,20250930,20250915,BBN,1160,0.10,114.38
Dividends,Data,20251001,20250923,WDI,1240,0.15,184.14
Dividends,Data,20251006,20251001,SPHY,272,0.14,39.19
Dividends,Data,20251007,20251002,LQDW,715,0.24,168.95
Dividends,Data,20251007,20251002,TLTW,810,0.14,117.06
Dividends,Data,20251024,20251020,KBWD,1312,0.15,193.45
Dividends,Data,20251027,20251020,RYLD,1150,0.15,175.38
Dividends,Data,20251031,20251015,BBN,1160,0.10,114.38
Dividends,Data,20251031,20251024,FAX,440,0.16,72.6
Dividends,Data,20251031,20251015,GBAB,1200,0.13,150.88
Dividends,Data,20251031,20251015,BHK,1910,0.07,142.49
Dividends,Data,20251031,20251015,BTZ,1772,0.08,148.67
Dividends,Data,20251031,20251015,DSU,1732,0.10,171
Dividends,Data,20251031,20251015,BKT,1643,0.09,144.91
Dividends,Data,20251103,20251024,WDI,1240,0.15,184.14
Dividends,Data,20251106,20251103,SPHY,272,0.14,38.78
Dividends,Data,20251107,20251104,TLTW,810,0.38,306.4
Dividends,Data,20251107,20251104,LQDW,715,0.34,242.39
Dividends,Data,20251128,20251114,BTZ,1772,0.08,148.67
Dividends,Data,20251128,20251124,KBWD,1312,0.15,193.72
Dividends,Data,20251128,20251121,FAX,440,0.16,72.6
Dividends,Data,20251128,20251114,DSU,1732,0.10,171
Dividends,Data,20251128,20251114,BHK,1910,0.07,142.49
Dividends,Data,20251128,20251114,BBN,1160,0.10,114.38
Dividends,Data,20251128,20251114,BKT,1643,0.09,144.91
Dividends,Data,20251128,20251114,GBAB,1200,0.13,150.88
Dividends,Data,20251201,20251120,WDI,1240,0.15,184.14
Dividends,Data,20251202,20251124,RYLD,1150,0.15,174.57
Dividends,Data,20251204,20251201,SPHY,272,0.14,38
Dividends,Data,20251205,20251202,TLTW,810,0.19,151.92
Dividends,Data,20251205,20251202,LQDW,715,0.27,190.36
Dividends,Data,20251219,20251210,WDI,1240,0.15,184.14
Dividends,Data,20251223,20251218,SPHY,272,0.14,38.26
Dividends,Data,20251226,20251222,KBWD,1312,0.15,193.91
Dividends,Data,20251229,20251223,LQDW,715,0.27,190.53
Dividends,Data,20251229,20251223,TLTW,810,0.19,151.4
Dividends,Data,20251230,20251222,RYLD,1150,0.16,178.37
Dividends,Data,20251231,20251222,DSU,1732,0.10,171
Dividends,Data,20251231,20251222,BKT,1643,0.09,144.91
Dividends,Data,20251231,20251222,BHK,1910,0.07,142.49
Dividends,Data,20251231,20251215,GBAB,1200,0.13,150.88
Dividends,Data,20260112,20251231,FAX,440,0.16,72.6
Dividends,Data,20260123,20260120,KBWD,1312,0.15,193.98
Dividends,Data,20260123,20260120,RYLD,1150,0.16,180.9
Notes and Disclosure,Header,Type,Note
Notes and Disclosure,Data,General,"1. The Net Asset Value (NAV) consists of all positions by financial instrument (stock, securities options, warrants, bonds, cash, etc.). All non-base currency amounts are converted to the base currency at the close of period rate."
Notes and Disclosure,Data,General,2. The gain or loss from future contracts settle into cash each night. The notional value is used when computing the contribution to return.
Notes and Disclosure,Data,General,"3. Dividend accruals, interest accruals, and insured deposits are included in cash amounts throughout the report."
Notes and Disclosure,Data,General,4. Price valuations are obtained from outside parties. Clearing Broker shall have no responsibility for the accuracy or timeliness of any such price valuation.
Notes and Disclosure,Data,General,5. Data from Thomson Reuters Business Classifications and Lipper Global is used to derive our sector classifications. Funds with assorted sector allocations are classified as Broad.
Notes and Disclosure,Data,General,"6. Amounts are formatted to two decimal places. If amounts are greater than two decimal places, Clearing Broker uses "half-even" rounding. This means that Clearing Broker rounds such amounts up to the nearest even number."
Notes and Disclosure,Data,General,"7. For accounts opened and funded before 2009, reports with a time period of Since Inception will only include data going back to January 1, 2009. This includes some default reports and both Historical Performance reports."
Notes and Disclosure,Data,General,"8. If you have elected to trade cryptocurrency/digital asset products at Crypto Provider through the Clearing Broker platform, for your convenience your positions in your linked account at Crypto Provider are reflected in PortfolioAnalyst in connection with your Clearing Broker account."
Notes and Disclosure,Data,Section,1. Account Overview: The deposit/withdrawal amount displayed includes internal transfers along with cash and position transfers.
Notes and Disclosure,Data,Section,2. Projected Income: The Estimated Annual Income and Estimated Remaining Income in the Projected Income report assume dividend and bond payments remain constant throughout the year. These positions and interest rates are based on the previous business day.
Notes and Disclosure,Data,Section,"3. Risk Measures: Historical US 3 Month Treasury Bill rates are used as the risk free rates when calculating Alpha, the Sharpe ratio, the Sortino ratio, and the downside deviation."
Notes and Disclosure,Data,Disclosure,"This portfolio report was generated using Clearing Broker's PortfolioAnalyst tool, which allows Clearing Broker clients to generate analyses of their accounts using market data provided by third parties along with trade and account data contained in Clearing Broker's systems. This report is for information purposes only and is provided AS IS. Clearing Broker makes no warranty of any kind, express or implied, as to this report and its contents. The data provided for use in the PortfolioAnalyst tool is believed to be accurate, but completeness and accuracy of the information is not guaranteed, and Clearing Broker has no liability with respect thereto. The data regarding accounts held outside of Clearing Broker is obtained either directly from your input or from the financial institutions holding those accounts through a third-party service provider and Clearing Broker has NOT reviewed its accuracy.

The material in this report is intended only as a reference and should not be relied upon for the maintenance of your books and records for tax, accounting, financial, or regulatory reporting or for any other purposes. This report is not an offer or a solicitation of an offer to buy or sell any security. This material does not, and is not intended to, take into account the particular financial conditions, investment objectives, or requirements of individual customers. Before acting on any material within this report, you should consider whether it is suitable for your particular circumstances and as necessary, seek professional advice."
