Introduction,Header,Name,Account,Alias,BaseCurrency,AccountType,AnalysisPeriod,PerformanceMeasure
Introduction,Data,Italo Baiocchi and Heidi Tello,U15622726,,USD,Joint (Broker Client),"September 19, 2024 to January 27, 2026 (Daily)",TWR
Key Statistics,MetaInfo,Analysis Period,"September 19, 2024 - January 27, 2026"
Key Statistics,Header,BeginningNAV,EndingNAV,CumulativeReturn,5DayReturn,5DayReturnDateRange,10DayReturn,10DayReturnDateRange,BestReturn,BestReturnDate,WorstReturn,WorstReturnDate,MTM,Deposits & Withdrawals,Dividends,Interest,Fees & Commissions,Other,ChangeInNAV
Key Statistics,Data,0,51682.638025,3.36527605,1.140433251,20260121 - 20260127,1.283592611,20260114 - 20260127,5.250227058,20250409,-5.168217429,20250407,-2169.98,50000,5661.41,0,-106.981975,-1701.81,51682.638025
Historical Performance,MetaInfo,Analysis Period,"September 19, 2024 - January 27, 2026"
Historical Performance,Header,Account,MTD,QTD,YTD,1 Year,Since Inception
Historical Performance,Data,U15622726,4.388511301,4.388511301,4.388511301,12.815907862,3.365276092
Historical Performance,Header,Month,Account,AccountReturn
Historical Performance,Data,202501,U15622726,2.975605004
Historical Performance,Data,202502,U15622726,4.971813725
Historical Performance,Data,202503,U15622726,-3.802601502
Historical Performance,Data,202504,U15622726,-3.66305333
Historical Performance,Data,202505,U15622726,-0.773460767
Historical Performance,Data,202506,U15622726,5.041803154
Historical Performance,Data,202507,U15622726,0.060536639
Historical Performance,Data,202508,U15622726,3.35615716
Historical Performance,Data,202509,U15622726,0.658621255
Historical Performance,Data,202510,U15622726,0.762842824
Historical Performance,Data,202511,U15622726,2.01477107
Historical Performance,Data,202512,U15622726,-2.237542916
Historical Performance,Data,202401,U15622726,-
Historical Performance,Data,202402,U15622726,-
Historical Performance,Data,202403,U15622726,-
Historical Performance,Data,202404,U15622726,-
Historical Performance,Data,202405,U15622726,-
Historical Performance,Data,202406,U15622726,-
Historical Performance,Data,202407,U15622726,-
Historical Performance,Data,202408,U15622726,-
Historical Performance,Data,202409,U15622726,-
Historical Performance,Data,202410,U15622726,-4.349077669
Historical Performance,Data,202411,U15622726,2.529812222
Historical Performance,Data,202412,U15622726,-8.046507133
Historical Performance,Header,Quarter,Account,AccountReturn
Historical Performance,Data,2025 Q1,U15622726,3.984924474
Historical Performance,Data,2025 Q2,U15622726,0.411369488
Historical Performance,Data,2025 Q3,U15622726,4.099863211
Historical Performance,Data,2025 Q4,U15622726,0.492946311
Historical Performance,Data,2024 Q1,U15622726,-
Historical Performance,Data,2024 Q2,U15622726,-
Historical Performance,Data,2024 Q3,U15622726,-
Historical Performance,Data,2024 Q4,U15622726,-9.820555706
Historical Performance,Header,Year,Account,AccountReturn
Historical Performance,Data,YTD,U15622726,4.388511301
Historical Performance,Data,2025,U15622726,9.229264477
Open Position Summary,MetaInfo,As Of,"January 27, 2026"
Open Position Summary,Header,Date,FinancialInstrument,Currency,Symbol,Description,Sector,Quantity,ClosePrice,Value,Cost Basis,UnrealizedP&L,FXRateToBase
Open Position Summary,Data,01/27/2026,ETFs,USD,KBWD,INVESCO KBW HIGH DIVIDEND YI,Financials,1300,14.37,18681,19748.030944,-1067.030944,1
Open Position Summary,Data,01/27/2026,ETFs,USD,TLT,ISHARES 20+ YEAR TREASURY BD,Government,374,87.8,32837.2,35357.746633,-2520.546633,1
Open Position Summary,Data,Total,ETFs,USD,,,,,,51518.2,55105.777577,-3587.577577
Open Position Summary,Data,01/27/2026,Cash,USD,USD,United States Dollar,Cash,164.438025,1,164.438025, , ,1
Performance by Symbol,MetaInfo,Analysis Period,"September 19, 2024 - January 27, 2026"
Performance by Symbol,Header,Symbol,Description,FinancialInstrument,Sector,AvgWeight,Return,Contribution,Unrealized_P&L,Realized_P&L,Open
Performance by Symbol,Data,KBWD,INVESCO KBW HIGH DIVIDEND YI,ETFs,Financials,38.812495835,5.793773237,2.416079639,"-1,067.03",0.00,Yes
Performance by Symbol,Data,SDIV,GLOBAL X SUPERDIVIDEND ETF,ETFs,Broad,39.863524586,18.635389522,7.859289619,0.00,"1,525.51",No
Performance by Symbol,Data,TLT,ISHARES 20+ YEAR TREASURY BD,ETFs,Government,63.273476356,25.393213103,13.568951452,"-2,520.55",-214.90,Yes
Performance by Symbol,Data,Total ETFs,,,,79.555304627,24.68593706,24.908321104,"-3,587.58","1,310.62",
Performance by Symbol,Data,TLT   260116C00070000,TLT 16JAN26 70 C,Options,Government,16.060256619,-100,-18.700173007,0.00,0.00,No
Performance by Symbol,Data,Total Options,,,,16.060256619,-100,-18.700173007,0.00,0.00,
Performance by Symbol,Data,USD,United States Dollar,Cash,Cash,6.55156425,163.434238605,0.104997995,,,Yes
Performance by Symbol,Data,Total Cash,,,,6.55156425,163.434238605,0.104997995,,,
Performance by Symbol,Data,Total,,,,100,3.36527605,3.36527605,"-3,587.58","1,310.62",
Projected Income,MetaInfo,As Of,"January 27, 2026"
Projected Income,Header,Financial Instrument,Symbol,Description,Frequency,Quantity,Price,Value,Current Yield %,Principal,Estimated Annual Income,Estimated 2026 Remaining Income
Projected Income,Data,ETFs,KBWD,Ordinary Dividend,11,1300,14.37,18681,11.317675713,-,2114.255,2114.255
Projected Income,Data,ETFs,TLT,Ordinary Dividend,12,374,87.8,32837.2,4.443553531,-,1459.13856,1459.13856
Projected Income,Data,,Total,,,,,51518.2,6.93617704,,3573.39356,3573.39356
Trade Summary,MetaInfo,Analysis Period,"September 19, 2024 - January 27, 2026"
Trade Summary,Header,Financial Instrument,Currency,Symbol,Description,Sector,Quantity Bought,Average Price Bought,Proceeds Bought,Proceeds Bought in Base,Quantity Sold,Average Price Sold,Proceeds Sold,Proceeds Sold in Base
Trade Summary,Data,ETFs,United States Dollar,KBWD,INVESCO KBW HIGH DIVIDEND YI,Financials,1300,15.169,-19719.7,-19719.7,0,0,0,0
Trade Summary,Data,ETFs,United States Dollar,SDIV,GLOBAL X SUPERDIVIDEND ETF,Broad,850,23.339529412,-19838.6,-19838.6,-850,25.19,21411.5,21411.5
Trade Summary,Data,ETFs,United States Dollar,TLT,ISHARES 20+ YEAR TREASURY BD,Government,400,70,-28000,-28000,-26,86.87,2258.62,2258.62
Trade Summary,Data,Options,United States Dollar,TLT   260116C00070000,TLT 16JAN26 70 C,Government,4,24.5,-9800,-9800,-4,0,0,0
Deposits And Withdrawals,MetaInfo,Analysis Period,"September 19, 2024 - January 27, 2026"
Deposits And Withdrawals,Header,Date,Type,Description,Amount
Deposits And Withdrawals,Data,09/19/24,DEPOSIT,Cash Receipts / Electronic Fund Transfers ,50000
Dividends,MetaInfo,Analysis Period,"September 19, 2024 - January 27, 2026"
Dividends,Header,PayDate,Ex-Date,Symbol,Note,Quantity,DividendPerShare,Amount
Dividends,Data,20241010,20241003,SDIV,Dividend Payment,850,0.19,163.2
Dividends,Data,20241025,20241021,KBWD,Dividend Payment,1300,0.15,191.22
Dividends,Data,20241113,20241105,SDIV,Dividend Payment,850,0.19,163.2
Dividends,Data,20241122,20241118,KBWD,Dividend Payment,1300,0.15,191.07
Dividends,Data,20241211,20241204,SDIV,Dividend Payment,850,0.20,166.6
Dividends,Data,20241227,20241223,KBWD,Dividend Payment,1300,0.14,188.14
Dividends,Data,20250107,20241230,SDIV,Dividend Payment,850,0.20,166.6
Dividends,Data,20250124,20250121,KBWD,Dividend Payment,1300,0.15,188.72
Dividends,Data,20250212,20250205,SDIV,Dividend Payment,850,0.19,164.05
Dividends,Data,20250228,20250224,KBWD,Dividend Payment,1300,0.15,190.15
Dividends,Data,20250312,20250305,SDIV,Dividend Payment,850,0.20,170
Dividends,Data,20250328,20250324,KBWD,Dividend Payment,1300,0.14,184.95
Dividends,Data,20250410,20250403,SDIV,Dividend Payment,850,0.20,165.75
Dividends,Data,20250425,20250421,KBWD,Dividend Payment,1300,0.14,182.06
Dividends,Data,20250512,20250505,SDIV,Dividend Payment,850,0.20,165.75
Dividends,Data,20250523,20250519,KBWD,Dividend Payment,1300,0.15,192.09
Dividends,Data,20250611,20250604,SDIV,Dividend Payment,850,0.19,163.2
Dividends,Data,20250627,20250623,KBWD,Dividend Payment,1300,0.15,191.76
Dividends,Data,20250711,20250703,SDIV,Dividend Payment,850,0.19,161.5
Dividends,Data,20250725,20250721,KBWD,Dividend Payment,1300,0.15,191.43
Dividends,Data,20250812,20250805,SDIV,Dividend Payment,850,0.19,161.5
Dividends,Data,20250822,20250818,KBWD,Dividend Payment,1300,0.15,191.16
Dividends,Data,20250911,20250904,SDIV,Dividend Payment,850,0.19,161.5
Dividends,Data,20250926,20250922,KBWD,Dividend Payment,1300,0.15,191.82
Dividends,Data,20251010,20251003,SDIV,Dividend Payment,850,0.19,161.5
Dividends,Data,20251024,20251020,KBWD,Dividend Payment,1300,0.15,191.69
Dividends,Data,20251113,20251105,SDIV,Dividend Payment,850,0.19,161.5
Dividends,Data,20251128,20251124,KBWD,Dividend Payment,1300,0.15,191.95
Dividends,Data,20251210,20251203,SDIV,Dividend Payment,850,0.19,161.5
Dividends,Data,20251226,20251222,KBWD,Dividend Payment,1300,0.15,192.14
Dividends,Data,20260107,20251230,SDIV,Dividend Payment,850,0.19,161.5
Dividends,Data,20260123,20260120,KBWD,Dividend Payment,1300,0.15,190.58
Dividends,Data,20260123,20260120,KBWD,Payment In Lieu,1300,0.00,1.63
Notes and Disclosure,Header,Type,Note
Notes and Disclosure,Data,General,"1. The Net Asset Value (NAV) consists of all positions by financial instrument (stock, securities options, warrants, bonds, cash, etc.). All non-base currency amounts are converted to the base currency at the close of period rate."
Notes and Disclosure,Data,General,2. The gain or loss from future contracts settle into cash each night. The notional value is used when computing the contribution to return.
Notes and Disclosure,Data,General,"3. Dividend accruals, interest accruals, and insured deposits are included in cash amounts throughout the report."
Notes and Disclosure,Data,General,4. Price valuations are obtained from outside parties. Clearing Broker shall have no responsibility for the accuracy or timeliness of any such price valuation.
Notes and Disclosure,Data,General,5. Data from Thomson Reuters Business Classifications and Lipper Global is used to derive our sector classifications. Funds with assorted sector allocations are classified as Broad.
Notes and Disclosure,Data,General,"6. Amounts are formatted to two decimal places. If amounts are greater than two decimal places, Clearing Broker uses "half-even" rounding. This means that Clearing Broker rounds such amounts up to the nearest even number."
Notes and Disclosure,Data,General,"7. For accounts opened and funded before 2009, reports with a time period of Since Inception will only include data going back to January 1, 2009. This includes some default reports and both Historical Performance reports."
Notes and Disclosure,Data,General,"8. If you have elected to trade cryptocurrency/digital asset products at Crypto Provider through the Clearing Broker platform, for your convenience your positions in your linked account at Crypto Provider are reflected in PortfolioAnalyst in connection with your Clearing Broker account."
Notes and Disclosure,Data,Section,1. Account Overview: The deposit/withdrawal amount displayed includes internal transfers along with cash and position transfers.
Notes and Disclosure,Data,Section,2. Projected Income: The Estimated Annual Income and Estimated Remaining Income in the Projected Income report assume dividend and bond payments remain constant throughout the year. These positions and interest rates are based on the previous business day.
Notes and Disclosure,Data,Section,"3. Risk Measures: Historical US 3 Month Treasury Bill rates are used as the risk free rates when calculating Alpha, the Sharpe ratio, the Sortino ratio, and the downside deviation."
Notes and Disclosure,Data,Disclosure,"This portfolio report was generated using Clearing Broker's PortfolioAnalyst tool, which allows Clearing Broker clients to generate analyses of their accounts using market data provided by third parties along with trade and account data contained in Clearing Broker's systems. This report is for information purposes only and is provided AS IS. Clearing Broker makes no warranty of any kind, express or implied, as to this report and its contents. The data provided for use in the PortfolioAnalyst tool is believed to be accurate, but completeness and accuracy of the information is not guaranteed, and Clearing Broker has no liability with respect thereto. The data regarding accounts held outside of Clearing Broker is obtained either directly from your input or from the financial institutions holding those accounts through a third-party service provider and Clearing Broker has NOT reviewed its accuracy.

The material in this report is intended only as a reference and should not be relied upon for the maintenance of your books and records for tax, accounting, financial, or regulatory reporting or for any other purposes. This report is not an offer or a solicitation of an offer to buy or sell any security. This material does not, and is not intended to, take into account the particular financial conditions, investment objectives, or requirements of individual customers. Before acting on any material within this report, you should consider whether it is suitable for your particular circumstances and as necessary, seek professional advice."
