Introduction,Header,Name,Account,Alias,BaseCurrency,AccountType,AnalysisPeriod,PerformanceMeasure
Introduction,Data,Jacky T Chang Kuon,U17224466,,USD,Individual (Broker Client),"February 18, 2025 to January 27, 2026 (Daily)",TWR
Key Statistics,MetaInfo,Analysis Period,"February 18, 2025 - January 27, 2026"
Key Statistics,Header,BeginningNAV,EndingNAV,CumulativeReturn,5DayReturn,5DayReturnDateRange,10DayReturn,10DayReturnDateRange,BestReturn,BestReturnDate,WorstReturn,WorstReturnDate,MTM,Deposits & Withdrawals,Dividends,Interest,Fees & Commissions,Other,ChangeInNAV
Key Statistics,Data,0,45462.413315,13.656033288,1.317490893,20260121 - 20260127,-0.64801659,20260114 - 20260127,12.345301906,20250409,-4.926401908,20250410,4863.6003,40000,1951.95,0,-954.386975,-398.75001,45462.413315
Historical Performance,MetaInfo,Analysis Period,"February 18, 2025 - January 27, 2026"
Historical Performance,Header,Account,MTD,QTD,YTD,Since Inception
Historical Performance,Data,U17224466,0.0545267,0.0545267,0.0545267,13.656033338
Historical Performance,Header,Month,Account,AccountReturn
Historical Performance,Data,202501,U17224466,-
Historical Performance,Data,202502,U17224466,-
Historical Performance,Data,202503,U17224466,-4.497081127
Historical Performance,Data,202504,U17224466,3.70086708
Historical Performance,Data,202505,U17224466,9.459576115
Historical Performance,Data,202506,U17224466,5.01014266
Historical Performance,Data,202507,U17224466,-0.502470445
Historical Performance,Data,202508,U17224466,0.657548221
Historical Performance,Data,202509,U17224466,0.507741748
Historical Performance,Data,202510,U17224466,0.803311033
Historical Performance,Data,202511,U17224466,-0.49919686
Historical Performance,Data,202512,U17224466,0.265446174
Historical Performance,Header,Quarter,Account,AccountReturn
Historical Performance,Data,2025 Q1,U17224466,-
Historical Performance,Data,2025 Q2,U17224466,19.197568996
Historical Performance,Data,2025 Q3,U17224466,0.660286157
Historical Performance,Data,2025 Q4,U17224466,0.566346859
Historical Performance,Header,Year,Account,AccountReturn
Historical Performance,Data,YTD,U17224466,0.0545267
Open Position Summary,MetaInfo,As Of,"January 27, 2026"
Open Position Summary,Header,Date,FinancialInstrument,Currency,Symbol,Description,Sector,Quantity,ClosePrice,Value,Cost Basis,UnrealizedP&L,FXRateToBase
Open Position Summary,Data,01/27/2026,ETFs,USD,TLTW,ISHARES 20+ BOND BUYWRITE,Broad,500,22.89,11445,11374.451286,70.548714,1
Open Position Summary,Data,Total,ETFs,USD,,,,,,11445,11374.451286,70.548714
Open Position Summary,Data,01/27/2026,Stocks,USD,AAPL,APPLE INC,Technology,10,258.27,2582.7,2575.867257,6.832743,1
Open Position Summary,Data,01/27/2026,Stocks,USD,ADBE,ADOBE INC,Technology,5,297.42,1487.1,1667.782757,-180.682757,1
Open Position Summary,Data,01/27/2026,Stocks,USD,JD,JD.COM INC-ADR,Consumer Cyclicals,100,29.5,2950,2932.022457,17.977543,1
Open Position Summary,Data,01/27/2026,Stocks,USD,NFLX,NETFLIX INC,Telecomm,30,85.58,2567.4,2686.761257,-119.361257,1
Open Position Summary,Data,01/27/2026,Stocks,USD,NKE,NIKE INC -CL B,Consumer Cyclicals,50,63.09,3154.5,3168.186357,-13.686357,1
Open Position Summary,Data,01/27/2026,Stocks,USD,NVO,NOVO-NORDISK A/S-SPONS ADR,Healthcare,40,62.89,2515.6,2409.778257,105.821743,1
Open Position Summary,Data,01/27/2026,Stocks,USD,ORCL,ORACLE CORP,Technology,10,174.9,1749,1913.947257,-164.947257,1
Open Position Summary,Data,01/27/2026,Stocks,USD,XYZ,BLOCK INC,Industrials,30,64.59,1937.7,1893.441257,44.258743,1
Open Position Summary,Data,Total,Stocks,USD,,,,,,18944,19247.786856,-303.786856
Open Position Summary,Data,01/27/2026,Cash,USD,USD,United States Dollar,Cash,15073.413315,1,15073.413315, , ,1
Performance by Symbol,MetaInfo,Analysis Period,"February 18, 2025 - January 27, 2026"
Performance by Symbol,Header,Symbol,Description,FinancialInstrument,Sector,AvgWeight,Return,Contribution,Unrealized_P&L,Realized_P&L,Open
Performance by Symbol,Data,KWEB,KRANESH CSI CHINA INTERNET,ETFs,Technology,14.314712228,7.36720965,1.055513684,0.00,383.25,No
Performance by Symbol,Data,SHV,ISHARES SHORT TREASURY BOND,ETFs,Government,90.04393447,0.437055934,0.388660196,0.00,-14.39,No
Performance by Symbol,Data,TLTW,ISHARES 20+ BOND BUYWRITE,ETFs,Broad,83.268010024,1.092994319,0.600863486,70.55,-538.08,Yes
Performance by Symbol,Data,Total ETFs,,,,79.662231481,9.015110841,2.05784189,70.55,-169.21,
Performance by Symbol,Data,NKE   250703C00060000,NKE 03JUL25 60 C,Options,Consumer Cyclicals,0.858055686,204.896722908,1.706164889,0.00,743.38,No
Performance by Symbol,Data,TLT   260821C00087000,TLT 21AUG26 87 C,Options,Government,12.742249737,-18.521057613,-2.387538454,0.00,"-1,082.12",No
Performance by Symbol,Data,TLT   260821C00100000,TLT 21AUG26 100 C,Options,Government,-3.079750906,-31.260309386,1.035455714,0.00,487.68,No
Performance by Symbol,Data,TLT   270115C00085000,TLT 15JAN27 85 C,Options,Government,5.620926086,8.047866823,0.48981755,0.00,180.63,No
Performance by Symbol,Data,Total Options,,,,8.135615091,182.267369533,0.874282682,0.00,329.58,
Performance by Symbol,Data,AAPL,APPLE INC,Stocks,Technology,5.991461169,1.256843773,0.435008249,6.83,188.45,Yes
Performance by Symbol,Data,ADBE,ADOBE INC,Stocks,Technology,4.421023223,-10.047495838,-0.294863908,-180.68,44.31,Yes
Performance by Symbol,Data,AMZN,AMAZON.COM INC,Stocks,Consumer Cyclicals,9.558770679,12.749328351,1.257943118,0.00,484.60,No
Performance by Symbol,Data,AUNA,AUNA SA-CLASS A,Stocks,Healthcare,3.158159875,-3.90480394,-0.131080681,0.00,-58.23,No
Performance by Symbol,Data,BIDU,BAIDU INC - SPON ADR,Stocks,Technology,15.165176477,-11.828278196,-1.845391132,0.00,-700.59,No
Performance by Symbol,Data,GOOG,ALPHABET INC-CL C,Stocks,Telecomm,13.606030097,8.568850781,1.071086528,0.00,467.82,No
Performance by Symbol,Data,IBKR,INTERACTIVE BROKERS GRO-CL A,Stocks,Financials,15.27332187,32.633673859,4.632894178,0.00,"1,680.97",No
Performance by Symbol,Data,JD,JD.COM INC-ADR,Stocks,Consumer Cyclicals,6.488779814,0.544932482,0.042066165,17.98,0.00,Yes
Performance by Symbol,Data,MDLZ,MONDELEZ INTERNATIONAL INC-A,Stocks,Consumer Non-Cyc,2.426539195,2.935141606,0.070408194,0.00,25.87,No
Performance by Symbol,Data,MSFT,MICROSOFT CORP,Stocks,Technology,12.109294153,12.284078931,2.0231847,0.00,744.02,No
Performance by Symbol,Data,NEM,NEWMONT CORP,Stocks,Basic Materials,16.063084039,10.544905989,1.686622934,0.00,609.95,No
Performance by Symbol,Data,NFLX,NETFLIX INC,Stocks,Telecomm,5.778580466,-4.442570285,-0.265164289,-119.36,0.00,Yes
Performance by Symbol,Data,NKE,NIKE INC -CL B,Stocks,Consumer Cyclicals,17.517090368,-23.607186527,-1.74856858,-13.69,-773.47,Yes
Performance by Symbol,Data,NVDA,NVIDIA CORP,Stocks,Technology,13.849500483,13.505758969,1.915634766,0.00,643.32,No
Performance by Symbol,Data,NVO,NOVO-NORDISK A/S-SPONS ADR,Stocks,Healthcare,6.731857112,8.805524539,0.566269861,105.82,146.81,Yes
Performance by Symbol,Data,ORCL,ORACLE CORP,Stocks,Technology,4.14841212,-8.61817151,-0.362685922,-164.95,0.00,Yes
Performance by Symbol,Data,TM,TOYOTA MOTOR CORP -SPON ADR,Stocks,Consumer Cyclicals,11.325965478,0.687725144,0.084007601,0.00,34.09,No
Performance by Symbol,Data,XYZ,BLOCK INC,Stocks,Industrials,13.112824307,9.659748704,1.047949828,44.26,444.15,Yes
Performance by Symbol,Data,Total Stocks,,,,67.105245879,12.285434458,9.067193384,-303.79,"3,982.08",
Performance by Symbol,Data,USD,United States Dollar,Cash,Cash,17.887598133,35.928266546,1.243398381,,,Yes
Performance by Symbol,Data,Total Cash,,,,17.887598133,35.928266546,1.243398381,,,
Performance by Symbol,Data,Total,,,,100,13.656033287,13.656033287,-233.24,"4,142.45",
Projected Income,MetaInfo,As Of,"January 27, 2026"
Projected Income,Header,Financial Instrument,Symbol,Description,Frequency,Quantity,Price,Value,Current Yield %,Principal,Estimated Annual Income,Estimated 2026 Remaining Income
Projected Income,Data,ETFs,TLTW,Ordinary Dividend,12,500,22.89,11445,9.798621689,-,1121.452252299,1121.452252299
Projected Income,Data,,Total ETFs,,,,,11445,9.798621689,,1121.452252299,1121.452252299
Projected Income,Data,Stocks,AAPL,Ordinary Dividend,4,10,258.27,2582.7,0.414295118,-,10.7,10.7
Projected Income,Data,Stocks,JD,Ordinary Dividend,1,100,29.5,2950,3.389830508,-,100,100
Projected Income,Data,Stocks,NKE,Ordinary Dividend,4,50,63.09,3154.5,2.599461087,-,82,82
Projected Income,Data,Stocks,NVO,Ordinary Dividend,2,40,62.89,2515.6,2.746700588,-,69.096,69.096
Projected Income,Data,Stocks,ORCL,Ordinary Dividend,4,10,174.9,1749,1.143510577,-,20,15
Projected Income,Data,,Total Stocks,,,,,12951.8,2.17572847,,281.796,276.796
Projected Income,Data,Cash,USD,Credit Interest,12,15075.41,1,15075.41,0,-,0,0
Projected Income,Data,,Total Cash,,,,,15075.41,0,,0,0
Projected Income,Data,,Total,,,,,39472.21,3.555028341,,1403.248252299,1398.248252299
Trade Summary,MetaInfo,Analysis Period,"February 18, 2025 - January 27, 2026"
Trade Summary,Header,Financial Instrument,Currency,Symbol,Description,Sector,Quantity Bought,Average Price Bought,Proceeds Bought,Proceeds Bought in Base,Quantity Sold,Average Price Sold,Proceeds Sold,Proceeds Sold in Base
Trade Summary,Data,ETFs,United States Dollar,KWEB,KRANESH CSI CHINA INTERNET,Technology,175,29.6493,-5188.6275,-5188.6275,-175,31.995,5599.125,5599.125
Trade Summary,Data,ETFs,United States Dollar,SHV,ISHARES SHORT TREASURY BOND,Government,392,110.245,-43216.04,-43216.04,-392,110.325790816,43247.71,43247.71
Trade Summary,Data,ETFs,United States Dollar,TLTW,ISHARES 20+ BOND BUYWRITE,Broad,2435,23.084527721,-56210.825,-56210.825,-1935,22.96,44427.6,44427.6
Trade Summary,Data,Options,United States Dollar,NKE   250703C00060000,NKE 03JUL25 60 C,Consumer Cyclicals,1,3.5,-350,-350,-1,11.19,1119,1119
Trade Summary,Data,Options,United States Dollar,TLT   260821C00087000,TLT 21AUG26 87 C,Government,10,6.057,-6057,-6057,-10,5.049,5049,5049
Trade Summary,Data,Options,United States Dollar,TLT   260821C00100000,TLT 21AUG26 100 C,Government,10,1.019,-1019,-1019,-10,1.581,1581,1581
Trade Summary,Data,Options,United States Dollar,TLT   270115C00085000,TLT 15JAN27 85 C,Government,2,11.15,-2230,-2230,-2,12.2,2440,2440
Trade Summary,Data,Stocks,United States Dollar,AAPL,APPLE INC,Technology,45,213.695,-9616.275,-9616.275,-35,207.76,7271.6,7271.6
Trade Summary,Data,Stocks,United States Dollar,ADBE,ADOBE INC,Technology,18,370.647666667,-6671.658,-6671.658,-13,390.75,5079.75,5079.75
Trade Summary,Data,Stocks,United States Dollar,AMZN,AMAZON.COM INC,Consumer Cyclicals,35,211.454,-7400.89,-7400.89,-35,226.517142857,7928.1,7928.1
Trade Summary,Data,Stocks,United States Dollar,AUNA,AUNA SA-CLASS A,Healthcare,300,4.92,-1476,-1476,-300,4.83,1449,1449
Trade Summary,Data,Stocks,United States Dollar,BIDU,BAIDU INC - SPON ADR,Technology,124,88.614112903,-10988.15,-10988.15,-124,83.332741935,10333.26,10333.26
Trade Summary,Data,Stocks,United States Dollar,GOOG,ALPHABET INC-CL C,Telecomm,34,161.95,-5506.3,-5506.3,-34,176.35,5995.9,5995.9
Trade Summary,Data,Stocks,United States Dollar,IBKR,INTERACTIVE BROKERS GRO-CL A,Financials,35,146.86,-5140.1,-5140.1,-35,195.521142857,6843.24,6843.24
Trade Summary,Data,Stocks,United States Dollar,JD,JD.COM INC-ADR,Consumer Cyclicals,100,29.2,-2920,-2920,0,0,0,0
Trade Summary,Data,Stocks,United States Dollar,MDLZ,MONDELEZ INTERNATIONAL INC-A,Consumer Non-Cyc,20,55.48,-1109.6,-1109.6,-20,57.84,1156.8,1156.8
Trade Summary,Data,Stocks,United States Dollar,MSFT,MICROSOFT CORP,Technology,15,403.08,-6046.2,-6046.2,-15,454.098,6811.47,6811.47
Trade Summary,Data,Stocks,United States Dollar,NEM,NEWMONT CORP,Basic Materials,137,43.785,-5998.545,-5998.545,-137,48.425,6634.225,6634.225
Trade Summary,Data,Stocks,United States Dollar,NFLX,NETFLIX INC,Telecomm,30,89.197,-2675.91,-2675.91,0,0,0,0
Trade Summary,Data,Stocks,United States Dollar,NKE,NIKE INC -CL B,Consumer Cyclicals,272,64.53875,-17554.54,-17554.54,-222,61.59,13672.98,13672.98
Trade Summary,Data,Stocks,United States Dollar,NVDA,NVIDIA CORP,Technology,50,95.04,-4752,-4752,-50,108.36,5418,5418
Trade Summary,Data,Stocks,United States Dollar,NVO,NOVO-NORDISK A/S-SPONS ADR,Healthcare,110,53.264181818,-5859.06,-5859.06,-70,51.86235,3630.3645,3630.3645
Trade Summary,Data,Stocks,United States Dollar,ORCL,ORACLE CORP,Technology,10,190.34,-1903.4,-1903.4,0,0,0,0
Trade Summary,Data,Stocks,United States Dollar,TM,TOYOTA MOTOR CORP -SPON ADR,Consumer Cyclicals,29,170.54,-4945.66,-4945.66,-29,172.4627,5001.4183,5001.4183
Trade Summary,Data,Stocks,United States Dollar,XYZ,BLOCK INC,Industrials,242,63.58785124,-15388.26,-15388.26,-212,66.080650943,14009.098,14009.098
Deposits And Withdrawals,MetaInfo,Analysis Period,"February 18, 2025 - January 27, 2026"
Deposits And Withdrawals,Header,Date,Type,Description,Amount
Deposits And Withdrawals,Data,02/18/25,DEPOSIT,Cash Receipts / Electronic Fund Transfers ,40000
Dividends,MetaInfo,Analysis Period,"February 18, 2025 - January 27, 2026"
Dividends,Header,PayDate,Ex-Date,Symbol,Quantity,DividendPerShare,Amount
Dividends,Data,20250327,20250304,NEM,137,0.25,34.25
Dividends,Data,20250401,20250303,NKE,73,0.40,29.2
Dividends,Data,20250612,20250515,MSFT,15,0.83,12.45
Dividends,Data,20250616,20250609,GOOG,34,0.21,7.14
Dividends,Data,20250701,20250602,NKE,222,0.40,88.8
Dividends,Data,20250708,20250702,TLTW,1935,0.31,606.97
Dividends,Data,20250807,20250804,TLTW,1935,0.23,447.16
Dividends,Data,20250908,20250903,TLTW,1935,0.22,422.45
Dividends,Data,20251006,20251001,SHV,370,0.37,135.93
Dividends,Data,20251106,20251103,SHV,370,0.37,137.1
Dividends,Data,20260102,20251201,NKE,50,0.41,20.5
Dividends,Data,20260114,20251231,MDLZ,20,0.50,10
Notes and Disclosure,Header,Type,Note
Notes and Disclosure,Data,General,"1. The Net Asset Value (NAV) consists of all positions by financial instrument (stock, securities options, warrants, bonds, cash, etc.). All non-base currency amounts are converted to the base currency at the close of period rate."
Notes and Disclosure,Data,General,2. The gain or loss from future contracts settle into cash each night. The notional value is used when computing the contribution to return.
Notes and Disclosure,Data,General,"3. Dividend accruals, interest accruals, and insured deposits are included in cash amounts throughout the report."
Notes and Disclosure,Data,General,4. Price valuations are obtained from outside parties. Clearing Broker shall have no responsibility for the accuracy or timeliness of any such price valuation.
Notes and Disclosure,Data,General,5. Data from Thomson Reuters Business Classifications and Lipper Global is used to derive our sector classifications. Funds with assorted sector allocations are classified as Broad.
Notes and Disclosure,Data,General,"6. Amounts are formatted to two decimal places. If amounts are greater than two decimal places, Clearing Broker uses "half-even" rounding. This means that Clearing Broker rounds such amounts up to the nearest even number."
Notes and Disclosure,Data,General,"7. For accounts opened and funded before 2009, reports with a time period of Since Inception will only include data going back to January 1, 2009. This includes some default reports and both Historical Performance reports."
Notes and Disclosure,Data,General,"8. If you have elected to trade cryptocurrency/digital asset products at Crypto Provider through the Clearing Broker platform, for your convenience your positions in your linked account at Crypto Provider are reflected in PortfolioAnalyst in connection with your Clearing Broker account."
Notes and Disclosure,Data,Section,1. Account Overview: The deposit/withdrawal amount displayed includes internal transfers along with cash and position transfers.
Notes and Disclosure,Data,Section,2. Projected Income: The Estimated Annual Income and Estimated Remaining Income in the Projected Income report assume dividend and bond payments remain constant throughout the year. These positions and interest rates are based on the previous business day.
Notes and Disclosure,Data,Section,"3. Risk Measures: Historical US 3 Month Treasury Bill rates are used as the risk free rates when calculating Alpha, the Sharpe ratio, the Sortino ratio, and the downside deviation."
Notes and Disclosure,Data,Disclosure,"This portfolio report was generated using Clearing Broker's PortfolioAnalyst tool, which allows Clearing Broker clients to generate analyses of their accounts using market data provided by third parties along with trade and account data contained in Clearing Broker's systems. This report is for information purposes only and is provided AS IS. Clearing Broker makes no warranty of any kind, express or implied, as to this report and its contents. The data provided for use in the PortfolioAnalyst tool is believed to be accurate, but completeness and accuracy of the information is not guaranteed, and Clearing Broker has no liability with respect thereto. The data regarding accounts held outside of Clearing Broker is obtained either directly from your input or from the financial institutions holding those accounts through a third-party service provider and Clearing Broker has NOT reviewed its accuracy.

The material in this report is intended only as a reference and should not be relied upon for the maintenance of your books and records for tax, accounting, financial, or regulatory reporting or for any other purposes. This report is not an offer or a solicitation of an offer to buy or sell any security. This material does not, and is not intended to, take into account the particular financial conditions, investment objectives, or requirements of individual customers. Before acting on any material within this report, you should consider whether it is suitable for your particular circumstances and as necessary, seek professional advice."
