Introduction,Header,Name,Account,Alias,BaseCurrency,AccountType,AnalysisPeriod,PerformanceMeasure
Introduction,Data,Jacob S Valdivia,U19903566,,USD,Individual (Broker Client),"July 8, 2024 to January 27, 2026 (Daily)",TWR
Key Statistics,MetaInfo,Analysis Period,"July 8, 2024 - January 27, 2026"
Key Statistics,Header,BeginningNAV,EndingNAV,CumulativeReturn,5DayReturn,5DayReturnDateRange,10DayReturn,10DayReturnDateRange,BestReturn,BestReturnDate,WorstReturn,WorstReturnDate,MTM,Deposits & Withdrawals,Dividends,Interest,Fees & Commissions,Other,ChangeInNAV
Key Statistics,Data,0,44887.848024,12.864589512,1.620458797,20260121 - 20260127,-0.123663817,20260114 - 20260127,11.817473342,20250409,-4.700763245,20250502,1476.1389,43700.01,1136.49,-6.964484,-1002.7744144,-415.0519776,44887.848024
Historical Performance,MetaInfo,Analysis Period,"July 8, 2024 - January 27, 2026"
Historical Performance,Header,Account,MTD,QTD,YTD,1 Year,Since Inception
Historical Performance,Data,U19903566,1.372446953,1.372446953,1.372446953,20.434019842,12.864589577
Historical Performance,Header,Month,Account,AccountReturn
Historical Performance,Data,202501,U19903566,-3.192803441
Historical Performance,Data,202502,U19903566,12.011472356
Historical Performance,Data,202503,U19903566,-6.360239976
Historical Performance,Data,202504,U19903566,13.136995513
Historical Performance,Data,202505,U19903566,7.643925239
Historical Performance,Data,202506,U19903566,2.420222634
Historical Performance,Data,202507,U19903566,2.59403612
Historical Performance,Data,202508,U19903566,0.630778745
Historical Performance,Data,202509,U19903566,1.794306746
Historical Performance,Data,202510,U19903566,-3.195746211
Historical Performance,Data,202511,U19903566,-4.313059142
Historical Performance,Data,202512,U19903566,-3.721873835
Historical Performance,Data,202401,U19903566,-
Historical Performance,Data,202402,U19903566,-
Historical Performance,Data,202403,U19903566,-
Historical Performance,Data,202404,U19903566,-
Historical Performance,Data,202405,U19903566,-
Historical Performance,Data,202406,U19903566,-
Historical Performance,Data,202407,U19903566,-
Historical Performance,Data,202408,U19903566,-4.152592751
Historical Performance,Data,202409,U19903566,5.849522449
Historical Performance,Data,202410,U19903566,-0.751676763
Historical Performance,Data,202411,U19903566,-0.586650989
Historical Performance,Data,202412,U19903566,-6.025260931
Historical Performance,Header,Quarter,Account,AccountReturn
Historical Performance,Data,2025 Q1,U19903566,1.538429422
Historical Performance,Data,2025 Q2,U19903566,24.732573492
Historical Performance,Data,2025 Q3,U19903566,5.093640905
Historical Performance,Data,2025 Q4,U19903566,-10.818506526
Historical Performance,Data,2024 Q1,U19903566,-
Historical Performance,Data,2024 Q2,U19903566,-
Historical Performance,Data,2024 Q3,U19903566,-
Historical Performance,Data,2024 Q4,U19903566,-7.278806922
Historical Performance,Header,Year,Account,AccountReturn
Historical Performance,Data,YTD,U19903566,1.372446953
Historical Performance,Data,2025,U19903566,18.702947634
Open Position Summary,MetaInfo,As Of,"January 27, 2026"
Open Position Summary,Header,Date,FinancialInstrument,Currency,Symbol,Description,Sector,Quantity,ClosePrice,Value,Cost Basis,UnrealizedP&L,FXRateToBase
Open Position Summary,Data,01/27/2026,ETFs,USD,TLT,ISHARES 20+ YEAR TREASURY BD,Government,130,87.8,11414,11988.879194,-574.879194,1
Open Position Summary,Data,Total,ETFs,USD,,,,,,11414,11988.879194,-574.879194
Open Position Summary,Data,01/27/2026,Stocks,USD,JD,JD.COM INC-ADR,Consumer Cyclicals,250,29.5,7375,8702.196143,-1327.196143,1
Open Position Summary,Data,01/27/2026,Stocks,USD,PYPL,PAYPAL HOLDINGS INC,Financials,260,55.51,14432.6,20409.658389,-5977.058389,1
Open Position Summary,Data,01/27/2026,Stocks,USD,SBUX,STARBUCKS CORP,Consumer Cyclicals,55,95.72,5264.6,4806.995242,457.604758,1
Open Position Summary,Data,Total,Stocks,USD,,,,,,27072.2,33918.849774,-6846.649774
Open Position Summary,Data,01/27/2026,Cash,USD,USD,United States Dollar,Cash,6401.648024,1,6401.648024, , ,1
Performance by Symbol,MetaInfo,Analysis Period,"July 8, 2024 - January 27, 2026"
Performance by Symbol,Header,Symbol,Description,FinancialInstrument,Sector,AvgWeight,Return,Contribution,Unrealized_P&L,Realized_P&L,Open
Performance by Symbol,Data,SHV,ISHARES SHORT TREASURY BOND,ETFs,Government,97.215219135,-0.239963355,-0.237926534,0.00,-127.85,No
Performance by Symbol,Data,TLT,ISHARES 20+ YEAR TREASURY BD,ETFs,Government,25.247441969,-4.051275922,-0.995977919,-574.88,0.00,Yes
Performance by Symbol,Data,TLTW,ISHARES 20+ BOND BUYWRITE,ETFs,Broad,77.532761,-0.22516596,-0.222010178,0.00,-414.95,No
Performance by Symbol,Data,Total ETFs,,,,58.662779298,-4.567422584,-1.450797041,-574.88,-542.80,
Performance by Symbol,Data,BABA  250117C00090000,BABA 17JAN25 90 C,Options,Technology,-4.412561068,171.086835586,-6.533658426,0.00,-698.36,No
Performance by Symbol,Data,BABA  250117P00080000,BABA 17JAN25 80 P,Options,Technology,4.436693658,-80.802845304,-4.871147377,0.00,-510.11,No
Performance by Symbol,Data,INTC  250117C00037500,INTC 17JAN25 37.5 C,Options,Technology,-3.606400252,-82.311077128,3.920886367,0.00,415.58,No
Performance by Symbol,Data,INTC  250117P00031000,INTC 17JAN25 31 P,Options,Technology,12.105137156,282.612125699,25.187748737,0.00,"2,515.50",No
Performance by Symbol,Data,INTC  260116C00015000,INTC 16JAN26 15 C,Options,Technology,6.176329226,52.319458122,3.267709864,0.00,714.12,No
Performance by Symbol,Data,NKE   250117P00075000,NKE 17JAN25 75 P,Options,Consumer Cyclicals,1.252381267,-100,-1.766836417,0.00,0.00,No
Performance by Symbol,Data,NKE   250321C00100000,NKE 21MAR25 100 C,Options,Consumer Cyclicals,-0.797443984,-43.755956853,0.261188232,0.00,56.64,No
Performance by Symbol,Data,NKE   250321P00082500,NKE 21MAR25 82.5 P,Options,Consumer Cyclicals,4.556451719,45.559493156,1.313908477,0.00,278.62,No
Performance by Symbol,Data,STM   250117P00028000,STM 17JAN25 28 P,Options,Technology,2.630466337,30.119176598,0.556036452,0.00,139.00,No
Performance by Symbol,Data,TLT   270115C00085000,TLT 15JAN27 85 C,Options,Government,33.609039665,12.568520142,4.112967866,0.00,939.78,No
Performance by Symbol,Data,TLT   270115C00090000,TLT 15JAN27 90 C,Options,Government,7.789184468,-20.427301089,-1.739339382,0.00,-413.63,No
Performance by Symbol,Data,XYZ   270115C00065000,XYZ 15JAN27 65 C,Options,Industrials,26.110894985,-23.624908748,-6.647649316,0.00,"-1,458.80",No
Performance by Symbol,Data,Total Options,,,,18.065810061,-5206.868953311,13.911238147,0.00,"1,978.34",
Performance by Symbol,Data,AAPL,APPLE INC,Stocks,Technology,26.516953585,18.967126337,4.765800115,0.00,"1,085.17",No
Performance by Symbol,Data,AMZN,AMAZON.COM INC,Stocks,Consumer Cyclicals,23.089792075,6.740688243,1.726383298,0.00,357.39,No
Performance by Symbol,Data,BABA,ALIBABA GROUP HOLDING-SP ADR,Stocks,Technology,30.519795619,67.13375415,19.718993989,0.00,"2,348.92",No
Performance by Symbol,Data,BIDU,BAIDU INC - SPON ADR,Stocks,Technology,9.989395996,3.847189209,0.384414154,0.00,186.69,No
Performance by Symbol,Data,CNC,CENTENE CORP,Stocks,Healthcare,6.120121003,18.20597254,1.117373648,0.00,545.05,No
Performance by Symbol,Data,DECK,DECKERS OUTDOOR CORP,Stocks,Consumer Cyclicals,14.738228999,18.488979732,2.74117669,0.00,731.30,No
Performance by Symbol,Data,GOOGL,ALPHABET INC-CL A,Stocks,Telecomm,23.122096983,10.207135967,2.431455415,0.00,530.79,No
Performance by Symbol,Data,INTC,INTEL CORP,Stocks,Technology,82.14402342,-36.794047708,-29.943283832,0.00,"-3,464.49",No
Performance by Symbol,Data,JD,JD.COM INC-ADR,Stocks,Consumer Cyclicals,16.651075487,-15.308734959,-2.744087869,"-1,327.20",0.00,Yes
Performance by Symbol,Data,MC,LVMH MOET HENNESSY LOUIS VUI,Stocks,Consumer Cyclicals,12.730383059,18.69450389,2.274324004,0.00,"1,125.22",No
Performance by Symbol,Data,MRVL,MARVELL TECHNOLOGY INC,Stocks,Technology,10.362286632,5.652922829,0.579364421,0.00,281.93,No
Performance by Symbol,Data,NKE,NIKE INC -CL B,Stocks,Consumer Cyclicals,33.440615136,13.302136849,0.732200321,0.00,-384.40,No
Performance by Symbol,Data,PYPL,PAYPAL HOLDINGS INC,Stocks,Financials,18.447105212,-41.098752717,-12.311588422,"-5,977.06",-133.57,Yes
Performance by Symbol,Data,SBUX,STARBUCKS CORP,Stocks,Consumer Cyclicals,10.014205944,10.065208248,1.137338732,457.60,0.00,Yes
Performance by Symbol,Data,STLA,STELLANTIS NV,Stocks,Consumer Cyclicals,10.331461827,-5.744336457,-0.293573358,0.00,-121.42,No
Performance by Symbol,Data,STM,STMICROELECTRONICS NV-NY SHS,Stocks,Technology,26.49548206,-3.835121492,-0.786907065,0.00,-319.06,No
Performance by Symbol,Data,UNH,UNITEDHEALTH GROUP INC,Stocks,Healthcare,9.556848776,4.248130897,0.401963558,0.00,195.18,No
Performance by Symbol,Data,UPS,UNITED PARCEL SERVICE-CL B,Stocks,Industrials,10.932241352,25.410245889,2.534008107,0.00,"1,125.31",No
Performance by Symbol,Data,XYZ,BLOCK INC,Stocks,Industrials,32.337035392,29.488164206,10.218729899,0.00,"2,365.54",No
Performance by Symbol,Data,Total Stocks,,,,68.54021356,4.30837497,-5.413087875,"-6,846.65","6,455.56",
Performance by Symbol,Data,EUR,Euro,Cash,Cash,-2.916755761,-111.1869327,-0.284167866,,,No
Performance by Symbol,Data,USD,United States Dollar,Cash,Cash,19.410564261,-0.33621274,0.445300193,,,Yes
Performance by Symbol,Data,Total Cash,,,,19.131071694,-0.464127551,0.159862659,,,
Performance by Symbol,Data,Total,,,,100,12.864589512,12.864589512,"-7,421.53","7,891.10",
Projected Income,MetaInfo,As Of,"January 27, 2026"
Projected Income,Header,Financial Instrument,Symbol,Description,Frequency,Quantity,Price,Value,Current Yield %,Principal,Estimated Annual Income,Estimated 2026 Remaining Income
Projected Income,Data,ETFs,TLT,Ordinary Dividend,12,130,87.8,11414,4.443553531,-,507.1872,507.1872
Projected Income,Data,,Total ETFs,,,,,11414,4.443553531,,507.1872,507.1872
Projected Income,Data,Stocks,JD,Ordinary Dividend,1,250,29.5,7375,3.389830508,-,250,250
Projected Income,Data,Stocks,PYPL,Ordinary Dividend,4,260,55.51,14432.6,1.008827238,-,145.6,145.6
Projected Income,Data,Stocks,SBUX,Ordinary Dividend,4,55,95.72,5264.6,2.590890096,-,136.4,136.4
Projected Income,Data,,Total Stocks,,,,,27072.2,1.965115506,,532,532
Projected Income,Data,,Total,,,,,38486.2,2.70015538,,1039.1872,1039.1872
Trade Summary,MetaInfo,Analysis Period,"July 8, 2024 - January 27, 2026"
Trade Summary,Header,Financial Instrument,Currency,Symbol,Description,Sector,Quantity Bought,Average Price Bought,Proceeds Bought,Proceeds Bought in Base,Quantity Sold,Average Price Sold,Proceeds Sold,Proceeds Sold in Base
Trade Summary,Data,ETFs,United States Dollar,SHV,ISHARES SHORT TREASURY BOND,Government,776,110.255466495,-85558.242,-85558.242,-776,110.188427062,85506.2194,85506.2194
Trade Summary,Data,ETFs,United States Dollar,TLT,ISHARES 20+ YEAR TREASURY BD,Government,130,92.135,-11977.55,-11977.55,0,0,0,0
Trade Summary,Data,ETFs,United States Dollar,TLTW,ISHARES 20+ BOND BUYWRITE,Broad,950,23.19,-22030.5,-22030.5,-950,22.8,21660,21660
Trade Summary,Data,Forex,United States Dollar,EUR.USD,EUR.USD,Cash,5191.91496,1.1871,-6163.322249016,-6163.322249016,-6131.91,1.1661,7150.420251,7150.420251
Trade Summary,Data,Options,United States Dollar,BABA  250117C00090000,BABA 17JAN25 90 C,Technology,1,10.95,-1095,-1095,-1,4.2,420,420
Trade Summary,Data,Options,United States Dollar,BABA  250117P00080000,BABA 17JAN25 80 P,Technology,1,6.2,-620,-620,-1,1.33,133,133
Trade Summary,Data,Options,United States Dollar,INTC  250117C00037500,INTC 17JAN25 37.5 C,Technology,3,0.25,-75,-75,-3,1.69,507,507
Trade Summary,Data,Options,United States Dollar,INTC  250117P00031000,INTC 17JAN25 31 P,Technology,3,2.96,-888,-888,-3,11.4,3420,3420
Trade Summary,Data,Options,United States Dollar,INTC  260116C00015000,INTC 16JAN26 15 C,Technology,2,6.76,-1352,-1352,-2,10.46,2092,2092
Trade Summary,Data,Options,United States Dollar,NKE   250117P00075000,NKE 17JAN25 75 P,Consumer Cyclicals,1,3.58,-358,-358,-1,0,0,0
Trade Summary,Data,Options,United States Dollar,NKE   250321C00100000,NKE 21MAR25 100 C,Consumer Cyclicals,1,0.61,-61,-61,-1,1.41,141,141
Trade Summary,Data,Options,United States Dollar,NKE   250321P00082500,NKE 21MAR25 82.5 P,Consumer Cyclicals,1,6,-600,-600,-1,9.02,902,902
Trade Summary,Data,Options,United States Dollar,STM   250117P00028000,STM 17JAN25 28 P,Technology,2,2.25,-450,-450,-2,3.06,612,612
Trade Summary,Data,Options,United States Dollar,TLT   270115C00085000,TLT 15JAN27 85 C,Government,7,10.65,-7455,-7455,-7,12.05,8435,8435
Trade Summary,Data,Options,United States Dollar,TLT   270115C00090000,TLT 15JAN27 90 C,Government,2,10.06,-2012,-2012,-2,8.175,1635,1635
Trade Summary,Data,Options,United States Dollar,XYZ   270115C00065000,XYZ 15JAN27 65 C,Industrials,4,15.4,-6160,-6160,-4,11.83,4732,4732
Trade Summary,Data,Stocks,Euro,MC,LVMH MOET HENNESSY LOUIS VUI,Consumer Cyclicals,10,516.8,-5168,-6020.72,-10,614,6140,7154.328
Trade Summary,Data,Stocks,United States Dollar,AAPL,APPLE INC,Technology,69,191.233463768,-13195.109,-13195.109,-69,207.575594203,14322.716,14322.716
Trade Summary,Data,Stocks,United States Dollar,AMZN,AMAZON.COM INC,Consumer Cyclicals,30,176.38,-5291.4,-5291.4,-30,189.0017,5670.051,5670.051
Trade Summary,Data,Stocks,United States Dollar,BABA,ALIBABA GROUP HOLDING-SP ADR,Technology,120,83.458333333,-10015,-10015,-120,103.395,12407.4,12407.4
Trade Summary,Data,Stocks,United States Dollar,BIDU,BAIDU INC - SPON ADR,Technology,50,96.84,-4842,-4842,-50,101,5050,5050
Trade Summary,Data,Stocks,United States Dollar,CNC,CENTENE CORP,Healthcare,100,29.828,-2982.8,-2982.8,-100,35.5,3550,3550
Trade Summary,Data,Stocks,United States Dollar,DECK,DECKERS OUTDOOR CORP,Consumer Cyclicals,38,103.81,-3944.78,-3944.78,-38,123.61,4697.18,4697.18
Trade Summary,Data,Stocks,United States Dollar,GOOGL,ALPHABET INC-CL A,Telecomm,35,148.275,-5189.625,-5189.625,-35,164.05,5741.75,5741.75
Trade Summary,Data,Stocks,United States Dollar,INTC,INTEL CORP,Technology,300,31.383066667,-9414.92,-9414.92,-300,19.88,5964,5964
Trade Summary,Data,Stocks,United States Dollar,JD,JD.COM INC-ADR,Consumer Cyclicals,250,34.75796,-8689.49,-8689.49,0,0,0,0
Trade Summary,Data,Stocks,United States Dollar,MRVL,MARVELL TECHNOLOGY INC,Technology,80,62.205,-4976.4,-4976.4,-80,66,5280,5280
Trade Summary,Data,Stocks,United States Dollar,NKE,NIKE INC -CL B,Consumer Cyclicals,325,72.318846154,-23503.625,-23503.625,-325,72.541538462,23576,23576
Trade Summary,Data,Stocks,United States Dollar,PYPL,PAYPAL HOLDINGS INC,Financials,281,78.72202847,-22120.89,-22120.89,-21,77.223790476,1621.6996,1621.6996
Trade Summary,Data,Stocks,United States Dollar,SBUX,STARBUCKS CORP,Consumer Cyclicals,55,87.205,-4796.275,-4796.275,0,0,0,0
Trade Summary,Data,Stocks,United States Dollar,STLA,STELLANTIS NV,Consumer Cyclicals,160,13.138,-2102.08,-2102.08,-160,12.525,2004,2004
Trade Summary,Data,Stocks,United States Dollar,STM,STMICROELECTRONICS NV-NY SHS,Technology,357,26.725357143,-9540.9525,-9540.9525,-357,25.99359916,9279.7149,9279.7149
Trade Summary,Data,Stocks,United States Dollar,UNH,UNITEDHEALTH GROUP INC,Healthcare,15,305.596,-4583.94,-4583.94,-15,320,4800,4800
Trade Summary,Data,Stocks,United States Dollar,UPS,UNITED PARCEL SERVICE-CL B,Industrials,55,85.38,-4695.9,-4695.9,-55,106.23,5842.65,5842.65
Trade Summary,Data,Stocks,United States Dollar,XYZ,BLOCK INC,Industrials,423,52.63427896,-22264.3,-22264.3,-423,58.366346336,24688.9645,24688.9645
Deposits And Withdrawals,MetaInfo,Analysis Period,"July 8, 2024 - January 27, 2026"
Deposits And Withdrawals,Header,Date,Type,Description,Amount
Deposits And Withdrawals,Data,07/08/24,DEPOSIT,Cash Receipts / Electronic Fund Transfers ,10800
Deposits And Withdrawals,Data,10/21/24,DEPOSIT,Cash Receipts / Electronic Fund Transfers ,6000
Deposits And Withdrawals,Data,11/04/24,DEPOSIT,Cash Receipts / Electronic Fund Transfers ,6000
Deposits And Withdrawals,Data,12/19/24,NA,Adjustment: Commission (consolidated Audit Trail Fee Refund) ,0.01
Deposits And Withdrawals,Data,08/08/25,DEPOSIT,Cash Receipts / Electronic Fund Transfers ,20900
Dividends,MetaInfo,Analysis Period,"July 8, 2024 - January 27, 2026"
Dividends,Header,PayDate,Ex-Date,Symbol,Note,Quantity,DividendPerShare,Amount
Dividends,Data,20241001,20240924,STM,Payment In Lieu,75,0.09,6.75
Dividends,Data,20241227,20241217,STM,Dividend Payment,200,0.09,18
Dividends,Data,20250102,20241202,NKE,Dividend Payment,100,0.40,40
Dividends,Data,20250605,20250602,SHV,Dividend Payment,238,0.40,94.49
Dividends,Data,20250708,20250702,TLTW,Dividend Payment,950,0.31,298
Dividends,Data,20250807,20250804,TLTW,Dividend Payment,950,0.23,219.54
Dividends,Data,20250905,20250902,SHV,Dividend Payment,440,0.39,170.54
Dividends,Data,20251106,20251103,TLT,Dividend Payment,130,0.33,42.27
Dividends,Data,20251128,20251114,SBUX,Dividend Payment,55,0.62,34.1
Dividends,Data,20251204,20251201,TLT,Dividend Payment,130,0.32,41.68
Dividends,Data,20251204,20251117,UPS,Dividend Payment,55,1.64,90.2
Dividends,Data,20251210,20251119,PYPL,Dividend Payment,260,0.14,36.4
Dividends,Data,20251224,20251219,TLT,Dividend Payment,130,0.34,44.52
Interest Details,MetaInfo,Analysis Period,"July 8, 2024 - January 27, 2026"
Interest Details,Header,Date,Description,Amount
Interest Details,Data,20251003,EUR Debit Interest Paid for September 2025,-5.894484
Interest Details,Data,20251105,USD Debit Interest Paid for October 2025,-1.07
Notes and Disclosure,Header,Type,Note
Notes and Disclosure,Data,General,"1. The Net Asset Value (NAV) consists of all positions by financial instrument (stock, securities options, warrants, bonds, cash, etc.). All non-base currency amounts are converted to the base currency at the close of period rate."
Notes and Disclosure,Data,General,2. The gain or loss from future contracts settle into cash each night. The notional value is used when computing the contribution to return.
Notes and Disclosure,Data,General,"3. Dividend accruals, interest accruals, and insured deposits are included in cash amounts throughout the report."
Notes and Disclosure,Data,General,4. Price valuations are obtained from outside parties. Clearing Broker shall have no responsibility for the accuracy or timeliness of any such price valuation.
Notes and Disclosure,Data,General,5. Data from Thomson Reuters Business Classifications and Lipper Global is used to derive our sector classifications. Funds with assorted sector allocations are classified as Broad.
Notes and Disclosure,Data,General,"6. Amounts are formatted to two decimal places. If amounts are greater than two decimal places, Clearing Broker uses "half-even" rounding. This means that Clearing Broker rounds such amounts up to the nearest even number."
Notes and Disclosure,Data,General,"7. For accounts opened and funded before 2009, reports with a time period of Since Inception will only include data going back to January 1, 2009. This includes some default reports and both Historical Performance reports."
Notes and Disclosure,Data,General,"8. If you have elected to trade cryptocurrency/digital asset products at Crypto Provider through the Clearing Broker platform, for your convenience your positions in your linked account at Crypto Provider are reflected in PortfolioAnalyst in connection with your Clearing Broker account."
Notes and Disclosure,Data,Section,1. Account Overview: The deposit/withdrawal amount displayed includes internal transfers along with cash and position transfers.
Notes and Disclosure,Data,Section,2. Projected Income: The Estimated Annual Income and Estimated Remaining Income in the Projected Income report assume dividend and bond payments remain constant throughout the year. These positions and interest rates are based on the previous business day.
Notes and Disclosure,Data,Section,"3. Risk Measures: Historical US 3 Month Treasury Bill rates are used as the risk free rates when calculating Alpha, the Sharpe ratio, the Sortino ratio, and the downside deviation."
Notes and Disclosure,Data,Disclosure,"This portfolio report was generated using Clearing Broker's PortfolioAnalyst tool, which allows Clearing Broker clients to generate analyses of their accounts using market data provided by third parties along with trade and account data contained in Clearing Broker's systems. This report is for information purposes only and is provided AS IS. Clearing Broker makes no warranty of any kind, express or implied, as to this report and its contents. The data provided for use in the PortfolioAnalyst tool is believed to be accurate, but completeness and accuracy of the information is not guaranteed, and Clearing Broker has no liability with respect thereto. The data regarding accounts held outside of Clearing Broker is obtained either directly from your input or from the financial institutions holding those accounts through a third-party service provider and Clearing Broker has NOT reviewed its accuracy.

The material in this report is intended only as a reference and should not be relied upon for the maintenance of your books and records for tax, accounting, financial, or regulatory reporting or for any other purposes. This report is not an offer or a solicitation of an offer to buy or sell any security. This material does not, and is not intended to, take into account the particular financial conditions, investment objectives, or requirements of individual customers. Before acting on any material within this report, you should consider whether it is suitable for your particular circumstances and as necessary, seek professional advice."
