Introduction,Header,Name,Account,Alias,BaseCurrency,AccountType,AnalysisPeriod,PerformanceMeasure
Introduction,Data,janet c braithwaite aguirre,U6535548,,USD,Individual (Broker Client),"July 30, 2021 to January 27, 2026 (Daily)",TWR
Key Statistics,MetaInfo,Analysis Period,"July 30, 2021 - January 27, 2026"
Key Statistics,Header,BeginningNAV,EndingNAV,CumulativeReturn,5DayReturn,5DayReturnDateRange,10DayReturn,10DayReturnDateRange,BestReturn,BestReturnDate,WorstReturn,WorstReturnDate,MTM,Deposits & Withdrawals,Dividends,Interest,Fees & Commissions,Other,ChangeInNAV
Key Statistics,Data,0,869.096431772,9845.218467011,0.033609981,20260121 - 20260127,0.042469706,20260114 - 20260127,1072.907270958,20250204,-2.21109389,20241218,-6074.1249,-27055.986656,26528.6388,13874.2885658,-2676.309111912,-3727.410266117,869.096431772
Historical Performance,MetaInfo,Analysis Period,"July 30, 2021 - January 27, 2026"
Historical Performance,Header,Account,MTD,QTD,YTD,1 Year,3 Year,Since Inception
Historical Performance,Data,U6535548,0.031475341,0.031475341,0.031475341,8282.416263766,9419.338201491,9845.218472771
Historical Performance,Header,Month,Account,AccountReturn
Historical Performance,Data,202501,U6535548,0.665998672
Historical Performance,Data,202502,U6535548,8241.856517655
Historical Performance,Data,202503,U6535548,0.046908119
Historical Performance,Data,202504,U6535548,0.054789502
Historical Performance,Data,202505,U6535548,0.002134849
Historical Performance,Data,202506,U6535548,0.046966214
Historical Performance,Data,202507,U6535548,-0.03979585
Historical Performance,Data,202508,U6535548,0.028924861
Historical Performance,Data,202509,U6535548,0.005121745
Historical Performance,Data,202510,U6535548,-0.021019405
Historical Performance,Data,202511,U6535548,0.006403173
Historical Performance,Data,202512,U6535548,0.015900245
Historical Performance,Data,202401,U6535548,0.149815147
Historical Performance,Data,202402,U6535548,0.162338843
Historical Performance,Data,202403,U6535548,1.668761953
Historical Performance,Data,202404,U6535548,-3.521247192
Historical Performance,Data,202405,U6535548,3.266619593
Historical Performance,Data,202406,U6535548,-0.053728838
Historical Performance,Data,202407,U6535548,5.84272815
Historical Performance,Data,202408,U6535548,3.370365004
Historical Performance,Data,202409,U6535548,1.614298098
Historical Performance,Data,202410,U6535548,-0.925433413
Historical Performance,Data,202411,U6535548,1.76477213
Historical Performance,Data,202412,U6535548,-3.443932136
Historical Performance,Data,202301,U6535548,3.594782526
Historical Performance,Data,202302,U6535548,-0.226215831
Historical Performance,Data,202303,U6535548,-1.033624953
Historical Performance,Data,202304,U6535548,1.177478068
Historical Performance,Data,202305,U6535548,-3.295569285
Historical Performance,Data,202306,U6535548,2.462970457
Historical Performance,Data,202307,U6535548,2.234216867
Historical Performance,Data,202308,U6535548,-2.762370067
Historical Performance,Data,202309,U6535548,-2.100816376
Historical Performance,Data,202310,U6535548,-3.699021807
Historical Performance,Data,202311,U6535548,6.156707934
Historical Performance,Data,202312,U6535548,4.586796507
Historical Performance,Data,202201,U6535548,0.758829311
Historical Performance,Data,202202,U6535548,-0.916477381
Historical Performance,Data,202203,U6535548,-0.072589363
Historical Performance,Data,202204,U6535548,-1.268379869
Historical Performance,Data,202205,U6535548,0.239804457
Historical Performance,Data,202206,U6535548,-2.877248251
Historical Performance,Data,202207,U6535548,1.908117979
Historical Performance,Data,202208,U6535548,-0.20030365
Historical Performance,Data,202209,U6535548,-7.560268652
Historical Performance,Data,202210,U6535548,0.658628105
Historical Performance,Data,202211,U6535548,7.770491813
Historical Performance,Data,202212,U6535548,0.146840081
Historical Performance,Data,202101,U6535548,-
Historical Performance,Data,202102,U6535548,-
Historical Performance,Data,202103,U6535548,-
Historical Performance,Data,202104,U6535548,-
Historical Performance,Data,202105,U6535548,-
Historical Performance,Data,202106,U6535548,-
Historical Performance,Data,202107,U6535548,-
Historical Performance,Data,202108,U6535548,0.831182817
Historical Performance,Data,202109,U6535548,0.224340194
Historical Performance,Data,202110,U6535548,-0.118697053
Historical Performance,Data,202111,U6535548,-0.26821331
Historical Performance,Data,202112,U6535548,0.450823435
Historical Performance,Header,Quarter,Account,AccountReturn
Historical Performance,Data,2025 Q1,U6535548,8301.352239821
Historical Performance,Data,2025 Q2,U6535548,0.10391847
Historical Performance,Data,2025 Q3,U6535548,-0.005761312
Historical Performance,Data,2025 Q4,U6535548,0.001280343
Historical Performance,Data,2024 Q1,U6535548,1.986372317
Historical Performance,Data,2024 Q2,U6535548,-0.423183577
Historical Performance,Data,2024 Q3,U6535548,11.1762182
Historical Performance,Data,2024 Q4,U6535548,-2.649269009
Historical Performance,Data,2023 Q1,U6535548,2.292075482
Historical Performance,Data,2023 Q2,U6535548,0.252950927
Historical Performance,Data,2023 Q3,U6535548,-2.678294818
Historical Performance,Data,2023 Q4,U6535548,6.91902785
Historical Performance,Data,2022 Q1,U6535548,-0.237072448
Historical Performance,Data,2022 Q2,U6535548,-3.87918311
Historical Performance,Data,2022 Q3,U6535548,-5.985102748
Historical Performance,Data,2022 Q4,U6535548,8.639591119
Historical Performance,Data,2021 Q1,U6535548,-
Historical Performance,Data,2021 Q2,U6535548,-
Historical Performance,Data,2021 Q3,U6535548,-
Historical Performance,Data,2021 Q4,U6535548,0.062488587
Historical Performance,Header,Year,Account,AccountReturn
Historical Performance,Data,YTD,U6535548,0.031475341
Historical Performance,Data,2025,U6535548,8309.705937043
Historical Performance,Data,2024,U6535548,9.913615852
Historical Performance,Data,2023,U6535548,6.709691967
Historical Performance,Data,2022,U6535548,-2.057443398
Open Position Summary,MetaInfo,As Of,"January 27, 2026"
Open Position Summary,Header,Date,FinancialInstrument,Currency,Symbol,Description,Sector,Quantity,ClosePrice,Value,Cost Basis,UnrealizedP&L,FXRateToBase
Open Position Summary,Data,01/27/2026,Cash,EUR,EUR,Euro,Cash,9.27,1.2041,11.162007, , ,1.2041
Open Position Summary,Data,01/27/2026,Cash,USD,USD,United States Dollar,Cash,857.934404,1,857.934404, , ,1
Open Position Summary,Data,Total,Cash,USD,,,,,,869.096411, , 
Performance by Symbol,MetaInfo,Analysis Period,"July 30, 2021 - January 27, 2026"
Performance by Symbol,Header,Symbol,Description,FinancialInstrument,Sector,AvgWeight,Return,Contribution,Unrealized_P&L,Realized_P&L,Open
Performance by Symbol,Data,BCOLO 6.909 10/18/27,BCOLO 6.909 10/18/27,Bonds,Financials,16.986219939,2.488691926,0.634396029,0.00,0.00,No
Performance by Symbol,Data,GNBSUD 7.051 04/03/27,GNBSUD 7.051 04/03/27,Bonds,Financials,16.577921814,-5.499591059,-0.892399644,0.00,0.00,No
Performance by Symbol,Data,SMIPET 4 1/2 09/18/22 3AB8,SMIPET 4 1/2 09/18/22,Bonds,Basic Materials,23.940447959,0.102948892,0.176155192,0.00,41.60,No
Performance by Symbol,Data,SUAMSA 4 3/8 04/11/27 LAA6,SUAMSA 4 3/8 04/11/27,Bonds,Financials,12.950194178,-5.271866822,-0.562896204,0.00,0.00,No
Performance by Symbol,Data,Total Bonds,,,,48.391023589,-3.134049011,-0.666798025,0.00,41.60,
Performance by Symbol,Data,2828,HANGSENG CHINA ENT INDEX,ETFs,Broad,2.70323247,-6.947566448,-0.27902719,0.00,-629.47,No
Performance by Symbol,Data,CEFD,ETRACS 150% CL END FUND ETN,ETFs,Financials,3.643503569,9.916784685,0.323469071,0.00,-65.39,No
Performance by Symbol,Data,EMB,ISHARES J.P. MORGAN USD EMERGI,ETFs,Broad,7.186599166,7.054381362,0.512347732,0.00,805.26,No
Performance by Symbol,Data,EMLC,VANECK JPM EM LOCAL CURR BND,ETFs,Broad,6.925608939,12.008220914,0.74315875,0.00,"1,507.61",No
Performance by Symbol,Data,EWZ,ISHARES MSCI BRAZIL ETF,ETFs,Broad,1.515418669,17.971561166,0.479578283,0.00,"1,015.94",No
Performance by Symbol,Data,FNGA,MICROSECTORS FANG+ INDEX 3X,ETFs,Financials,0.419714234,15.363370949,0.059649372,0.00,146.49,No
Performance by Symbol,Data,JETS,US GLOBAL JETS ETF,ETFs,Industrials,0.868536521,1.240541335,0.012717139,0.00,11.48,No
Performance by Symbol,Data,KWEB,KRANESH CSI CHINA INTERNET,ETFs,Technology,1.101906344,23.054355305,0.244120513,0.00,579.47,No
Performance by Symbol,Data,PCY,INVESCO EMERGING MARKETS SOV,ETFs,Broad,3.819986553,-1.140570989,0.068554655,0.00,-137.66,No
Performance by Symbol,Data,RYLD,GLOBAL X RUSSELL 2000 COV CL,ETFs,Broad,10.390570076,3.527581342,0.220804736,0.00,-82.41,No
Performance by Symbol,Data,SDIV,GLOBAL X SUPERDIVIDEND ETF,ETFs,Broad,12.482661471,3.410841245,0.947129273,0.00,"-1,127.91",No
Performance by Symbol,Data,SHV,ISHARES SHORT TREASURY BOND,ETFs,Government,11.518087165,0.546577121,0.046954029,0.00,-11.76,No
Performance by Symbol,Data,SHY,ISHARES 1-3 YEAR TREASURY BO,ETFs,Government,99.340152921,0.275150127,0.273494716,0.00,449.28,No
Performance by Symbol,Data,SLV,ISHARES SILVER TRUST,ETFs,Basic Materials,0.452899593,15.029789584,0.064873939,0.00,157.59,No
Performance by Symbol,Data,TLT,ISHARES 20+ YEAR TREASURY BD,ETFs,Government,7.552048659,5.656460537,0.464945905,0.00,419.63,No
Performance by Symbol,Data,Total ETFs,,,,23.161119185,14.595375452,4.191738287,0.00,"3,038.14",
Performance by Symbol,Data,BABA  240816P00079000,BABA 16AUG24 79 P,Options,Technology,0.08727605,-100,-0.118631832,0.00,-193.80,No
Performance by Symbol,Data,BABA1 260116C00090000,BABA1 16JAN26 90 C,Options,Technology,2.272835463,-17.408047211,-0.412989429,0.00,-632.01,No
Performance by Symbol,Data,BABA2 260116C00090000,BABA2 16JAN26 90 C,Options,Technology,1.951256032,21.628497764,0.411463216,0.00,658.72,No
Performance by Symbol,Data,BMY   260116C00040000,BMY 16JAN26 40 C,Options,Healthcare,1.544302352,38.08276826,1.134471623,0.00,"1,780.82",No
Performance by Symbol,Data,C     220617C00052500,C 17JUN22 52.5 C,Options,Financials,0.071069983,-71.2414753,-0.079785677,0.00,-193.09,No
Performance by Symbol,Data,DIS   250321C00105000,DIS 21MAR25 105 C,Options,Telecomm,-1.845129591,43.363287788,-0.607790176,0.00,-999.22,No
Performance by Symbol,Data,DIS   250321P00090000,DIS 21MAR25 90 P,Options,Telecomm,2.213209551,-29.897437285,-0.903641056,0.00,"-1,501.34",No
Performance by Symbol,Data,INTC  220715C00045000,INTC 15JUL22 45 C,Options,Technology,0.100270615,6.739106453,0.005445317,0.00,13.32,No
Performance by Symbol,Data,KWEB  220617C00040000,KWEB 17JUN22 40 C,Options,Technology,0.04575228,52.160569493,0.02386465,0.00,57.92,No
Performance by Symbol,Data,KWEB  250117C00020000,KWEB 17JAN25 20 C,Options,Technology,0.67364577,101.839893638,0.515308879,0.00,"1,149.67",No
Performance by Symbol,Data,NKE   250321C00087500,NKE 21MAR25 87.5 C,Options,Consumer Cyclicals,-3.031239366,76.776822491,-2.098922603,0.00,"-3,511.24",No
Performance by Symbol,Data,NKE   250321C00100000,NKE 21MAR25 100 C,Options,Consumer Cyclicals,-0.686914234,-29.721227986,0.24112916,0.00,411.92,No
Performance by Symbol,Data,NKE   250321P00077500,NKE 21MAR25 77.5 P,Options,Consumer Cyclicals,3.443219635,-43.906230798,-1.625203569,0.00,"-2,720.66",No
Performance by Symbol,Data,NKE   250321P00082500,NKE 21MAR25 82.5 P,Options,Consumer Cyclicals,3.956368398,35.438028423,1.26928475,0.00,"2,139.23",No
Performance by Symbol,Data,SPY   230609P00390000,SPY 09JUN23 390 P,Options,Broad,0.069423004,-100,-0.183457438,0.00,-345.43,No
Performance by Symbol,Data,TDOC  220414C00075000,TDOC 14APR22 75.0 C,Options,Healthcare,0.095411818,65.769339179,0.033862389,0.00,81.70,No
Performance by Symbol,Data,TLT   260116C00085000,TLT 16JAN26 85 C,Options,Government,1.696198859,33.744322069,0.496037738,0.00,790.99,No
Performance by Symbol,Data,TLT   260116C00090000,TLT 16JAN26 90 C,Options,Government,1.96049149,14.39424206,0.26917951,0.00,464.23,No
Performance by Symbol,Data,TLT   270115C00080000,TLT 15JAN27 80 C,Options,Government,1.877564196,-27.430261894,-0.563511991,0.00,-958.52,No
Performance by Symbol,Data,TLT   270115C00090000,TLT 15JAN27 90 C,Options,Government,3.5552759,-5.15692628,-0.181529455,0.00,-305.70,No
Performance by Symbol,Data,Total Options,,,,2.953977895,-100,-2.459425578,0.00,"-3,812.53",
Performance by Symbol,Data,ABEV,AMBEV SA-ADR,Stocks,Consumer Non-Cyc,1.131234515,10.135024098,0.111280251,0.00,266.86,No
Performance by Symbol,Data,AI,C3.AI INC-A,Stocks,Technology,0.398091005,11.046774378,0.044786109,0.00,106.99,No
Performance by Symbol,Data,AKO B,EMBOTELLADORA ANDINA-ADR B,Stocks,Consumer Non-Cyc,0.980367989,9.016901846,0.088411387,0.00,214.96,No
Performance by Symbol,Data,AMZN,AMAZON.COM INC,Stocks,Consumer Cyclicals,0.943743553,-2.999230418,-0.034174811,0.00,-88.42,No
Performance by Symbol,Data,AVAL,GRUPO AVAL ACCIONES Y VALORE,Stocks,Financials,1.072542552,1.668715479,0.047415758,0.00,74.91,No
Performance by Symbol,Data,AVK,ADVENT CONVERT & INCOME,Stocks,Broad,9.500298785,5.377851908,0.484385009,0.00,592.18,No
Performance by Symbol,Data,BA,BOEING CO/THE,Stocks,Industrials,0.926768198,21.173898044,0.107348071,0.00,256.69,No
Performance by Symbol,Data,BABA,ALIBABA GROUP HOLDING-SP ADR,Stocks,Technology,1.111545805,-4.000303408,0.263203313,0.00,322.70,No
Performance by Symbol,Data,BBN,BLACKROCK TAXABLE MUNI BND,Stocks,Broad,9.254899698,2.064466599,0.661531222,0.00,-851.85,No
Performance by Symbol,Data,BCS,BARCLAYS PLC-SPONS ADR,Stocks,Financials,1.125837449,-11.243454108,-0.110104719,0.00,-268.70,No
Performance by Symbol,Data,BHP,BHP GROUP LTD-SPON ADR,Stocks,Basic Materials,1.070258239,-16.010100115,-0.173309175,0.00,-411.62,No
Performance by Symbol,Data,BKT,BLACKROCK INCOME TRUST,Stocks,Broad,6.922397617,7.734511912,0.519560035,0.00,694.87,No
Performance by Symbol,Data,BLW,BLACKROCK LTD DURAT INC TR,Stocks,Broad,7.067797263,19.231324186,1.854904819,0.00,"1,505.26",No
Performance by Symbol,Data,BMY,BRISTOL-MYERS SQUIBB CO,Stocks,Healthcare,2.806788698,20.744836561,0.547707726,0.00,813.44,No
Performance by Symbol,Data,C,CITIGROUP INC,Stocks,Financials,0.839225726,-9.35873081,-0.079387019,0.00,-207.81,No
Performance by Symbol,Data,CIG,CIA ENERGETICA DE-SPON ADR,Stocks,Utilities,0.491204421,13.403102273,0.06071325,0.00,147.43,No
Performance by Symbol,Data,CVS,CVS HEALTH CORP,Stocks,Healthcare,1.71603815,-38.072056634,0.15381364,0.00,229.04,No
Performance by Symbol,Data,DIS,WALT DISNEY CO/THE,Stocks,Telecomm,20.008469176,-2.671813522,2.260200478,0.00,"3,748.45",No
Performance by Symbol,Data,DSL,DOUBLELINE INCOME SOLUTIONS,Stocks,Broad,8.730829446,-1.266781675,-0.110027253,0.00,-278.43,No
Performance by Symbol,Data,EAD,ALLSPRING INCOME OPPORT,Stocks,Broad,6.950007266,19.563914544,1.336625967,0.00,904.64,No
Performance by Symbol,Data,ETY,EATON VANCE TAX-MGD DIV EQTY,Stocks,Broad,9.222247056,4.143600855,0.37551171,0.00,479.19,No
Performance by Symbol,Data,FL,FOOT LOCKER INC,Stocks,Consumer Cyclicals,0.747879745,10.888289911,0.081760588,0.00,175.55,No
Performance by Symbol,Data,GBAB,GUGGENHEIM TAXABLE MUNICIPAL,Stocks,Broad,9.24437442,0.609103338,0.399828029,0.00,"-1,216.52",No
Performance by Symbol,Data,GDO,WESTERN AST GLB CORP OPPRNTY,Stocks,Broad,9.819371029,-2.957703582,0.367952539,0.00,"-2,019.79",No
Performance by Symbol,Data,GHY,PGIM GLOBAL HIGH YIELD FUND,Stocks,Broad,7.42031352,12.290286338,0.857207619,0.00,760.48,No
Performance by Symbol,Data,GRFS,GRIFOLS SA-ADR,Stocks,Healthcare,0.942396685,5.091661637,0.040183095,0.00,97.11,No
Performance by Symbol,Data,HUYA,HUYA INC-ADR,Stocks,Technology,0.502617012,5.631216608,0.028288796,0.00,68.48,No
Performance by Symbol,Data,INTC,INTEL CORP,Stocks,Technology,1.278284479,13.678722525,0.255019112,0.00,387.38,No
Performance by Symbol,Data,ITUB,ITAU UNIBANCO H-SPON PRF ADR,Stocks,Financials,0.23021134,4.99884661,0.039508891,0.00,95.94,No
Performance by Symbol,Data,KMB,KIMBERLY-CLARK CORP,Stocks,Consumer Non-Cyc,1.008830766,-0.673322121,-0.006702243,0.00,-16.37,No
Performance by Symbol,Data,LUMN,LUMEN TECHNOLOGIES INC,Stocks,Technology,0.431727382,7.158137342,0.030973752,0.00,56.68,No
Performance by Symbol,Data,META,META PLATFORMS INC-CLASS A,Stocks,Telecomm,0.428139657,-2.765178632,-0.011626646,0.00,-30.66,No
Performance by Symbol,Data,MMM,3M CO,Stocks,Consumer Non-Cyc,0.492762963,-6.540051707,-0.034013623,0.00,-92.14,No
Performance by Symbol,Data,MRK,MERCK & CO INC,Stocks,Healthcare,0.227081823,2.253220182,0.013675799,0.00,33.19,No
Performance by Symbol,Data,NEM,NEWMONT CORP,Stocks,Basic Materials,2.190060789,-11.333271098,0.035938902,0.00,-211.08,No
Performance by Symbol,Data,NKE,NIKE INC -CL B,Stocks,Consumer Cyclicals,22.993739033,18.788547093,2.388435287,0.00,"4,002.69",No
Performance by Symbol,Data,NU,NU HOLDINGS LTD/CAYMAN ISL-A,Stocks,Financials,0.187180681,-38.264864465,-0.106962754,0.00,-257.52,No
Performance by Symbol,Data,ORANY,ORANGE-SPON ADR,Stocks,Technology,0.922675952,14.083367354,0.124834291,0.00,252.92,No
Performance by Symbol,Data,PHG,KONINKLIJKE PHILIPS NVR- NY,Stocks,Healthcare,0.536757193,-31.229034453,-0.200589172,0.00,-520.70,No
Performance by Symbol,Data,PML,PIMCO MUNICIPAL INCOME FD II,Stocks,Broad,3.919944129,10.377149271,0.390646703,0.00,769.93,No
Performance by Symbol,Data,PYPL,PAYPAL HOLDINGS INC,Stocks,Financials,0.614045421,-54.047683881,-0.527106271,0.00,"-1,291.68",No
Performance by Symbol,Data,SAP,SAP SE-SPONSORED ADR,Stocks,Technology,0.412791994,-11.975404831,-0.050974945,0.00,-146.19,No
Performance by Symbol,Data,SWK,STANLEY BLACK & DECKER INC,Stocks,Industrials,0.864662446,-17.799377232,-0.191980123,0.00,-476.40,No
Performance by Symbol,Data,T,AT&T INC,Stocks,Technology,0.576972416,12.902447679,0.018992197,0.00,26.44,No
Performance by Symbol,Data,TDOC,TELADOC HEALTH INC,Stocks,Healthcare,0.551388538,-20.743859817,-0.117404188,0.00,-289.21,No
Performance by Symbol,Data,UL.OLD,UNILEVER PLC-SPONSORED ADR,Stocks,Consumer Non-Cyc,0.942377685,-1.709626276,-0.016094538,0.00,-39.02,No
Performance by Symbol,Data,VLT,INVESCO HIGH INCOME TRUST II,Stocks,Broad,8.459924425,-2.592864916,-0.231625759,0.00,-431.99,No
Performance by Symbol,Data,WBA,WALGREENS BOOTS ALLIANCE INC,Stocks,Consumer Non-Cyc,1.329059311,-13.026628716,-0.188206267,0.00,-473.34,No
Performance by Symbol,Data,WDS,WOODSIDE ENERGY GROUP-ADR,Stocks,Energy,0.137208263,-8.983972073,-0.012861444,0.00,-4.62,No
Performance by Symbol,Data,XP,XP INC - CLASS A,Stocks,Financials,2.317530194,13.021508212,0.313431176,0.00,767.77,No
Performance by Symbol,Data,Total Stocks,,,,39.378068648,13.97697619,12.503937128,0.00,"8,228.11",
Performance by Symbol,Data,EUR,Euro,Cash,Cash,2.70996016,15.926934463,0.115871424,,,Yes
Performance by Symbol,Data,HKD,Hong Kong Dollar,Cash,Cash,-0.042141076,< -2000000,0.043430445,,,Yes
Performance by Symbol,Data,USD,United States Dollar,Cash,Cash,35.880135824,-100,8680.134610878,,,Yes
Performance by Symbol,Data,Total Cash,,,,36.409397812,-100,8669.49444062,,,
Performance by Symbol,Data,Total,,,,99.914748508,9845.218466935,9845.218466935,0.00,"7,495.32",
Trade Summary,MetaInfo,Analysis Period,"July 30, 2021 - January 27, 2026"
Trade Summary,Header,Financial Instrument,Currency,Symbol,Description,Sector,Quantity Bought,Average Price Bought,Proceeds Bought,Proceeds Bought in Base,Quantity Sold,Average Price Sold,Proceeds Sold,Proceeds Sold in Base
Trade Summary,Data,ETFs,Hong Kong Dollar,2828,HANGSENG CHINA ENT INDEX,Broad,800,83.91,-67128,-8611.05388,-800,77.88,62304,7938.15264
Trade Summary,Data,ETFs,United States Dollar,CEFD,ETRACS 150% CL END FUND ETN,Financials,600,19.263316667,-11557.99,-11557.99,-600,19.289733333,11573.84,11573.84
Trade Summary,Data,ETFs,United States Dollar,EMB,ISHARES J.P. MORGAN USD EMERGI,Broad,328,85.239512195,-27958.56,-27958.56,-328,87.708922256,28768.5265,28768.5265
Trade Summary,Data,ETFs,United States Dollar,EMLC,VANECK JPM EM LOCAL CURR BND,Broad,965,23.97934715,-23140.07,-23140.07,-965,25.367025907,24479.18,24479.18
Trade Summary,Data,ETFs,United States Dollar,EWZ,ISHARES MSCI BRAZIL ETF,Broad,200,27.98,-5596,-5596,-200,33.08,6616,6616
Trade Summary,Data,ETFs,United States Dollar,FNGA,MICROSECTORS FANG+ INDEX 3X,Financials,10,95.25,-952.5,-952.5,-10,110.1,1101,1101
Trade Summary,Data,ETFs,United States Dollar,JETS,US GLOBAL JETS ETF,Industrials,100,20.2,-2020,-2020,-100,20.335,2033.5,2033.5
Trade Summary,Data,ETFs,United States Dollar,KWEB,KRANESH CSI CHINA INTERNET,Technology,100,25.125,-2512.5,-2512.5,-100,30.94,3094,3094
Trade Summary,Data,ETFs,United States Dollar,PCY,INVESCO EMERGING MARKETS SOV,Broad,840,19.599464286,-16463.55,-16463.55,-840,19.44672619,16335.25,16335.25
Trade Summary,Data,ETFs,United States Dollar,RYLD,GLOBAL X RUSSELL 2000 COV CL,Broad,2825,16.972787611,-47948.125,-47948.125,-2825,16.518399292,46664.478,46664.478
Trade Summary,Data,ETFs,United States Dollar,SDIV,GLOBAL X SUPERDIVIDEND ETF,Broad,1575,22.552685714,-35520.48,-35520.48,-1575,21.665301587,34122.85,34122.85
Trade Summary,Data,ETFs,United States Dollar,SHV,ISHARES SHORT TREASURY BOND,Government,990,110.243292929,-109140.86,-109140.86,-990,110.29410101,109191.16,109191.16
Trade Summary,Data,ETFs,United States Dollar,SHY,ISHARES 1-3 YEAR TREASURY BO,Government,1991,81.989231944,-163240.5608,-163240.5608,-1991,82.262698644,163785.033,163785.033
Trade Summary,Data,ETFs,United States Dollar,SLV,ISHARES SILVER TRUST,Basic Materials,50,20.95,-1047.5,-1047.5,-50,24.142,1207.1,1207.1
Trade Summary,Data,ETFs,United States Dollar,TLT,ISHARES 20+ YEAR TREASURY BD,Government,120,87.28,-10473.6,-10473.6,-120,90.955,10914.6,10914.6
Trade Summary,Data,Forex,Hong Kong Dollar,USD.HKD,USD.HKD,Cash,8048.7444,7.850008061,-63182.70841778,-8048.84729085,-8637,7.801810883,67384.2406,8636.13914778
Trade Summary,Data,Forex,United States Dollar,EUR.USD,EUR.USD,Cash,159009.95,1.04157,-165619.9936215,-165619.9936215,0,0,0,0
Trade Summary,Data,Options,United States Dollar,BABA  240816P00079000,BABA 16AUG24 79 P,Technology,1,1.8,-180,-180,-1,0,0,0
Trade Summary,Data,Options,United States Dollar,BABA1 260116C00090000,BABA1 16JAN26 90 C,Technology,3,12.05,-3615,-3615,-3,10.05,3015,3015
Trade Summary,Data,Options,United States Dollar,BABA2 260116C00090000,BABA2 16JAN26 90 C,Technology,3,10.1,-3030,-3030,-3,12.4,3720,3720
Trade Summary,Data,Options,United States Dollar,BMY   260116C00040000,BMY 16JAN26 40 C,Healthcare,4,7.63,-3052,-3052,-4,12.2,4880,4880
Trade Summary,Data,Options,United States Dollar,C     220617C00052500,C 17JUN22 52.5 C,Financials,1,2.7,-270,-270,-1,0.79,79,79
Trade Summary,Data,Options,United States Dollar,DIS   250321C00105000,DIS 21MAR25 105 C,Telecomm,8,4.1,-3280,-3280,-8,2.91,2328,2328
Trade Summary,Data,Options,United States Dollar,DIS   250321P00090000,DIS 21MAR25 90 P,Telecomm,8,6.25,-5000,-5000,-8,4.43,3544,3544
Trade Summary,Data,Options,United States Dollar,INTC  220715C00045000,INTC 15JUL22 45 C,Technology,1,1.97,-197,-197,-1,2.12,212,212
Trade Summary,Data,Options,United States Dollar,KWEB  220617C00040000,KWEB 17JUN22 40 C,Technology,1,1.1,-110,-110,-1,1.7,170,170
Trade Summary,Data,Options,United States Dollar,KWEB  250117C00020000,KWEB 17JAN25 20 C,Technology,2,5.64,-1128,-1128,-2,11.4,2280,2280
Trade Summary,Data,Options,United States Dollar,NKE   250321C00087500,NKE 21MAR25 87.5 C,Consumer Cyclicals,10,8.058,-8058,-8058,-10,4.6,4600,4600
Trade Summary,Data,Options,United States Dollar,NKE   250321C00100000,NKE 21MAR25 100 C,Consumer Cyclicals,10,0.95,-950,-950,-10,1.41,1410,1410
Trade Summary,Data,Options,United States Dollar,NKE   250321P00077500,NKE 21MAR25 77.5 P,Consumer Cyclicals,10,6.17,-6170,-6170,-10,3.5,3500,3500
Trade Summary,Data,Options,United States Dollar,NKE   250321P00082500,NKE 21MAR25 82.5 P,Consumer Cyclicals,10,6.01,-6010,-6010,-10,8.2,8200,8200
Trade Summary,Data,Options,United States Dollar,SPY   230609P00390000,SPY 09JUN23 390 P,Broad,2,1.715,-343,-343,-2,0,0,0
Trade Summary,Data,Options,United States Dollar,TDOC  220414C00075000,TDOC 14APR22 75.0 C,Healthcare,2,1.775,-355,-355,-2,2.2,440,440
Trade Summary,Data,Options,United States Dollar,TLT   260116C00085000,TLT 16JAN26 85 C,Government,2,11.65,-2330,-2330,-2,15.75,3150,3150
Trade Summary,Data,Options,United States Dollar,TLT   260116C00090000,TLT 16JAN26 90 C,Government,3,10.7,-3210,-3210,-3,12.35,3705,3705
Trade Summary,Data,Options,United States Dollar,TLT   270115C00080000,TLT 15JAN27 80 C,Government,2,17.4,-3480,-3480,-2,12.75,2550,2550
Trade Summary,Data,Options,United States Dollar,TLT   270115C00090000,TLT 15JAN27 90 C,Government,13,9.376923077,-12190,-12190,-13,9.211538462,11975,11975
Trade Summary,Data,Stocks,United States Dollar,ABEV,AMBEV SA-ADR,Consumer Non-Cyc,1000,2.628,-2628,-2628,-1000,2.905,2905,2905
Trade Summary,Data,Stocks,United States Dollar,AI,C3.AI INC-A,Technology,50,19.35,-967.5,-967.5,-50,21.53,1076.5,1076.5
Trade Summary,Data,Stocks,United States Dollar,AKO B,EMBOTELLADORA ANDINA-ADR B,Consumer Non-Cyc,200,11.91,-2382,-2382,-200,13,2600,2600
Trade Summary,Data,Stocks,United States Dollar,AMZN,AMAZON.COM INC,Consumer Cyclicals,21,219.819047619,-4616.2,-4616.2,-40,113.29635,4531.854,4531.854
Trade Summary,Data,Stocks,United States Dollar,AVAL,GRUPO AVAL ACCIONES Y VALORE,Financials,600,5.255,-3153,-3153,-600,5.39,3234,3234
Trade Summary,Data,Stocks,United States Dollar,AVK,ADVENT CONVERT & INCOME,Broad,1330,11.258150376,-14973.34,-14973.34,-1330,11.762165414,15643.68,15643.68
Trade Summary,Data,Stocks,United States Dollar,BA,BOEING CO/THE,Industrials,36,169.366666667,-6097.2,-6097.2,-36,176.666111111,6359.98,6359.98
Trade Summary,Data,Stocks,United States Dollar,BABA,ALIBABA GROUP HOLDING-SP ADR,Technology,70,96.242857143,-6737,-6737,-70,100.930714286,7065.15,7065.15
Trade Summary,Data,Stocks,United States Dollar,BBN,BLACKROCK TAXABLE MUNI BND,Broad,2410,17.80580083,-42911.98,-42911.98,-2410,17.367817427,41856.44,41856.44
Trade Summary,Data,Stocks,United States Dollar,BCS,BARCLAYS PLC-SPONS ADR,Financials,350,8.100714286,-2835.25,-2835.25,-350,7.344,2570.4,2570.4
Trade Summary,Data,Stocks,United States Dollar,BHP,BHP GROUP LTD-SPON ADR,Basic Materials,40,64.25,-2570,-2570,-40,54.010875,2160.435,2160.435
Trade Summary,Data,Stocks,United States Dollar,BKT,BLACKROCK INCOME TRUST,Broad,900,11.6,-10440,-10440,-900,12.4351,11191.59,11191.59
Trade Summary,Data,Stocks,United States Dollar,BLW,BLACKROCK LTD DURAT INC TR,Broad,2735,13.044563985,-35676.8825,-35676.8825,-2735,13.568195612,37109.015,37109.015
Trade Summary,Data,Stocks,United States Dollar,BMY,BRISTOL-MYERS SQUIBB CO,Healthcare,100,41.19,-4119,-4119,-100,49.52475,4952.475,4952.475
Trade Summary,Data,Stocks,United States Dollar,C,CITIGROUP INC,Financials,40,52.145,-2085.8,-2085.8,-40,47.001,1880.04,1880.04
Trade Summary,Data,Stocks,United States Dollar,CIG,CIA ENERGETICA DE-SPON ADR,Utilities,500,2.195,-1097.5,-1097.5,-500,2.5,1250,1250
Trade Summary,Data,Stocks,United States Dollar,CVS,CVS HEALTH CORP,Healthcare,100,59.029,-5902.9,-5902.9,-100,61.605,6160.5,6160.5
Trade Summary,Data,Stocks,United States Dollar,DIS,WALT DISNEY CO/THE,Telecomm,820,91.782060976,-75261.29,-75261.29,-820,96.417195122,79062.1,79062.1
Trade Summary,Data,Stocks,United States Dollar,DSL,DOUBLELINE INCOME SOLUTIONS,Broad,1180,12.678,-14960.04,-14960.04,-1180,12.495,14744.1,14744.1
Trade Summary,Data,Stocks,United States Dollar,EAD,ALLSPRING INCOME OPPORT,Broad,3790,6.634333773,-25144.125,-25144.125,-3790,6.911403694,26194.22,26194.22
Trade Summary,Data,Stocks,United States Dollar,ETY,EATON VANCE TAX-MGD DIV EQTY,Broad,1030,14.549805825,-14986.3,-14986.3,-1030,15.07,15522.1,15522.1
Trade Summary,Data,Stocks,United States Dollar,FL,FOOT LOCKER INC,Consumer Cyclicals,60,29.72,-1783.2,-1783.2,-60,32.68,1960.8,1960.8
Trade Summary,Data,Stocks,United States Dollar,GBAB,GUGGENHEIM TAXABLE MUNICIPAL,Broad,2920,17.049991438,-49785.975,-49785.975,-2920,16.405537671,47904.17,47904.17
Trade Summary,Data,Stocks,United States Dollar,GDO,WESTERN AST GLB CORP OPPRNTY,Broad,4085,12.84894492,-52487.94,-52487.94,-4085,12.260102815,50082.52,50082.52
Trade Summary,Data,Stocks,United States Dollar,GHY,PGIM GLOBAL HIGH YIELD FUND,Broad,2135,12.094206089,-25821.13,-25821.13,-2135,12.507728337,26704,26704
Trade Summary,Data,Stocks,United States Dollar,GRFS,GRIFOLS SA-ADR,Healthcare,500,11.1036,-5551.8,-5551.8,-500,11.309,5654.5,5654.5
Trade Summary,Data,Stocks,United States Dollar,HUYA,HUYA INC-ADR,Technology,150,8.1,-1215,-1215,-150,8.57,1285.5,1285.5
Trade Summary,Data,Stocks,United States Dollar,INTC,INTEL CORP,Technology,130,34.639423077,-4503.125,-4503.125,-130,37.789615385,4912.65,4912.65
Trade Summary,Data,Stocks,United States Dollar,ITUB,ITAU UNIBANCO H-SPON PRF ADR,Financials,400,3.9,-1560,-1560,-400,4.15,1660,1660
Trade Summary,Data,Stocks,United States Dollar,KMB,KIMBERLY-CLARK CORP,Consumer Non-Cyc,20,121.548,-2430.96,-2430.96,-20,120.83,2416.6,2416.6
Trade Summary,Data,Stocks,United States Dollar,LUMN,LUMEN TECHNOLOGIES INC,Technology,100,10.308,-1030.8,-1030.8,-100,10.895,1089.5,1089.5
Trade Summary,Data,Stocks,United States Dollar,META,META PLATFORMS INC-CLASS A,Telecomm,5,221.53,-1107.65,-1107.65,-5,215.8,1079,1079
Trade Summary,Data,Stocks,United States Dollar,MMM,3M CO,Consumer Non-Cyc,8,159.52,-1276.16,-1276.16,-8,148.25375,1186.03,1186.03
Trade Summary,Data,Stocks,United States Dollar,MRK,MERCK & CO INC,Healthcare,20,73.6,-1472,-1472,-20,75.36,1507.2,1507.2
Trade Summary,Data,Stocks,United States Dollar,NEM,NEWMONT CORP,Basic Materials,180,42.740222222,-7693.24,-7693.24,-180,41.784444444,7521.2,7521.2
Trade Summary,Data,Stocks,United States Dollar,NKE,NIKE INC -CL B,Consumer Cyclicals,2045,80.29551467,-164204.3275,-164204.3275,-2045,82.31590709,168336.03,168336.03
Trade Summary,Data,Stocks,United States Dollar,NU,NU HOLDINGS LTD/CAYMAN ISL-A,Financials,100,6.72,-672,-672,-100,4.165,416.5,416.5
Trade Summary,Data,Stocks,United States Dollar,ORANY,ORANGE-SPON ADR,Technology,400,11.4175,-4567,-4567,-400,12.0625,4825,4825
Trade Summary,Data,Stocks,United States Dollar,PHG,KONINKLIJKE PHILIPS NVR- NY,Healthcare,50,31.2073,-1560.365,-1560.365,-50,20.834,1041.7,1041.7
Trade Summary,Data,Stocks,United States Dollar,PML,PIMCO MUNICIPAL INCOME FD II,Broad,1000,8.79923,-8799.23,-8799.23,-1000,9.56326,9563.26,9563.26
Trade Summary,Data,Stocks,United States Dollar,PYPL,PAYPAL HOLDINGS INC,Financials,15,160.58,-2408.7,-2408.7,-15,74.67,1120.05,1120.05
Trade Summary,Data,Stocks,United States Dollar,SAP,SAP SE-SPONSORED ADR,Technology,10,104.71,-1047.1,-1047.1,-10,90.293,902.93,902.93
Trade Summary,Data,Stocks,United States Dollar,SWK,STANLEY BLACK & DECKER INC,Industrials,20,134.9775,-2699.55,-2699.55,-20,111.31,2226.2,2226.2
Trade Summary,Data,Stocks,United States Dollar,T,AT&T INC,Technology,250,24.7658,-6191.45,-6191.45,-250,24.8994,6224.85,6224.85
Trade Summary,Data,Stocks,United States Dollar,TDOC,TELADOC HEALTH INC,Healthcare,20,81.56,-1631.2,-1631.2,-20,67.25,1345,1345
Trade Summary,Data,Stocks,United States Dollar,UL.OLD,UNILEVER PLC-SPONSORED ADR,Consumer Non-Cyc,50,45.625,-2281.25,-2281.25,-50,44.885,2244.25,2244.25
Trade Summary,Data,Stocks,United States Dollar,VLT,INVESCO HIGH INCOME TRUST II,Broad,1320,11.35,-14982,-14982,-1320,11.041454545,14574.72,14574.72
Trade Summary,Data,Stocks,United States Dollar,WBA,WALGREENS BOOTS ALLIANCE INC,Consumer Non-Cyc,130,44.97,-5846.1,-5846.1,-130,41.368153846,5377.86,5377.86
Trade Summary,Data,Stocks,United States Dollar,WDS,WOODSIDE ENERGY GROUP-ADR,Energy,0,0,0,0,-14.456,21.14,305.59984,305.59984
Trade Summary,Data,Stocks,United States Dollar,XP,XP INC - CLASS A,Financials,500,11.7874,-5893.7,-5893.7,-500,13.3332,6666.6,6666.6
Deposits And Withdrawals,MetaInfo,Analysis Period,"July 30, 2021 - January 27, 2026"
Deposits And Withdrawals,Header,Date,Type,Description,Amount
Deposits And Withdrawals,Data,07/30/21,ACATIN,"Gnbsud 6 1/2 04/03/27 (GNBSUD 6 1/2 04/03/27) Quantity: 40,000",40380
Deposits And Withdrawals,Data,07/30/21,ACATIN,"Suamsa 4 3/8 04/11/27 (SUAMSA 4 3/8 04/11/27 LAA6) Quantity: 30,000",32241
Deposits And Withdrawals,Data,07/30/21,ACATIN,"Smipet 4 1/2 09/18/22 (SMIPET 4 1/2 09/18/22 3AB8) Quantity: 40,000",40408.4
Deposits And Withdrawals,Data,07/30/21,ACATIN,"Bcolo 4 7/8 10/18/27 (BCOLO 4 7/8 10/18/27) Quantity: 40,000",40396
Deposits And Withdrawals,Data,09/08/21,DEPOSIT,Cash Receipts / Electronic Fund Transfers ,85000
Deposits And Withdrawals,Data,05/22/23,ACATOUT,"Gnbsud 7.051 04/03/27 (GNBSUD 6 1/2 04/03/27) Quantity: -40,000",-35260
Deposits And Withdrawals,Data,05/22/23,ACATOUT,"Suamsa 4 3/8 04/11/27 (SUAMSA 4 3/8 04/11/27 LAA6) Quantity: -30,000",-27948
Deposits And Withdrawals,Data,05/22/23,ACATOUT,"Bcolo 6.909 10/18/27 (BCOLO 4 7/8 10/18/27) Quantity: -40,000",-37040
Deposits And Withdrawals,Data,12/19/24,NA,Adjustment: Commission (consolidated Audit Trail Fee Refund) ,0.12
Deposits And Withdrawals,Data,01/30/25,WITHDRAWAL,Disbursement Initiated By Janet C Braithwaite Aguirre ,-165233.506656
Corporate Actions,MetaInfo,Analysis Period,"July 30, 2021 - January 27, 2026"
Corporate Actions,Header,Date,Type,Description,Quantity
Corporate Actions,Data,20210917,Redemption,(P84523AB8) FULL CALL / EARLY REDEMPTION FOR USD 1.01125 PER BOND,-40000
Corporate Actions,Data,20220601,Spinoff,BHP(US0886061086) SPINOFF  1807 FOR 5000,14.456
Corporate Actions,Data,20220603,Split,AMZN(US0231351067) SPLIT 20 FOR 1,19
Dividends,MetaInfo,Analysis Period,"July 30, 2021 - January 27, 2026"
Dividends,Header,PayDate,Ex-Date,Symbol,Quantity,DividendPerShare,Amount
Dividends,Data,20211208,20211129,AVAL,300,0.02,6.81
Dividends,Data,20211217,20211213,EWZ,100,1.98,198.36
Dividends,Data,20211228,20211223,JETS,100,0.14,14.14
Dividends,Data,20211230,20211209,ORANY,200,0.34,67.55
Dividends,Data,20220105,20211230,EWZ,100,0.16,16.09
Dividends,Data,20220107,20211214,MRK,20,0.69,13.8
Dividends,Data,20220110,20211230,AVAL,300,0.02,6.59
Dividends,Data,20220113,20211201,ITUB,200,0.00,0.62
Dividends,Data,20220201,20220107,T,50,0.52,26
Dividends,Data,20220208,20220128,AVAL,600,0.02,13.74
Dividends,Data,20220211,20220103,ITUB,400,0.00,1.33
Dividends,Data,20220301,20220204,INTC,30,0.36,10.95
Dividends,Data,20220308,20220225,AVAL,600,0.02,13.92
Dividends,Data,20220314,20220217,MMM,8,1.49,11.92
Dividends,Data,20220318,20220307,LUMN,100,0.25,25
Dividends,Data,20220321,20211122,ITUB,200,0.05,10.47
Dividends,Data,20220429,20220413,FL,60,0.40,24
Dividends,Data,20220527,20220429,C,40,0.51,20.4
Dividends,Data,20220531,20220519,SAP,10,2.08,20.77
Dividends,Data,20220531,20220519,SAP,10,0.53,5.32
Dividends,Data,20220608,20220512,PHG,50,0.91,45.6
Dividends,Data,20220610,20220519,WBA,80,0.48,38.2
Dividends,Data,20220621,20220606,SWK,20,0.79,15.8
Dividends,Data,20220630,20220621,PCY,350,0.11,40.02
Dividends,Data,20220630,20220614,BBN,360,0.12,44.24
Dividends,Data,20220630,20220614,BLW,500,0.10,49.05
Dividends,Data,20220722,20220718,PCY,350,0.12,40.36
Dividends,Data,20220728,20220623,2828,800,0.15,117.1988
Dividends,Data,20220729,20220714,BBN,970,0.12,119.21
Dividends,Data,20220729,20220714,GBAB,1010,0.13,126.99
Dividends,Data,20220729,20220714,BLW,1410,0.10,138.32
Dividends,Data,20220801,20220721,GDO,1325,0.10,133.82
Dividends,Data,20220805,20220801,EMB,215,0.35,74.3
Dividends,Data,20220805,20220801,EMLC,765,0.12,93.18
Dividends,Data,20220826,20220822,PCY,550,0.12,64.34
Dividends,Data,20220831,20220812,BBN,970,0.12,119.21
Dividends,Data,20220831,20220812,BLW,1410,0.10,138.32
Dividends,Data,20220831,20220812,GBAB,1010,0.13,126.99
Dividends,Data,20220901,20220823,GDO,1325,0.10,133.82
Dividends,Data,20220908,20220901,EMB,215,0.31,67.07
Dividends,Data,20220908,20220901,EMLC,765,0.12,92.72
Dividends,Data,20220923,20220919,PCY,550,0.09,50.51
Dividends,Data,20220930,20220914,BLW,1410,0.10,138.32
Dividends,Data,20220930,20220914,GBAB,1010,0.13,126.99
Dividends,Data,20220930,20220914,BBN,970,0.12,119.21
Dividends,Data,20221003,20220922,GDO,1325,0.10,133.83
Dividends,Data,20221007,20221003,EMB,215,0.37,79.7
Dividends,Data,20221007,20221003,EMLC,765,0.12,89.96
Dividends,Data,20221028,20221024,PCY,550,0.09,50.69
Dividends,Data,20221031,20221013,BLW,1410,0.10,138.32
Dividends,Data,20221031,20221013,GBAB,1010,0.13,126.99
Dividends,Data,20221031,20221013,BBN,970,0.12,119.21
Dividends,Data,20221101,20221021,GDO,1325,0.10,133.82
Dividends,Data,20221107,20221101,EMLC,765,0.12,90.27
Dividends,Data,20221107,20221101,EMB,215,0.38,82.03
Dividends,Data,20221125,20221121,PCY,550,0.10,55.55
Dividends,Data,20221130,20221114,GBAB,1010,0.13,126.99
Dividends,Data,20221130,20221114,BLW,1410,0.10,138.32
Dividends,Data,20221130,20221114,BBN,970,0.12,119.21
Dividends,Data,20221201,20221110,PML,1000,0.06,59
Dividends,Data,20221201,20221121,GDO,1325,0.10,133.83
Dividends,Data,20221207,20221201,EMB,215,0.34,72.96
Dividends,Data,20221207,20221201,EMLC,765,0.11,85.99
Dividends,Data,20221221,20221215,EMB,215,0.34,73.08
Dividends,Data,20221222,20221214,BLW,1410,0.10,138.32
Dividends,Data,20221222,20221214,BBN,970,0.10,99.81
Dividends,Data,20221223,20221219,PCY,550,0.10,53.08
Dividends,Data,20221230,20221214,GBAB,1010,0.13,126.99
Dividends,Data,20221230,20221221,GDO,1325,0.10,133.83
Dividends,Data,20221230,20221228,EMLC,765,0.12,92.79
Dividends,Data,20230103,20221209,PML,1000,0.06,59
Dividends,Data,20230127,20230123,PCY,550,0.10,55.31
Dividends,Data,20230131,20230112,BBN,970,0.10,99.81
Dividends,Data,20230131,20230112,BLW,1410,0.10,138.32
Dividends,Data,20230131,20230112,GBAB,1010,0.13,126.99
Dividends,Data,20230201,20230112,PML,1000,0.04,39.5
Dividends,Data,20230201,20230123,GDO,1325,0.10,133.82
Dividends,Data,20230228,20230214,BBN,970,0.10,99.81
Dividends,Data,20230228,20230214,GBAB,1010,0.13,126.99
Dividends,Data,20230301,20230217,GDO,1325,0.10,133.83
Dividends,Data,20230307,20230301,EMB,113,0.38,42.81
Dividends,Data,20230307,20230301,EMLC,200,0.11,21.92
Dividends,Data,20230331,20230314,GBAB,1010,0.13,126.99
Dividends,Data,20230331,20230314,BBN,970,0.10,99.81
Dividends,Data,20230403,20230323,GDO,1325,0.10,133.83
Dividends,Data,20230414,20230405,SDIV,900,0.23,207
Dividends,Data,20230428,20230413,BLW,800,0.10,78.48
Dividends,Data,20230428,20230413,GBAB,1010,0.13,126.99
Dividends,Data,20230428,20230413,BBN,970,0.10,99.81
Dividends,Data,20230501,20230413,EAD,1600,0.05,79.52
Dividends,Data,20230501,20230420,GDO,1725,0.10,174.22
Dividends,Data,20230502,20230424,RYLD,1100,0.18,200.2
Dividends,Data,20230505,20230501,SHV,170,0.40,67.58
Dividends,Data,20230511,20230503,SDIV,900,0.21,193.5
Dividends,Data,20230531,20230512,GBAB,1010,0.13,126.99
Dividends,Data,20230531,20230522,RYLD,1100,0.16,177.1
Dividends,Data,20230531,20230512,BBN,970,0.10,99.81
Dividends,Data,20230531,20230512,BLW,800,0.10,78.48
Dividends,Data,20230601,20230522,GDO,1725,0.10,174.23
Dividends,Data,20230601,20230511,EAD,1600,0.05,78.29
Dividends,Data,20230607,20230601,SHV,140,0.48,67.45
Dividends,Data,20230613,20230605,SDIV,900,0.21,193.5
Dividends,Data,20230615,20230531,NEM,80,0.40,32
Dividends,Data,20230628,20230620,RYLD,1100,0.18,201.19
Dividends,Data,20230630,20230614,BLW,800,0.10,78.48
Dividends,Data,20230630,20230614,GBAB,1010,0.13,126.99
Dividends,Data,20230630,20230614,BBN,970,0.09,90.11
Dividends,Data,20230703,20230612,EAD,1600,0.05,77.34
Dividends,Data,20230703,20230622,GDO,1725,0.10,174.22
Dividends,Data,20230714,20230706,SDIV,900,0.21,193.5
Dividends,Data,20230731,20230713,BLW,800,0.10,78.48
Dividends,Data,20230731,20230713,GBAB,1010,0.13,126.99
Dividends,Data,20230731,20230713,BBN,970,0.09,90.11
Dividends,Data,20230801,20230713,EAD,1600,0.05,76.72
Dividends,Data,20230801,20230721,GDO,1725,0.10,174.22
Dividends,Data,20230801,20230724,RYLD,1100,0.18,197.67
Dividends,Data,20230811,20230803,SDIV,900,0.21,189
Dividends,Data,20230821,20230810,CEFD,300,0.21,62.73
Dividends,Data,20230829,20230821,RYLD,1100,0.17,191.51
Dividends,Data,20230831,20230814,BBN,970,0.09,90.11
Dividends,Data,20230831,20230814,BLW,800,0.10,78.48
Dividends,Data,20230831,20230814,GBAB,1010,0.13,126.99
Dividends,Data,20230901,20230823,GDO,1725,0.10,174.22
Dividends,Data,20230901,20230811,EAD,1600,0.05,76.42
Dividends,Data,20230914,20230906,SDIV,900,0.21,189
Dividends,Data,20230921,20230906,NEM,80,0.40,32
Dividends,Data,20230921,20230912,CEFD,300,0.21,61.95
Dividends,Data,20230926,20230918,RYLD,1100,0.17,189.88
Dividends,Data,20230929,20230914,GBAB,1010,0.13,126.99
Dividends,Data,20230929,20230914,BLW,800,0.10,78.48
Dividends,Data,20230929,20230914,BBN,970,0.09,90.11
Dividends,Data,20231002,20230921,GDO,1725,0.10,175.95
Dividends,Data,20231002,20230911,EAD,1600,0.05,76.3
Dividends,Data,20231013,20231004,SDIV,900,0.21,189
Dividends,Data,20231023,20231012,CEFD,300,0.26,78.42
Dividends,Data,20231031,20231023,RYLD,1100,0.16,177.76
Dividends,Data,20231031,20231013,BLW,800,0.11,86.32
Dividends,Data,20231031,20231013,BBN,970,0.09,90.11
Dividends,Data,20231031,20231012,GBAB,1010,0.13,126.99
Dividends,Data,20231101,20231023,GDO,1725,0.10,175.95
Dividends,Data,20231101,20231012,EAD,1600,0.05,75.9
Dividends,Data,20231107,20231101,TLT,120,0.29,34.35
Dividends,Data,20231113,20231103,SDIV,900,0.21,189
Dividends,Data,20231120,20231109,CEFD,300,0.19,55.86
Dividends,Data,20231129,20231120,RYLD,1100,0.17,184.58
Dividends,Data,20231130,20231114,BBN,970,0.09,90.11
Dividends,Data,20231130,20231114,BLW,800,0.11,86.32
Dividends,Data,20231130,20231114,GBAB,1010,0.13,126.99
Dividends,Data,20231201,20231121,GDO,1725,0.10,175.95
Dividends,Data,20231201,20231113,EAD,1600,0.05,75.81
Dividends,Data,20231207,20231201,TLT,120,0.29,34.67
Dividends,Data,20231213,20231205,SDIV,900,0.21,189
Dividends,Data,20231220,20231214,TLT,120,0.31,37.26
Dividends,Data,20231220,20231214,BBN,970,0.09,90.11
Dividends,Data,20231220,20231214,BLW,800,0.11,86.32
Dividends,Data,20231221,20231212,CEFD,300,0.18,54.84
Dividends,Data,20231222,20231129,NEM,80,0.40,32
Dividends,Data,20231229,20231220,GDO,1725,0.10,175.95
Dividends,Data,20231229,20231214,GBAB,1010,0.13,126.99
Dividends,Data,20240102,20231211,EAD,1600,0.05,82.77
Dividends,Data,20240108,20231228,SDIV,900,0.21,189
Dividends,Data,20240124,20240112,CEFD,150,0.26,39.42
Dividends,Data,20240130,20240122,RYLD,800,0.17,132.32
Dividends,Data,20240131,20240111,GBAB,710,0.13,89.27
Dividends,Data,20240131,20240111,BBN,670,0.09,62.24
Dividends,Data,20240131,20240111,BLW,800,0.11,86.32
Dividends,Data,20240201,20240112,EAD,1600,0.05,82.64
Dividends,Data,20240201,20240123,GDO,1100,0.10,112.2
Dividends,Data,20240207,20240201,TLT,120,0.31,37.21
Dividends,Data,20240213,20240205,SDIV,900,0.21,189
Dividends,Data,20240221,20240209,CEFD,300,0.16,48.63
Dividends,Data,20240228,20240220,RYLD,800,0.16,130.56
Dividends,Data,20240229,20240214,BBN,1070,0.09,99.4
Dividends,Data,20240229,20240215,GHY,950,0.10,99.75
Dividends,Data,20240229,20240214,BLW,800,0.11,86.32
Dividends,Data,20240229,20240214,GBAB,1010,0.13,126.99
Dividends,Data,20240301,20240212,EAD,1600,0.05,82.72
Dividends,Data,20240301,20240221,GDO,1100,0.10,112.2
Dividends,Data,20240307,20240301,TLT,120,0.30,35.43
Dividends,Data,20240313,20240305,SDIV,900,0.21,189
Dividends,Data,20240320,20240311,CEFD,300,0.19,57.54
Dividends,Data,20240326,20240318,RYLD,800,0.17,133.92
Dividends,Data,20240328,20240304,NEM,100,0.25,25
Dividends,Data,20240328,20240314,GHY,950,0.10,99.75
Dividends,Data,20240328,20240314,BBN,1070,0.09,99.4
Dividends,Data,20240328,20240314,BLW,800,0.11,86.32
Dividends,Data,20240329,20240314,GBAB,1010,0.13,126.99
Dividends,Data,20240401,20240320,GDO,1100,0.10,112.2
Dividends,Data,20240401,20240311,EAD,1600,0.05,82.74
Dividends,Data,20240405,20240401,TLT,120,0.31,37.49
Dividends,Data,20240411,20240403,SDIV,900,0.19,171
Dividends,Data,20240422,20240411,CEFD,300,0.25,75.54
Dividends,Data,20240430,20240411,GHY,950,0.10,99.75
Dividends,Data,20240430,20240422,RYLD,800,0.16,130.24
Dividends,Data,20240430,20240412,BLW,800,0.11,86.32
Dividends,Data,20240430,20240412,BBN,1070,0.09,99.4
Dividends,Data,20240430,20240412,GBAB,1010,0.13,126.99
Dividends,Data,20240501,20240422,GDO,1100,0.10,112.2
Dividends,Data,20240501,20240411,EAD,1600,0.05,82.78
Dividends,Data,20240507,20240501,TLT,120,0.31,36.93
Dividends,Data,20240513,20240503,SDIV,900,0.19,171
Dividends,Data,20240521,20240510,CEFD,300,0.18,54.81
Dividends,Data,20240529,20240520,RYLD,800,0.17,132.32
Dividends,Data,20240531,20240514,GBAB,1010,0.13,126.99
Dividends,Data,20240531,20240509,GHY,950,0.10,99.75
Dividends,Data,20240531,20240514,BLW,800,0.11,86.32
Dividends,Data,20240531,20240514,BBN,1070,0.09,99.4
Dividends,Data,20240603,20240522,GDO,1100,0.10,112.2
Dividends,Data,20240603,20240510,EAD,1600,0.05,83.07
Dividends,Data,20240612,20240605,SDIV,900,0.19,171
Dividends,Data,20240621,20240612,CEFD,300,0.19,57.36
Dividends,Data,20240628,20240614,GBAB,1010,0.13,126.99
Dividends,Data,20240628,20240613,GHY,950,0.10,99.75
Dividends,Data,20240628,20240614,BKT,900,0.09,79.38
Dividends,Data,20240628,20240614,BBN,1070,0.09,99.4
Dividends,Data,20240628,20240614,BLW,800,0.11,86.32
Dividends,Data,20240701,20240624,RYLD,800,0.16,128.64
Dividends,Data,20240701,20240613,EAD,1600,0.05,83.15
Dividends,Data,20240701,20240621,GDO,1100,0.12,134.2
Dividends,Data,20240711,20240703,SDIV,900,0.19,171
Dividends,Data,20240723,20240715,CEFD,248,0.29,72.14
Dividends,Data,20240729,20240722,RYLD,800,0.16,128.4
Dividends,Data,20240731,20240715,GBAB,1010,0.13,126.99
Dividends,Data,20240731,20240715,BBN,1070,0.09,99.4
Dividends,Data,20240731,20240715,BLW,800,0.11,90.56
Dividends,Data,20240731,20240715,BKT,900,0.09,79.38
Dividends,Data,20240731,20240711,GHY,950,0.10,99.75
Dividends,Data,20240801,20240724,GDO,1100,0.12,134.2
Dividends,Data,20240801,20240705,BMY,100,0.60,60
Dividends,Data,20240801,20240711,EAD,1600,0.05,83.36
Dividends,Data,20240812,20240805,SDIV,900,0.19,171
Dividends,Data,20240820,20240812,CEFD,248,0.21,52.48
Dividends,Data,20240826,20240819,RYLD,800,0.16,128.64
Dividends,Data,20240830,20240815,BBN,1070,0.09,99.4
Dividends,Data,20240830,20240815,GBAB,1010,0.13,126.99
Dividends,Data,20240830,20240808,GHY,950,0.10,99.75
Dividends,Data,20240830,20240815,BLW,800,0.11,90.56
Dividends,Data,20240830,20240815,BKT,900,0.09,79.38
Dividends,Data,20240903,20240812,EAD,1600,0.05,83.54
Dividends,Data,20240903,20240823,GDO,1100,0.12,134.2
Dividends,Data,20241113,20241105,SDIV,675,0.19,129.6
Dividends,Data,20241125,20241118,RYLD,925,0.17,153.37
Dividends,Data,20241129,20241121,ETY,1030,0.10,102.18
Dividends,Data,20241129,20241113,DSL,1180,0.11,129.8
Dividends,Data,20241129,20241115,VLT,1320,0.10,127.25
Dividends,Data,20241129,20241115,AVK,1330,0.12,155.88
Dividends,Data,20241129,20241115,GBAB,900,0.13,113.16
Dividends,Data,20241129,20241114,GHY,1185,0.11,124.43
Dividends,Data,20241202,20241112,EAD,2190,0.05,115.41
Dividends,Data,20241202,20241121,GDO,1255,0.12,153.11
Dividends,Data,20241211,20241204,SDIV,675,0.20,132.3
Dividends,Data,20241231,20241223,GDO,1255,0.12,153.11
Dividends,Data,20241231,20241223,ETY,1030,0.10,102.18
Dividends,Data,20241231,20241218,DSL,1180,0.11,129.8
Dividends,Data,20241231,20241213,GBAB,900,0.13,113.16
Dividends,Data,20241231,20241213,AVK,1330,0.12,155.88
Dividends,Data,20241231,20241217,VLT,1320,0.10,127.25
Dividends,Data,20241231,20241212,GHY,1185,0.11,124.43
Dividends,Data,20250102,20241212,EAD,2190,0.05,116.2
Dividends,Data,20250107,20241230,RYLD,925,0.17,153.92
Dividends,Data,20250109,20241226,GHY,1185,0.11,124.43
Interest Details,MetaInfo,Analysis Period,"July 30, 2021 - January 27, 2026"
Interest Details,Header,Date,Description,Amount
Interest Details,Data,20210918,Bond Coupon Payment SMIPET 4 1/2 09/18/22 3AB8,900
Interest Details,Data,20211003,Bond Coupon Payment GNBSUD 6 1/2 04/03/27,1300
Interest Details,Data,20211011,Bond Coupon Payment SUAMSA 4 3/8 04/11/27 LAA6,656.25
Interest Details,Data,20211018,Bond Coupon Payment BCOLO 4 7/8 10/18/27,975
Interest Details,Data,20220105,HKD Debit Interest Paid for December 2021,-2.2330066
Interest Details,Data,20220203,HKD Debit Interest Paid for January 2022,-7.2333984
Interest Details,Data,20220303,HKD Debit Interest Paid for February 2022,-7.7582816
Interest Details,Data,20220403,Bond Coupon Payment GNBSUD 6 1/2 04/03/27,1300
Interest Details,Data,20220405,HKD Debit Interest Paid for March 2022,-5.9467476
Interest Details,Data,20220411,Bond Coupon Payment SUAMSA 4 3/8 04/11/27 LAA6,656.25
Interest Details,Data,20220418,Bond Coupon Payment BCOLO 4 7/8 10/18/27,975
Interest Details,Data,20220603,USD Credit Interest Received for May 2022,21.89
Interest Details,Data,20220706,USD Credit Interest Received for June 2022,42.45
Interest Details,Data,20220803,USD Credit Interest Received for July 2022,20.8
Interest Details,Data,20220906,USD Credit Interest Received for August 2022,1.09
Interest Details,Data,20221003,Bond Coupon Payment GNBSUD 6 1/2 04/03/27,1300
Interest Details,Data,20221003,Bond Coupon Payment GNBSUD 6 1/2 04/03/27,-1300
Interest Details,Data,20221003,Bond Coupon Payment GNBSUD 6 1/2 04/03/27,1410.2
Interest Details,Data,20221005,USD Credit Interest Received for September 2022,2.09
Interest Details,Data,20221011,Bond Coupon Payment SUAMSA 4 3/8 04/11/27 LAA6,656.25
Interest Details,Data,20221018,Bond Coupon Payment BCOLO 4 7/8 10/18/27,975
Interest Details,Data,20221103,USD Credit Interest Received for October 2022,8.13
Interest Details,Data,20221205,USD Credit Interest Received for November 2022,0.96
Interest Details,Data,20230203,USD Credit Interest Received for January 2023,36.08
Interest Details,Data,20230303,USD Credit Interest Received for February 2023,240
Interest Details,Data,20230403,Bond Coupon Payment GNBSUD 6 1/2 04/03/27,1410.2
Interest Details,Data,20230405,USD Credit Interest Received for March 2023,214.74
Interest Details,Data,20230411,Bond Coupon Payment SUAMSA 4 3/8 04/11/27 LAA6,656.25
Interest Details,Data,20230418,Bond Coupon Payment BCOLO 4 7/8 10/18/27,975
Interest Details,Data,20230418,Bond Coupon Payment BCOLO 4 7/8 10/18/27,-975
Interest Details,Data,20230418,Bond Coupon Payment BCOLO 4 7/8 10/18/27,1381.8
Interest Details,Data,20230503,USD Credit Interest Received for April 2023,29.66
Interest Details,Data,20230803,USD Credit Interest Received for July 2023,27.37
Notes and Disclosure,Header,Type,Note
Notes and Disclosure,Data,General,"1. The Net Asset Value (NAV) consists of all positions by financial instrument (stock, securities options, warrants, bonds, cash, etc.). All non-base currency amounts are converted to the base currency at the close of period rate."
Notes and Disclosure,Data,General,2. The gain or loss from future contracts settle into cash each night. The notional value is used when computing the contribution to return.
Notes and Disclosure,Data,General,"3. Dividend accruals, interest accruals, and insured deposits are included in cash amounts throughout the report."
Notes and Disclosure,Data,General,4. Price valuations are obtained from outside parties. Clearing Broker shall have no responsibility for the accuracy or timeliness of any such price valuation.
Notes and Disclosure,Data,General,5. Data from Thomson Reuters Business Classifications and Lipper Global is used to derive our sector classifications. Funds with assorted sector allocations are classified as Broad.
Notes and Disclosure,Data,General,"6. Amounts are formatted to two decimal places. If amounts are greater than two decimal places, Clearing Broker uses "half-even" rounding. This means that Clearing Broker rounds such amounts up to the nearest even number."
Notes and Disclosure,Data,General,"7. For accounts opened and funded before 2009, reports with a time period of Since Inception will only include data going back to January 1, 2009. This includes some default reports and both Historical Performance reports."
Notes and Disclosure,Data,General,"8. If you have elected to trade cryptocurrency/digital asset products at Crypto Provider through the Clearing Broker platform, for your convenience your positions in your linked account at Crypto Provider are reflected in PortfolioAnalyst in connection with your Clearing Broker account."
Notes and Disclosure,Data,Section,1. Account Overview: The deposit/withdrawal amount displayed includes internal transfers along with cash and position transfers.
Notes and Disclosure,Data,Section,"2. Risk Measures: Historical US 3 Month Treasury Bill rates are used as the risk free rates when calculating Alpha, the Sharpe ratio, the Sortino ratio, and the downside deviation."
Notes and Disclosure,Data,Disclosure,"This portfolio report was generated using Clearing Broker's PortfolioAnalyst tool, which allows Clearing Broker clients to generate analyses of their accounts using market data provided by third parties along with trade and account data contained in Clearing Broker's systems. This report is for information purposes only and is provided AS IS. Clearing Broker makes no warranty of any kind, express or implied, as to this report and its contents. The data provided for use in the PortfolioAnalyst tool is believed to be accurate, but completeness and accuracy of the information is not guaranteed, and Clearing Broker has no liability with respect thereto. The data regarding accounts held outside of Clearing Broker is obtained either directly from your input or from the financial institutions holding those accounts through a third-party service provider and Clearing Broker has NOT reviewed its accuracy.

The material in this report is intended only as a reference and should not be relied upon for the maintenance of your books and records for tax, accounting, financial, or regulatory reporting or for any other purposes. This report is not an offer or a solicitation of an offer to buy or sell any security. This material does not, and is not intended to, take into account the particular financial conditions, investment objectives, or requirements of individual customers. Before acting on any material within this report, you should consider whether it is suitable for your particular circumstances and as necessary, seek professional advice."
