Introduction,Header,Name,Account,Alias,BaseCurrency,AccountType,AnalysisPeriod,PerformanceMeasure
Introduction,Data,JAVIER A SANCHEZ RULLIER,U18426015,,USD,Individual (Broker Client),"April 11, 2025 to January 27, 2026 (Daily)",TWR
Key Statistics,MetaInfo,Analysis Period,"April 11, 2025 - January 27, 2026"
Key Statistics,Header,BeginningNAV,EndingNAV,CumulativeReturn,5DayReturn,5DayReturnDateRange,10DayReturn,10DayReturnDateRange,BestReturn,BestReturnDate,WorstReturn,WorstReturnDate,MTM,Deposits & Withdrawals,Dividends,Interest,Fees & Commissions,Other,ChangeInNAV
Key Statistics,Data,0,131205.755486,13.923746493,3.116058899,20260121 - 20260127,2.363662079,20260114 - 20260127,1.703237087,20251121,-1.48946776,20250521,2315.5711,120000,9322.54,-0.22,-417.815614,-14.32,131205.755486
Historical Performance,MetaInfo,Analysis Period,"April 11, 2025 - January 27, 2026"
Historical Performance,Header,Account,MTD,QTD,YTD,Since Inception
Historical Performance,Data,U18426015,5.327025861,5.327025861,5.327025861,13.923746457
Historical Performance,Header,Month,Account,AccountReturn
Historical Performance,Data,202501,U18426015,-
Historical Performance,Data,202502,U18426015,-
Historical Performance,Data,202503,U18426015,-
Historical Performance,Data,202504,U18426015,-
Historical Performance,Data,202505,U18426015,0.64977034
Historical Performance,Data,202506,U18426015,3.197806191
Historical Performance,Data,202507,U18426015,-0.531099176
Historical Performance,Data,202508,U18426015,2.814005197
Historical Performance,Data,202509,U18426015,-0.046183258
Historical Performance,Data,202510,U18426015,1.76704669
Historical Performance,Data,202511,U18426015,-0.075227677
Historical Performance,Data,202512,U18426015,0.177886873
Historical Performance,Header,Quarter,Account,AccountReturn
Historical Performance,Data,2025 Q1,U18426015,-
Historical Performance,Data,2025 Q2,U18426015,-
Historical Performance,Data,2025 Q3,U18426015,2.220730186
Historical Performance,Data,2025 Q4,U18426015,1.871383737
Historical Performance,Header,Year,Account,AccountReturn
Historical Performance,Data,YTD,U18426015,5.327025861
Open Position Summary,MetaInfo,As Of,"January 27, 2026"
Open Position Summary,Header,Date,FinancialInstrument,Currency,Symbol,Description,Sector,Quantity,ClosePrice,Value,Cost Basis,UnrealizedP&L,FXRateToBase
Open Position Summary,Data,01/27/2026,ETFs,USD,RYLD,GLOBAL X RUSSELL 2000 COV CL,Broad,3983,15.62,62214.46,59935.518718,2278.941282,1
Open Position Summary,Data,01/27/2026,ETFs,USD,XYLD,GLOBAL X S&P 500 COVE CALL E,Broad,101,40.8,4120.8,4076.687682,44.112318,1
Open Position Summary,Data,Total,ETFs,USD,,,,,,66335.26,64012.2064,2323.0536
Open Position Summary,Data,01/27/2026,Stocks,USD,BCAT,BLACKROCK CAPITAL ALLOC TR,Broad,4034,14.68,59219.12,60082.723416,-863.603416,1
Open Position Summary,Data,Total,Stocks,USD,,,,,,59219.12,60082.723416,-863.603416
Open Position Summary,Data,01/27/2026,Cash,USD,USD,United States Dollar,Cash,5651.375486,1,5651.375486, , ,1
Performance by Symbol,MetaInfo,Analysis Period,"April 11, 2025 - January 27, 2026"
Performance by Symbol,Header,Symbol,Description,FinancialInstrument,Sector,AvgWeight,Return,Contribution,Unrealized_P&L,Realized_P&L,Open
Performance by Symbol,Data,RYLD,GLOBAL X RUSSELL 2000 COV CL,ETFs,Broad,48.939518752,12.681635201,6.286139392,"2,278.94",47.51,Yes
Performance by Symbol,Data,XYLD,GLOBAL X S&P 500 COVE CALL E,ETFs,Broad,3.261824271,2.276887151,0.073861365,44.11,0.00,Yes
Performance by Symbol,Data,Total ETFs,,,,49.716948371,12.531198501,6.364069216,"2,323.05",47.51,
Performance by Symbol,Data,BCAT,BLACKROCK CAPITAL ALLOC TR,Stocks,Broad,47.936783976,10.119693418,5.020657905,-863.60,0.00,Yes
Performance by Symbol,Data,XYZ,BLOCK INC,Stocks,Industrials,3.14186742,10.58366263,0.323471225,0.00,390.79,No
Performance by Symbol,Data,Total Stocks,,,,47.969342187,10.900848323,5.361071345,-863.60,390.79,
Performance by Symbol,Data,USD,United States Dollar,Cash,Cash,9.358393857,-212.928841246,1.740897156,,,Yes
Performance by Symbol,Data,Total Cash,,,,9.358393857,-212.928841246,1.740897156,,,
Performance by Symbol,Data,Total,,,,100,13.923746493,13.923746493,"1,459.45",438.31,
Projected Income,MetaInfo,As Of,"January 27, 2026"
Projected Income,Header,Financial Instrument,Symbol,Description,Frequency,Quantity,Price,Value,Current Yield %,Principal,Estimated Annual Income,Estimated 2026 Remaining Income
Projected Income,Data,ETFs,RYLD,Ordinary Dividend,11,3983,15.62,62214.46,11.077464789,-,6891.7849,6891.7849
Projected Income,Data,ETFs,XYLD,Ordinary Dividend,11,101,40.8,4120.8,9.697794118,-,399.6267,399.6267
Projected Income,Data,,Total ETFs,,,,,66335.26,10.991758531,,7291.4116,7291.4116
Projected Income,Data,Stocks,BCAT,Ordinary Dividend,12,4034,14.68,59219.12,21.313079019,-,12621.41784,11569.63302
Projected Income,Data,,Total Stocks,,,,,59219.12,21.313079019,,12621.41784,11569.63302
Projected Income,Data,,Total,,,,,125554.38,15.859924154,,19912.82944,18861.04462
Trade Summary,MetaInfo,Analysis Period,"April 11, 2025 - January 27, 2026"
Trade Summary,Header,Financial Instrument,Currency,Symbol,Description,Sector,Quantity Bought,Average Price Bought,Proceeds Bought,Proceeds Bought in Base,Quantity Sold,Average Price Sold,Proceeds Sold,Proceeds Sold in Base
Trade Summary,Data,ETFs,United States Dollar,RYLD,GLOBAL X RUSSELL 2000 COV CL,Broad,4151,14.994761262,-62243.254,-62243.254,-168,15.165,2547.72,2547.72
Trade Summary,Data,ETFs,United States Dollar,XYLD,GLOBAL X S&P 500 COVE CALL E,Broad,101,40.145,-4054.645,-4054.645,0,0,0,0
Trade Summary,Data,Stocks,United States Dollar,BCAT,BLACKROCK CAPITAL ALLOC TR,Broad,4034,14.854295984,-59922.23,-59922.23,0,0,0,0
Trade Summary,Data,Stocks,United States Dollar,XYZ,BLOCK INC,Industrials,63,58.27,-3671.01,-3671.01,-63,65.15254127,4104.6101,4104.6101
Deposits And Withdrawals,MetaInfo,Analysis Period,"April 11, 2025 - January 27, 2026"
Deposits And Withdrawals,Header,Date,Type,Description,Amount
Deposits And Withdrawals,Data,04/11/25,DEPOSIT,Cash Receipts / Electronic Fund Transfers ,49880
Deposits And Withdrawals,Data,10/09/25,DEPOSIT,Cash Receipts / Electronic Fund Transfers ,70120
Dividends,MetaInfo,Analysis Period,"April 11, 2025 - January 27, 2026"
Dividends,Header,PayDate,Ex-Date,Symbol,Note,Quantity,DividendPerShare,Amount
Dividends,Data,20250527,20250519,RYLD,Payment In Lieu,1700,0.00,0.59
Dividends,Data,20250527,20250519,RYLD,Dividend Payment,1700,0.15,251.18
Dividends,Data,20250530,20250515,BCAT,Dividend Payment,1684,0.28,473.74
Dividends,Data,20250630,20250623,RYLD,Dividend Payment,1700,0.15,252.45
Dividends,Data,20250630,20250613,BCAT,Dividend Payment,1684,0.28,468.49
Dividends,Data,20250728,20250721,RYLD,Dividend Payment,1700,0.15,254.66
Dividends,Data,20250731,20250715,BCAT,Dividend Payment,1684,0.28,463.91
Dividends,Data,20250825,20250818,RYLD,Dividend Payment,1700,0.15,256.02
Dividends,Data,20250829,20250815,BCAT,Dividend Payment,1684,0.27,458.64
Dividends,Data,20250929,20250922,RYLD,Dividend Payment,1700,0.15,257.89
Dividends,Data,20250930,20250915,BCAT,Dividend Payment,1684,0.27,454.53
Dividends,Data,20251027,20251020,RYLD,Dividend Payment,3983,0.15,607.41
Dividends,Data,20251031,20251015,BCAT,Dividend Payment,4034,0.27,1079.18
Dividends,Data,20251128,20251114,BCAT,Dividend Payment,4034,0.26,1068.73
Dividends,Data,20251202,20251124,RYLD,Dividend Payment,3983,0.15,604.62
Dividends,Data,20251230,20251222,RYLD,Dividend Payment,3983,0.16,617.76
Dividends,Data,20251230,20251222,XYLD,Dividend Payment,101,0.33,32.85
Dividends,Data,20251231,20251222,BCAT,Dividend Payment,4034,0.26,1057.03
Dividends,Data,20260123,20260120,RYLD,Dividend Payment,3983,0.16,626.53
Dividends,Data,20260123,20260120,XYLD,Dividend Payment,101,0.36,36.33
Interest Details,MetaInfo,Analysis Period,"April 11, 2025 - January 27, 2026"
Interest Details,Header,Date,Description,Amount
Interest Details,Data,20250604,USD Debit Interest Paid for May 2025,-0.22
Notes and Disclosure,Header,Type,Note
Notes and Disclosure,Data,General,"1. The Net Asset Value (NAV) consists of all positions by financial instrument (stock, securities options, warrants, bonds, cash, etc.). All non-base currency amounts are converted to the base currency at the close of period rate."
Notes and Disclosure,Data,General,2. The gain or loss from future contracts settle into cash each night. The notional value is used when computing the contribution to return.
Notes and Disclosure,Data,General,"3. Dividend accruals, interest accruals, and insured deposits are included in cash amounts throughout the report."
Notes and Disclosure,Data,General,4. Price valuations are obtained from outside parties. Clearing Broker shall have no responsibility for the accuracy or timeliness of any such price valuation.
Notes and Disclosure,Data,General,5. Data from Thomson Reuters Business Classifications and Lipper Global is used to derive our sector classifications. Funds with assorted sector allocations are classified as Broad.
Notes and Disclosure,Data,General,"6. Amounts are formatted to two decimal places. If amounts are greater than two decimal places, Clearing Broker uses "half-even" rounding. This means that Clearing Broker rounds such amounts up to the nearest even number."
Notes and Disclosure,Data,General,"7. For accounts opened and funded before 2009, reports with a time period of Since Inception will only include data going back to January 1, 2009. This includes some default reports and both Historical Performance reports."
Notes and Disclosure,Data,General,"8. If you have elected to trade cryptocurrency/digital asset products at Crypto Provider through the Clearing Broker platform, for your convenience your positions in your linked account at Crypto Provider are reflected in PortfolioAnalyst in connection with your Clearing Broker account."
Notes and Disclosure,Data,Section,1. Account Overview: The deposit/withdrawal amount displayed includes internal transfers along with cash and position transfers.
Notes and Disclosure,Data,Section,2. Projected Income: The Estimated Annual Income and Estimated Remaining Income in the Projected Income report assume dividend and bond payments remain constant throughout the year. These positions and interest rates are based on the previous business day.
Notes and Disclosure,Data,Section,"3. Risk Measures: Historical US 3 Month Treasury Bill rates are used as the risk free rates when calculating Alpha, the Sharpe ratio, the Sortino ratio, and the downside deviation."
Notes and Disclosure,Data,Disclosure,"This portfolio report was generated using Clearing Broker's PortfolioAnalyst tool, which allows Clearing Broker clients to generate analyses of their accounts using market data provided by third parties along with trade and account data contained in Clearing Broker's systems. This report is for information purposes only and is provided AS IS. Clearing Broker makes no warranty of any kind, express or implied, as to this report and its contents. The data provided for use in the PortfolioAnalyst tool is believed to be accurate, but completeness and accuracy of the information is not guaranteed, and Clearing Broker has no liability with respect thereto. The data regarding accounts held outside of Clearing Broker is obtained either directly from your input or from the financial institutions holding those accounts through a third-party service provider and Clearing Broker has NOT reviewed its accuracy.

The material in this report is intended only as a reference and should not be relied upon for the maintenance of your books and records for tax, accounting, financial, or regulatory reporting or for any other purposes. This report is not an offer or a solicitation of an offer to buy or sell any security. This material does not, and is not intended to, take into account the particular financial conditions, investment objectives, or requirements of individual customers. Before acting on any material within this report, you should consider whether it is suitable for your particular circumstances and as necessary, seek professional advice."
