Introduction,Header,Name,Account,Alias,BaseCurrency,AccountType,AnalysisPeriod,PerformanceMeasure
Introduction,Data,JESUS J TALAVERA SALAZAR,U14658163,,USD,Individual (Broker Client),"April 8, 2024 to January 27, 2026 (Daily)",TWR
Key Statistics,MetaInfo,Analysis Period,"April 8, 2024 - January 27, 2026"
Key Statistics,Header,BeginningNAV,EndingNAV,CumulativeReturn,5DayReturn,5DayReturnDateRange,10DayReturn,10DayReturnDateRange,BestReturn,BestReturnDate,WorstReturn,WorstReturnDate,MTM,Deposits & Withdrawals,Dividends,Interest,Fees & Commissions,Other,ChangeInNAV
Key Statistics,Data,0,48311.216724,55.155850048,3.042060052,20260121 - 20260127,1.18170445,20260114 - 20260127,15.499295654,20250409,-10.074272048,20250408,9487.586,39990.01,506.3,-9.85,-1524.70927,-138.120006,48311.216724
Historical Performance,MetaInfo,Analysis Period,"April 8, 2024 - January 27, 2026"
Historical Performance,Header,Account,MTD,QTD,YTD,1 Year,Since Inception
Historical Performance,Data,U14658163,5.367333791,5.367333791,5.367333791,3.546136068,55.155849969
Historical Performance,Header,Month,Account,AccountReturn
Historical Performance,Data,202501,U14658163,9.887662861
Historical Performance,Data,202502,U14658163,9.532660191
Historical Performance,Data,202503,U14658163,-3.93956718
Historical Performance,Data,202504,U14658163,-14.394774233
Historical Performance,Data,202505,U14658163,-1.384611292
Historical Performance,Data,202506,U14658163,6.898508206
Historical Performance,Data,202507,U14658163,-1.547031086
Historical Performance,Data,202508,U14658163,20.985407016
Historical Performance,Data,202509,U14658163,-4.242378275
Historical Performance,Data,202510,U14658163,-5.034622004
Historical Performance,Data,202511,U14658163,-1.690206642
Historical Performance,Data,202512,U14658163,0.342902253
Historical Performance,Data,202401,U14658163,-
Historical Performance,Data,202402,U14658163,-
Historical Performance,Data,202403,U14658163,-
Historical Performance,Data,202404,U14658163,-
Historical Performance,Data,202405,U14658163,8.020458198
Historical Performance,Data,202406,U14658163,2.551081402
Historical Performance,Data,202407,U14658163,5.529884061
Historical Performance,Data,202408,U14658163,4.063699676
Historical Performance,Data,202409,U14658163,7.197376916
Historical Performance,Data,202410,U14658163,-1.000910003
Historical Performance,Data,202411,U14658163,9.989470653
Historical Performance,Data,202412,U14658163,-7.772740602
Historical Performance,Header,Quarter,Account,AccountReturn
Historical Performance,Data,2025 Q1,U14658163,15.621103822
Historical Performance,Data,2025 Q2,U14658163,-9.756358323
Historical Performance,Data,2025 Q3,U14658163,14.060470361
Historical Performance,Data,2025 Q4,U14658163,-6.319598672
Historical Performance,Data,2024 Q1,U14658163,-
Historical Performance,Data,2024 Q2,U14658163,-
Historical Performance,Data,2024 Q3,U14658163,17.722338708
Historical Performance,Data,2024 Q4,U14658163,0.424948556
Historical Performance,Header,Year,Account,AccountReturn
Historical Performance,Data,YTD,U14658163,5.367333791
Historical Performance,Data,2025,U14658163,11.490438722
Open Position Summary,MetaInfo,As Of,"January 27, 2026"
Open Position Summary,Header,Date,FinancialInstrument,Currency,Symbol,Description,Sector,Quantity,ClosePrice,Value,Cost Basis,UnrealizedP&L,FXRateToBase
Open Position Summary,Data,01/27/2026,Stocks,USD,ADBE,ADOBE INC,Technology,5,297.42,1487.1,1515.483757,-28.383757,1
Open Position Summary,Data,01/27/2026,Stocks,USD,DEO,DIAGEO PLC-SPONSORED ADR,Consumer Non-Cyc,145,88.77,12871.65,13072.172014,-200.522014,1
Open Position Summary,Data,01/27/2026,Stocks,USD,HOG,HARLEY-DAVIDSON INC,Consumer Cyclicals,50,19.97,998.5,1085.625257,-87.125257,1
Open Position Summary,Data,01/27/2026,Stocks,USD,JD,JD.COM INC-ADR,Consumer Cyclicals,100,29.5,2950,2925.322457,24.677543,1
Open Position Summary,Data,01/27/2026,Stocks,USD,NFLX,NETFLIX INC,Telecomm,30,85.58,2567.4,2446.151257,121.248743,1
Open Position Summary,Data,01/27/2026,Stocks,USD,ORCL,ORACLE CORP,Technology,7,174.9,1224.3,1254.525257,-30.225257,1
Open Position Summary,Data,01/27/2026,Stocks,USD,PG,PROCTER & GAMBLE CO/THE,Consumer Non-Cyc,10,148.34,1483.4,1454.617257,28.782743,1
Open Position Summary,Data,01/27/2026,Stocks,USD,POAHY,PORSCHE AUTOMOBIL-UNSP ADR,Consumer Cyclicals,300,4.3,1290,1326.060772,-36.060772,1
Open Position Summary,Data,01/27/2026,Stocks,USD,PYPL,PAYPAL HOLDINGS INC,Financials,168,55.51,9325.68,10051.178514,-725.498514,1
Open Position Summary,Data,01/27/2026,Stocks,USD,XYZ,BLOCK INC,Industrials,40,64.59,2583.6,2530.418257,53.181743,1
Open Position Summary,Data,Total,Stocks,USD,,,,,,36781.63,37661.554799,-879.924799
Open Position Summary,Data,01/27/2026,Cash,USD,USD,United States Dollar,Cash,11529.586724,1,11529.586724, , ,1
Performance by Symbol,MetaInfo,Analysis Period,"April 8, 2024 - January 27, 2026"
Performance by Symbol,Header,Symbol,Description,FinancialInstrument,Sector,AvgWeight,Return,Contribution,Unrealized_P&L,Realized_P&L,Open
Performance by Symbol,Data,TLT,ISHARES 20+ YEAR TREASURY BD,ETFs,Government,42.15709017,2.53148322,1.055284037,0.00,103.68,No
Performance by Symbol,Data,TMF,DRX DLY 20+ YR TREAS BULL 3X,ETFs,Broad,22.457915978,5.299821309,1.16326113,0.00,125.74,No
Performance by Symbol,Data,Total ETFs,,,,55.5248973,3.559784621,2.192069504,0.00,229.42,
Performance by Symbol,Data,ADBE,ADOBE INC,Stocks,Technology,3.095291084,-1.872917286,-0.058317663,-28.38,0.00,Yes
Performance by Symbol,Data,ALB,ALBEMARLE CORP,Stocks,Basic Materials,44.537677438,-0.245784745,-1.684739799,0.00,341.09,No
Performance by Symbol,Data,BABA,ALIBABA GROUP HOLDING-SP ADR,Stocks,Technology,39.444377562,13.363328241,5.452749179,0.00,537.72,No
Performance by Symbol,Data,BIDU,BAIDU INC - SPON ADR,Stocks,Technology,59.475005515,10.265446808,5.481034341,0.00,690.98,No
Performance by Symbol,Data,BMY,BRISTOL-MYERS SQUIBB CO,Stocks,Healthcare,47.766388565,2.163216642,1.191984569,0.00,146.48,No
Performance by Symbol,Data,CVS,CVS HEALTH CORP,Stocks,Healthcare,27.264426652,-23.411903979,5.053088387,0.00,592.51,No
Performance by Symbol,Data,DEO,DIAGEO PLC-SPONSORED ADR,Stocks,Consumer Non-Cyc,27.189203228,-1.533960954,-0.42097379,-200.52,0.00,Yes
Performance by Symbol,Data,ENPH,ENPHASE ENERGY INC,Stocks,Energy,22.62622593,11.9907641,-1.443516347,0.00,735.41,No
Performance by Symbol,Data,ETSY,ETSY INC,Stocks,Consumer Cyclicals,38.578217849,3.517278176,1.409616267,0.00,185.99,No
Performance by Symbol,Data,HOG,HARLEY-DAVIDSON INC,Stocks,Consumer Cyclicals,35.472814666,-3.895385043,1.320173527,-87.13,269.86,Yes
Performance by Symbol,Data,INTC,INTEL CORP,Stocks,Technology,42.696129313,34.449961794,14.019786036,0.00,"1,636.33",No
Performance by Symbol,Data,JD,JD.COM INC-ADR,Stocks,Consumer Cyclicals,6.326324466,0.775215146,0.062014941,24.68,0.00,Yes
Performance by Symbol,Data,LYB,LYONDELLBASELL INDU-CL A,Stocks,Basic Materials,37.048058698,1.635082928,0.577741157,0.00,130.43,No
Performance by Symbol,Data,NFLX,NETFLIX INC,Stocks,Telecomm,5.246445001,4.956714855,0.255406124,121.25,0.00,Yes
Performance by Symbol,Data,NKE,NIKE INC -CL B,Stocks,Consumer Cyclicals,23.515371183,17.985188767,6.389980132,0.00,870.55,No
Performance by Symbol,Data,NVO,NOVO-NORDISK A/S-SPONS ADR,Stocks,Healthcare,39.787354352,7.363514802,-0.962733891,0.00,648.94,No
Performance by Symbol,Data,ORCL,ORACLE CORP,Stocks,Technology,2.569020724,-2.409298424,-0.062338692,-30.23,0.00,Yes
Performance by Symbol,Data,PG,PROCTER & GAMBLE CO/THE,Stocks,Consumer Non-Cyc,3.087828373,2.487440773,0.070745634,28.78,0.00,Yes
Performance by Symbol,Data,POAHY,PORSCHE AUTOMOBIL-UNSP ADR,Stocks,Consumer Cyclicals,4.175389572,4.096466879,0.25409676,-36.06,148.30,Yes
Performance by Symbol,Data,PYPL,PAYPAL HOLDINGS INC,Stocks,Financials,20.79697547,-7.218044267,-1.514265417,-725.50,0.00,Yes
Performance by Symbol,Data,QRVO,QORVO INC,Stocks,Technology,52.149443918,12.714640585,7.023482163,0.00,938.64,No
Performance by Symbol,Data,SBUX,STARBUCKS CORP,Stocks,Consumer Cyclicals,22.812636812,5.86621261,1.819382623,0.00,197.74,No
Performance by Symbol,Data,STZ,CONSTELLATION BRANDS INC-A,Stocks,Consumer Non-Cyc,4.714330793,7.110668233,0.3280046,0.00,148.27,No
Performance by Symbol,Data,TGT,TARGET CORP,Stocks,Consumer Cyclicals,3.963732268,3.469427345,0.135359413,0.00,59.46,No
Performance by Symbol,Data,UPS,UNITED PARCEL SERVICE-CL B,Stocks,Industrials,46.878573234,6.284586832,0.886223889,0.00,227.32,No
Performance by Symbol,Data,XYZ,BLOCK INC,Stocks,Industrials,6.543640271,5.632408662,0.362578054,53.18,107.38,Yes
Performance by Symbol,Data,Total Stocks,,,,87.685547145,55.478639436,49.964201072,-879.92,"8,613.38",
Performance by Symbol,Data,USD,United States Dollar,Cash,Cash,7.559452559,-223.352528624,1.305943218,,,Yes
Performance by Symbol,Data,Total Cash,,,,7.559452559,-223.352528624,1.305943218,,,
Performance by Symbol,Data,Total,,,,100,55.155850048,55.155850048,-879.92,"8,842.80",
Projected Income,MetaInfo,As Of,"January 27, 2026"
Projected Income,Header,Financial Instrument,Symbol,Description,Frequency,Quantity,Price,Value,Current Yield %,Principal,Estimated Annual Income,Estimated 2026 Remaining Income
Projected Income,Data,Stocks,DEO,Ordinary Dividend,2,145,88.77,12871.65,5.675791371,-,730.568,730.568
Projected Income,Data,Stocks,HOG,Ordinary Dividend,4,50,19.97,998.5,3.605408112,-,36,36
Projected Income,Data,Stocks,JD,Ordinary Dividend,1,100,29.5,2950,3.389830508,-,100,100
Projected Income,Data,Stocks,ORCL,Ordinary Dividend,4,7,174.9,1224.3,1.143510577,-,14,10.5
Projected Income,Data,Stocks,PG,Ordinary Dividend,4,10,148.34,1483.4,2.849669678,-,42.272,31.704
Projected Income,Data,Stocks,POAHY,Ordinary Dividend,1,300,4.3,1290,5.019767442,-,64.755,64.755
Projected Income,Data,Stocks,PYPL,Ordinary Dividend,4,168,55.51,9325.68,1.008827238,-,94.08,94.08
Projected Income,Data,,Total,,,,,30143.53,3.588415159,,1081.675,1067.607
Trade Summary,MetaInfo,Analysis Period,"April 8, 2024 - January 27, 2026"
Trade Summary,Header,Financial Instrument,Currency,Symbol,Description,Sector,Quantity Bought,Average Price Bought,Proceeds Bought,Proceeds Bought in Base,Quantity Sold,Average Price Sold,Proceeds Sold,Proceeds Sold in Base
Trade Summary,Data,ETFs,United States Dollar,TLT,ISHARES 20+ YEAR TREASURY BD,Government,50,90.385,-4519.25,-4519.25,-50,93,4650,4650
Trade Summary,Data,ETFs,United States Dollar,TMF,DRX DLY 20+ YR TREAS BULL 3X,Broad,50,47.24,-2362,-2362,-50,50.2913,2514.565,2514.565
Trade Summary,Data,Stocks,United States Dollar,ADBE,ADOBE INC,Technology,5,300.01,-1500.05,-1500.05,0,0,0,0
Trade Summary,Data,Stocks,United States Dollar,ALB,ALBEMARLE CORP,Basic Materials,240,79.079583333,-18979.1,-18979.1,-240,80.918802083,19420.5125,19420.5125
Trade Summary,Data,Stocks,United States Dollar,BABA,ALIBABA GROUP HOLDING-SP ADR,Technology,145,71.85137931,-10418.45,-10418.45,-145,75.859827586,10999.675,10999.675
Trade Summary,Data,Stocks,United States Dollar,BIDU,BAIDU INC - SPON ADR,Technology,170,81.578235294,-13868.3,-13868.3,-170,86.04,14626.8,14626.8
Trade Summary,Data,Stocks,United States Dollar,BMY,BRISTOL-MYERS SQUIBB CO,Healthcare,160,42.11,-6737.6,-6737.6,-160,43.44525,6951.24,6951.24
Trade Summary,Data,Stocks,United States Dollar,CVS,CVS HEALTH CORP,Healthcare,350,58.246285714,-20386.2,-20386.2,-350,60.325714286,21114,21114
Trade Summary,Data,Stocks,United States Dollar,DEO,DIAGEO PLC-SPONSORED ADR,Consumer Non-Cyc,145,89.924482759,-13039.05,-13039.05,0,0,0,0
Trade Summary,Data,Stocks,United States Dollar,ENPH,ENPHASE ENERGY INC,Energy,260,49.080676923,-12760.976,-12760.976,-260,52.181153846,13567.1,13567.1
Trade Summary,Data,Stocks,United States Dollar,ETSY,ETSY INC,Consumer Cyclicals,100,52.71,-5271,-5271,-100,54.91,5491,5491
Trade Summary,Data,Stocks,United States Dollar,HOG,HARLEY-DAVIDSON INC,Consumer Cyclicals,350,25.675714286,-8986.5,-8986.5,-300,27.43,8229,8229
Trade Summary,Data,Stocks,United States Dollar,INTC,INTEL CORP,Technology,945,23.154685185,-21881.1775,-21881.1775,-945,25.068470899,23689.705,23689.705
Trade Summary,Data,Stocks,United States Dollar,JD,JD.COM INC-ADR,Consumer Cyclicals,100,29.08,-2908,-2908,0,0,0,0
Trade Summary,Data,Stocks,United States Dollar,LYB,LYONDELLBASELL INDU-CL A,Basic Materials,150,53.06,-7959,-7959,-150,54.17,8125.5,8125.5
Trade Summary,Data,Stocks,United States Dollar,NFLX,NETFLIX INC,Telecomm,30,81.01,-2430.3,-2430.3,0,0,0,0
Trade Summary,Data,Stocks,United States Dollar,NKE,NIKE INC -CL B,Consumer Cyclicals,320,72.31490625,-23140.77,-23140.77,-320,75.485851563,24155.4725,24155.4725
Trade Summary,Data,Stocks,United States Dollar,NVO,NOVO-NORDISK A/S-SPONS ADR,Healthcare,450,52.294533333,-23532.54,-23532.54,-450,53.91,24259.5,24259.5
Trade Summary,Data,Stocks,United States Dollar,ORCL,ORACLE CORP,Technology,7,177.0083,-1239.0581,-1239.0581,0,0,0,0
Trade Summary,Data,Stocks,United States Dollar,PG,PROCTER & GAMBLE CO/THE,Consumer Non-Cyc,10,143.91,-1439.1,-1439.1,0,0,0,0
Trade Summary,Data,Stocks,United States Dollar,POAHY,PORSCHE AUTOMOBIL-UNSP ADR,Consumer Cyclicals,800,4.24375,-3395,-3395,-500,4.58,2290,2290
Trade Summary,Data,Stocks,United States Dollar,PYPL,PAYPAL HOLDINGS INC,Financials,168,59.629002381,-10017.6724,-10017.6724,0,0,0,0
Trade Summary,Data,Stocks,United States Dollar,QRVO,QORVO INC,Technology,100,73.65,-7365,-7365,-100,83.38,8338,8338
Trade Summary,Data,Stocks,United States Dollar,SBUX,STARBUCKS CORP,Consumer Cyclicals,45,74.55,-3354.75,-3354.75,-45,79.66,3584.7,3584.7
Trade Summary,Data,Stocks,United States Dollar,STZ,CONSTELLATION BRANDS INC-A,Consumer Non-Cyc,15,137.975,-2069.625,-2069.625,-15,149.94,2249.1,2249.1
Trade Summary,Data,Stocks,United States Dollar,TGT,TARGET CORP,Consumer Cyclicals,20,84.9,-1698,-1698,-20,89.44,1788.8,1788.8
Trade Summary,Data,Stocks,United States Dollar,UPS,UNITED PARCEL SERVICE-CL B,Industrials,165,88.175727273,-14548.995,-14548.995,-165,89.96,14843.4,14843.4
Trade Summary,Data,Stocks,United States Dollar,XYZ,BLOCK INC,Industrials,90,62.26,-5603.4,-5603.4,-50,64.575,3228.75,3228.75
Deposits And Withdrawals,MetaInfo,Analysis Period,"April 8, 2024 - January 27, 2026"
Deposits And Withdrawals,Header,Date,Type,Description,Amount
Deposits And Withdrawals,Data,04/08/24,DEPOSIT,Cash Receipts / Electronic Fund Transfers ,9990
Deposits And Withdrawals,Data,12/19/24,NA,Adjustment: Commission (consolidated Audit Trail Fee Refund) ,0.01
Deposits And Withdrawals,Data,05/12/25,DEPOSIT,Cash Receipts / Electronic Fund Transfers ,5000
Deposits And Withdrawals,Data,11/18/25,DEPOSIT,Cash Receipts / Electronic Fund Transfers ,25000
Dividends,MetaInfo,Analysis Period,"April 8, 2024 - January 27, 2026"
Dividends,Header,PayDate,Ex-Date,Symbol,Note,Quantity,DividendPerShare,Amount
Dividends,Data,20240507,20240501,TLT,Dividend Payment,50,0.31,15.39
Dividends,Data,20240531,20240516,SBUX,Dividend Payment,45,0.57,25.65
Dividends,Data,20240607,20240603,TLT,Dividend Payment,50,0.31,15.41
Dividends,Data,20240801,20240705,BMY,Dividend Payment,160,0.60,96
Dividends,Data,20241001,20240913,ALB,Dividend Payment,50,0.41,20.25
Dividends,Data,20250314,20250228,HOG,Dividend Payment,300,0.18,54
Dividends,Data,20250401,20250314,ALB,Dividend Payment,100,0.41,40.5
Dividends,Data,20250618,20250602,HOG,Dividend Payment,300,0.18,54
Dividends,Data,20250701,20250613,ALB,Dividend Payment,190,0.40,76.55
Dividends,Data,20250701,20250613,ALB,Payment In Lieu,190,0.00,0.41
Dividends,Data,20250826,20250818,NVO,Dividend Payment,150,0.58,87.64
Dividends,Data,20260102,20251201,NKE,Dividend Payment,50,0.41,20.5
Interest Details,MetaInfo,Analysis Period,"April 8, 2024 - January 27, 2026"
Interest Details,Header,Date,Description,Amount
Interest Details,Data,20240605,USD Debit Interest Paid for May 2024,-2.45
Interest Details,Data,20240703,USD Debit Interest Paid for June 2024,-1.91
Interest Details,Data,20241105,USD Net Stock Interest Paid for October 2024,-0.09
Interest Details,Data,20250604,USD Debit Interest Paid for May 2025,-0.57
Interest Details,Data,20250703,USD Debit Interest Paid for June 2025,-0.77
Interest Details,Data,20250805,USD Debit Interest Paid for July 2025,-0.03
Interest Details,Data,20260106,USD Debit Interest Paid for December 2025,-4.03
Notes and Disclosure,Header,Type,Note
Notes and Disclosure,Data,General,"1. The Net Asset Value (NAV) consists of all positions by financial instrument (stock, securities options, warrants, bonds, cash, etc.). All non-base currency amounts are converted to the base currency at the close of period rate."
Notes and Disclosure,Data,General,2. The gain or loss from future contracts settle into cash each night. The notional value is used when computing the contribution to return.
Notes and Disclosure,Data,General,"3. Dividend accruals, interest accruals, and insured deposits are included in cash amounts throughout the report."
Notes and Disclosure,Data,General,4. Price valuations are obtained from outside parties. Clearing Broker shall have no responsibility for the accuracy or timeliness of any such price valuation.
Notes and Disclosure,Data,General,5. Data from Thomson Reuters Business Classifications and Lipper Global is used to derive our sector classifications. Funds with assorted sector allocations are classified as Broad.
Notes and Disclosure,Data,General,"6. Amounts are formatted to two decimal places. If amounts are greater than two decimal places, Clearing Broker uses "half-even" rounding. This means that Clearing Broker rounds such amounts up to the nearest even number."
Notes and Disclosure,Data,General,"7. For accounts opened and funded before 2009, reports with a time period of Since Inception will only include data going back to January 1, 2009. This includes some default reports and both Historical Performance reports."
Notes and Disclosure,Data,General,"8. If you have elected to trade cryptocurrency/digital asset products at Crypto Provider through the Clearing Broker platform, for your convenience your positions in your linked account at Crypto Provider are reflected in PortfolioAnalyst in connection with your Clearing Broker account."
Notes and Disclosure,Data,Section,1. Account Overview: The deposit/withdrawal amount displayed includes internal transfers along with cash and position transfers.
Notes and Disclosure,Data,Section,2. Projected Income: The Estimated Annual Income and Estimated Remaining Income in the Projected Income report assume dividend and bond payments remain constant throughout the year. These positions and interest rates are based on the previous business day.
Notes and Disclosure,Data,Section,"3. Risk Measures: Historical US 3 Month Treasury Bill rates are used as the risk free rates when calculating Alpha, the Sharpe ratio, the Sortino ratio, and the downside deviation."
Notes and Disclosure,Data,Disclosure,"This portfolio report was generated using Clearing Broker's PortfolioAnalyst tool, which allows Clearing Broker clients to generate analyses of their accounts using market data provided by third parties along with trade and account data contained in Clearing Broker's systems. This report is for information purposes only and is provided AS IS. Clearing Broker makes no warranty of any kind, express or implied, as to this report and its contents. The data provided for use in the PortfolioAnalyst tool is believed to be accurate, but completeness and accuracy of the information is not guaranteed, and Clearing Broker has no liability with respect thereto. The data regarding accounts held outside of Clearing Broker is obtained either directly from your input or from the financial institutions holding those accounts through a third-party service provider and Clearing Broker has NOT reviewed its accuracy.

The material in this report is intended only as a reference and should not be relied upon for the maintenance of your books and records for tax, accounting, financial, or regulatory reporting or for any other purposes. This report is not an offer or a solicitation of an offer to buy or sell any security. This material does not, and is not intended to, take into account the particular financial conditions, investment objectives, or requirements of individual customers. Before acting on any material within this report, you should consider whether it is suitable for your particular circumstances and as necessary, seek professional advice."
