Introduction,Header,Name,Account,Alias,BaseCurrency,AccountType,AnalysisPeriod,PerformanceMeasure
Introduction,Data,Jimena S Gonzales,U14948162,,USD,Individual (Broker Client),"December 9, 2024 to January 27, 2026 (Daily)",TWR
Key Statistics,MetaInfo,Analysis Period,"December 9, 2024 - January 27, 2026"
Key Statistics,Header,BeginningNAV,EndingNAV,CumulativeReturn,5DayReturn,5DayReturnDateRange,10DayReturn,10DayReturnDateRange,BestReturn,BestReturnDate,WorstReturn,WorstReturnDate,MTM,Deposits & Withdrawals,Dividends,Interest,Fees & Commissions,Other,ChangeInNAV
Key Statistics,Data,0,244759.372709,5.124925649,2.664493546,20260121 - 20260127,1.838184778,20260114 - 20260127,2.294048634,20250409,-4.708275478,20250404,-14193.172,232749.65,30513.66,0,-927.791293,-3382.973998,244759.372709
Historical Performance,MetaInfo,Analysis Period,"December 9, 2024 - January 27, 2026"
Historical Performance,Header,Account,MTD,QTD,YTD,1 Year,Since Inception
Historical Performance,Data,U14948162,3.365912868,3.365912868,3.365912868,7.944741482,5.124925654
Historical Performance,Header,Month,Account,AccountReturn
Historical Performance,Data,202501,U14948162,0.713577517
Historical Performance,Data,202502,U14948162,0.943070857
Historical Performance,Data,202503,U14948162,-1.789499954
Historical Performance,Data,202504,U14948162,-3.252071406
Historical Performance,Data,202505,U14948162,2.07671959
Historical Performance,Data,202506,U14948162,3.046151642
Historical Performance,Data,202507,U14948162,0.485379322
Historical Performance,Data,202508,U14948162,1.760688182
Historical Performance,Data,202509,U14948162,1.202903956
Historical Performance,Data,202510,U14948162,0.485100425
Historical Performance,Data,202511,U14948162,-0.265725525
Historical Performance,Data,202512,U14948162,-0.682296287
Historical Performance,Header,Quarter,Account,AccountReturn
Historical Performance,Data,2025 Q1,U14948162,-0.155888186
Historical Performance,Data,2025 Q2,U14948162,1.765403162
Historical Performance,Data,2025 Q3,U14948162,3.484638312
Historical Performance,Data,2025 Q4,U14948162,-0.465698414
Historical Performance,Header,Year,Account,AccountReturn
Historical Performance,Data,YTD,U14948162,3.365912868
Historical Performance,Data,2025,U14948162,4.657721376
Open Position Summary,MetaInfo,As Of,"January 27, 2026"
Open Position Summary,Header,Date,FinancialInstrument,Currency,Symbol,Description,Sector,Quantity,ClosePrice,Value,Cost Basis,UnrealizedP&L,FXRateToBase
Open Position Summary,Data,01/27/2026,ETFs,USD,RYLD,GLOBAL X RUSSELL 2000 COV CL,Broad,2547,15.62,39784.14,38905.346735,878.793265,1
Open Position Summary,Data,01/27/2026,ETFs,USD,TLTW,ISHARES 20+ BOND BUYWRITE,Broad,1700,22.89,38913,39429.869625,-516.869625,1
Open Position Summary,Data,Total,ETFs,USD,,,,,,78697.14,78335.21636,361.92364
Open Position Summary,Data,01/27/2026,Stocks,USD,AVK,ADVENT CONVERT & INCOME,Broad,1240,12.8,15872,14633.914588,1238.085412,1
Open Position Summary,Data,01/27/2026,Stocks,USD,BCAT,BLACKROCK CAPITAL ALLOC TR,Broad,950,14.68,13946,14786.035044,-840.035044,1
Open Position Summary,Data,01/27/2026,Stocks,USD,BHK,BLACKROCK CORE BOND TRUST,Broad,4260,9.55,40683,41435.906979,-752.906979,1
Open Position Summary,Data,01/27/2026,Stocks,USD,BKT,BLACKROCK INCOME TRUST,Broad,1820,11.05,20111,21393.952722,-1282.952722,1
Open Position Summary,Data,01/27/2026,Stocks,USD,DSU,BLACKROCK DEBT STRATEGIES,Broad,1900,10.16,19304,20457.332956,-1153.332956,1
Open Position Summary,Data,01/27/2026,Stocks,USD,ECAT,BLACKROCK ESG CAP ALL TRM TR,Broad,920,15.53,14287.6,15243.588687,-955.988687,1
Open Position Summary,Data,01/27/2026,Stocks,USD,FAX,ABRDN ASIA-PACIFIC INCOME,Broad,950,15.55,14772.5,14238.066144,534.433856,1
Open Position Summary,Data,Total,Stocks,USD,,,,,,138976.1,142188.79712,-3212.69712
Open Position Summary,Data,01/27/2026,Cash,USD,USD,United States Dollar,Cash,27086.132709,1,27086.132709, , ,1
Performance by Symbol,MetaInfo,Analysis Period,"December 9, 2024 - January 27, 2026"
Performance by Symbol,Header,Symbol,Description,FinancialInstrument,Sector,AvgWeight,Return,Contribution,Unrealized_P&L,Realized_P&L,Open
Performance by Symbol,Data,QYLD,GLOBAL X NASD 100 COV CALL,ETFs,Broad,17.782376922,5.499544374,0.972107521,0.00,"1,332.15",No
Performance by Symbol,Data,RYLD,GLOBAL X RUSSELL 2000 COV CL,ETFs,Broad,13.909153446,4.611582202,1.820989719,878.79,-14.92,Yes
Performance by Symbol,Data,SDIV,GLOBAL X SUPERDIVIDEND ETF,ETFs,Broad,8.537994889,14.908968197,1.290048912,0.00,"2,092.96",No
Performance by Symbol,Data,TLT,ISHARES 20+ YEAR TREASURY BD,ETFs,Government,83.115223581,-5.225087681,-4.36400185,0.00,"-11,025.26",No
Performance by Symbol,Data,TLTW,ISHARES 20+ BOND BUYWRITE,ETFs,Broad,16.475109027,3.78487914,0.625713112,-516.87,0.00,Yes
Performance by Symbol,Data,XYLD,GLOBAL X S&P 500 COVE CALL E,ETFs,Broad,17.652644385,5.045797441,0.892540853,0.00,"1,140.98",No
Performance by Symbol,Data,Total ETFs,,,,40.146839017,2.884085936,1.063014245,361.92,"-6,474.09",
Performance by Symbol,Data,AVK,ADVENT CONVERT & INCOME,Stocks,Broad,8.470393133,18.245870925,1.494521919,"1,238.09",390.03,Yes
Performance by Symbol,Data,BBN,BLACKROCK TAXABLE MUNI BND,Stocks,Broad,8.828527962,-2.625481059,-0.252309012,0.00,-755.38,No
Performance by Symbol,Data,BCAT,BLACKROCK CAPITAL ALLOC TR,Stocks,Broad,6.010379552,11.619075728,0.701302838,-840.04,0.00,Yes
Performance by Symbol,Data,BHK,BLACKROCK CORE BOND TRUST,Stocks,Broad,17.071673119,1.677323019,0.348132888,-752.91,0.00,Yes
Performance by Symbol,Data,BKT,BLACKROCK INCOME TRUST,Stocks,Broad,8.687363528,-1.263724717,-0.112709286,"-1,282.95",0.00,Yes
Performance by Symbol,Data,BKT RT,BLACKROCK INCOME TR-RT,Stocks,Broad,0.07324337,-100,-0.094124839,0.00,0.00,No
Performance by Symbol,Data,BTZ,BLACKROCK CREDIT ALLOCATION,Stocks,Broad,8.819250143,-5.221311643,-0.459875124,0.00,"-1,366.08",No
Performance by Symbol,Data,BWG,BRANDYWINEGLOBAL GLOBAL INCO,Stocks,Broad,3.559038062,-4.612096685,-0.163848038,0.00,-517.11,No
Performance by Symbol,Data,DMO,WESTERN ASSET MORT DEF OPP,Stocks,Broad,7.552435331,-1.859062733,-0.135033826,0.00,-707.61,No
Performance by Symbol,Data,DSU,BLACKROCK DEBT STRATEGIES,Stocks,Broad,8.452096967,2.797988367,0.293919573,"-1,153.33",0.00,Yes
Performance by Symbol,Data,ECAT,BLACKROCK ESG CAP ALL TRM TR,Stocks,Broad,6.326779105,10.580740794,0.686419275,-955.99,0.00,Yes
Performance by Symbol,Data,FAX,ABRDN ASIA-PACIFIC INCOME,Stocks,Broad,7.070544292,14.046685264,0.980234662,534.43,104.06,Yes
Performance by Symbol,Data,GBAB,GUGGENHEIM TAXABLE MUNICIPAL,Stocks,Broad,8.489866235,-4.963723215,-0.435773421,0.00,"-1,290.84",No
Performance by Symbol,Data,TXN,TEXAS INSTRUMENTS INC,Stocks,Technology,1.597754557,-0.56067557,-0.008958219,0.00,-21.58,No
Performance by Symbol,Data,WDI,WESTERN ASSET DIVERS INC,Stocks,Broad,6.28991847,-9.397220996,-0.58011981,0.00,"-1,631.60",No
Performance by Symbol,Data,Total Stocks,,,,60.379750241,8.894636467,2.088838807,"-3,212.70","-5,796.11",
Performance by Symbol,Data,USD,United States Dollar,Cash,Cash,4.893280647,30.869587494,2.03044921,,,Yes
Performance by Symbol,Data,Total Cash,,,,4.893280647,30.869587494,2.03044921,,,
Performance by Symbol,Data,Total,,,,100,5.124925649,5.124925649,"-2,850.77","-12,270.19",
Projected Income,MetaInfo,As Of,"January 27, 2026"
Projected Income,Header,Financial Instrument,Symbol,Description,Frequency,Quantity,Price,Value,Current Yield %,Principal,Estimated Annual Income,Estimated 2026 Remaining Income
Projected Income,Data,ETFs,RYLD,Ordinary Dividend,11,2547,15.62,39784.14,11.077464789,-,4407.0741,4407.0741
Projected Income,Data,ETFs,TLTW,Ordinary Dividend,12,1700,22.89,38913,9.798621689,-,3812.937657818,3812.937657818
Projected Income,Data,,Total ETFs,,,,,78697.14,10.445121332,,8220.011757818,8220.011757818
Projected Income,Data,Stocks,AVK,Ordinary Dividend,12,1240,12.8,15872,10.9875,-,1743.936,1598.608
Projected Income,Data,Stocks,BCAT,Ordinary Dividend,12,950,14.68,13946,21.313079019,-,2972.322,2724.6285
Projected Income,Data,Stocks,BHK,Ordinary Dividend,12,4260,9.55,40683,9.37382199,-,3813.552,3495.756
Projected Income,Data,Stocks,BKT,Ordinary Dividend,12,1820,11.05,20111,9.578280543,-,1926.288,1765.764
Projected Income,Data,Stocks,DSU,Ordinary Dividend,12,1900,10.16,19304,11.661023622,-,2251.044,2063.457
Projected Income,Data,Stocks,ECAT,Ordinary Dividend,12,920,15.53,14287.6,21.404507405,-,3058.1904,2803.3412
Projected Income,Data,Stocks,FAX,Ordinary Dividend,12,950,15.55,14772.5,12.733118971,-,1881,1724.25
Projected Income,Data,,Total Stocks,,,,,138976.1,12.697386385,,17646.3324,16175.8047
Projected Income,Data,Cash,USD,Credit Interest,12,26056.78,1,26056.78,0,-,0,0
Projected Income,Data,,Total Cash,,,,,26056.78,0,,0,0
Projected Income,Data,,Total,,,,,243730.02,10.612703416,,25866.344157818,24395.816457818
Trade Summary,MetaInfo,Analysis Period,"December 9, 2024 - January 27, 2026"
Trade Summary,Header,Financial Instrument,Currency,Symbol,Description,Sector,Quantity Bought,Average Price Bought,Proceeds Bought,Proceeds Bought in Base,Quantity Sold,Average Price Sold,Proceeds Sold,Proceeds Sold in Base
Trade Summary,Data,ETFs,United States Dollar,QYLD,GLOBAL X NASD 100 COV CALL,Broad,2480,16.1293,-40000.664,-40000.664,-2480,16.695,41403.6,41403.6
Trade Summary,Data,ETFs,United States Dollar,RYLD,GLOBAL X RUSSELL 2000 COV CL,Broad,2595,15.280655106,-39653.3,-39653.3,-48,16.68,800.64,800.64
Trade Summary,Data,ETFs,United States Dollar,SDIV,GLOBAL X SUPERDIVIDEND ETF,Broad,940,21.238489362,-19964.18,-19964.18,-940,23.519510638,22108.34,22108.34
Trade Summary,Data,ETFs,United States Dollar,TLT,ISHARES 20+ YEAR TREASURY BD,Government,2225,90.235292135,-200773.525,-200773.525,-2225,85.312,189819.2,189819.2
Trade Summary,Data,ETFs,United States Dollar,TLTW,ISHARES 20+ BOND BUYWRITE,Broad,1700,23.170412941,-39389.702,-39389.702,0,0,0,0
Trade Summary,Data,ETFs,United States Dollar,XYLD,GLOBAL X S&P 500 COVE CALL E,Broad,1050,37.8,-39690,-39690,-1050,38.925,40871.25,40871.25
Trade Summary,Data,Stocks,United States Dollar,AVK,ADVENT CONVERT & INCOME,Broad,1700,11.788588235,-20040.6,-20040.6,-460,12.7,5842,5842
Trade Summary,Data,Stocks,United States Dollar,BBN,BLACKROCK TAXABLE MUNI BND,Broad,1250,16.081136,-20101.42,-20101.42,-1250,15.51376,19392.2,19392.2
Trade Summary,Data,Stocks,United States Dollar,BCAT,BLACKROCK CAPITAL ALLOC TR,Broad,950,15.543473684,-14766.3,-14766.3,0,0,0,0
Trade Summary,Data,Stocks,United States Dollar,BHK,BLACKROCK CORE BOND TRUST,Broad,4260,9.712746479,-41376.3,-41376.3,0,0,0,0
Trade Summary,Data,Stocks,United States Dollar,BKT,BLACKROCK INCOME TRUST,Broad,1820,11.74,-21366.8,-21366.8,0,0,0,0
Trade Summary,Data,Stocks,United States Dollar,BTZ,BLACKROCK CREDIT ALLOCATION,Broad,1930,10.466165803,-20199.7,-20199.7,-1930,9.790414508,18895.5,18895.5
Trade Summary,Data,Stocks,United States Dollar,BWG,BRANDYWINEGLOBAL GLOBAL INCO,Broad,1000,7.94601,-7946.01,-7946.01,-1000,7.4696,7469.6,7469.6
Trade Summary,Data,Stocks,United States Dollar,DMO,WESTERN ASSET MORT DEF OPP,Broad,1500,11.528,-17292,-17292,-1500,11.0904,16635.6,16635.6
Trade Summary,Data,Stocks,United States Dollar,DSU,BLACKROCK DEBT STRATEGIES,Broad,1900,10.738136842,-20402.46,-20402.46,0,0,0,0
Trade Summary,Data,Stocks,United States Dollar,ECAT,BLACKROCK ESG CAP ALL TRM TR,Broad,920,16.548,-15224.16,-15224.16,0,0,0,0
Trade Summary,Data,Stocks,United States Dollar,FAX,ABRDN ASIA-PACIFIC INCOME,Broad,1350,14.975218519,-20216.545,-20216.545,-400,15.3,6120,6120
Trade Summary,Data,Stocks,United States Dollar,GBAB,GUGGENHEIM TAXABLE MUNICIPAL,Broad,1275,15.446078431,-19693.75,-19693.75,-1275,14.471411765,18451.05,18451.05
Trade Summary,Data,Stocks,United States Dollar,TXN,TEXAS INSTRUMENTS INC,Technology,20,191.905,-3838.1,-3838.1,-20,191.88,3837.6,3837.6
Trade Summary,Data,Stocks,United States Dollar,WDI,WESTERN ASSET DIVERS INC,Broad,1000,14.42348,-14423.48,-14423.48,-1000,12.846,12846,12846
Deposits And Withdrawals,MetaInfo,Analysis Period,"December 9, 2024 - January 27, 2026"
Deposits And Withdrawals,Header,Date,Type,Description,Amount
Deposits And Withdrawals,Data,12/09/24,DEPOSIT,Cash Receipts / Electronic Fund Transfers ,240874.65
Deposits And Withdrawals,Data,09/02/25,WITHDRAWAL,Disbursement Initiated By Jimena S Gonzales ,-8125
Corporate Actions,MetaInfo,Analysis Period,"December 9, 2024 - January 27, 2026"
Corporate Actions,Header,Date,Type,Description,Quantity
Corporate Actions,Data,20250926,Rights,BKT(US09247F2092) SUBSCRIBABLE RIGHTS ISSUE  1 FOR 1,1820
Corporate Actions,Data,20251030,Delisting,(US09247F1185) DELISTED,-1820
Dividends,MetaInfo,Analysis Period,"December 9, 2024 - January 27, 2026"
Dividends,Header,PayDate,Ex-Date,Symbol,Quantity,DividendPerShare,Amount
Dividends,Data,20241223,20241218,TLT,2225,0.35,781.05
Dividends,Data,20250107,20241230,RYLD,1195,0.17,198.85
Dividends,Data,20250107,20241230,SDIV,940,0.20,184.24
Dividends,Data,20250128,20250121,RYLD,1195,0.17,201
Dividends,Data,20250131,20250115,BTZ,1930,0.08,161.93
Dividends,Data,20250131,20250115,BCAT,950,0.29,274.65
Dividends,Data,20250131,20250115,BBN,1250,0.09,116.12
Dividends,Data,20250131,20250124,FAX,1350,0.17,222.75
Dividends,Data,20250131,20250115,ECAT,920,0.31,282.78
Dividends,Data,20250131,20250115,DSU,1900,0.10,187.59
Dividends,Data,20250131,20250115,GBAB,1275,0.13,160.31
Dividends,Data,20250131,20250115,AVK,1700,0.12,199.24
Dividends,Data,20250203,20250124,BWG,1000,0.08,80
Dividends,Data,20250203,20250124,WDI,1000,0.15,148.5
Dividends,Data,20250203,20250124,DMO,1500,0.13,195
Dividends,Data,20250212,20250205,SDIV,940,0.19,181.42
Dividends,Data,20250228,20250221,FAX,1350,0.17,222.75
Dividends,Data,20250228,20250214,GBAB,1275,0.13,160.31
Dividends,Data,20250228,20250214,AVK,1700,0.12,199.24
Dividends,Data,20250228,20250214,BTZ,1930,0.08,161.93
Dividends,Data,20250228,20250214,DSU,1900,0.10,187.59
Dividends,Data,20250228,20250214,BBN,1250,0.09,116.12
Dividends,Data,20250228,20250214,ECAT,920,0.31,282.43
Dividends,Data,20250228,20250214,BCAT,950,0.29,273.81
Dividends,Data,20250303,20250224,RYLD,1147,0.16,186.62
Dividends,Data,20250303,20250221,WDI,1000,0.15,148.5
Dividends,Data,20250303,20250221,DMO,1500,0.13,195
Dividends,Data,20250303,20250221,BWG,1000,0.08,80
Dividends,Data,20250312,20250305,SDIV,940,0.20,188
Dividends,Data,20250331,20250325,FAX,1350,0.17,222.75
Dividends,Data,20250331,20250314,GBAB,1275,0.13,160.31
Dividends,Data,20250331,20250314,AVK,1700,0.12,199.24
Dividends,Data,20250331,20250314,DSU,1900,0.10,187.59
Dividends,Data,20250331,20250314,BCAT,950,0.29,272.87
Dividends,Data,20250331,20250314,ECAT,920,0.31,281.78
Dividends,Data,20250331,20250314,BTZ,1930,0.08,161.93
Dividends,Data,20250331,20250324,RYLD,1147,0.15,176.29
Dividends,Data,20250331,20250314,BBN,1250,0.09,116.13
Dividends,Data,20250401,20250324,WDI,1000,0.15,148.5
Dividends,Data,20250401,20250324,DMO,1500,0.13,195
Dividends,Data,20250401,20250324,BWG,1000,0.08,80
Dividends,Data,20250410,20250403,SDIV,940,0.20,183.3
Dividends,Data,20250428,20250421,RYLD,2547,0.14,364.48
Dividends,Data,20250428,20250421,QYLD,2480,0.16,396.3
Dividends,Data,20250428,20250421,XYLD,1050,0.38,396.27
Dividends,Data,20250430,20250415,AVK,1700,0.12,199.24
Dividends,Data,20250430,20250423,FAX,1350,0.17,222.75
Dividends,Data,20250430,20250415,DSU,1900,0.10,187.59
Dividends,Data,20250430,20250415,BCAT,950,0.28,270.51
Dividends,Data,20250430,20250415,ECAT,920,0.30,279.3
Dividends,Data,20250512,20250505,SDIV,940,0.20,183.3
Dividends,Data,20250527,20250519,QYLD,2480,0.17,409.2
Dividends,Data,20250527,20250519,RYLD,2547,0.15,377.21
Dividends,Data,20250527,20250519,XYLD,1050,0.39,408.76
Dividends,Data,20250530,20250515,AVK,1700,0.12,199.24
Dividends,Data,20250530,20250515,BCAT,950,0.28,267.25
Dividends,Data,20250530,20250515,ECAT,920,0.30,275.79
Dividends,Data,20250530,20250515,DSU,1900,0.10,187.59
Dividends,Data,20250530,20250522,FAX,950,0.17,156.75
Dividends,Data,20250611,20250604,SDIV,940,0.19,180.48
Dividends,Data,20250630,20250623,XYLD,1050,0.39,406.56
Dividends,Data,20250630,20250623,RYLD,2547,0.15,378.23
Dividends,Data,20250630,20250623,QYLD,2480,0.17,410.94
Dividends,Data,20250630,20250623,FAX,950,0.17,156.75
Dividends,Data,20250630,20250613,DSU,1900,0.10,187.59
Dividends,Data,20250630,20250613,BCAT,950,0.28,264.29
Dividends,Data,20250630,20250613,ECAT,920,0.30,272.88
Dividends,Data,20250630,20250613,AVK,1700,0.12,199.24
Dividends,Data,20250708,20250702,TLTW,1700,0.31,533.26
Dividends,Data,20250711,20250703,SDIV,940,0.19,178.6
Dividends,Data,20250728,20250721,RYLD,2547,0.15,381.54
Dividends,Data,20250731,20250715,AVK,1700,0.12,199.24
Dividends,Data,20250731,20250715,BKT,1820,0.09,160.52
Dividends,Data,20250731,20250715,BCAT,950,0.28,261.71
Dividends,Data,20250731,20250715,BHK,4260,0.07,317.8
Dividends,Data,20250731,20250715,ECAT,920,0.29,270.16
Dividends,Data,20250731,20250715,DSU,1900,0.10,187.59
Dividends,Data,20250731,20250724,FAX,950,0.17,156.75
Dividends,Data,20250807,20250804,TLTW,1700,0.23,392.85
Dividends,Data,20250825,20250818,RYLD,2547,0.15,383.58
Dividends,Data,20250829,20250815,BHK,4260,0.07,317.8
Dividends,Data,20250829,20250815,AVK,1700,0.12,199.24
Dividends,Data,20250829,20250822,FAX,950,0.17,156.75
Dividends,Data,20250829,20250815,DSU,1900,0.10,187.59
Dividends,Data,20250829,20250815,ECAT,920,0.29,266.96
Dividends,Data,20250829,20250815,BCAT,950,0.27,258.73
Dividends,Data,20250829,20250815,BKT,1820,0.09,160.52
Dividends,Data,20250908,20250903,TLTW,1700,0.22,371.14
Dividends,Data,20250929,20250922,RYLD,2547,0.15,386.38
Dividends,Data,20250930,20250915,ECAT,920,0.29,264.56
Dividends,Data,20250930,20250915,DSU,1900,0.10,187.59
Dividends,Data,20250930,20250915,BHK,4260,0.07,317.8
Dividends,Data,20250930,20250915,BKT,1820,0.09,160.52
Dividends,Data,20250930,20250915,BCAT,950,0.27,256.41
Dividends,Data,20250930,20250923,FAX,950,0.17,156.75
Dividends,Data,20250930,20250915,AVK,1700,0.12,199.24
Dividends,Data,20251007,20251002,TLTW,1700,0.14,245.69
Dividends,Data,20251027,20251020,RYLD,2547,0.15,388.42
Dividends,Data,20251031,20251015,BKT,1820,0.09,160.52
Dividends,Data,20251031,20251024,FAX,950,0.17,156.75
Dividends,Data,20251031,20251015,ECAT,920,0.28,262.02
Dividends,Data,20251031,20251015,DSU,1900,0.10,187.59
Dividends,Data,20251031,20251015,BHK,4260,0.07,317.8
Dividends,Data,20251031,20251015,BCAT,950,0.27,254.14
Dividends,Data,20251031,20251015,AVK,1700,0.12,199.24
Dividends,Data,20251107,20251104,TLTW,1700,0.38,643.07
Dividends,Data,20251128,20251114,ECAT,920,0.28,259.26
Dividends,Data,20251128,20251121,FAX,950,0.17,156.75
Dividends,Data,20251128,20251114,DSU,1900,0.10,187.59
Dividends,Data,20251128,20251114,BHK,4260,0.07,317.8
Dividends,Data,20251128,20251114,BKT,1820,0.09,160.52
Dividends,Data,20251128,20251114,BCAT,950,0.26,251.68
Dividends,Data,20251128,20251114,AVK,1700,0.12,199.24
Dividends,Data,20251202,20251124,RYLD,2547,0.15,386.63
Dividends,Data,20251205,20251202,TLTW,1700,0.19,318.85
Dividends,Data,20251229,20251223,TLTW,1700,0.19,317.75
Dividends,Data,20251230,20251222,RYLD,2547,0.16,395.04
Dividends,Data,20251231,20251222,BKT,1820,0.09,160.52
Dividends,Data,20251231,20251215,AVK,1240,0.12,145.33
Dividends,Data,20251231,20251222,DSU,1900,0.10,187.59
Dividends,Data,20251231,20251222,ECAT,920,0.28,256.26
Dividends,Data,20251231,20251222,BHK,4260,0.07,317.8
Dividends,Data,20251231,20251222,BCAT,950,0.26,248.93
Dividends,Data,20260112,20251231,FAX,950,0.17,156.75
Dividends,Data,20260123,20260120,RYLD,2547,0.16,400.64
Notes and Disclosure,Header,Type,Note
Notes and Disclosure,Data,General,"1. The Net Asset Value (NAV) consists of all positions by financial instrument (stock, securities options, warrants, bonds, cash, etc.). All non-base currency amounts are converted to the base currency at the close of period rate."
Notes and Disclosure,Data,General,2. The gain or loss from future contracts settle into cash each night. The notional value is used when computing the contribution to return.
Notes and Disclosure,Data,General,"3. Dividend accruals, interest accruals, and insured deposits are included in cash amounts throughout the report."
Notes and Disclosure,Data,General,4. Price valuations are obtained from outside parties. Clearing Broker shall have no responsibility for the accuracy or timeliness of any such price valuation.
Notes and Disclosure,Data,General,5. Data from Thomson Reuters Business Classifications and Lipper Global is used to derive our sector classifications. Funds with assorted sector allocations are classified as Broad.
Notes and Disclosure,Data,General,"6. Amounts are formatted to two decimal places. If amounts are greater than two decimal places, Clearing Broker uses "half-even" rounding. This means that Clearing Broker rounds such amounts up to the nearest even number."
Notes and Disclosure,Data,General,"7. For accounts opened and funded before 2009, reports with a time period of Since Inception will only include data going back to January 1, 2009. This includes some default reports and both Historical Performance reports."
Notes and Disclosure,Data,General,"8. If you have elected to trade cryptocurrency/digital asset products at Crypto Provider through the Clearing Broker platform, for your convenience your positions in your linked account at Crypto Provider are reflected in PortfolioAnalyst in connection with your Clearing Broker account."
Notes and Disclosure,Data,Section,1. Account Overview: The deposit/withdrawal amount displayed includes internal transfers along with cash and position transfers.
Notes and Disclosure,Data,Section,2. Projected Income: The Estimated Annual Income and Estimated Remaining Income in the Projected Income report assume dividend and bond payments remain constant throughout the year. These positions and interest rates are based on the previous business day.
Notes and Disclosure,Data,Section,"3. Risk Measures: Historical US 3 Month Treasury Bill rates are used as the risk free rates when calculating Alpha, the Sharpe ratio, the Sortino ratio, and the downside deviation."
Notes and Disclosure,Data,Disclosure,"This portfolio report was generated using Clearing Broker's PortfolioAnalyst tool, which allows Clearing Broker clients to generate analyses of their accounts using market data provided by third parties along with trade and account data contained in Clearing Broker's systems. This report is for information purposes only and is provided AS IS. Clearing Broker makes no warranty of any kind, express or implied, as to this report and its contents. The data provided for use in the PortfolioAnalyst tool is believed to be accurate, but completeness and accuracy of the information is not guaranteed, and Clearing Broker has no liability with respect thereto. The data regarding accounts held outside of Clearing Broker is obtained either directly from your input or from the financial institutions holding those accounts through a third-party service provider and Clearing Broker has NOT reviewed its accuracy.

The material in this report is intended only as a reference and should not be relied upon for the maintenance of your books and records for tax, accounting, financial, or regulatory reporting or for any other purposes. This report is not an offer or a solicitation of an offer to buy or sell any security. This material does not, and is not intended to, take into account the particular financial conditions, investment objectives, or requirements of individual customers. Before acting on any material within this report, you should consider whether it is suitable for your particular circumstances and as necessary, seek professional advice."
