Introduction,Header,Name,Account,Alias,BaseCurrency,AccountType,AnalysisPeriod,PerformanceMeasure
Introduction,Data,Joaquin Figari Mohanna,U17723712,,USD,Individual (Broker Client),"April 15, 2025 to January 27, 2026 (Daily)",TWR
Key Statistics,MetaInfo,Analysis Period,"April 15, 2025 - January 27, 2026"
Key Statistics,Header,BeginningNAV,EndingNAV,CumulativeReturn,5DayReturn,5DayReturnDateRange,10DayReturn,10DayReturnDateRange,BestReturn,BestReturnDate,WorstReturn,WorstReturnDate,MTM,Deposits & Withdrawals,Dividends,Interest,Fees & Commissions,Other,ChangeInNAV
Key Statistics,Data,0,3200,0,0,20260121 - 20260127,0,20260114 - 20260127,0,20250415,0,20250415,0,3200,0,0,0,0,3200
Historical Performance,MetaInfo,Analysis Period,"April 15, 2025 - January 27, 2026"
Historical Performance,Header,Account,MTD,QTD,YTD,Since Inception
Historical Performance,Data,U17723712,0,0,0,0
Historical Performance,Header,Month,Account,AccountReturn
Historical Performance,Data,202501,U17723712,-
Historical Performance,Data,202502,U17723712,-
Historical Performance,Data,202503,U17723712,-
Historical Performance,Data,202504,U17723712,-
Historical Performance,Data,202505,U17723712,0
Historical Performance,Data,202506,U17723712,0
Historical Performance,Data,202507,U17723712,0
Historical Performance,Data,202508,U17723712,0
Historical Performance,Data,202509,U17723712,0
Historical Performance,Data,202510,U17723712,0
Historical Performance,Data,202511,U17723712,0
Historical Performance,Data,202512,U17723712,0
Historical Performance,Header,Quarter,Account,AccountReturn
Historical Performance,Data,2025 Q1,U17723712,-
Historical Performance,Data,2025 Q2,U17723712,-
Historical Performance,Data,2025 Q3,U17723712,0
Historical Performance,Data,2025 Q4,U17723712,0
Historical Performance,Header,Year,Account,AccountReturn
Historical Performance,Data,YTD,U17723712,0
Open Position Summary,MetaInfo,As Of,"January 27, 2026"
Open Position Summary,Header,Date,FinancialInstrument,Currency,Symbol,Description,Sector,Quantity,ClosePrice,Value,Cost Basis,UnrealizedP&L,FXRateToBase
Open Position Summary,Data,01/27/2026,Cash,USD,USD,United States Dollar,Cash,3200,1,3200, , ,1
Performance by Symbol,MetaInfo,Analysis Period,"April 15, 2025 - January 27, 2026"
Performance by Symbol,Header,Symbol,Description,FinancialInstrument,Sector,AvgWeight,Return,Contribution,Unrealized_P&L,Realized_P&L,Open
Performance by Symbol,Data,USD,United States Dollar,Cash,Cash,100,0,0,,,Yes
Performance by Symbol,Data,Total Cash,,,,100,0,0,,,
Performance by Symbol,Data,Total,,,,100,0,0,0.00,0.00,
Deposits And Withdrawals,MetaInfo,Analysis Period,"April 15, 2025 - January 27, 2026"
Deposits And Withdrawals,Header,Date,Type,Description,Amount
Deposits And Withdrawals,Data,04/15/25,DEPOSIT,Cash Receipts / Electronic Fund Transfers ,3200
Notes and Disclosure,Header,Type,Note
Notes and Disclosure,Data,General,"1. The Net Asset Value (NAV) consists of all positions by financial instrument (stock, securities options, warrants, bonds, cash, etc.). All non-base currency amounts are converted to the base currency at the close of period rate."
Notes and Disclosure,Data,General,2. The gain or loss from future contracts settle into cash each night. The notional value is used when computing the contribution to return.
Notes and Disclosure,Data,General,"3. Dividend accruals, interest accruals, and insured deposits are included in cash amounts throughout the report."
Notes and Disclosure,Data,General,4. Price valuations are obtained from outside parties. Clearing Broker shall have no responsibility for the accuracy or timeliness of any such price valuation.
Notes and Disclosure,Data,General,5. Data from Thomson Reuters Business Classifications and Lipper Global is used to derive our sector classifications. Funds with assorted sector allocations are classified as Broad.
Notes and Disclosure,Data,General,"6. Amounts are formatted to two decimal places. If amounts are greater than two decimal places, Clearing Broker uses "half-even" rounding. This means that Clearing Broker rounds such amounts up to the nearest even number."
Notes and Disclosure,Data,General,"7. For accounts opened and funded before 2009, reports with a time period of Since Inception will only include data going back to January 1, 2009. This includes some default reports and both Historical Performance reports."
Notes and Disclosure,Data,General,"8. If you have elected to trade cryptocurrency/digital asset products at Crypto Provider through the Clearing Broker platform, for your convenience your positions in your linked account at Crypto Provider are reflected in PortfolioAnalyst in connection with your Clearing Broker account."
Notes and Disclosure,Data,Section,1. Account Overview: The deposit/withdrawal amount displayed includes internal transfers along with cash and position transfers.
Notes and Disclosure,Data,Section,"2. Risk Measures: Historical US 3 Month Treasury Bill rates are used as the risk free rates when calculating Alpha, the Sharpe ratio, the Sortino ratio, and the downside deviation."
Notes and Disclosure,Data,Disclosure,"This portfolio report was generated using Clearing Broker's PortfolioAnalyst tool, which allows Clearing Broker clients to generate analyses of their accounts using market data provided by third parties along with trade and account data contained in Clearing Broker's systems. This report is for information purposes only and is provided AS IS. Clearing Broker makes no warranty of any kind, express or implied, as to this report and its contents. The data provided for use in the PortfolioAnalyst tool is believed to be accurate, but completeness and accuracy of the information is not guaranteed, and Clearing Broker has no liability with respect thereto. The data regarding accounts held outside of Clearing Broker is obtained either directly from your input or from the financial institutions holding those accounts through a third-party service provider and Clearing Broker has NOT reviewed its accuracy.

The material in this report is intended only as a reference and should not be relied upon for the maintenance of your books and records for tax, accounting, financial, or regulatory reporting or for any other purposes. This report is not an offer or a solicitation of an offer to buy or sell any security. This material does not, and is not intended to, take into account the particular financial conditions, investment objectives, or requirements of individual customers. Before acting on any material within this report, you should consider whether it is suitable for your particular circumstances and as necessary, seek professional advice."
