Introduction,Header,Name,Account,Alias,BaseCurrency,AccountType,AnalysisPeriod,PerformanceMeasure
Introduction,Data,JOHON F DIAZ SALAS,U14506882,,USD,Individual (Broker Client),"April 10, 2024 to January 27, 2026 (Daily)",TWR
Key Statistics,MetaInfo,Analysis Period,"April 10, 2024 - January 27, 2026"
Key Statistics,Header,BeginningNAV,EndingNAV,CumulativeReturn,5DayReturn,5DayReturnDateRange,10DayReturn,10DayReturnDateRange,BestReturn,BestReturnDate,WorstReturn,WorstReturnDate,MTM,Deposits & Withdrawals,Dividends,Interest,Fees & Commissions,Other,ChangeInNAV
Key Statistics,Data,0,240881.076659,-7.406084949,0.324654231,20260121 - 20260127,0.2871915,20260114 - 20260127,14.757179512,20250815,-26.956128358,20250729,70751.480999999,180196.036904,5345.16,306.520548,-15210.460442719,-507.661350279,240881.076659
Historical Performance,MetaInfo,Analysis Period,"April 10, 2024 - January 27, 2026"
Historical Performance,Header,Account,MTD,QTD,YTD,1 Year,Since Inception
Historical Performance,Data,U14506882,0.584116894,0.584116894,0.584116894,-3.984640356,-7.406084946
Historical Performance,Header,Month,Account,AccountReturn
Historical Performance,Data,202501,U14506882,2.477870588
Historical Performance,Data,202502,U14506882,1.585250458
Historical Performance,Data,202503,U14506882,-1.319848014
Historical Performance,Data,202504,U14506882,1.714387603
Historical Performance,Data,202505,U14506882,-1.666054455
Historical Performance,Data,202506,U14506882,-0.556083035
Historical Performance,Data,202507,U14506882,-49.524544663
Historical Performance,Data,202508,U14506882,31.577413554
Historical Performance,Data,202509,U14506882,26.192911982
Historical Performance,Data,202510,U14506882,8.570972199
Historical Performance,Data,202511,U14506882,-0.405023691
Historical Performance,Data,202512,U14506882,4.532156884
Historical Performance,Data,202401,U14506882,-
Historical Performance,Data,202402,U14506882,-
Historical Performance,Data,202403,U14506882,-
Historical Performance,Data,202404,U14506882,-
Historical Performance,Data,202405,U14506882,4.658739456
Historical Performance,Data,202406,U14506882,-3.675599591
Historical Performance,Data,202407,U14506882,0.611406242
Historical Performance,Data,202408,U14506882,-2.265768656
Historical Performance,Data,202409,U14506882,0.96907171
Historical Performance,Data,202410,U14506882,-0.217637136
Historical Performance,Data,202411,U14506882,-0.309348349
Historical Performance,Data,202412,U14506882,-0.578357925
Historical Performance,Header,Quarter,Account,AccountReturn
Historical Performance,Data,2025 Q1,U14506882,2.728408022
Historical Performance,Data,2025 Q2,U14506882,-0.536422459
Historical Performance,Data,2025 Q3,U14506882,-16.189862609
Historical Performance,Data,2025 Q4,U14506882,13.031911207
Historical Performance,Data,2024 Q1,U14506882,-
Historical Performance,Data,2024 Q2,U14506882,-
Historical Performance,Data,2024 Q3,U14506882,-0.715309959
Historical Performance,Data,2024 Q4,U14506882,-1.101626185
Historical Performance,Header,Year,Account,AccountReturn
Historical Performance,Data,YTD,U14506882,0.584116894
Historical Performance,Data,2025,U14506882,-3.205148581
Open Position Summary,MetaInfo,As Of,"January 27, 2026"
Open Position Summary,Header,Date,FinancialInstrument,Currency,Symbol,Description,Sector,Quantity,ClosePrice,Value,Cost Basis,UnrealizedP&L,FXRateToBase
Open Position Summary,Data,01/27/2026,Cash,USD,USD,United States Dollar,Cash,240881.076659,1,240881.076659, , ,1
Performance by Symbol,MetaInfo,Analysis Period,"April 10, 2024 - January 27, 2026"
Performance by Symbol,Header,Symbol,Description,FinancialInstrument,Sector,AvgWeight,Return,Contribution,Unrealized_P&L,Realized_P&L,Open
Performance by Symbol,Data,BKLN,INVESCO SENIOR LOAN ETF,ETFs,Broad,5.490044792,0.347453322,0.018765859,0.00,-9.56,No
Performance by Symbol,Data,EWZ,ISHARES MSCI BRAZIL ETF,ETFs,Broad,1.832710154,2.050615797,0.060847413,0.00,122.13,No
Performance by Symbol,Data,GLD,SPDR GOLD SHARES,ETFs,Basic Materials,-2.285096639,-2.220540107,0.066106924,0.00,172.51,No
Performance by Symbol,Data,ICLO,INVESCO AAA CLO F/R NOTE ETF,ETFs,Broad,13.248648208,0.737743425,0.096704025,0.00,-13.68,No
Performance by Symbol,Data,JAAA,JANUS HENDERSON AAA CLO ETF,ETFs,Broad,-2.953832051,0.229543322,0.288504699,0.00,521.34,No
Performance by Symbol,Data,QQQ,INVESCO QQQ TRUST SERIES 1,ETFs,Broad,-2.37402658,-2.416195336,0.061008912,0.00,151.09,No
Performance by Symbol,Data,SHV,ISHARES SHORT TREASURY BOND,ETFs,Government,-0.419514107,0.369839266,0.137056428,0.00,230.42,No
Performance by Symbol,Data,SLV,ISHARES SILVER TRUST,ETFs,Basic Materials,-3.091830084,-1.670646845,0.051829993,0.00,140.12,No
Performance by Symbol,Data,TLT,ISHARES 20+ YEAR TREASURY BD,ETFs,Government,41.179949895,-0.763902259,-0.67844422,0.00,"-1,281.63",No
Performance by Symbol,Data,TLTW,ISHARES 20+ BOND BUYWRITE,ETFs,Broad,10.824755694,0.569909611,0.073348174,0.00,-148.39,No
Performance by Symbol,Data,Total ETFs,,,,17.335866145,-2.737840064,0.172115177,0.00,-115.65,
Performance by Symbol,Data,AAPL  271217C00210000,AAPL 17DEC27 210 C,Options,Technology,3.818772993,2.020792216,0.186667671,0.00,360.17,No
Performance by Symbol,Data,AMZN  271217C00200000,AMZN 17DEC27 200 C,Options,Consumer Cyclicals,1.572032132,5.553950427,0.08709011,0.00,172.92,No
Performance by Symbol,Data,BABA1 260116C00080000,BABA1 16JAN26 80 C,Options,Technology,3.510520926,5.39678525,0.189189404,0.00,254.22,No
Performance by Symbol,Data,BIDU  270115C00100000,BIDU 15JAN27 100 C,Options,Technology,1.88132013,8.057618007,0.14932746,0.00,301.00,No
Performance by Symbol,Data,BMY   260116C00043000,BMY 16JAN26 43 C,Options,Healthcare,1.701308117,5.024937012,0.084831619,0.00,113.96,No
Performance by Symbol,Data,CNC   251121C00050000,CNC 21NOV25 50 C,Options,Healthcare,0.226869504,-100,-1.036926382,0.00,"-2,715.67",No
Performance by Symbol,Data,CNC   260116C00040000,CNC 16JAN26 40 C,Options,Healthcare,0.588788295,41.436715846,0.233404141,0.00,571.52,No
Performance by Symbol,Data,CNC   270115C00025000,CNC 15JAN27 25 C,Options,Healthcare,8.058053237,5.09978048,-0.909848666,0.00,"1,891.48",No
Performance by Symbol,Data,CNC   270115C00040000,CNC 15JAN27 40 C,Options,Healthcare,6.426041584,-8.635229679,-0.48675979,0.00,"3,680.00",No
Performance by Symbol,Data,CNC   280121C00025000,CNC 21JAN28 25 C,Options,Healthcare,4.710507148,15.133307225,0.818966033,0.00,"2,054.89",No
Performance by Symbol,Data,CNC   280121C00045000,CNC 21JAN28 45 C,Options,Healthcare,1.634063439,4.268169178,0.070991845,0.00,165.00,No
Performance by Symbol,Data,CNC   280121C00050000,CNC 21JAN28 50 C,Options,Healthcare,0.38483868,-13.875562967,0.014759022,0.00,39.45,No
Performance by Symbol,Data,CVS   240503C00054000,CVS 03MAY24 54 C,Options,Healthcare,0.16430132,19.956391144,0.032788614,0.00,42.66,No
Performance by Symbol,Data,CVS   240503C00055000,CVS 03MAY24 55 C,Options,Healthcare,0.088206394,-100,-0.126090571,0.00,0.00,No
Performance by Symbol,Data,CVS   260116C00055000,CVS 16JAN26 55 C,Options,Healthcare,0.625418511,6.470890996,0.04047015,0.00,52.66,No
Performance by Symbol,Data,CVS   261218C00050000,CVS 18DEC26 50 C,Options,Healthcare,8.468129999,9.794691005,0.861260729,0.00,"1,139.71",No
Performance by Symbol,Data,CVS   261218C00055000,CVS 18DEC26 55 C,Options,Healthcare,3.590989745,17.014981545,0.609589416,0.00,811.48,No
Performance by Symbol,Data,DIS   260116C00100000,DIS 16JAN26 100 C,Options,Telecomm,4.393649841,-35.828832738,-2.210980991,0.00,0.00,No
Performance by Symbol,Data,GOOG  271217C00150000,GOOG 17DEC27 150 C,Options,Telecomm,5.797566309,5.394051559,0.308448069,0.00,628.71,No
Performance by Symbol,Data,INTC  260618C00020000,INTC 18JUN26 20 C,Options,Technology,1.209496665,-54.861405546,-1.028426533,0.00,193.58,No
Performance by Symbol,Data,INTC  261218C00020000,INTC 18DEC26 20 C,Options,Technology,3.403262226,-49.542424902,-1.5126372,0.00,0.00,No
Performance by Symbol,Data,INTC  271217C00015000,INTC 17DEC27 15 C,Options,Technology,4.683345555,12.620681628,0.579472839,0.00,"1,189.35",No
Performance by Symbol,Data,JD    251205C00030000,JD 05DEC25 30 C,Options,Consumer Cyclicals,0.689712736,20.7932748,0.148479532,0.00,381.41,No
Performance by Symbol,Data,JD    280121C00030000,JD 21JAN28 30 C,Options,Consumer Cyclicals,2.673746002,5.783993409,0.152231994,0.00,383.04,No
Performance by Symbol,Data,JD    280121C00035000,JD 21JAN28 35 C,Options,Consumer Cyclicals,0.866282344,1.618370693,0.014304638,0.00,37.94,No
Performance by Symbol,Data,JD    280121C00040000,JD 21JAN28 40 C,Options,Consumer Cyclicals,-1.121598086,13.737177633,0.26978967,0.00,629.51,No
Performance by Symbol,Data,LULU  250905C00172500,LULU 05SEP25 172.5 C,Options,Consumer Cyclicals,-0.003291405,-100,0.00658281,0.00,17.20,No
Performance by Symbol,Data,LULU  250912C00175000,LULU 12SEP25 175 C,Options,Consumer Cyclicals,-0.0688769,-53.710639675,0.036994224,0.00,98.40,No
Performance by Symbol,Data,LULU  250919C00167500,LULU 19SEP25 167.5 C,Options,Consumer Cyclicals,-0.04700507,142.196385841,-0.026700208,0.00,-85.60,No
Performance by Symbol,Data,LULU  270115C00200000,LULU 15JAN27 200 C,Options,Consumer Cyclicals,1.184316064,0.017831103,0.157586675,0.00,528.05,No
Performance by Symbol,Data,NFLX  280616C00100000,NFLX 16JUN28 100 C,Options,Telecomm,0.71109893,2.523814422,0.017942904,0.00,43.24,No
Performance by Symbol,Data,NKE   240628C00070000,NKE 28JUN24 70 C,Options,Consumer Cyclicals,0.628421394,-40.24984726,-0.252938651,0.00,-335.60,No
Performance by Symbol,Data,NKE   260116C00075000,NKE 16JAN26 75 C,Options,Consumer Cyclicals,4.264044163,32.70944682,1.18433505,0.00,"2,408.83",No
Performance by Symbol,Data,NKE   260116C00080000,NKE 16JAN26 80 C,Options,Consumer Cyclicals,5.820956397,26.732034812,1.319298924,0.00,"2,805.79",No
Performance by Symbol,Data,NKE   260320C00065000,NKE 20MAR26 65 C,Options,Consumer Cyclicals,0.352125682,13.801419458,0.047354554,0.00,126.85,No
Performance by Symbol,Data,NKE   261218C00080000,NKE 18DEC26 80 C,Options,Consumer Cyclicals,2.081565972,8.391562138,0.173160852,0.00,227.78,No
Performance by Symbol,Data,NKE   270115C00060000,NKE 15JAN27 60 C,Options,Consumer Cyclicals,2.68208841,5.235776858,0.148095737,0.00,288.91,No
Performance by Symbol,Data,NKE   270115C00075000,NKE 15JAN27 75 C,Options,Consumer Cyclicals,2.084159191,-44.32226112,0.571107239,0.00,"1,146.41",No
Performance by Symbol,Data,NKE   271217C00090000,NKE 17DEC27 90 C,Options,Consumer Cyclicals,7.620890021,10.866141315,0.858862047,0.00,"1,784.60",No
Performance by Symbol,Data,NKE   271217C00100000,NKE 17DEC27 100 C,Options,Consumer Cyclicals,3.83499174,11.54092914,0.462988475,0.00,927.45,No
Performance by Symbol,Data,NKE   280121C00060000,NKE 21JAN28 60 C,Options,Consumer Cyclicals,2.174817852,12.300685163,0.260294327,0.00,688.11,No
Performance by Symbol,Data,NKE   280121C00070000,NKE 21JAN28 70 C,Options,Consumer Cyclicals,2.934788346,16.95919306,0.489261701,0.00,"1,301.22",No
Performance by Symbol,Data,NVO   271217C00050000,NVO 17DEC27 50 C,Options,Healthcare,3.772461534,3.65725337,0.80547489,0.00,"2,053.47",No
Performance by Symbol,Data,NVO   280121C00060000,NVO 21JAN28 60 C,Options,Healthcare,4.838462986,-2.308099215,0.837598835,0.00,"2,144.37",No
Performance by Symbol,Data,ONON  280121C00045000,ONON 21JAN28 45 C,Options,Consumer Cyclicals,0.327493948,41.163741366,0.141613537,0.00,363.69,No
Performance by Symbol,Data,QQQ   250617P00520000,QQQ 17JUN25 520 P,Options,Broad,0.102034469,-100,-0.221495554,0.00,-452.92,No
Performance by Symbol,Data,QQQ   250919P00550000,QQQ 19SEP25 550 P,Options,Broad,0.873552242,-100,-2.626125088,0.00,"-5,127.02",No
Performance by Symbol,Data,QQQ   250919P00560000,QQQ 19SEP25 560 P,Options,Broad,1.764075354,15.141769507,0.246397549,0.00,492.68,No
Performance by Symbol,Data,QQQ   251022P00605000,QQQ 22OCT25 605 P,Options,Broad,0.131521864,232.526810061,0.385161647,0.00,"1,007.49",No
Performance by Symbol,Data,SLV   260116P00065000,SLV 16JAN26 65 P,Options,Basic Materials,0.971171225,43.048987905,0.423317171,0.00,"1,135.69",No
Performance by Symbol,Data,SLV   260320P00060000,SLV 20MAR26 60 P,Options,Basic Materials,0.339244172,4.752509825,0.046431761,0.00,124.70,No
Performance by Symbol,Data,TGT   270115C00080000,TGT 15JAN27 80 C,Options,Consumer Cyclicals,2.718914272,9.569461268,0.369077911,0.00,714.87,No
Performance by Symbol,Data,TLT   260515C00080000,TLT 15MAY26 80 C,Options,Government,3.97035726,3.717264455,0.166804667,0.00,303.84,No
Performance by Symbol,Data,TSLA  250606C00290000,TSLA 06JUN25 290 C,Options,Consumer Cyclicals,0.211682483,49.033789289,0.103795943,0.00,202.73,No
Performance by Symbol,Data,TSLA  250606C00315000,TSLA 06JUN25 315 C,Options,Consumer Cyclicals,0.043216394,-100,-0.108383158,0.00,-210.81,No
Performance by Symbol,Data,UNH   250523C00330000,UNH 23MAY25 330 C,Options,Healthcare,0.113231322,-100,-0.226511975,0.00,-478.81,No
Performance by Symbol,Data,UNH   250606P00300000,UNH 06JUN25 300 P,Options,Healthcare,0.298638066,48.771828193,0.145651245,0.00,291.47,No
Performance by Symbol,Data,UNH   250613P00307500,UNH 13JUN25 307.5 P,Options,Healthcare,0.062282305,-100,-0.134811335,0.00,-271.81,No
Performance by Symbol,Data,UNH   250703P00320000,UNH 03JUL25 320 P,Options,Healthcare,0.056523373,163.056923648,0.096529351,0.00,208.39,No
Performance by Symbol,Data,UNH   250718C00295000,UNH 18JUL25 295 C,Options,Healthcare,1.061875461,-100,-1.612411215,0.00,"-2,706.54",No
Performance by Symbol,Data,UNH   260116C00500000,UNH 16JAN26 500 C,Options,Healthcare,0.97067547,-80.277340617,-1.234381279,0.00,"-3,239.74",No
Performance by Symbol,Data,UNH   270115C00350000,UNH 15JAN27 350 C,Options,Healthcare,5.399910129,9.725692308,0.643333453,0.00,"1,071.23",No
Performance by Symbol,Data,UNH   270115C00450000,UNH 15JAN27 450 C,Options,Healthcare,5.029138781,3.633450054,0.182731246,0.00,371.13,No
Performance by Symbol,Data,UNH   270115C00600000,UNH 15JAN27 600 C,Options,Healthcare,7.92234926,-44.953166281,-3.526778848,0.00,"2,350.07",No
Performance by Symbol,Data,UNH   270617C00250000,UNH 17JUN27 250 C,Options,Healthcare,18.382124756,15.08611464,2.520025105,0.00,"4,565.05",No
Performance by Symbol,Data,UNH   270617C00300000,UNH 17JUN27 300 C,Options,Healthcare,2.811694253,10.992399008,0.309072651,0.00,573.08,No
Performance by Symbol,Data,UNH   270617C00350000,UNH 17JUN27 350 C,Options,Healthcare,5.725451615,15.451427208,0.937264197,0.00,"1,627.22",No
Performance by Symbol,Data,UNH   270617C00400000,UNH 17JUN27 400 C,Options,Healthcare,4.272390801,16.726727282,0.796655746,0.00,"1,358.77",No
Performance by Symbol,Data,UNH   270617C00450000,UNH 17JUN27 450 C,Options,Healthcare,17.099781342,-36.148188373,-6.412482188,0.00,-980.81,No
Performance by Symbol,Data,UNH   270617C00500000,UNH 17JUN27 500 C,Options,Healthcare,17.229443004,-18.893646867,-4.543998889,0.00,"5,632.57",No
Performance by Symbol,Data,UNH   270617C00510000,UNH 17JUN27 510 C,Options,Healthcare,6.170303735,7.599555587,0.519589628,0.00,863.92,No
Performance by Symbol,Data,UNH   271217C00250000,UNH 17DEC27 250 C,Options,Healthcare,5.836546356,8.698956924,0.530098525,0.00,991.19,No
Performance by Symbol,Data,UNH   271217C00280000,UNH 17DEC27 280 C,Options,Healthcare,10.027450472,-6.776593872,0.075868473,0.00,"2,467.04",No
Performance by Symbol,Data,UNH   271217C00350000,UNH 17DEC27 350 C,Options,Healthcare,6.162500237,6.676600551,0.429652882,0.00,642.69,No
Performance by Symbol,Data,UNH   271217C00400000,UNH 17DEC27 400 C,Options,Healthcare,4.278221353,34.806443472,1.002550238,0.00,"1,798.96",No
Performance by Symbol,Data,UNH   271217C00450000,UNH 17DEC27 450 C,Options,Healthcare,1.775109583,15.079062096,0.263716078,0.00,642.90,No
Performance by Symbol,Data,UNH   271217C00460000,UNH 17DEC27 460 C,Options,Healthcare,11.051533851,20.562729885,2.249622558,0.00,"6,152.99",No
Performance by Symbol,Data,UNH   280121C00400000,UNH 21JAN28 400 C,Options,Healthcare,1.892029725,8.84228187,0.163975772,0.00,422.97,No
Performance by Symbol,Data,UNH   280121C00500000,UNH 21JAN28 500 C,Options,Healthcare,7.603520526,5.000917089,0.378190111,0.00,951.69,No
Performance by Symbol,Data,UPS   270115C00100000,UPS 15JAN27 100 C,Options,Industrials,2.736359028,21.410210701,0.615959642,0.00,"1,266.96",No
Performance by Symbol,Data,UPS   280121C00100000,UPS 21JAN28 100 C,Options,Industrials,3.648054744,43.773195532,1.051298138,0.00,"2,740.98",No
Performance by Symbol,Data,XYZ   270115C00070000,XYZ 15JAN27 70 C,Options,Industrials,1.564162624,8.009079211,0.125275024,0.00,257.72,No
Performance by Symbol,Data,XYZ   280121C00070000,XYZ 21JAN28 70 C,Options,Industrials,0.989288672,3.228396589,0.031756482,0.00,82.76,No
Performance by Symbol,Data,XYZ   280121C00080000,XYZ 21JAN28 80 C,Options,Industrials,0.995899959,0.710203099,0.07854381,0.00,191.76,No
Performance by Symbol,Data,Total Options,,,,26.601456795,-100,-10.957818161,0.00,"56,949.23",
Performance by Symbol,Data,AAPL,APPLE INC,Stocks,Technology,6.291599972,13.571391215,0.798151602,0.00,"1,479.96",No
Performance by Symbol,Data,ABEV,AMBEV SA-ADR,Stocks,Consumer Non-Cyc,8.553511573,2.855494385,0.490648909,0.00,680.47,No
Performance by Symbol,Data,ALB,ALBEMARLE CORP,Stocks,Basic Materials,2.810670943,26.978057368,0.634937013,0.00,"1,054.69",No
Performance by Symbol,Data,AMD,ADVANCED MICRO DEVICES,Stocks,Technology,3.898903836,5.346033843,0.205271758,0.00,387.94,No
Performance by Symbol,Data,AML,ASTON MARTIN LAGONDA GLOBAL,Stocks,Consumer Cyclicals,9.571880978,14.01381088,1.296535646,0.00,715.87,No
Performance by Symbol,Data,AMZN,AMAZON.COM INC,Stocks,Consumer Cyclicals,5.559112052,17.054598817,0.80786788,0.00,"1,561.39",No
Performance by Symbol,Data,AUNA,AUNA SA-CLASS A,Stocks,Healthcare,2.728447816,2.867376358,0.234479115,0.00,435.50,No
Performance by Symbol,Data,BA,BOEING CO/THE,Stocks,Industrials,2.170175228,3.472061699,0.255304811,0.00,369.20,No
Performance by Symbol,Data,BABA,ALIBABA GROUP HOLDING-SP ADR,Stocks,Technology,9.312923821,6.400167217,0.344555321,0.00,532.72,No
Performance by Symbol,Data,BAK,BRASKEM SA-CLASS A- ADR,Stocks,Basic Materials,0.727515061,8.159669811,0.053764957,0.00,102.97,No
Performance by Symbol,Data,BBD,BANCO BRADESCO-ADR,Stocks,Financials,1.361795418,-24.141761945,0.256135803,0.00,149.41,No
Performance by Symbol,Data,BEKE,KE HOLDINGS INC-ADR,Stocks,Real Estate,5.123598894,9.970222252,0.501653291,0.00,656.04,No
Performance by Symbol,Data,BIDU,BAIDU INC - SPON ADR,Stocks,Technology,3.74745716,17.969984898,0.59909027,0.00,"1,153.54",No
Performance by Symbol,Data,BMW,BAYERISCHE MOTOREN WERKE AG,Stocks,Consumer Cyclicals,2.106843384,3.851847898,0.080471491,0.00,183.66,No
Performance by Symbol,Data,BMY,BRISTOL-MYERS SQUIBB CO,Stocks,Healthcare,4.97064552,-4.368615815,0.159266888,0.00,223.24,No
Performance by Symbol,Data,CNC,CENTENE CORP,Stocks,Healthcare,-6.679327954,-14.901135976,1.044258666,0.00,"1,591.22",No
Performance by Symbol,Data,CPRI,CAPRI HOLDINGS LTD,Stocks,Consumer Cyclicals,1.581606741,6.445820121,0.075553628,0.00,134.67,No
Performance by Symbol,Data,CRI,CARTER'S INC,Stocks,Consumer Cyclicals,2.037705854,0.681915252,0.014271836,0.00,28.05,No
Performance by Symbol,Data,CVS,CVS HEALTH CORP,Stocks,Healthcare,7.07191916,-2.826515411,-0.402996633,0.00,-650.65,No
Performance by Symbol,Data,DIS,WALT DISNEY CO/THE,Stocks,Telecomm,4.101003527,-6.329951753,-0.337242533,0.00,-450.26,No
Performance by Symbol,Data,EL,ESTEE LAUDER COMPANIES-CL A,Stocks,Consumer Non-Cyc,4.943951097,-36.914717631,-1.813935134,0.00,"-3,687.70",No
Performance by Symbol,Data,ENIC,ENEL CHILE SA-ADR,Stocks,Utilities,46.722015815,-4.573779795,-2.886612936,0.00,"82,777.70",No
Performance by Symbol,Data,FISV,FISERV INC,Stocks,Industrials,1.104250005,3.149621134,0.034779692,0.00,91.26,No
Performance by Symbol,Data,GOLD.OLD,BARRICK MINING CORP,Stocks,Basic Materials,8.496314113,-0.767606589,-0.064900703,0.00,-82.95,No
Performance by Symbol,Data,GOOG,ALPHABET INC-CL C,Stocks,Telecomm,4.771714497,7.904381635,0.508301256,0.00,991.28,No
Performance by Symbol,Data,HUM,HUMANA INC,Stocks,Healthcare,1.242295624,5.005724213,0.061407155,0.00,118.67,No
Performance by Symbol,Data,ILMN,ILLUMINA INC,Stocks,Healthcare,2.416079128,-20.25312987,-0.579072386,0.00,"-1,187.21",No
Performance by Symbol,Data,INTC,INTEL CORP,Stocks,Technology,5.234592722,-3.996701233,-0.39189536,0.00,"-1,081.07",No
Performance by Symbol,Data,JD,JD.COM INC-ADR,Stocks,Consumer Cyclicals,4.247053585,-3.492321484,-0.016912421,0.00,-77.92,No
Performance by Symbol,Data,LRCX,LAM RESEARCH CORP,Stocks,Technology,2.611145093,4.030996813,0.102339065,0.00,200.06,No
Performance by Symbol,Data,LULU,LULULEMON ATHLETICA INC,Stocks,Consumer Cyclicals,5.519313181,9.05692525,0.053944126,0.00,259.80,No
Performance by Symbol,Data,MDLZ,MONDELEZ INTERNATIONAL INC-A,Stocks,Consumer Non-Cyc,2.070335049,0.374969079,0.007608267,0.00,20.50,No
Performance by Symbol,Data,MSFT,MICROSOFT CORP,Stocks,Technology,5.597298895,11.260435194,0.633918901,0.00,"1,236.24",No
Performance by Symbol,Data,NEM,NEWMONT CORP,Stocks,Basic Materials,15.521982077,-1.702835726,-0.263479592,0.00,-337.76,No
Performance by Symbol,Data,NIO,NIO INC - ADR,Stocks,Consumer Cyclicals,1.63799932,0.780446444,0.004590031,0.00,18.38,No
Performance by Symbol,Data,NKE,NIKE INC -CL B,Stocks,Consumer Cyclicals,10.095464262,-9.656881831,0.396012721,0.00,870.85,No
Performance by Symbol,Data,NVDA,NVIDIA CORP,Stocks,Technology,3.624273208,-0.410608926,0.090181782,0.00,184.01,No
Performance by Symbol,Data,NVO,NOVO-NORDISK A/S-SPONS ADR,Stocks,Healthcare,2.962285977,17.722774221,0.494196442,0.00,"1,266.00",No
Performance by Symbol,Data,OBDC,BLUE OWL CAPITAL CORP,Stocks,Financials,7.670010037,1.256885075,0.095905272,0.00,187.34,No
Performance by Symbol,Data,ON,ON SEMICONDUCTOR,Stocks,Technology,2.243674347,-10.703791145,0.024198252,0.00,-35.38,No
Performance by Symbol,Data,PAH3,PORSCHE AUTOMOBIL HLDG-PRF,Stocks,Consumer Cyclicals,2.286950427,3.681311639,0.083200695,0.00,251.05,No
Performance by Symbol,Data,PG,PROCTER & GAMBLE CO/THE,Stocks,Consumer Non-Cyc,3.82272327,0.478704532,0.017921921,0.00,46.96,No
Performance by Symbol,Data,PYPL,PAYPAL HOLDINGS INC,Stocks,Financials,2.419318022,1.730910956,0.041631257,0.00,106.69,No
Performance by Symbol,Data,SAVEQ,SPIRIT AIRLINES INC,Stocks,Industrials,0.296557498,15.638120671,0.046376019,0.00,88.22,No
Performance by Symbol,Data,SBUX,STARBUCKS CORP,Stocks,Consumer Cyclicals,3.625615293,8.318387942,0.273393864,0.00,440.98,No
Performance by Symbol,Data,SQM,QUIMICA Y MINERA CHIL-SP ADR,Stocks,Basic Materials,5.618006076,-7.502155324,-0.273116143,0.00,-49.97,No
Performance by Symbol,Data,STLA,STELLANTIS NV,Stocks,Consumer Cyclicals,1.819083989,10.103444389,0.187854323,0.00,301.73,No
Performance by Symbol,Data,TGT,TARGET CORP,Stocks,Consumer Cyclicals,3.382638149,1.435256344,0.050063319,0.00,127.64,No
Performance by Symbol,Data,TROW,T ROWE PRICE GROUP INC,Stocks,Financials,4.331312381,-0.016682651,0.015470348,0.00,-1.45,No
Performance by Symbol,Data,TSLA,TESLA INC,Stocks,Consumer Cyclicals,2.601708846,9.001553018,0.224401447,0.00,429.79,No
Performance by Symbol,Data,UNH,UNITEDHEALTH GROUP INC,Stocks,Healthcare,4.869465538,-16.266483228,-1.203340627,0.00,"-2,512.12",No
Performance by Symbol,Data,UPS,UNITED PARCEL SERVICE-CL B,Stocks,Industrials,4.21121284,2.757154456,0.162955264,0.00,325.57,No
Performance by Symbol,Data,VOW,VOLKSWAGEN AG,Stocks,Consumer Cyclicals,3.049552948,6.058522397,0.25494291,0.00,565.78,No
Performance by Symbol,Data,WDC,WESTERN DIGITAL CORP,Stocks,Technology,2.667087093,-21.216104295,0.013843876,0.00,-65.12,No
Performance by Symbol,Data,XP,XP INC - CLASS A,Stocks,Financials,4.220720595,-23.85070805,0.228841649,0.00,127.03,No
Performance by Symbol,Data,XYZ,BLOCK INC,Stocks,Industrials,5.672452674,6.295112811,0.48496133,0.00,758.76,No
Performance by Symbol,Data,Total Stocks,,,,36.848284557,6.738763428,3.510130471,0.00,"93,013.26",
Performance by Symbol,Data,EUR,Euro,Cash,Cash,3.800999186,-100,0.01917223,,,No
Performance by Symbol,Data,GBP,Great British Pound,Cash,Cash,7.665569843,-100,0.431977599,,,No
Performance by Symbol,Data,USD,United States Dollar,Cash,Cash,38.243407443,2.426516286,0.306795942,,,Yes
Performance by Symbol,Data,Total Cash,,,,45.016185964,0.348959006,0.757522706,,,
Performance by Symbol,Data,Total,,,,100,-7.406084949,-7.406084949,0.00,"149,846.83",
Projected Income,MetaInfo,As Of,"January 27, 2026"
Projected Income,Header,Financial Instrument,Symbol,Description,Frequency,Quantity,Price,Value,Current Yield %,Principal,Estimated Annual Income,Estimated 2026 Remaining Income
Projected Income,Data,Stocks,JD,Ordinary Dividend,1,-,-,0,N/A,-,-12,-12
Projected Income,Data,,Total Stocks,,,,,0,N/A,,-12,-12
Projected Income,Data,Cash,USD,Credit Interest,12,223073.08,1,223073.08,0,-,0,0
Projected Income,Data,,Total Cash,,,,,223073.08,0,,0,0
Projected Income,Data,,Total,,,,,223073.08,-0.005379403,,-12,-12
Trade Summary,MetaInfo,Analysis Period,"April 10, 2024 - January 27, 2026"
Trade Summary,Header,Financial Instrument,Currency,Symbol,Description,Sector,Quantity Bought,Average Price Bought,Proceeds Bought,Proceeds Bought in Base,Quantity Sold,Average Price Sold,Proceeds Sold,Proceeds Sold in Base
Trade Summary,Data,ETFs,United States Dollar,BKLN,INVESCO SENIOR LOAN ETF,Broad,500,21.03,-10515,-10515,-500,21.115,10557.5,10557.5
Trade Summary,Data,ETFs,United States Dollar,EWZ,ISHARES MSCI BRAZIL ETF,Broad,300,24.4879,-7346.37,-7346.37,-300,25.123333333,7537,7537
Trade Summary,Data,ETFs,United States Dollar,GLD,SPDR GOLD SHARES,Basic Materials,20,384.365,-7687.3,-7687.3,-20,395.1125,7902.25,7902.25
Trade Summary,Data,ETFs,United States Dollar,ICLO,INVESCO AAA CLO F/R NOTE ETF,Broad,1000,25.6376,-25637.6,-25637.6,-1000,25.705,25705,25705
Trade Summary,Data,ETFs,United States Dollar,JAAA,JANUS HENDERSON AAA CLO ETF,Broad,5300,50.844087925,-269473.666,-269473.666,-5300,51.015188679,270380.5,270380.5
Trade Summary,Data,ETFs,United States Dollar,QQQ,INVESCO QQQ TRUST SERIES 1,Broad,10,609.13,-6091.3,-6091.3,-10,626.365,6263.65,6263.65
Trade Summary,Data,ETFs,United States Dollar,SHV,ISHARES SHORT TREASURY BOND,Government,3000,110.369744,-331109.232,-331109.232,-3050,110.497054098,337016.015,337016.015
Trade Summary,Data,ETFs,United States Dollar,SLV,ISHARES SILVER TRUST,Basic Materials,100,82.34,-8234,-8234,-100,84,8400,8400
Trade Summary,Data,ETFs,United States Dollar,TLT,ISHARES 20+ YEAR TREASURY BD,Government,2800,89.392857143,-250300,-250300,-2800,89.029071429,249281.4,249281.4
Trade Summary,Data,ETFs,United States Dollar,TLTW,ISHARES 20+ BOND BUYWRITE,Broad,1000,22.79,-22790,-22790,-1000,22.73567,22735.67,22735.67
Trade Summary,Data,Forex,United States Dollar,EUR.USD,EUR.USD,Cash,0,0,0,0,-21847.543184,1.096028854,23945.537716767,23945.537716767
Trade Summary,Data,Forex,United States Dollar,GBP.USD,GBP.USD,Cash,0,0,0,0,-15791.343,1.334151802,21068.0487167,21068.0487167
Trade Summary,Data,Options,United States Dollar,AAPL  271217C00210000,AAPL 17DEC27 210 C,Technology,2,40,-8000,-8000,-2,42.01,8402,8402
Trade Summary,Data,Options,United States Dollar,AMZN  271217C00200000,AMZN 17DEC27 200 C,Consumer Cyclicals,1,31,-3100,-3100,-1,33,3300,3300
Trade Summary,Data,Options,United States Dollar,BABA1 260116C00080000,BABA1 16JAN26 80 C,Technology,3,15.65,-4695,-4695,-3,16.6,4980,4980
Trade Summary,Data,Options,United States Dollar,BIDU  270115C00100000,BIDU 15JAN27 100 C,Technology,3,12.4,-3720,-3720,-3,13.51,4053,4053
Trade Summary,Data,Options,United States Dollar,BMY   260116C00043000,BMY 16JAN26 43 C,Healthcare,5,4.5,-2250,-2250,-5,4.8,2400,2400
Trade Summary,Data,Options,United States Dollar,CNC   251121C00050000,CNC 21NOV25 50 C,Healthcare,80,0.32375,-2590,-2590,-80,0,0,0
Trade Summary,Data,Options,United States Dollar,CNC   260116C00040000,CNC 16JAN26 40 C,Healthcare,5,2.72,-1360,-1360,-5,3.94,1970,1970
Trade Summary,Data,Options,United States Dollar,CNC   270115C00025000,CNC 15JAN27 25 C,Healthcare,20,12.0075,-24015,-24015,-20,13,26000,26000
Trade Summary,Data,Options,United States Dollar,CNC   270115C00040000,CNC 15JAN27 40 C,Healthcare,40,5.1,-20400,-20400,-40,6.05,24200,24200
Trade Summary,Data,Options,United States Dollar,CNC   280121C00025000,CNC 21JAN28 25 C,Healthcare,10,13.545,-13545,-13545,-10,15.66,15660,15660
Trade Summary,Data,Options,United States Dollar,CNC   280121C00045000,CNC 21JAN28 45 C,Healthcare,5,7.7,-3850,-3850,-5,8.1,4050,4050
Trade Summary,Data,Options,United States Dollar,CNC   280121C00050000,CNC 21JAN28 50 C,Healthcare,3,6.533333333,-1960,-1960,-3,6.8,2040,2040
Trade Summary,Data,Options,United States Dollar,CVS   240503C00054000,CVS 03MAY24 54 C,Healthcare,1,2,-200,-200,-1,2.7,270,270
Trade Summary,Data,Options,United States Dollar,CVS   240503C00055000,CVS 03MAY24 55 C,Healthcare,1,1.5,-150,-150,-1,0,0,0
Trade Summary,Data,Options,United States Dollar,CVS   260116C00055000,CVS 16JAN26 55 C,Healthcare,1,8,-800,-800,-1,8.8,880,880
Trade Summary,Data,Options,United States Dollar,CVS   261218C00050000,CVS 18DEC26 50 C,Healthcare,10,11.6,-11600,-11600,-10,12.8,12800,12800
Trade Summary,Data,Options,United States Dollar,CVS   261218C00055000,CVS 18DEC26 55 C,Healthcare,5,9.5,-4750,-4750,-5,11.2,5600,5600
Trade Summary,Data,Options,United States Dollar,DIS   260116C00100000,DIS 16JAN26 100 C,Telecomm,8,12.5675,-10054,-10054,0,0,0,0
Trade Summary,Data,Options,United States Dollar,GOOG  271217C00150000,GOOG 17DEC27 150 C,Telecomm,3,38.8,-11640,-11640,-3,41,12300,12300
Trade Summary,Data,Options,United States Dollar,INTC  260618C00020000,INTC 18JUN26 20 C,Technology,6,12.525,-7515,-7515,-3,13.4,4020,4020
Trade Summary,Data,Options,United States Dollar,INTC  261218C00020000,INTC 18DEC26 20 C,Technology,10,8.948,-8948,-8948,0,0,0,0
Trade Summary,Data,Options,United States Dollar,INTC  271217C00015000,INTC 17DEC27 15 C,Technology,10,9.4,-9400,-9400,-10,10.64,10640,10640
Trade Summary,Data,Options,United States Dollar,JD    251205C00030000,JD 05DEC25 30 C,Consumer Cyclicals,50,0.35,-1750,-1750,-50,0.46,2300,2300
Trade Summary,Data,Options,United States Dollar,JD    280121C00030000,JD 21JAN28 30 C,Consumer Cyclicals,20,6.521,-13042,-13042,-20,6.76,13520,13520
Trade Summary,Data,Options,United States Dollar,JD    280121C00035000,JD 21JAN28 35 C,Consumer Cyclicals,5,4.65,-2325,-2325,-5,4.8,2400,2400
Trade Summary,Data,Options,United States Dollar,JD    280121C00040000,JD 21JAN28 40 C,Consumer Cyclicals,20,5.76,-11520,-11520,-20,6.123,12246,12246
Trade Summary,Data,Options,United States Dollar,LULU  250905C00172500,LULU 05SEP25 172.5 C,Consumer Cyclicals,1,0,0,0,-1,0.31,31,31
Trade Summary,Data,Options,United States Dollar,LULU  250912C00175000,LULU 12SEP25 175 C,Consumer Cyclicals,1,0.71,-71,-71,-1,1.97,197,197
Trade Summary,Data,Options,United States Dollar,LULU  250919C00167500,LULU 19SEP25 167.5 C,Consumer Cyclicals,1,1.32,-132,-132,-1,0.74,74,74
Trade Summary,Data,Options,United States Dollar,LULU  270115C00200000,LULU 15JAN27 200 C,Consumer Cyclicals,2,26.54,-5308,-5308,-2,29.455,5891,5891
Trade Summary,Data,Options,United States Dollar,NFLX  280616C00100000,NFLX 16JUN28 100 C,Telecomm,1,17,-1700,-1700,-1,17.7,1770,1770
Trade Summary,Data,Options,United States Dollar,NKE   240628C00070000,NKE 28JUN24 70 C,Consumer Cyclicals,1,8.2,-820,-820,-1,5.12,512,512
Trade Summary,Data,Options,United States Dollar,NKE   260116C00075000,NKE 16JAN26 75 C,Consumer Cyclicals,13,11.729230769,-15248,-15248,-13,13.675384615,17778,17778
Trade Summary,Data,Options,United States Dollar,NKE   260116C00080000,NKE 16JAN26 80 C,Consumer Cyclicals,20,9.783,-19566,-19566,-20,11.25,22500,22500
Trade Summary,Data,Options,United States Dollar,NKE   260320C00065000,NKE 20MAR26 65 C,Consumer Cyclicals,5,1.8,-900,-900,-5,2.13,1065,1065
Trade Summary,Data,Options,United States Dollar,NKE   261218C00080000,NKE 18DEC26 80 C,Consumer Cyclicals,2,13.5,-2700,-2700,-2,14.85,2970,2970
Trade Summary,Data,Options,United States Dollar,NKE   270115C00060000,NKE 15JAN27 60 C,Consumer Cyclicals,5,11,-5500,-5500,-5,11.65,5825,5825
Trade Summary,Data,Options,United States Dollar,NKE   270115C00075000,NKE 15JAN27 75 C,Consumer Cyclicals,20,6.65,-13300,-13300,-20,7.28,14560,14560
Trade Summary,Data,Options,United States Dollar,NKE   271217C00090000,NKE 17DEC27 90 C,Consumer Cyclicals,25,6.55,-16375,-16375,-25,7.3,18250,18250
Trade Summary,Data,Options,United States Dollar,NKE   271217C00100000,NKE 17DEC27 100 C,Consumer Cyclicals,20,4,-8000,-8000,-20,4.5,9000,9000
Trade Summary,Data,Options,United States Dollar,NKE   280121C00060000,NKE 21JAN28 60 C,Consumer Cyclicals,5,11.15,-5575,-5575,-5,12.6,6300,6300
Trade Summary,Data,Options,United States Dollar,NKE   280121C00070000,NKE 21JAN28 70 C,Consumer Cyclicals,10,7.65,-7650,-7650,-10,9,9000,9000
Trade Summary,Data,Options,United States Dollar,NVO   271217C00050000,NVO 17DEC27 50 C,Healthcare,12,12.929166667,-15515,-15515,-12,14.71,17652,17652
Trade Summary,Data,Options,United States Dollar,NVO   280121C00060000,NVO 21JAN28 60 C,Healthcare,20,10.3875,-20775,-20775,-20,11.51,23020,23020
Trade Summary,Data,Options,United States Dollar,ONON  280121C00045000,ONON 21JAN28 45 C,Consumer Cyclicals,1,8.7,-870,-870,-1,12.61,1261,1261
Trade Summary,Data,Options,United States Dollar,QQQ   250617P00520000,QQQ 17JUN25 520 P,Broad,2,2.19,-438,-438,-2,0,0,0
Trade Summary,Data,Options,United States Dollar,QQQ   250919P00550000,QQQ 19SEP25 550 P,Broad,2,25.5,-5100,-5100,-2,0,0,0
Trade Summary,Data,Options,United States Dollar,QQQ   250919P00560000,QQQ 19SEP25 560 P,Broad,1,32.4,-3240,-3240,-1,37.6,3760,3760
Trade Summary,Data,Options,United States Dollar,QQQ   251022P00605000,QQQ 22OCT25 605 P,Broad,5,0.83,-415,-415,-5,2.92,1460,1460
Trade Summary,Data,Options,United States Dollar,SLV   260116P00065000,SLV 16JAN26 65 P,Basic Materials,10,2.6,-2600,-2600,-10,3.8,3800,3800
Trade Summary,Data,Options,United States Dollar,SLV   260320P00060000,SLV 20MAR26 60 P,Basic Materials,4,3.6075,-1443,-1443,-4,4.1,1640,1640
Trade Summary,Data,Options,United States Dollar,TGT   270115C00080000,TGT 15JAN27 80 C,Consumer Cyclicals,4,24,-9600,-9600,-4,25.995,10398,10398
Trade Summary,Data,Options,United States Dollar,TLT   260515C00080000,TLT 15MAY26 80 C,Government,10,8.15,-8150,-8150,-10,8.5,8500,8500
Trade Summary,Data,Options,United States Dollar,TSLA  250606C00290000,TSLA 06JUN25 290 C,Consumer Cyclicals,1,4,-400,-400,-1,6.3,630,630
Trade Summary,Data,Options,United States Dollar,TSLA  250606C00315000,TSLA 06JUN25 315 C,Consumer Cyclicals,1,1.97,-197,-197,-1,0,0,0
Trade Summary,Data,Options,United States Dollar,UNH   250523C00330000,UNH 23MAY25 330 C,Healthcare,1,4.65,-465,-465,-1,0,0,0
Trade Summary,Data,Options,United States Dollar,UNH   250606P00300000,UNH 06JUN25 300 P,Healthcare,2,2.85,-570,-570,-2,4.52,904,904
Trade Summary,Data,Options,United States Dollar,UNH   250613P00307500,UNH 13JUN25 307.5 P,Healthcare,1,2.58,-258,-258,-1,0,0,0
Trade Summary,Data,Options,United States Dollar,UNH   250703P00320000,UNH 03JUL25 320 P,Healthcare,1,1.14,-114,-114,-1,3.5,350,350
Trade Summary,Data,Options,United States Dollar,UNH   250718C00295000,UNH 18JUL25 295 C,Healthcare,10,2.68,-2680,-2680,-10,0,0,0
Trade Summary,Data,Options,United States Dollar,UNH   260116C00500000,UNH 16JAN26 500 C,Healthcare,20,2.145,-4290,-4290,-20,0.57,1140,1140
Trade Summary,Data,Options,United States Dollar,UNH   270115C00350000,UNH 15JAN27 350 C,Healthcare,2,55,-11000,-11000,-2,60.5,12100,12100
Trade Summary,Data,Options,United States Dollar,UNH   270115C00450000,UNH 15JAN27 450 C,Healthcare,2,51,-10200,-10200,-2,53,10600,10600
Trade Summary,Data,Options,United States Dollar,UNH   270115C00600000,UNH 15JAN27 600 C,Healthcare,32,10.715625,-34290,-34290,-32,11.5,36800,36800
Trade Summary,Data,Options,United States Dollar,UNH   270617C00250000,UNH 17JUN27 250 C,Healthcare,8,108.6875,-86950,-86950,-8,114.5875,91670,91670
Trade Summary,Data,Options,United States Dollar,UNH   270617C00300000,UNH 17JUN27 300 C,Healthcare,1,52,-5200,-5200,-1,58,5800,5800
Trade Summary,Data,Options,United States Dollar,UNH   270617C00350000,UNH 17JUN27 350 C,Healthcare,2,63,-12600,-12600,-2,71.345,14269,14269
Trade Summary,Data,Options,United States Dollar,UNH   270617C00400000,UNH 17JUN27 400 C,Healthcare,2,47.5,-9500,-9500,-2,54.5,10900,10900
Trade Summary,Data,Options,United States Dollar,UNH   270617C00450000,UNH 17JUN27 450 C,Healthcare,25,26.4132,-66033,-66033,-25,26.1,65250,65250
Trade Summary,Data,Options,United States Dollar,UNH   270617C00500000,UNH 17JUN27 500 C,Healthcare,24,25.916666667,-62200,-62200,-24,28.323333333,67976,67976
Trade Summary,Data,Options,United States Dollar,UNH   270617C00510000,UNH 17JUN27 510 C,Healthcare,5,22.7,-11350,-11350,-5,24.5,12250,12250
Trade Summary,Data,Options,United States Dollar,UNH   271217C00250000,UNH 17DEC27 250 C,Healthcare,2,56.9,-11380,-11380,-2,62,12400,12400
Trade Summary,Data,Options,United States Dollar,UNH   271217C00280000,UNH 17DEC27 280 C,Healthcare,4,59.475,-23790,-23790,-4,65.85,26340,26340
Trade Summary,Data,Options,United States Dollar,UNH   271217C00350000,UNH 17DEC27 350 C,Healthcare,4,49,-19600,-19600,-4,50.75,20300,20300
Trade Summary,Data,Options,United States Dollar,UNH   271217C00400000,UNH 17DEC27 400 C,Healthcare,8,38.075,-30460,-30460,-8,40.5,32400,32400
Trade Summary,Data,Options,United States Dollar,UNH   271217C00450000,UNH 17DEC27 450 C,Healthcare,1,42.5,-4250,-4250,-1,49.2,4920,4920
Trade Summary,Data,Options,United States Dollar,UNH   271217C00460000,UNH 17DEC27 460 C,Healthcare,10,29.9,-29900,-29900,-10,36.1,36100,36100
Trade Summary,Data,Options,United States Dollar,UNH   280121C00400000,UNH 21JAN28 400 C,Healthcare,1,47.7,-4770,-4770,-1,52.2,5220,5220
Trade Summary,Data,Options,United States Dollar,UNH   280121C00500000,UNH 21JAN28 500 C,Healthcare,5,38,-19000,-19000,-5,40,20000,20000
Trade Summary,Data,Options,United States Dollar,UPS   270115C00100000,UPS 15JAN27 100 C,Industrials,5,11.8,-5900,-5900,-5,14.408,7204,7204
Trade Summary,Data,Options,United States Dollar,UPS   280121C00100000,UPS 21JAN28 100 C,Industrials,10,11.2,-11200,-11200,-10,14.012,14012,14012
Trade Summary,Data,Options,United States Dollar,XYZ   270115C00070000,XYZ 15JAN27 70 C,Industrials,5,6.4,-3200,-3200,-5,6.99,3495,3495
Trade Summary,Data,Options,United States Dollar,XYZ   280121C00070000,XYZ 21JAN28 70 C,Industrials,1,25.5,-2550,-2550,-1,26.6,2660,2660
Trade Summary,Data,Options,United States Dollar,XYZ   280121C00080000,XYZ 21JAN28 80 C,Industrials,2,14.69,-2938,-2938,-2,15.86,3172,3172
Trade Summary,Data,Stocks,Euro,BMW,BAYERISCHE MOTOREN WERKE AG,Consumer Cyclicals,0,0,0,0,-50,74.08,3704,4118.1072
Trade Summary,Data,Stocks,Euro,PAH3,PORSCHE AUTOMOBIL HLDG-PRF,Consumer Cyclicals,0,0,0,0,-100,40.3,4030,4478.942
Trade Summary,Data,Stocks,Euro,VOW,VOLKSWAGEN AG,Consumer Cyclicals,0,0,0,0,-140,100.5,14070,15303.7332
Trade Summary,Data,Stocks,Great British Pound,AML,ASTON MARTIN LAGONDA GLOBAL,Consumer Cyclicals,0,0,0,0,-13000,1.198,15574,20179.2318
Trade Summary,Data,Stocks,United States Dollar,AAPL,APPLE INC,Technology,335,206.371940299,-69134.6,-69134.6,-335,211.28,70778.8,70778.8
Trade Summary,Data,Stocks,United States Dollar,ABEV,AMBEV SA-ADR,Consumer Non-Cyc,10000,1.950819,-19508.19,-19508.19,-13000,2.138846154,27805,27805
Trade Summary,Data,Stocks,United States Dollar,ALB,ALBEMARLE CORP,Basic Materials,250,85.0752,-21268.8,-21268.8,-250,89.76432,22441.08,22441.08
Trade Summary,Data,Stocks,United States Dollar,AMD,ADVANCED MICRO DEVICES,Technology,190,79.192526316,-15046.58,-15046.58,-190,81.506842105,15486.3,15486.3
Trade Summary,Data,Stocks,United States Dollar,AMZN,AMAZON.COM INC,Consumer Cyclicals,430,180.264534884,-77513.75,-77513.75,-430,184.362906977,79276.05,79276.05
Trade Summary,Data,Stocks,United States Dollar,AUNA,AUNA SA-CLASS A,Healthcare,1500,6.928333333,-10392.5,-10392.5,-1500,7.3144,10971.6,10971.6
Trade Summary,Data,Stocks,United States Dollar,BA,BOEING CO/THE,Industrials,160,153.377875,-24540.46,-24540.46,-160,156.2596875,25001.55,25001.55
Trade Summary,Data,Stocks,United States Dollar,BABA,ALIBABA GROUP HOLDING-SP ADR,Technology,250,84.145,-21036.25,-21036.25,-350,82.708571429,28948,28948
Trade Summary,Data,Stocks,United States Dollar,BAK,BRASKEM SA-CLASS A- ADR,Basic Materials,200,6.2295,-1245.9,-1245.9,-200,6.905,1381,1381
Trade Summary,Data,Stocks,United States Dollar,BBD,BANCO BRADESCO-ADR,Financials,6100,1.93442623,-11800,-11800,-8105.3864,2.06,16697.095984,16697.095984
Trade Summary,Data,Stocks,United States Dollar,BEKE,KE HOLDINGS INC-ADR,Real Estate,0,0,0,0,-500,14.5224,7261.2,7261.2
Trade Summary,Data,Stocks,United States Dollar,BIDU,BAIDU INC - SPON ADR,Technology,470,89.332617021,-41986.33,-41986.33,-470,92.105531915,43289.6,43289.6
Trade Summary,Data,Stocks,United States Dollar,BMY,BRISTOL-MYERS SQUIBB CO,Healthcare,300,42.391666667,-12717.5,-12717.5,-300,43.33,12999,12999
Trade Summary,Data,Stocks,United States Dollar,CNC,CENTENE CORP,Healthcare,400,22.66,-9064,-9064,-400,26.751502,10700.6008,10700.6008
Trade Summary,Data,Stocks,United States Dollar,CPRI,CAPRI HOLDINGS LTD,Consumer Cyclicals,100,20.759,-2075.9,-2075.9,-100,22.3728,2237.28,2237.28
Trade Summary,Data,Stocks,United States Dollar,CRI,CARTER'S INC,Consumer Cyclicals,100,41,-4100,-4100,-100,41.54,4154,4154
Trade Summary,Data,Stocks,United States Dollar,CVS,CVS HEALTH CORP,Healthcare,230,56.464347826,-12986.8,-12986.8,-230,54.618782609,12562.32,12562.32
Trade Summary,Data,Stocks,United States Dollar,DIS,WALT DISNEY CO/THE,Telecomm,80,102.09,-8167.2,-8167.2,-80,96.908875,7752.71,7752.71
Trade Summary,Data,Stocks,United States Dollar,EL,ESTEE LAUDER COMPANIES-CL A,Consumer Non-Cyc,200,80.86625,-16173.25,-16173.25,-200,62.69,12538,12538
Trade Summary,Data,Stocks,United States Dollar,ENIC,ENEL CHILE SA-ADR,Utilities,35000,2.788571429,-97600,-97600,-63000,2.911650952,183434.01,183434.01
Trade Summary,Data,Stocks,United States Dollar,FISV,FISERV INC,Industrials,40,72.15,-2886,-2886,-40,75.0024,3000.096,3000.096
Trade Summary,Data,Stocks,United States Dollar,GOLD.OLD,BARRICK MINING CORP,Basic Materials,0,0,0,0,-600,17.921766667,10753.06,10753.06
Trade Summary,Data,Stocks,United States Dollar,GOOG,ALPHABET INC-CL C,Telecomm,530,156.62254717,-83009.95,-83009.95,-530,158.901792453,84217.95,84217.95
Trade Summary,Data,Stocks,United States Dollar,HUM,HUMANA INC,Healthcare,10,236,-2360,-2360,-10,249.995,2499.95,2499.95
Trade Summary,Data,Stocks,United States Dollar,ILMN,ILLUMINA INC,Healthcare,60,97.5,-5850,-5850,-60,78.11,4686.6,4686.6
Trade Summary,Data,Stocks,United States Dollar,INTC,INTEL CORP,Technology,2000,25.725665,-51451.33,-51451.33,-2000,25.33259,50665.18,50665.18
Trade Summary,Data,Stocks,United States Dollar,JD,JD.COM INC-ADR,Consumer Cyclicals,1900,29.971763158,-56946.35,-56946.35,-1900,30.076631579,57145.6,57145.6
Trade Summary,Data,Stocks,United States Dollar,LRCX,LAM RESEARCH CORP,Technology,170,61.840294118,-10512.85,-10512.85,-170,63.315882353,10763.7,10763.7
Trade Summary,Data,Stocks,United States Dollar,LULU,LULULEMON ATHLETICA INC,Consumer Cyclicals,100,171.52,-17152,-17152,-100,174.485,17448.5,17448.5
Trade Summary,Data,Stocks,United States Dollar,MDLZ,MONDELEZ INTERNATIONAL INC-A,Consumer Non-Cyc,100,54.5396,-5453.96,-5453.96,-100,55.005,5500.5,5500.5
Trade Summary,Data,Stocks,United States Dollar,MSFT,MICROSOFT CORP,Technology,245,365.785102041,-89617.35,-89617.35,-245,371.653836735,91055.19,91055.19
Trade Summary,Data,Stocks,United States Dollar,NEM,NEWMONT CORP,Basic Materials,0,0,0,0,-500,39.045,19522.5,19522.5
Trade Summary,Data,Stocks,United States Dollar,NIO,NIO INC - ADR,Consumer Cyclicals,0,0,0,0,-500,4.8,2400,2400
Trade Summary,Data,Stocks,United States Dollar,NKE,NIKE INC -CL B,Consumer Cyclicals,1830,60.92063388,-111484.76,-111484.76,-1830,61.563699454,112661.57,112661.57
Trade Summary,Data,Stocks,United States Dollar,NVDA,NVIDIA CORP,Technology,100,102.1,-10210,-10210,-100,104.31,10431,10431
Trade Summary,Data,Stocks,United States Dollar,NVO,NOVO-NORDISK A/S-SPONS ADR,Healthcare,1000,45.53243,-45532.43,-45532.43,-1000,46.98928,46989.28,46989.28
Trade Summary,Data,Stocks,United States Dollar,OBDC,BLUE OWL CAPITAL CORP,Financials,1000,14.865,-14865,-14865,-1000,15.1325,15132.5,15132.5
Trade Summary,Data,Stocks,United States Dollar,ON,ON SEMICONDUCTOR,Technology,300,37.3462,-11203.86,-11203.86,-300,37.457466667,11237.24,11237.24
Trade Summary,Data,Stocks,United States Dollar,PG,PROCTER & GAMBLE CO/THE,Consumer Non-Cyc,70,139.97,-9797.9,-9797.9,-70,140.99,9869.3,9869.3
Trade Summary,Data,Stocks,United States Dollar,PYPL,PAYPAL HOLDINGS INC,Financials,100,61.505,-6150.5,-6150.5,-100,62.8323,6283.23,6283.23
Trade Summary,Data,Stocks,United States Dollar,SAVEQ,SPIRIT AIRLINES INC,Industrials,500,1.075,-537.5,-537.5,-500,1.355,677.5,677.5
Trade Summary,Data,Stocks,United States Dollar,SBUX,STARBUCKS CORP,Consumer Cyclicals,520,78.084038462,-40603.7,-40603.7,-520,79.286,41228.72,41228.72
Trade Summary,Data,Stocks,United States Dollar,SQM,QUIMICA Y MINERA CHIL-SP ADR,Basic Materials,400,43.272375,-17308.95,-17308.95,-400,43.40775,17363.1,17363.1
Trade Summary,Data,Stocks,United States Dollar,STLA,STELLANTIS NV,Consumer Cyclicals,1100,13.710490909,-15081.54,-15081.54,-1300,14.1205,18356.65,18356.65
Trade Summary,Data,Stocks,United States Dollar,TGT,TARGET CORP,Consumer Cyclicals,100,88.8,-8880,-8880,-100,90.335,9033.5,9033.5
Trade Summary,Data,Stocks,United States Dollar,TROW,T ROWE PRICE GROUP INC,Financials,100,86.9066,-8690.66,-8690.66,-100,87.155,8715.5,8715.5
Trade Summary,Data,Stocks,United States Dollar,TSLA,TESLA INC,Consumer Cyclicals,50,242.13326,-12106.663,-12106.663,-50,251.616,12580.8,12580.8
Trade Summary,Data,Stocks,United States Dollar,UNH,UNITEDHEALTH GROUP INC,Healthcare,115,361.763347826,-41602.785,-41602.785,-115,341.235217391,39242.05,39242.05
Trade Summary,Data,Stocks,United States Dollar,UPS,UNITED PARCEL SERVICE-CL B,Industrials,1130,91.945123894,-103897.99,-103897.99,-1130,92.480951327,104503.475,104503.475
Trade Summary,Data,Stocks,United States Dollar,WDC,WESTERN DIGITAL CORP,Technology,200,40.98,-8196,-8196,-200,40.865,8173,8173
Trade Summary,Data,Stocks,United States Dollar,XP,XP INC - CLASS A,Financials,1500,13.004533333,-19506.8,-19506.8,-1500,13.183333333,19775,19775
Trade Summary,Data,Stocks,United States Dollar,XYZ,BLOCK INC,Industrials,1600,57.9190625,-92670.5,-92670.5,-1600,58.61829375,93789.27,93789.27
Deposits And Withdrawals,MetaInfo,Analysis Period,"April 10, 2024 - January 27, 2026"
Deposits And Withdrawals,Header,Date,Type,Description,Amount
Deposits And Withdrawals,Data,04/10/24,ACATIN,Nio Inc - Adr (NIO) Quantity: 500,2355
Deposits And Withdrawals,Data,04/10/24,ACATIN,"Enel Chile Sa-adr (ENIC) Quantity: 28,000",88200
Deposits And Withdrawals,Data,04/10/24,ACATIN,Alibaba Group Holding-sp Adr (BABA) Quantity: 100,7299
Deposits And Withdrawals,Data,04/10/24,ACATIN,Barrick Gold Corp (GOLD) Quantity: 600,10806
Deposits And Withdrawals,Data,04/10/24,ACATIN,Newmont Corp (NEM) Quantity: 500,19835
Deposits And Withdrawals,Data,04/15/24,ACATIN,Ke Holdings Inc-adr (BEKE) Quantity: 500,6580
Deposits And Withdrawals,Data,07/25/24,TRNSFRIN,Transfer From U12014339 To U14506882 ,50000
Deposits And Withdrawals,Data,09/12/24,TRNSFROUT,Dis 16jan26 100 C (DIS   260116C00100000) Quantity: -8,-6880
Deposits And Withdrawals,Data,09/12/24,TRNSFRIN,Porsche Automobil Hldg-prf (PAH3d) Quantity: 100,4317.7526
Deposits And Withdrawals,Data,09/12/24,TRNSFRIN,Ishares Short Treasury Bond (SHV) Quantity: 50,5515.5
Deposits And Withdrawals,Data,09/12/24,TRNSFRIN,Volkswagen Ag (VOWd) Quantity: 80,8588.9944
Deposits And Withdrawals,Data,09/12/24,TRNSFRIN,Bayerische Motoren Werke Ag (BMWd) Quantity: 50,3963.3846
Deposits And Withdrawals,Data,09/12/24,TRNSFROUT,Intc 18dec26 20 C (INTC  261218C00020000) Quantity: -10,-6240
Deposits And Withdrawals,Data,09/12/24,TRNSFRIN,"Ambev Sa-adr (ABEV) Quantity: 3,000",6864
Deposits And Withdrawals,Data,09/12/24,TRNSFROUT,Intc 18jun26 20 C (INTC  260618C00020000) Quantity: -3,-1605
Deposits And Withdrawals,Data,10/28/24,TRNSFRIN,Stellantis Nv (STLA) Quantity: 200,2741
Deposits And Withdrawals,Data,10/28/24,TRNSFRIN,Volkswagen Ag (VOWd) Quantity: 60,6221.2248
Deposits And Withdrawals,Data,10/28/24,TRNSFRIN,Banco Bradesco-adr (BBD) Quantity: 5.3821,14.2356545
Deposits And Withdrawals,Data,10/28/24,TRNSFRIN,"Aston Martin Lagonda Global (AML) Quantity: 13,000",17689.9164
Deposits And Withdrawals,Data,10/28/24,TRNSFROUT,Transfer From U14506882 To U12014339 ,-30000
Deposits And Withdrawals,Data,12/17/24,TRNSFRIN,"Banco Bradesco-adr (BBD) Quantity: 2,000.0043",3930.0084495
Deposits And Withdrawals,Data,12/19/24,NA,Adjustment: Commission (consolidated Audit Trail Fee Refund) ,0.02
Deposits And Withdrawals,Data,08/01/25,TRNSFRIN,Transfer From U12014339 To U14506882 ,100000
Deposits And Withdrawals,Data,09/23/25,TRNSFROUT,Transfer From U14506882 To U12014339 ,-90000
Deposits And Withdrawals,Data,01/20/26,TRNSFROUT,Transfer From U14506882 To U12014339 ,-30000
Dividends,MetaInfo,Analysis Period,"April 10, 2024 - January 27, 2026"
Dividends,Header,PayDate,Ex-Date,Symbol,Note,Quantity,DividendPerShare,Amount
Dividends,Data,20240531,20240516,SBUX,Dividend Payment,70,0.57,39.9
Dividends,Data,20240603,20240506,INTC,Dividend Payment,200,0.12,25
Dividends,Data,20240717,20240522,ENIC,Dividend Payment,20000,0.21,4290.28
Dividends,Data,20240725,20240708,DIS,Dividend Payment,80,0.45,36
Dividends,Data,20240801,20240705,BMY,Dividend Payment,200,0.60,120
Dividends,Data,20241004,20241001,SHV,Dividend Payment,50,0.45,22.72
Dividends,Data,20241025,20241021,ICLO,Dividend Payment,1000,0.16,157.78
Dividends,Data,20241106,20241101,SHV,Dividend Payment,50,0.47,23.34
Dividends,Data,20241107,20241101,JAAA,Dividend Payment,300,0.25,76
Dividends,Data,20241122,20241118,ICLO,Dividend Payment,1000,0.13,131.23
Dividends,Data,20241122,20241118,BKLN,Dividend Payment,500,0.13,66.06
Dividends,Data,20241205,20241202,SHV,Dividend Payment,50,0.42,20.8
Dividends,Data,20241212,20241105,BBD,Dividend Payment,5.3821,0.00,0.01
Dividends,Data,20241216,20241129,EL,Dividend Payment,100,0.35,35
Dividends,Data,20241218,20241210,XP,Dividend Payment,500,0.65,325
Dividends,Data,20250109,20241204,BBD,Dividend Payment,1105.3821,0.00,3.38
Dividends,Data,20250110,20241223,ABEV,Dividend Payment,3000,0.04,119.15
Dividends,Data,20250117,20241223,ABEV,Dividend Payment,3000,0.07,206.1
Dividends,Data,20250206,20250203,SHV,Payment In Lieu,-1064,0.40,-429.12
Dividends,Data,20250207,20250203,JAAA,Payment In Lieu,-5000,0.21,-1029.42
Dividends,Data,20250211,20250106,BBD,Dividend Payment,8105,0.00,26.06
Dividends,Data,20250306,20250218,UPS,Dividend Payment,100,1.64,164
Dividends,Data,20250317,20250228,EL,Dividend Payment,200,0.35,70
Dividends,Data,20250606,20250603,TLTW,Dividend Payment,1000,0.42,418.6
Dividends,Data,20250811,20250103,BBD,Dividend Payment,8105.3864,0.05,427.29
Interest Details,MetaInfo,Analysis Period,"April 10, 2024 - January 27, 2026"
Interest Details,Header,Date,Description,Amount
Interest Details,Data,20240503,USD Debit Interest Paid for April 2024,-0.01
Interest Details,Data,20240805,USD Debit Interest Paid for July 2024,-0.08
Interest Details,Data,20241003,EUR Credit Interest Received for September 2024,4.136625
Interest Details,Data,20241105,EUR Credit Interest Received for October 2024,15.54246
Interest Details,Data,20241204,EUR Credit Interest Received for November 2024,7.242079
Interest Details,Data,20241204,GBP Credit Interest Received for November 2024,28.018406
Interest Details,Data,20241204,USD Debit Interest Paid for November 2024,-1.99
Interest Details,Data,20250106,GBP Credit Interest Received for December 2024,34.89324
Interest Details,Data,20250106,EUR Credit Interest Received for December 2024,1.19485
Interest Details,Data,20250106,USD Debit Interest Paid for December 2024,-19.84
Interest Details,Data,20250205,GBP Credit Interest Received for January 2025,34.03861
Interest Details,Data,20250205,EUR Credit Interest Received for January 2025,2.735989
Interest Details,Data,20250205,USD Net Stock Interest Paid for January 2025,-1.81
Interest Details,Data,20250305,USD Net Stock Interest Paid for February 2025,-8.26
Interest Details,Data,20250305,EUR Credit Interest Received for February 2025,12.148414
Interest Details,Data,20250305,GBP Credit Interest Received for February 2025,30.602208
Interest Details,Data,20250403,EUR Credit Interest Received for March 2025,12.510864
Interest Details,Data,20250403,GBP Credit Interest Received for March 2025,34.010196
Interest Details,Data,20250505,EUR Credit Interest Received for April 2025,4.084715
Interest Details,Data,20250505,GBP Credit Interest Received for April 2025,33.521737
Interest Details,Data,20250505,USD Debit Interest Paid for April 2025,-3.82
Interest Details,Data,20250604,GBP Credit Interest Received for May 2025,33.315732
Interest Details,Data,20250604,USD Debit Interest Paid for May 2025,-1.2
Interest Details,Data,20250703,GBP Credit Interest Received for June 2025,32.403315
Interest Details,Data,20250805,GBP Credit Interest Received for July 2025,33.141108
Interest Details,Data,20250805,USD Debit Interest Paid for July 2025,-9.28
Interest Details,Data,20250805,USD Borrow Fees for July 2025,-0.36
Interest Details,Data,20251105,USD Borrow Fees for October 2025,-0.37
Notes and Disclosure,Header,Type,Note
Notes and Disclosure,Data,General,"1. The Net Asset Value (NAV) consists of all positions by financial instrument (stock, securities options, warrants, bonds, cash, etc.). All non-base currency amounts are converted to the base currency at the close of period rate."
Notes and Disclosure,Data,General,2. The gain or loss from future contracts settle into cash each night. The notional value is used when computing the contribution to return.
Notes and Disclosure,Data,General,"3. Dividend accruals, interest accruals, and insured deposits are included in cash amounts throughout the report."
Notes and Disclosure,Data,General,4. Price valuations are obtained from outside parties. Clearing Broker shall have no responsibility for the accuracy or timeliness of any such price valuation.
Notes and Disclosure,Data,General,5. Data from Thomson Reuters Business Classifications and Lipper Global is used to derive our sector classifications. Funds with assorted sector allocations are classified as Broad.
Notes and Disclosure,Data,General,"6. Amounts are formatted to two decimal places. If amounts are greater than two decimal places, Clearing Broker uses "half-even" rounding. This means that Clearing Broker rounds such amounts up to the nearest even number."
Notes and Disclosure,Data,General,"7. For accounts opened and funded before 2009, reports with a time period of Since Inception will only include data going back to January 1, 2009. This includes some default reports and both Historical Performance reports."
Notes and Disclosure,Data,General,"8. If you have elected to trade cryptocurrency/digital asset products at Crypto Provider through the Clearing Broker platform, for your convenience your positions in your linked account at Crypto Provider are reflected in PortfolioAnalyst in connection with your Clearing Broker account."
Notes and Disclosure,Data,Section,1. Account Overview: The deposit/withdrawal amount displayed includes internal transfers along with cash and position transfers.
Notes and Disclosure,Data,Section,2. Projected Income: The Estimated Annual Income and Estimated Remaining Income in the Projected Income report assume dividend and bond payments remain constant throughout the year. These positions and interest rates are based on the previous business day.
Notes and Disclosure,Data,Section,"3. Risk Measures: Historical US 3 Month Treasury Bill rates are used as the risk free rates when calculating Alpha, the Sharpe ratio, the Sortino ratio, and the downside deviation."
Notes and Disclosure,Data,Disclosure,"This portfolio report was generated using Clearing Broker's PortfolioAnalyst tool, which allows Clearing Broker clients to generate analyses of their accounts using market data provided by third parties along with trade and account data contained in Clearing Broker's systems. This report is for information purposes only and is provided AS IS. Clearing Broker makes no warranty of any kind, express or implied, as to this report and its contents. The data provided for use in the PortfolioAnalyst tool is believed to be accurate, but completeness and accuracy of the information is not guaranteed, and Clearing Broker has no liability with respect thereto. The data regarding accounts held outside of Clearing Broker is obtained either directly from your input or from the financial institutions holding those accounts through a third-party service provider and Clearing Broker has NOT reviewed its accuracy.

The material in this report is intended only as a reference and should not be relied upon for the maintenance of your books and records for tax, accounting, financial, or regulatory reporting or for any other purposes. This report is not an offer or a solicitation of an offer to buy or sell any security. This material does not, and is not intended to, take into account the particular financial conditions, investment objectives, or requirements of individual customers. Before acting on any material within this report, you should consider whether it is suitable for your particular circumstances and as necessary, seek professional advice."
