Introduction,Header,Name,Account,Alias,BaseCurrency,AccountType,AnalysisPeriod,PerformanceMeasure
Introduction,Data,JORGE L OBANDO OVIEDO,U12774472,,USD,Individual (Broker Client),"November 10, 2023 to January 27, 2026 (Daily)",TWR
Key Statistics,MetaInfo,Analysis Period,"November 10, 2023 - January 27, 2026"
Key Statistics,Header,BeginningNAV,EndingNAV,CumulativeReturn,5DayReturn,5DayReturnDateRange,10DayReturn,10DayReturnDateRange,BestReturn,BestReturnDate,WorstReturn,WorstReturnDate,MTM,Deposits & Withdrawals,Dividends,Interest,Fees & Commissions,Other,ChangeInNAV
Key Statistics,Data,0,15726.067365,91.525960259,3.001748645,20260121 - 20260127,0.568903173,20260114 - 20260127,21.034245859,20240502,-14.754950805,20240412,7081.993,9769.66,80.89,-1.57,-1189.085634,-15.820001,15726.067365
Historical Performance,MetaInfo,Analysis Period,"November 10, 2023 - January 27, 2026"
Historical Performance,Header,Account,MTD,QTD,YTD,1 Year,Since Inception
Historical Performance,Data,U12774472,1.406635411,1.406635411,1.406635411,62.897790253,91.525959957
Historical Performance,Header,Month,Account,AccountReturn
Historical Performance,Data,202501,U12774472,-6.187999333
Historical Performance,Data,202502,U12774472,31.571969937
Historical Performance,Data,202503,U12774472,-5.116114518
Historical Performance,Data,202504,U12774472,8.053835723
Historical Performance,Data,202505,U12774472,13.535677544
Historical Performance,Data,202506,U12774472,-0.825461839
Historical Performance,Data,202507,U12774472,-23.010207812
Historical Performance,Data,202508,U12774472,20.036603052
Historical Performance,Data,202509,U12774472,6.585876278
Historical Performance,Data,202510,U12774472,17.887325177
Historical Performance,Data,202511,U12774472,-2.830454868
Historical Performance,Data,202512,U12774472,-1.807423701
Historical Performance,Data,202401,U12774472,-23.755733402
Historical Performance,Data,202402,U12774472,10.881800762
Historical Performance,Data,202403,U12774472,-3.021379873
Historical Performance,Data,202404,U12774472,5.107705153
Historical Performance,Data,202405,U12774472,24.298877135
Historical Performance,Data,202406,U12774472,-9.64478223
Historical Performance,Data,202407,U12774472,28.712639543
Historical Performance,Data,202408,U12774472,-4.032445474
Historical Performance,Data,202409,U12774472,11.622256323
Historical Performance,Data,202410,U12774472,-2.742619678
Historical Performance,Data,202411,U12774472,-2.029399623
Historical Performance,Data,202412,U12774472,-14.266792616
Historical Performance,Data,202301,U12774472,-
Historical Performance,Data,202302,U12774472,-
Historical Performance,Data,202303,U12774472,-
Historical Performance,Data,202304,U12774472,-
Historical Performance,Data,202305,U12774472,-
Historical Performance,Data,202306,U12774472,-
Historical Performance,Data,202307,U12774472,-
Historical Performance,Data,202308,U12774472,-
Historical Performance,Data,202309,U12774472,-
Historical Performance,Data,202310,U12774472,-
Historical Performance,Data,202311,U12774472,-
Historical Performance,Data,202312,U12774472,10.773075296
Historical Performance,Header,Quarter,Account,AccountReturn
Historical Performance,Data,2025 Q1,U12774472,17.115461954
Historical Performance,Data,2025 Q2,U12774472,21.666980769
Historical Performance,Data,2025 Q3,U12774472,-1.497669868
Historical Performance,Data,2025 Q4,U12774472,12.480163352
Historical Performance,Data,2024 Q1,U12774472,-18.013289454
Historical Performance,Data,2024 Q2,U12774472,18.047011396
Historical Performance,Data,2024 Q3,U12774472,37.878459287
Historical Performance,Data,2024 Q4,U12774472,-18.310279819
Historical Performance,Data,2023 Q1,U12774472,-
Historical Performance,Data,2023 Q2,U12774472,-
Historical Performance,Data,2023 Q3,U12774472,-
Historical Performance,Data,2023 Q4,U12774472,-
Historical Performance,Header,Year,Account,AccountReturn
Historical Performance,Data,YTD,U12774472,1.406635411
Historical Performance,Data,2025,U12774472,57.873562527
Historical Performance,Data,2024,U12774472,9.008983219
Open Position Summary,MetaInfo,As Of,"January 27, 2026"
Open Position Summary,Header,Date,FinancialInstrument,Currency,Symbol,Description,Sector,Quantity,ClosePrice,Value,Cost Basis,UnrealizedP&L,FXRateToBase
Open Position Summary,Data,01/27/2026,Options,USD,NIO   280121C00004000,NIO 21JAN28 4 C,Consumer Cyclicals,5,2.1867,1093.35,1102.24375,-8.89375,1
Open Position Summary,Data,01/27/2026,Options,USD,STLA  280121C00010000,STLA 21JAN28 10 C,Consumer Cyclicals,5,2.25,1125,1177.24375,-52.24375,1
Open Position Summary,Data,01/27/2026,Options,USD,TLT   280121C00095000,TLT 21JAN28 95 C,Government,16,3.7,5920,8317.7972,-2397.7972,1
Open Position Summary,Data,Total,Options,USD,,,,,,8138.35,10597.2847,-2458.9347
Open Position Summary,Data,01/27/2026,Cash,USD,USD,United States Dollar,Cash,7587.717365,1,7587.717365, , ,1
Performance by Symbol,MetaInfo,Analysis Period,"November 10, 2023 - January 27, 2026"
Performance by Symbol,Header,Symbol,Description,FinancialInstrument,Sector,AvgWeight,Return,Contribution,Unrealized_P&L,Realized_P&L,Open
Performance by Symbol,Data,KWEB,KRANESH CSI CHINA INTERNET,ETFs,Technology,28.543838739,-4.667078797,-3.903839227,0.00,-260.97,No
Performance by Symbol,Data,TLT,ISHARES 20+ YEAR TREASURY BD,ETFs,Government,78.013906288,6.67337439,6.076019216,0.00,278.17,No
Performance by Symbol,Data,Total ETFs,,,,39.204283423,2.226920742,1.933595592,0.00,17.21,
Performance by Symbol,Data,B     260116C00015000,B 16JAN26 15 C,Options,Basic Materials,12.491196386,11.498814741,1.212500668,0.00,63.75,No
Performance by Symbol,Data,B     270115C00015000,B 15JAN27 15 C,Options,Basic Materials,13.680064657,25.372975319,3.432063405,0.00,408.09,No
Performance by Symbol,Data,BABA  240517C00090000,BABA 17MAY24 90 C,Options,Technology,4.25188635,-71.335510938,-1.945793175,0.00,-118.13,No
Performance by Symbol,Data,BABA1 250620C00090000,BABA1 20JUN25 90 C,Options,Technology,31.368321823,32.246174396,29.028783575,0.00,"1,154.05",No
Performance by Symbol,Data,BABA1 260116C00090000,BABA1 16JAN26 90 C,Options,Technology,26.430728782,13.363786873,3.346420103,0.00,131.82,No
Performance by Symbol,Data,BABA1 260116C00100000,BABA1 16JAN26 100 C,Options,Technology,24.022513241,-33.175899354,-9.278315294,0.00,-567.83,No
Performance by Symbol,Data,BABA2 260116C00100000,BABA2 16JAN26 100 C,Options,Technology,23.512025788,24.755591117,4.753605019,0.00,375.64,No
Performance by Symbol,Data,BIDU  260116C00090000,BIDU 16JAN26 90 C,Options,Technology,19.867607085,38.271480453,8.343002562,0.00,729.92,No
Performance by Symbol,Data,BMY   250620C00045000,BMY 20JUN25 45 C,Options,Healthcare,17.663411936,-17.708508766,1.293130697,0.00,109.43,No
Performance by Symbol,Data,BMY   260116C00040000,BMY 16JAN26 40 C,Options,Healthcare,11.355657851,15.843807822,1.997547137,0.00,101.65,No
Performance by Symbol,Data,CNC   270115C00030000,CNC 15JAN27 30 C,Options,Healthcare,10.657596254,29.041822444,3.666249495,0.00,495.60,No
Performance by Symbol,Data,CVS   260116C00055000,CVS 16JAN26 55 C,Options,Healthcare,15.64970568,18.726781411,2.832419756,0.00,156.66,No
Performance by Symbol,Data,GOOG  270115C00170000,GOOG 15JAN27 170 C,Options,Telecomm,22.864976733,17.405816841,3.979835971,0.00,369.67,No
Performance by Symbol,Data,INTC  261218C00030000,INTC 18DEC26 30 C,Options,Technology,5.800098814,-63.808896507,-7.133153923,0.00,-602.08,No
Performance by Symbol,Data,INTC  261218C00040000,INTC 18DEC26 40 C,Options,Technology,18.970222851,34.261674488,6.789713631,0.00,335.04,No
Performance by Symbol,Data,INTC  270115C00015000,INTC 15JAN27 15 C,Options,Technology,14.008227933,11.376485848,1.484572598,0.00,127.02,No
Performance by Symbol,Data,INTC  270115C00020000,INTC 15JAN27 20 C,Options,Technology,10.723474754,20.825248173,2.165029149,0.00,232.69,No
Performance by Symbol,Data,INTC  270115C00027000,INTC 15JAN27 27 C,Options,Technology,10.765451862,44.272278581,4.85300167,0.00,375.01,No
Performance by Symbol,Data,INTC  271217C00020000,INTC 17DEC27 20 C,Options,Technology,13.699733133,35.880239077,4.884557027,0.00,450.49,No
Performance by Symbol,Data,JD    280121C00040000,JD 21JAN28 40 C,Options,Consumer Cyclicals,4.585778914,-12.360422568,0.324966355,0.00,53.06,No
Performance by Symbol,Data,KWEB  250117C00020000,KWEB 17JAN25 20 C,Options,Technology,30.430143839,2.686420499,2.85554575,0.00,51.48,No
Performance by Symbol,Data,KWEB  250117C00025000,KWEB 17JAN25 25 C,Options,Technology,18.244935888,-15.44455737,-1.475885769,0.00,-137.52,No
Performance by Symbol,Data,KWEB  260116C00020000,KWEB 16JAN26 20 C,Options,Technology,9.810513143,35.695004078,3.368106128,0.00,273.62,No
Performance by Symbol,Data,NIO   280121C00004000,NIO 21JAN28 4 C,Options,Consumer Cyclicals,6.847934015,-0.806876882,-0.057562855,-8.89,0.00,Yes
Performance by Symbol,Data,NKE   260116C00080000,NKE 16JAN26 80 C,Options,Consumer Cyclicals,15.45958096,18.704599702,2.860339508,0.00,163.63,No
Performance by Symbol,Data,NKE   261218C00090000,NKE 18DEC26 90 C,Options,Consumer Cyclicals,31.732589435,17.831595643,5.593676866,0.00,315.15,No
Performance by Symbol,Data,NKE   270115C00075000,NKE 15JAN27 75 C,Options,Consumer Cyclicals,10.463662571,24.765252911,2.591352499,0.00,240.70,No
Performance by Symbol,Data,NKE   271217C00110000,NKE 17DEC27 110 C,Options,Consumer Cyclicals,26.281118361,19.967902349,5.820914255,0.00,599.95,No
Performance by Symbol,Data,NKE   280121C00070000,NKE 21JAN28 70 C,Options,Consumer Cyclicals,16.756995247,26.270298813,4.041912669,0.00,613.02,No
Performance by Symbol,Data,NVO   280121C00060000,NVO 21JAN28 60 C,Options,Healthcare,9.521171497,15.433677401,2.220604554,0.00,330.46,No
Performance by Symbol,Data,NVO   280121C00075000,NVO 21JAN28 75 C,Options,Healthcare,15.629226498,27.841291991,3.739761979,0.00,516.71,No
Performance by Symbol,Data,SBUX  260116C00085000,SBUX 16JAN26 85 C,Options,Consumer Cyclicals,14.047702774,24.345436499,2.873099248,0.00,176.88,No
Performance by Symbol,Data,SBUX  261218C00090000,SBUX 18DEC26 90 C,Options,Consumer Cyclicals,11.336872306,20.395530445,2.093652933,0.00,171.64,No
Performance by Symbol,Data,SBUX  280121C00100000,SBUX 21JAN28 100 C,Options,Consumer Cyclicals,12.656255914,21.137310338,2.61003568,0.00,394.72,No
Performance by Symbol,Data,STLA  270115C00013000,STLA 15JAN27 13 C,Options,Consumer Cyclicals,14.743139719,-81.300767164,-14.429316509,0.00,"-1,631.01",No
Performance by Symbol,Data,STLA  270115C00015000,STLA 15JAN27 15 C,Options,Consumer Cyclicals,30.150196075,30.329317225,10.46977187,0.00,850.50,No
Performance by Symbol,Data,STLA  280121C00010000,STLA 21JAN28 10 C,Options,Consumer Cyclicals,7.699172811,-4.437802282,-0.323256661,-52.24,0.00,Yes
Performance by Symbol,Data,TLT   240315C00100000,TLT 15MAR24 100 C,Options,Government,2.133164942,-100,-6.653582338,0.00,-326.78,No
Performance by Symbol,Data,TLT   270115C00095000,TLT 15JAN27 95 C,Options,Government,15.395243605,-24.273132751,6.045107192,0.00,611.19,No
Performance by Symbol,Data,TLT   270115C00100000,TLT 15JAN27 100 C,Options,Government,22.771671323,-63.445159292,-20.179850454,0.00,"-2,022.34",No
Performance by Symbol,Data,TLT   280121C00095000,TLT 21JAN28 95 C,Options,Government,25.515066051,-46.595924434,-14.019468301,"-2,397.80",0.00,Yes
Performance by Symbol,Data,UNH   271217C00400000,UNH 17DEC27 400 C,Options,Healthcare,24.520674047,21.590040507,6.012840236,0.00,781.89,No
Performance by Symbol,Data,UPS   270115C00095000,UPS 15JAN27 95 C,Options,Industrials,11.197894193,52.076842739,5.253845946,0.00,852.71,No
Performance by Symbol,Data,XYZ   270115C00060000,XYZ 15JAN27 60 C,Options,Industrials,10.509903402,5.272795152,0.565758164,0.00,82.07,No
Performance by Symbol,Data,XYZ   270115C00070000,XYZ 15JAN27 70 C,Options,Industrials,38.013764542,27.298082448,10.090010119,0.00,"1,095.28",No
Performance by Symbol,Data,Total Options,,,,57.132502485,-25.565032216,91.525767257,"-2,458.93","8,385.47",
Performance by Symbol,Data,ABEV,AMBEV SA-ADR,Stocks,Consumer Non-Cyc,19.764310355,-2.111756593,-0.409846543,0.00,-23.39,No
Performance by Symbol,Data,NIO,NIO INC - ADR,Stocks,Consumer Cyclicals,6.014684121,-8.730293977,-0.331568217,0.00,-27.42,No
Performance by Symbol,Data,Total Stocks,,,,7.389646744,-10.657688011,-0.74005584,0.00,-50.81,
Performance by Symbol,Data,USD,United States Dollar,Cash,Cash,38.829367839,4.084037994,0.376057659,,,Yes
Performance by Symbol,Data,Total Cash,,,,38.829367839,4.084037994,0.376057659,,,
Performance by Symbol,Data,Total,,,,100,91.525960259,91.525960259,"-2,458.93","8,351.87",
Trade Summary,MetaInfo,Analysis Period,"November 10, 2023 - January 27, 2026"
Trade Summary,Header,Financial Instrument,Currency,Symbol,Description,Sector,Quantity Bought,Average Price Bought,Proceeds Bought,Proceeds Bought in Base,Quantity Sold,Average Price Sold,Proceeds Sold,Proceeds Sold in Base
Trade Summary,Data,ETFs,United States Dollar,KWEB,KRANESH CSI CHINA INTERNET,Technology,180,26.906666667,-4843.2,-4843.2,-180,25.717238889,4629.103,4629.103
Trade Summary,Data,ETFs,United States Dollar,TLT,ISHARES 20+ YEAR TREASURY BD,Government,52,92.24,-4796.48,-4796.48,-52,98.103846154,5101.4,5101.4
Trade Summary,Data,Options,United States Dollar,B     260116C00015000,B 16JAN26 15 C,Basic Materials,2,3.875,-775,-775,-2,4.3,860,860
Trade Summary,Data,Options,United States Dollar,B     270115C00015000,B 15JAN27 15 C,Basic Materials,3,5.33,-1599,-1599,-3,6.75,2025,2025
Trade Summary,Data,Options,United States Dollar,BABA  240517C00090000,BABA 17MAY24 90 C,Technology,6,0.6,-360,-360,-6,0.463333333,278,278
Trade Summary,Data,Options,United States Dollar,BABA1 250620C00090000,BABA1 20JUN25 90 C,Technology,5,8.34,-4170,-4170,-5,10.736,5368,5368
Trade Summary,Data,Options,United States Dollar,BABA1 260116C00090000,BABA1 16JAN26 90 C,Technology,1,9.8,-980,-980,-1,11.25,1125,1125
Trade Summary,Data,Options,United States Dollar,BABA1 260116C00100000,BABA1 16JAN26 100 C,Technology,2,10.235,-2047,-2047,-2,7.5,1500,1500
Trade Summary,Data,Options,United States Dollar,BABA2 260116C00100000,BABA2 16JAN26 100 C,Technology,2,7.55,-1510,-1510,-2,9.5,1900,1900
Trade Summary,Data,Options,United States Dollar,BIDU  260116C00090000,BIDU 16JAN26 90 C,Technology,1,19,-1900,-1900,-1,26.44,2644,2644
Trade Summary,Data,Options,United States Dollar,BMY   250620C00045000,BMY 20JUN25 45 C,Healthcare,4,3.5,-1400,-1400,-4,3.85,1540,1540
Trade Summary,Data,Options,United States Dollar,BMY   260116C00040000,BMY 16JAN26 40 C,Healthcare,1,6.35,-635,-635,-1,7.5,750,750
Trade Summary,Data,Options,United States Dollar,CNC   270115C00030000,CNC 15JAN27 30 C,Healthcare,2,8.5,-1700,-1700,-2,11.05,2210,2210
Trade Summary,Data,Options,United States Dollar,CVS   260116C00055000,CVS 16JAN26 55 C,Healthcare,1,8.3,-830,-830,-1,10,1000,1000
Trade Summary,Data,Options,United States Dollar,GOOG  270115C00170000,GOOG 15JAN27 170 C,Telecomm,1,21.17,-2117,-2117,-1,25,2500,2500
Trade Summary,Data,Options,United States Dollar,INTC  261218C00030000,INTC 18DEC26 30 C,Technology,2,6.295,-1259,-1259,-2,3.39,678,678
Trade Summary,Data,Options,United States Dollar,INTC  261218C00040000,INTC 18DEC26 40 C,Technology,2,4.85,-970,-970,-2,6.6,1320,1320
Trade Summary,Data,Options,United States Dollar,INTC  270115C00015000,INTC 15JAN27 15 C,Technology,1,11.1,-1110,-1110,-1,12.5,1250,1250
Trade Summary,Data,Options,United States Dollar,INTC  270115C00020000,INTC 15JAN27 20 C,Technology,2,5.55,-1110,-1110,-2,6.79,1358,1358
Trade Summary,Data,Options,United States Dollar,INTC  270115C00027000,INTC 15JAN27 27 C,Technology,2,4.2,-840,-840,-2,6.15,1230,1230
Trade Summary,Data,Options,United States Dollar,INTC  271217C00020000,INTC 17DEC27 20 C,Technology,4,6.65,-2660,-2660,-4,7.85,3140,3140
Trade Summary,Data,Options,United States Dollar,JD    280121C00040000,JD 21JAN28 40 C,Consumer Cyclicals,4,3.8475,-1539,-1539,-4,4.06,1624,1624
Trade Summary,Data,Options,United States Dollar,KWEB  250117C00020000,KWEB 17JAN25 20 C,Technology,2,7.745,-1549,-1549,-2,8.11,1622,1622
Trade Summary,Data,Options,United States Dollar,KWEB  250117C00025000,KWEB 17JAN25 25 C,Technology,2,4.72,-944,-944,-2,4.14,828,828
Trade Summary,Data,Options,United States Dollar,KWEB  260116C00020000,KWEB 16JAN26 20 C,Technology,1,7.6,-760,-760,-1,10.47,1047,1047
Trade Summary,Data,Options,United States Dollar,NIO   280121C00004000,NIO 21JAN28 4 C,Consumer Cyclicals,5,2.18,-1090,-1090,0,0,0,0
Trade Summary,Data,Options,United States Dollar,NKE   260116C00080000,NKE 16JAN26 80 C,Consumer Cyclicals,1,8.68,-868,-868,-1,10.45,1045,1045
Trade Summary,Data,Options,United States Dollar,NKE   261218C00090000,NKE 18DEC26 90 C,Consumer Cyclicals,2,8.8,-1760,-1760,-2,10.45,2090,2090
Trade Summary,Data,Options,United States Dollar,NKE   270115C00075000,NKE 15JAN27 75 C,Consumer Cyclicals,2,4.82,-964,-964,-2,6.1,1220,1220
Trade Summary,Data,Options,United States Dollar,NKE   271217C00110000,NKE 17DEC27 110 C,Consumer Cyclicals,10,2.86,-2860,-2860,-10,3.5,3500,3500
Trade Summary,Data,Options,United States Dollar,NKE   280121C00070000,NKE 21JAN28 70 C,Consumer Cyclicals,3,7.75,-2325,-2325,-3,9.85,2955,2955
Trade Summary,Data,Options,United States Dollar,NVO   280121C00060000,NVO 21JAN28 60 C,Healthcare,2,9.795,-1959,-1959,-2,11.55,2310,2310
Trade Summary,Data,Options,United States Dollar,NVO   280121C00075000,NVO 21JAN28 75 C,Healthcare,2,9.24,-1848,-1848,-2,11.9,2380,2380
Trade Summary,Data,Options,United States Dollar,SBUX  260116C00085000,SBUX 16JAN26 85 C,Consumer Cyclicals,1,7.2,-720,-720,-1,9.1,910,910
Trade Summary,Data,Options,United States Dollar,SBUX  261218C00090000,SBUX 18DEC26 90 C,Consumer Cyclicals,1,8.35,-835,-835,-1,10.2,1020,1020
Trade Summary,Data,Options,United States Dollar,SBUX  280121C00100000,SBUX 21JAN28 100 C,Consumer Cyclicals,2,9.3,-1860,-1860,-2,11.35,2270,2270
Trade Summary,Data,Options,United States Dollar,STLA  270115C00013000,STLA 15JAN27 13 C,Consumer Cyclicals,25,2.134,-5335,-5335,-25,1.51,3775,3775
Trade Summary,Data,Options,United States Dollar,STLA  270115C00015000,STLA 15JAN27 15 C,Consumer Cyclicals,24,1.966666667,-4720,-4720,-24,2.347916667,5635,5635
Trade Summary,Data,Options,United States Dollar,STLA  280121C00010000,STLA 21JAN28 10 C,Consumer Cyclicals,5,2.33,-1165,-1165,0,0,0,0
Trade Summary,Data,Options,United States Dollar,TLT   240315C00100000,TLT 15MAR24 100 C,Government,1,3.2,-320,-320,-1,0,0,0
Trade Summary,Data,Options,United States Dollar,TLT   270115C00095000,TLT 15JAN27 95 C,Government,11,5.416363636,-5958,-5958,-11,6.027272727,6630,6630
Trade Summary,Data,Options,United States Dollar,TLT   270115C00100000,TLT 15JAN27 100 C,Government,20,4.6675,-9335,-9335,-20,3.704,7408,7408
Trade Summary,Data,Options,United States Dollar,TLT   280121C00095000,TLT 21JAN28 95 C,Government,16,5.18,-8288,-8288,0,0,0,0
Trade Summary,Data,Options,United States Dollar,UNH   271217C00400000,UNH 17DEC27 400 C,Healthcare,1,36.15,-3615,-3615,-1,44.1,4410,4410
Trade Summary,Data,Options,United States Dollar,UPS   270115C00095000,UPS 15JAN27 95 C,Industrials,2,8.15,-1630,-1630,-2,12.49,2498,2498
Trade Summary,Data,Options,United States Dollar,XYZ   270115C00060000,XYZ 15JAN27 60 C,Industrials,1,15.5,-1550,-1550,-1,16.45,1645,1645
Trade Summary,Data,Options,United States Dollar,XYZ   270115C00070000,XYZ 15JAN27 70 C,Industrials,5,8,-4000,-4000,-5,10.24,5120,5120
Trade Summary,Data,Stocks,United States Dollar,ABEV,AMBEV SA-ADR,Consumer Non-Cyc,500,2.18,-1090,-1090,-500,2.205,1102.5,1102.5
Trade Summary,Data,Stocks,United States Dollar,NIO,NIO INC - ADR,Consumer Cyclicals,56,5.44,-304.64,-304.64,-56,5.285,295.96,295.96
Deposits And Withdrawals,MetaInfo,Analysis Period,"November 10, 2023 - January 27, 2026"
Deposits And Withdrawals,Header,Date,Type,Description,Amount
Deposits And Withdrawals,Data,11/10/23,DEPOSIT,Cash Receipts / Electronic Fund Transfers ,4800
Deposits And Withdrawals,Data,07/30/24,DEPOSIT,Cash Receipts / Electronic Fund Transfers ,2000
Deposits And Withdrawals,Data,12/19/24,NA,Adjustment: Commission (consolidated Audit Trail Fee Refund) ,0.03
Deposits And Withdrawals,Data,02/25/25,DEPOSIT,Cash Receipts / Electronic Fund Transfers (from Nium Pte Ltd ) ,994.63
Deposits And Withdrawals,Data,07/08/25,DEPOSIT,Cash Receipts / Electronic Fund Transfers (from Jorge Luis Oband) ,1975
Dividends,MetaInfo,Analysis Period,"November 10, 2023 - January 27, 2026"
Dividends,Header,PayDate,Ex-Date,Symbol,Quantity,DividendPerShare,Amount
Dividends,Data,20231207,20231201,TLT,52,0.29,15.02
Dividends,Data,20231220,20231214,TLT,42,0.31,13.04
Dividends,Data,20231220,20231218,KWEB,120,0.42,50.31
Dividends,Data,20231229,20231227,KWEB,60,0.04,2.52
Interest Details,MetaInfo,Analysis Period,"November 10, 2023 - January 27, 2026"
Interest Details,Header,Date,Description,Amount
Interest Details,Data,20240104,USD Debit Interest Paid for December 2023,-1.1
Interest Details,Data,20240205,USD Debit Interest Paid for January 2024,-0.47
Notes and Disclosure,Header,Type,Note
Notes and Disclosure,Data,General,"1. The Net Asset Value (NAV) consists of all positions by financial instrument (stock, securities options, warrants, bonds, cash, etc.). All non-base currency amounts are converted to the base currency at the close of period rate."
Notes and Disclosure,Data,General,2. The gain or loss from future contracts settle into cash each night. The notional value is used when computing the contribution to return.
Notes and Disclosure,Data,General,"3. Dividend accruals, interest accruals, and insured deposits are included in cash amounts throughout the report."
Notes and Disclosure,Data,General,4. Price valuations are obtained from outside parties. Clearing Broker shall have no responsibility for the accuracy or timeliness of any such price valuation.
Notes and Disclosure,Data,General,5. Data from Thomson Reuters Business Classifications and Lipper Global is used to derive our sector classifications. Funds with assorted sector allocations are classified as Broad.
Notes and Disclosure,Data,General,"6. Amounts are formatted to two decimal places. If amounts are greater than two decimal places, Clearing Broker uses "half-even" rounding. This means that Clearing Broker rounds such amounts up to the nearest even number."
Notes and Disclosure,Data,General,"7. For accounts opened and funded before 2009, reports with a time period of Since Inception will only include data going back to January 1, 2009. This includes some default reports and both Historical Performance reports."
Notes and Disclosure,Data,General,"8. If you have elected to trade cryptocurrency/digital asset products at Crypto Provider through the Clearing Broker platform, for your convenience your positions in your linked account at Crypto Provider are reflected in PortfolioAnalyst in connection with your Clearing Broker account."
Notes and Disclosure,Data,Section,1. Account Overview: The deposit/withdrawal amount displayed includes internal transfers along with cash and position transfers.
Notes and Disclosure,Data,Section,"2. Risk Measures: Historical US 3 Month Treasury Bill rates are used as the risk free rates when calculating Alpha, the Sharpe ratio, the Sortino ratio, and the downside deviation."
Notes and Disclosure,Data,Disclosure,"This portfolio report was generated using Clearing Broker's PortfolioAnalyst tool, which allows Clearing Broker clients to generate analyses of their accounts using market data provided by third parties along with trade and account data contained in Clearing Broker's systems. This report is for information purposes only and is provided AS IS. Clearing Broker makes no warranty of any kind, express or implied, as to this report and its contents. The data provided for use in the PortfolioAnalyst tool is believed to be accurate, but completeness and accuracy of the information is not guaranteed, and Clearing Broker has no liability with respect thereto. The data regarding accounts held outside of Clearing Broker is obtained either directly from your input or from the financial institutions holding those accounts through a third-party service provider and Clearing Broker has NOT reviewed its accuracy.

The material in this report is intended only as a reference and should not be relied upon for the maintenance of your books and records for tax, accounting, financial, or regulatory reporting or for any other purposes. This report is not an offer or a solicitation of an offer to buy or sell any security. This material does not, and is not intended to, take into account the particular financial conditions, investment objectives, or requirements of individual customers. Before acting on any material within this report, you should consider whether it is suitable for your particular circumstances and as necessary, seek professional advice."
