Introduction,Header,Name,Account,Alias,BaseCurrency,AccountType,AnalysisPeriod,PerformanceMeasure
Introduction,Data,JORGE F CHAVEZ ALVAREZ,U12210060,,USD,Individual (Broker Client),"August 10, 2023 to January 27, 2026 (Daily)",TWR
Key Statistics,MetaInfo,Analysis Period,"August 10, 2023 - January 27, 2026"
Key Statistics,Header,BeginningNAV,EndingNAV,CumulativeReturn,5DayReturn,5DayReturnDateRange,10DayReturn,10DayReturnDateRange,BestReturn,BestReturnDate,WorstReturn,WorstReturnDate,MTM,Deposits & Withdrawals,Dividends,Interest,Fees & Commissions,Other,ChangeInNAV
Key Statistics,Data,0,5055.801307,9.398859342,0,20260121 - 20260127,0,20260114 - 20260127,33.047698306,20250409,-25.177835839,20240802,2777.5004,0.01,3992.85,-0.19,-1222.039086,-492.330007,5055.801307
Historical Performance,MetaInfo,Analysis Period,"August 10, 2023 - January 27, 2026"
Historical Performance,Header,Account,MTD,QTD,YTD,1 Year,Since Inception
Historical Performance,Data,U12210060,0,0,0,54.209332239,9.398859341
Historical Performance,Header,Month,Account,AccountReturn
Historical Performance,Data,202501,U12210060,-5.657029211
Historical Performance,Data,202502,U12210060,31.476954066
Historical Performance,Data,202503,U12210060,-10.126776878
Historical Performance,Data,202504,U12210060,-6.191336749
Historical Performance,Data,202505,U12210060,9.175916692
Historical Performance,Data,202506,U12210060,22.850059865
Historical Performance,Data,202507,U12210060,-4.761509192
Historical Performance,Data,202508,U12210060,9.489741189
Historical Performance,Data,202509,U12210060,0
Historical Performance,Data,202510,U12210060,0
Historical Performance,Data,202511,U12210060,0
Historical Performance,Data,202512,U12210060,0
Historical Performance,Data,202401,U12210060,-0.523852885
Historical Performance,Data,202402,U12210060,0.668869086
Historical Performance,Data,202403,U12210060,1.451537118
Historical Performance,Data,202404,U12210060,-3.474313639
Historical Performance,Data,202405,U12210060,0.174274866
Historical Performance,Data,202406,U12210060,-1.829375234
Historical Performance,Data,202407,U12210060,10.795728984
Historical Performance,Data,202408,U12210060,-18.613988
Historical Performance,Data,202409,U12210060,11.828509093
Historical Performance,Data,202410,U12210060,-6.105408404
Historical Performance,Data,202411,U12210060,0.467059141
Historical Performance,Data,202412,U12210060,-23.910899605
Historical Performance,Data,202301,U12210060,-
Historical Performance,Data,202302,U12210060,-
Historical Performance,Data,202303,U12210060,-
Historical Performance,Data,202304,U12210060,-
Historical Performance,Data,202305,U12210060,-
Historical Performance,Data,202306,U12210060,-
Historical Performance,Data,202307,U12210060,-
Historical Performance,Data,202308,U12210060,-
Historical Performance,Data,202309,U12210060,-3.016423442
Historical Performance,Data,202310,U12210060,-3.175714876
Historical Performance,Data,202311,U12210060,8.121140642
Historical Performance,Data,202312,U12210060,5.094042814
Historical Performance,Header,Quarter,Account,AccountReturn
Historical Performance,Data,2025 Q1,U12210060,11.478084826
Historical Performance,Data,2025 Q2,U12210060,25.8186923
Historical Performance,Data,2025 Q3,U12210060,4.276377098
Historical Performance,Data,2025 Q4,U12210060,0
Historical Performance,Data,2024 Q1,U12210060,1.595103532
Historical Performance,Data,2024 Q2,U12210060,-5.074988004
Historical Performance,Data,2024 Q3,U12210060,0.838255154
Historical Performance,Data,2024 Q4,U12210060,-28.222766304
Historical Performance,Data,2023 Q1,U12210060,-
Historical Performance,Data,2023 Q2,U12210060,-
Historical Performance,Data,2023 Q3,U12210060,-
Historical Performance,Data,2023 Q4,U12210060,10.020348659
Historical Performance,Header,Year,Account,AccountReturn
Historical Performance,Data,YTD,U12210060,0
Historical Performance,Data,2025,U12210060,46.25832653
Historical Performance,Data,2024,U12210060,-30.198384073
Open Position Summary,MetaInfo,As Of,"January 27, 2026"
Open Position Summary,Header,Date,FinancialInstrument,Currency,Symbol,Description,Sector,Quantity,ClosePrice,Value,Cost Basis,UnrealizedP&L,FXRateToBase
Open Position Summary,Data,01/27/2026,Cash,USD,USD,United States Dollar,Cash,5055.801307,1,5055.801307, , ,1
Performance by Symbol,MetaInfo,Analysis Period,"August 10, 2023 - January 27, 2026"
Performance by Symbol,Header,Symbol,Description,FinancialInstrument,Sector,AvgWeight,Return,Contribution,Unrealized_P&L,Realized_P&L,Open
Performance by Symbol,Data,CEFD,ETRACS 150% CL END FUND ETN,ETFs,Financials,3.585254253,3.808206171,0.129931956,0.00,-105.71,No
Performance by Symbol,Data,FXI,ISHARES CHINA LARGE-CAP ETF,ETFs,Broad,4.629010199,2.12607898,0.101741356,0.00,106.33,No
Performance by Symbol,Data,IEF,ISHARES 7-10 YEAR TREASURY B,ETFs,Government,8.703783144,-2.50812016,-0.21789335,0.00,-254.49,No
Performance by Symbol,Data,KWEB,KRANESH CSI CHINA INTERNET,ETFs,Technology,2.754319583,-10.984121808,-0.311422882,0.00,-351.34,No
Performance by Symbol,Data,QYLD,GLOBAL X NASD 100 COV CALL,ETFs,Broad,6.329679483,-28.706760922,0.395292494,0.00,187.99,No
Performance by Symbol,Data,SDIV,GLOBAL X SUPERDIVIDEND ETF,ETFs,Broad,2.101495665,4.103841801,0.088386216,0.00,-17.78,No
Performance by Symbol,Data,TLH,ISHARES 10-20 YEAR TREASURY,ETFs,Government,9.583443861,0.525778131,0.132652961,0.00,-65.55,No
Performance by Symbol,Data,TLT,ISHARES 20+ YEAR TREASURY BD,ETFs,Government,8.971899215,-4.244958087,-0.328691746,0.00,-556.91,No
Performance by Symbol,Data,VGLT,VANGUARD LONG-TERM TREASURY,ETFs,Broad,10.756520625,-5.424790874,-0.435240304,0.00,-695.96,No
Performance by Symbol,Data,Total ETFs,,,,40.504279819,-33.776436405,-0.519622046,0.00,"-1,753.41",
Performance by Symbol,Data,BABA  240517C00083000,BABA 17MAY24 83 C,Options,Technology,0.287580975,64.30498602,0.182783444,0.00,192.20,No
Performance by Symbol,Data,GOOGL 270115C00200000,GOOGL 15JAN27 200 C,Options,Telecomm,40.88325751,43.532188741,17.047895827,0.00,515.34,No
Performance by Symbol,Data,INTC  261218C00025000,INTC 18DEC26 25 C,Options,Technology,12.103796793,27.48202152,5.1189732,0.00,300.21,No
Performance by Symbol,Data,INTC  261218C00040000,INTC 18DEC26 40 C,Options,Technology,28.398485827,-74.576235508,-38.526391142,0.00,"-2,067.39",No
Performance by Symbol,Data,INTC  270115C00017000,INTC 15JAN27 17 C,Options,Technology,18.041965098,47.420475969,9.406402202,0.00,340.39,No
Performance by Symbol,Data,KWEB  260116C00020000,KWEB 16JAN26 20 C,Options,Technology,1.132738021,17.236498673,0.185177518,0.00,194.39,No
Performance by Symbol,Data,NEM   260116C00030000,NEM 16JAN26 30 C,Options,Basic Materials,10.934935284,7.977256397,7.35651255,0.00,128.42,No
Performance by Symbol,Data,NKE   271217C00060000,NKE 17DEC27 60 C,Options,Consumer Cyclicals,37.59519346,81.376364995,28.529070954,0.00,992.63,No
Performance by Symbol,Data,PYPL  260116C00080000,PYPL 16JAN26 80 C,Options,Financials,14.205612984,43.744164399,23.359761432,0.00,488.78,No
Performance by Symbol,Data,TLT   270115C00100000,TLT 15JAN27 100 C,Options,Government,27.79392536,-42.134568013,-16.086904271,0.00,-688.65,No
Performance by Symbol,Data,VALE  260116C00008000,VALE 16JAN26 8 C,Options,Basic Materials,10.449312936,-69.175219109,-7.710005275,0.00,-663.32,No
Performance by Symbol,Data,Total Options,,,,55.23050035,-4.08337906,2.836564568,0.00,-266.99,
Performance by Symbol,Data,AAPL,APPLE INC,Stocks,Technology,2.95752947,0.081874053,0.361009516,0.00,329.00,No
Performance by Symbol,Data,AMZN,AMAZON.COM INC,Stocks,Consumer Cyclicals,5.416188857,13.79904828,0.728515441,0.00,693.76,No
Performance by Symbol,Data,BABA,ALIBABA GROUP HOLDING-SP ADR,Stocks,Technology,4.189980656,3.682437748,0.178798937,0.00,112.86,No
Performance by Symbol,Data,BAC,BANK OF AMERICA CORP,Stocks,Financials,2.55305369,19.068340737,0.530422035,0.00,524.13,No
Performance by Symbol,Data,BBN,BLACKROCK TAXABLE MUNI BND,Stocks,Broad,10.268203282,5.89194548,0.653311307,0.00,382.67,No
Performance by Symbol,Data,C,CITIGROUP INC,Stocks,Financials,2.136653623,19.161407724,0.394305359,0.00,375.23,No
Performance by Symbol,Data,D,DOMINION ENERGY INC,Stocks,Utilities,2.210727904,12.284987006,0.266152559,0.00,242.75,No
Performance by Symbol,Data,DIS,WALT DISNEY CO/THE,Stocks,Telecomm,4.381509578,14.387578651,0.627913471,0.00,654.54,No
Performance by Symbol,Data,EBAY,EBAY INC,Stocks,Consumer Cyclicals,1.998193967,8.184013402,0.166299575,0.00,175.41,No
Performance by Symbol,Data,GBAB,GUGGENHEIM TAXABLE MUNICIPAL,Stocks,Broad,7.681639138,5.613774558,0.455132452,0.00,210.62,No
Performance by Symbol,Data,GDO,WESTERN AST GLB CORP OPPRNTY,Stocks,Broad,5.849109308,2.154690038,0.134232795,0.00,-96.10,No
Performance by Symbol,Data,GHY,PGIM GLOBAL HIGH YIELD FUND,Stocks,Broad,5.357201512,0.663810521,0.039562825,0.00,-33.25,No
Performance by Symbol,Data,GOLD.OLD,BARRICK MINING CORP,Stocks,Basic Materials,3.135554344,9.722238552,0.274751817,0.00,301.17,No
Performance by Symbol,Data,NEM,NEWMONT CORP,Stocks,Basic Materials,1.811517709,9.81351363,0.176460782,0.00,153.71,No
Performance by Symbol,Data,PYPL,PAYPAL HOLDINGS INC,Stocks,Financials,1.961270366,11.245625532,0.212873525,0.00,222.99,No
Performance by Symbol,Data,STLA,STELLANTIS NV,Stocks,Consumer Cyclicals,26.022853472,-32.747557011,-8.304792933,0.00,-348.20,No
Performance by Symbol,Data,VLT,INVESCO HIGH INCOME TRUST II,Stocks,Broad,4.965373452,2.895126515,0.141198192,0.00,-49.85,No
Performance by Symbol,Data,Total Stocks,,,,35.099181301,-27.017846897,-3.346641458,0.00,"3,851.45",
Performance by Symbol,Data,USD,United States Dollar,Cash,Cash,40.840957786,268.935795848,11.60499338,,,Yes
Performance by Symbol,Data,Total Cash,,,,40.840957786,268.935795848,11.60499338,,,
Performance by Symbol,Data,Total,,,,100,9.398859342,9.398859342,0.00,"1,831.05",
Trade Summary,MetaInfo,Analysis Period,"August 10, 2023 - January 27, 2026"
Trade Summary,Header,Financial Instrument,Currency,Symbol,Description,Sector,Quantity Bought,Average Price Bought,Proceeds Bought,Proceeds Bought in Base,Quantity Sold,Average Price Sold,Proceeds Sold,Proceeds Sold in Base
Trade Summary,Data,ETFs,United States Dollar,CEFD,ETRACS 150% CL END FUND ETN,Financials,200,18.95,-3790,-3790,-200,18.565,3713,3713
Trade Summary,Data,ETFs,United States Dollar,FXI,ISHARES CHINA LARGE-CAP ETF,Broad,215,23.195,-4986.925,-4986.925,-215,23.822325581,5121.8,5121.8
Trade Summary,Data,ETFs,United States Dollar,IEF,ISHARES 7-10 YEAR TREASURY B,Government,100,93.795,-9379.5,-9379.5,-100,91.4912,9149.12,9149.12
Trade Summary,Data,ETFs,United States Dollar,KWEB,KRANESH CSI CHINA INTERNET,Technology,100,29.34,-2934,-2934,-100,26.0512,2605.12,2605.12
Trade Summary,Data,ETFs,United States Dollar,QYLD,GLOBAL X NASD 100 COV CALL,Broad,415.7125,16.907740448,-7028.759051,-7028.759051,-415.7125,17.472552144,7263.558333,7263.558333
Trade Summary,Data,ETFs,United States Dollar,SDIV,GLOBAL X SUPERDIVIDEND ETF,Broad,100,21.765,-2176.5,-2176.5,-100,21.71,2171,2171
Trade Summary,Data,ETFs,United States Dollar,TLH,ISHARES 10-20 YEAR TREASURY,Government,193,103.561243523,-19987.32,-19987.32,-193,103.47015544,19969.74,19969.74
Trade Summary,Data,ETFs,United States Dollar,TLT,ISHARES 20+ YEAR TREASURY BD,Government,100,93.645,-9364.5,-9364.5,-100,88.32,8832,8832
Trade Summary,Data,ETFs,United States Dollar,VGLT,VANGUARD LONG-TERM TREASURY,Broad,200,58.845,-11769,-11769,-200,55.555,11111,11111
Trade Summary,Data,Options,United States Dollar,BABA  240517C00083000,BABA 17MAY24 83 C,Technology,2,1.42,-284,-284,-2,2.53,506,506
Trade Summary,Data,Options,United States Dollar,GOOGL 270115C00200000,GOOGL 15JAN27 200 C,Telecomm,1,11.71,-1171,-1171,-1,17.12,1712,1712
Trade Summary,Data,Options,United States Dollar,INTC  261218C00025000,INTC 18DEC26 25 C,Technology,1,10.8,-1080,-1080,-1,14.05,1405,1405
Trade Summary,Data,Options,United States Dollar,INTC  261218C00040000,INTC 18DEC26 40 C,Technology,5,5.5,-2750,-2750,-5,1.45,725,725
Trade Summary,Data,Options,United States Dollar,INTC  270115C00017000,INTC 15JAN27 17 C,Technology,1,7.05,-705,-705,-1,10.71,1071,1071
Trade Summary,Data,Options,United States Dollar,KWEB  260116C00020000,KWEB 16JAN26 20 C,Technology,1,11.15,-1115,-1115,-1,13.35,1335,1335
Trade Summary,Data,Options,United States Dollar,NEM   260116C00030000,NEM 16JAN26 30 C,Basic Materials,1,15.97,-1597,-1597,-1,17.51,1751,1751
Trade Summary,Data,Options,United States Dollar,NKE   271217C00060000,NKE 17DEC27 60 C,Consumer Cyclicals,1,12.07,-1207,-1207,-1,22.25,2225,2225
Trade Summary,Data,Options,United States Dollar,PYPL  260116C00080000,PYPL 16JAN26 80 C,Financials,1,11.05,-1105,-1105,-1,16.19,1619,1619
Trade Summary,Data,Options,United States Dollar,TLT   270115C00100000,TLT 15JAN27 100 C,Government,2,8.1,-1620,-1620,-2,4.8,960,960
Trade Summary,Data,Options,United States Dollar,VALE  260116C00008000,VALE 16JAN26 8 C,Basic Materials,2,4.72,-944,-944,-2,1.55,310,310
Trade Summary,Data,Stocks,United States Dollar,AAPL,APPLE INC,Technology,39,175.507435897,-6844.79,-6844.79,-39,185.040769231,7216.59,7216.59
Trade Summary,Data,Stocks,United States Dollar,AMZN,AMAZON.COM INC,Consumer Cyclicals,39,128.63,-5016.57,-5016.57,-39,146.984,5732.376,5732.376
Trade Summary,Data,Stocks,United States Dollar,BABA,ALIBABA GROUP HOLDING-SP ADR,Technology,70,73.76,-5163.2,-5163.2,-70,75.705,5299.35,5299.35
Trade Summary,Data,Stocks,United States Dollar,BAC,BANK OF AMERICA CORP,Financials,100,28.455,-2845.5,-2845.5,-100,33.94,3394,3394
Trade Summary,Data,Stocks,United States Dollar,BBN,BLACKROCK TAXABLE MUNI BND,Broad,670,14.968507463,-10028.9,-10028.9,-670,15.56,10425.2,10425.2
Trade Summary,Data,Stocks,United States Dollar,C,CITIGROUP INC,Financials,50,41.0388,-2051.94,-2051.94,-50,48.99,2449.5,2449.5
Trade Summary,Data,Stocks,United States Dollar,D,DOMINION ENERGY INC,Utilities,50,43.19,-2159.5,-2159.5,-50,48.49,2424.5,2424.5
Trade Summary,Data,Stocks,United States Dollar,DIS,WALT DISNEY CO/THE,Telecomm,50,92.49,-4624.5,-4624.5,-50,106.03,5301.5,5301.5
Trade Summary,Data,Stocks,United States Dollar,EBAY,EBAY INC,Consumer Cyclicals,50,42.64,-2132,-2132,-50,46.602,2330.1,2330.1
Trade Summary,Data,Stocks,United States Dollar,GBAB,GUGGENHEIM TAXABLE MUNICIPAL,Broad,500,15.22,-7610,-7610,-500,15.608,7804,7804
Trade Summary,Data,Stocks,United States Dollar,GDO,WESTERN AST GLB CORP OPPRNTY,Broad,500,12.095,-6047.5,-6047.5,-500,11.94242,5971.21,5971.21
Trade Summary,Data,Stocks,United States Dollar,GHY,PGIM GLOBAL HIGH YIELD FUND,Broad,500,11.448,-5724,-5724,-500,11.462,5731,5731
Trade Summary,Data,Stocks,United States Dollar,GOLD.OLD,BARRICK MINING CORP,Basic Materials,200,15.42,-3084,-3084,-200,17.065,3413,3413
Trade Summary,Data,Stocks,United States Dollar,NEM,NEWMONT CORP,Basic Materials,50,39.128,-1956.4,-1956.4,-50,42.65,2132.5,2132.5
Trade Summary,Data,Stocks,United States Dollar,PYPL,PAYPAL HOLDINGS INC,Financials,34,57.9988,-1971.9592,-1971.9592,-34,65.2,2216.8,2216.8
Trade Summary,Data,Stocks,United States Dollar,STLA,STELLANTIS NV,Consumer Cyclicals,80,13.145,-1051.6,-1051.6,-80,9.085,726.8,726.8
Trade Summary,Data,Stocks,United States Dollar,VLT,INVESCO HIGH INCOME TRUST II,Broad,500,10.43,-5215,-5215,-500,10.3512,5175.6,5175.6
Deposits And Withdrawals,MetaInfo,Analysis Period,"August 10, 2023 - January 27, 2026"
Deposits And Withdrawals,Header,Date,Type,Description,Amount
Deposits And Withdrawals,Data,08/10/23,DEPOSIT,Cash Receipts / Electronic Fund Transfers ,100000
Deposits And Withdrawals,Data,06/18/24,WITHDRAWAL,Disbursement Initiated By Jorge F Chavez Alvarez ,-100000
Deposits And Withdrawals,Data,12/19/24,NA,Adjustment: Commission (consolidated Audit Trail Fee Refund) ,0.01
Dividends,MetaInfo,Analysis Period,"August 10, 2023 - January 27, 2026"
Dividends,Header,PayDate,Ex-Date,Symbol,Quantity,DividendPerShare,Amount
Dividends,Data,20230907,20230901,VGLT,100,0.18,18.13
Dividends,Data,20230908,20230901,TLT,100,0.29,28.86
Dividends,Data,20230914,20230906,SDIV,100,0.21,21
Dividends,Data,20230921,20230906,NEM,50,0.40,20
Dividends,Data,20230921,20230912,CEFD,200,0.21,41.3
Dividends,Data,20230929,20230914,GBAB,500,0.13,62.86
Dividends,Data,20230929,20230914,VLT,500,0.10,48.2
Dividends,Data,20230929,20230831,BAC,100,0.24,24
Dividends,Data,20231002,20230921,GDO,500,0.10,51
Dividends,Data,20231005,20231002,VGLT,200,0.18,35.3
Dividends,Data,20231006,20231002,TLT,100,0.28,28
Dividends,Data,20231006,20231002,TLH,100,0.36,35.6
Dividends,Data,20231013,20231004,SDIV,100,0.21,21
Dividends,Data,20231023,20231012,CEFD,200,0.26,52.28
Dividends,Data,20231031,20231023,QYLD,400,0.17,66.72
Dividends,Data,20231031,20231013,VLT,500,0.10,48.2
Dividends,Data,20231031,20231013,BBN,670,0.09,62.24
Dividends,Data,20231031,20231012,GBAB,500,0.13,62.87
Dividends,Data,20231101,20231023,GDO,500,0.10,51
Dividends,Data,20231106,20231101,VGLT,200,0.18,35.98
Dividends,Data,20231107,20231101,TLT,100,0.29,28.63
Dividends,Data,20231107,20231101,TLH,100,0.33,33.38
Dividends,Data,20231113,20231103,SDIV,100,0.21,21
Dividends,Data,20231116,20231110,AAPL,29,0.24,6.96
Dividends,Data,20231120,20231109,CEFD,200,0.19,37.24
Dividends,Data,20231122,20231103,C,50,0.53,26.5
Dividends,Data,20231129,20231120,QYLD,400,0.16,64.44
Dividends,Data,20231130,20231114,GBAB,500,0.13,62.87
Dividends,Data,20231130,20231114,BBN,670,0.09,62.24
Dividends,Data,20231130,20231114,VLT,500,0.10,48.2
Dividends,Data,20231201,20231121,GDO,500,0.10,51
Dividends,Data,20231206,20231201,VGLT,200,0.18,35.5
Dividends,Data,20231207,20231201,TLH,100,0.37,36.52
Dividends,Data,20231207,20231201,TLT,100,0.29,28.89
Dividends,Data,20231213,20231205,SDIV,100,0.21,21
Dividends,Data,20231220,20231214,TLH,100,0.35,35.42
Dividends,Data,20231220,20231214,TLT,100,0.31,31.05
Dividends,Data,20231220,20231130,D,50,0.67,33.38
Dividends,Data,20231220,20231218,KWEB,100,0.42,41.93
Dividends,Data,20231220,20231214,BBN,670,0.09,62.24
Dividends,Data,20231221,20231212,CEFD,200,0.18,36.56
Dividends,Data,20231222,20231129,NEM,50,0.40,20
Dividends,Data,20231228,20231222,VGLT,200,0.19,37.96
Dividends,Data,20231229,20231130,BAC,100,0.24,24
Dividends,Data,20231229,20231214,GBAB,500,0.13,62.87
Dividends,Data,20231229,20231214,VLT,500,0.10,48.2
Dividends,Data,20231229,20231220,GDO,500,0.10,51
Dividends,Data,20240108,20231228,SDIV,100,0.21,21
Dividends,Data,20240108,20231228,QYLD,404,0.17,67.02
Dividends,Data,20240110,20231208,DIS,50,0.30,15
Dividends,Data,20240118,20231220,BABA,70,1.00,70
Dividends,Data,20240124,20240112,CEFD,200,0.26,52.56
Dividends,Data,20240130,20240122,QYLD,406,0.18,72.67
Dividends,Data,20240131,20240111,GBAB,500,0.13,62.86
Dividends,Data,20240131,20240116,VLT,500,0.10,48.2
Dividends,Data,20240131,20240111,BBN,670,0.09,62.24
Dividends,Data,20240201,20240123,GDO,500,0.10,51
Dividends,Data,20240206,20240201,VGLT,200,0.19,37.58
Dividends,Data,20240207,20240201,TLH,93,0.36,33.02
Dividends,Data,20240207,20240201,TLT,100,0.31,31.01
Dividends,Data,20240213,20240205,SDIV,100,0.21,21
Dividends,Data,20240215,20240209,AAPL,10,0.24,2.4
Dividends,Data,20240221,20240209,CEFD,200,0.16,32.42
Dividends,Data,20240228,20240220,QYLD,408,0.18,72.3
Dividends,Data,20240229,20240215,VLT,500,0.10,48.2
Dividends,Data,20240229,20240215,GHY,500,0.10,52.5
Dividends,Data,20240229,20240214,GBAB,500,0.13,62.87
Dividends,Data,20240229,20240214,BBN,670,0.09,62.24
Dividends,Data,20240301,20240221,GDO,500,0.10,51
Dividends,Data,20240306,20240301,VGLT,200,0.18,35.16
Dividends,Data,20240307,20240301,TLT,100,0.30,29.52
Dividends,Data,20240307,20240301,TLH,93,0.33,31.07
Dividends,Data,20240313,20240305,SDIV,100,0.21,21
Dividends,Data,20240320,20240311,CEFD,200,0.19,38.36
Dividends,Data,20240320,20240229,D,50,0.67,33.38
Dividends,Data,20240326,20240318,QYLD,410,0.18,72.98
Dividends,Data,20240328,20240304,NEM,50,0.25,12.5
Dividends,Data,20240328,20240314,GHY,500,0.10,52.5
Dividends,Data,20240328,20240314,VLT,500,0.10,48.2
Dividends,Data,20240328,20240314,BBN,670,0.09,62.24
Dividends,Data,20240329,20240314,GBAB,500,0.13,62.87
Dividends,Data,20240401,20240320,GDO,500,0.10,51
Dividends,Data,20240404,20240401,VGLT,200,0.20,39.96
Dividends,Data,20240405,20240401,TLT,100,0.31,31.24
Dividends,Data,20240405,20240401,IEF,100,0.28,27.58
Dividends,Data,20240405,20240401,TLH,93,0.36,33.39
Dividends,Data,20240411,20240403,SDIV,100,0.19,19
Dividends,Data,20240422,20240411,CEFD,200,0.25,50.36
Dividends,Data,20240430,20240412,GBAB,500,0.13,62.86
Dividends,Data,20240430,20240411,GHY,500,0.10,52.5
Dividends,Data,20240430,20240422,QYLD,412.8494,0.17,71.13
Dividends,Data,20240430,20240412,BBN,670,0.09,62.24
Dividends,Data,20240430,20240415,VLT,500,0.10,48.2
Dividends,Data,20240501,20240422,GDO,500,0.10,51
Interest Details,MetaInfo,Analysis Period,"August 10, 2023 - January 27, 2026"
Interest Details,Header,Date,Description,Amount
Interest Details,Data,20240503,USD Debit Interest Paid for April 2024,-0.19
Notes and Disclosure,Header,Type,Note
Notes and Disclosure,Data,General,"1. The Net Asset Value (NAV) consists of all positions by financial instrument (stock, securities options, warrants, bonds, cash, etc.). All non-base currency amounts are converted to the base currency at the close of period rate."
Notes and Disclosure,Data,General,2. The gain or loss from future contracts settle into cash each night. The notional value is used when computing the contribution to return.
Notes and Disclosure,Data,General,"3. Dividend accruals, interest accruals, and insured deposits are included in cash amounts throughout the report."
Notes and Disclosure,Data,General,4. Price valuations are obtained from outside parties. Clearing Broker shall have no responsibility for the accuracy or timeliness of any such price valuation.
Notes and Disclosure,Data,General,5. Data from Thomson Reuters Business Classifications and Lipper Global is used to derive our sector classifications. Funds with assorted sector allocations are classified as Broad.
Notes and Disclosure,Data,General,"6. Amounts are formatted to two decimal places. If amounts are greater than two decimal places, Clearing Broker uses "half-even" rounding. This means that Clearing Broker rounds such amounts up to the nearest even number."
Notes and Disclosure,Data,General,"7. For accounts opened and funded before 2009, reports with a time period of Since Inception will only include data going back to January 1, 2009. This includes some default reports and both Historical Performance reports."
Notes and Disclosure,Data,General,"8. If you have elected to trade cryptocurrency/digital asset products at Crypto Provider through the Clearing Broker platform, for your convenience your positions in your linked account at Crypto Provider are reflected in PortfolioAnalyst in connection with your Clearing Broker account."
Notes and Disclosure,Data,Section,1. Account Overview: The deposit/withdrawal amount displayed includes internal transfers along with cash and position transfers.
Notes and Disclosure,Data,Section,"2. Risk Measures: Historical US 3 Month Treasury Bill rates are used as the risk free rates when calculating Alpha, the Sharpe ratio, the Sortino ratio, and the downside deviation."
Notes and Disclosure,Data,Disclosure,"This portfolio report was generated using Clearing Broker's PortfolioAnalyst tool, which allows Clearing Broker clients to generate analyses of their accounts using market data provided by third parties along with trade and account data contained in Clearing Broker's systems. This report is for information purposes only and is provided AS IS. Clearing Broker makes no warranty of any kind, express or implied, as to this report and its contents. The data provided for use in the PortfolioAnalyst tool is believed to be accurate, but completeness and accuracy of the information is not guaranteed, and Clearing Broker has no liability with respect thereto. The data regarding accounts held outside of Clearing Broker is obtained either directly from your input or from the financial institutions holding those accounts through a third-party service provider and Clearing Broker has NOT reviewed its accuracy.

The material in this report is intended only as a reference and should not be relied upon for the maintenance of your books and records for tax, accounting, financial, or regulatory reporting or for any other purposes. This report is not an offer or a solicitation of an offer to buy or sell any security. This material does not, and is not intended to, take into account the particular financial conditions, investment objectives, or requirements of individual customers. Before acting on any material within this report, you should consider whether it is suitable for your particular circumstances and as necessary, seek professional advice."
