Introduction,Header,Name,Account,Alias,BaseCurrency,AccountType,AnalysisPeriod,PerformanceMeasure
Introduction,Data,Jose Diaz Gonzalez,U17117677,,USD,Individual (Broker Client),"March 18, 2025 to January 27, 2026 (Daily)",TWR
Key Statistics,MetaInfo,Analysis Period,"March 18, 2025 - January 27, 2026"
Key Statistics,Header,BeginningNAV,EndingNAV,CumulativeReturn,5DayReturn,5DayReturnDateRange,10DayReturn,10DayReturnDateRange,BestReturn,BestReturnDate,WorstReturn,WorstReturnDate,MTM,Deposits & Withdrawals,Dividends,Interest,Fees & Commissions,Other,ChangeInNAV
Key Statistics,Data,0,11961.676895,14.84808199,2.076051888,20260121 - 20260127,0.210026184,20260114 - 20260127,7.555623252,20250409,-5.796974735,20250404,1889.54,10000,65.37,0,-19.143104,25.909999,11961.676895
Historical Performance,MetaInfo,Analysis Period,"March 18, 2025 - January 27, 2026"
Historical Performance,Header,Account,MTD,QTD,YTD,Since Inception
Historical Performance,Data,U17117677,1.514268528,1.514268528,1.514268528,14.848082079
Historical Performance,Header,Month,Account,AccountReturn
Historical Performance,Data,202501,U17117677,-
Historical Performance,Data,202502,U17117677,-
Historical Performance,Data,202503,U17117677,-
Historical Performance,Data,202504,U17117677,-3.413481764
Historical Performance,Data,202505,U17117677,4.803601744
Historical Performance,Data,202506,U17117677,3.975954588
Historical Performance,Data,202507,U17117677,1.884365121
Historical Performance,Data,202508,U17117677,1.488855229
Historical Performance,Data,202509,U17117677,2.765549985
Historical Performance,Data,202510,U17117677,1.924643837
Historical Performance,Data,202511,U17117677,-0.069638241
Historical Performance,Data,202512,U17117677,0.138608714
Historical Performance,Header,Quarter,Account,AccountReturn
Historical Performance,Data,2025 Q1,U17117677,-
Historical Performance,Data,2025 Q2,U17117677,5.250855662
Historical Performance,Data,2025 Q3,U17117677,6.260889787
Historical Performance,Data,2025 Q4,U17117677,1.994843363
Historical Performance,Header,Year,Account,AccountReturn
Historical Performance,Data,YTD,U17117677,1.514268528
Open Position Summary,MetaInfo,As Of,"January 27, 2026"
Open Position Summary,Header,Date,FinancialInstrument,Currency,Symbol,Description,Sector,Quantity,ClosePrice,Value,Cost Basis,UnrealizedP&L,FXRateToBase
Open Position Summary,Data,01/27/2026,ETFs,USD,SPY,SPDR S&P 500 ETF TRUST,Broad,13,695.49,9041.37,7235.948212,1805.421788,1
Open Position Summary,Data,Total,ETFs,USD,,,,,,9041.37,7235.948212,1805.421788
Open Position Summary,Data,01/27/2026,Stocks,USD,NVDA,NVIDIA CORP,Technology,1,188.52,188.52,123.544892,64.975108,1
Open Position Summary,Data,Total,Stocks,USD,,,,,,188.52,123.544892,64.975108
Open Position Summary,Data,01/27/2026,Cash,USD,USD,United States Dollar,Cash,2731.786895,1,2731.786895, , ,1
Performance by Symbol,MetaInfo,Analysis Period,"March 18, 2025 - January 27, 2026"
Performance by Symbol,Header,Symbol,Description,FinancialInstrument,Sector,AvgWeight,Return,Contribution,Unrealized_P&L,Realized_P&L,Open
Performance by Symbol,Data,SPY,SPDR S&P 500 ETF TRUST,ETFs,Broad,75.678238458,24.32031309,14.394259264,"1,805.42",0.00,Yes
Performance by Symbol,Data,Total ETFs,,,,75.678238458,24.32031309,14.394259264,"1,805.42",0.00,
Performance by Symbol,Data,NVDA,NVIDIA CORP,Stocks,Technology,1.490224752,52.617971134,0.453631736,64.98,0.00,Yes
Performance by Symbol,Data,Total Stocks,,,,1.490224752,52.617971134,0.453631736,64.98,0.00,
Performance by Symbol,Data,USD,United States Dollar,Cash,Cash,23.179584082,0.000000475,-0,,,Yes
Performance by Symbol,Data,Total Cash,,,,23.179584082,0.000000475,-0,,,
Performance by Symbol,Data,Total,,,,100,14.84808199,14.84808199,"1,870.40",0.00,
Projected Income,MetaInfo,As Of,"January 27, 2026"
Projected Income,Header,Financial Instrument,Symbol,Description,Frequency,Quantity,Price,Value,Current Yield %,Principal,Estimated Annual Income,Estimated 2026 Remaining Income
Projected Income,Data,ETFs,SPY,Ordinary Dividend,4,13,695.49,9041.37,1.05312801,-,95.2172,95.2172
Projected Income,Data,,Total ETFs,,,,,9041.37,1.05312801,,95.2172,95.2172
Projected Income,Data,Stocks,NVDA,Ordinary Dividend,4,1,188.52,188.52,0.021217908,-,0.04,0.04
Projected Income,Data,,Total Stocks,,,,,188.52,0.021217908,,0.04,0.04
Projected Income,Data,,Total,,,,,9229.89,1.032051303,,95.2572,95.2572
Trade Summary,MetaInfo,Analysis Period,"March 18, 2025 - January 27, 2026"
Trade Summary,Header,Financial Instrument,Currency,Symbol,Description,Sector,Quantity Bought,Average Price Bought,Proceeds Bought,Proceeds Bought in Base,Quantity Sold,Average Price Sold,Proceeds Sold,Proceeds Sold in Base
Trade Summary,Data,ETFs,United States Dollar,SPY,SPDR S&P 500 ETF TRUST,Broad,13,555.627692308,-7223.16,-7223.16,0,0,0,0
Trade Summary,Data,Stocks,United States Dollar,NVDA,NVIDIA CORP,Technology,1,117.19,-117.19,-117.19,0,0,0,0
Deposits And Withdrawals,MetaInfo,Analysis Period,"March 18, 2025 - January 27, 2026"
Deposits And Withdrawals,Header,Date,Type,Description,Amount
Deposits And Withdrawals,Data,03/18/25,DEPOSIT,Cash Receipts / Electronic Fund Transfers ,6400
Deposits And Withdrawals,Data,04/07/25,DEPOSIT,Cash Receipts / Electronic Fund Transfers ,3600
Dividends,MetaInfo,Analysis Period,"March 18, 2025 - January 27, 2026"
Dividends,Header,PayDate,Ex-Date,Symbol,Quantity,DividendPerShare,Amount
Dividends,Data,20250430,20250321,SPY,11,1.70,18.65
Dividends,Data,20250703,20250611,NVDA,1,0.01,0.01
Dividends,Data,20250731,20250620,SPY,13,1.76,22.89
Dividends,Data,20251002,20250911,NVDA,1,0.01,0.01
Dividends,Data,20251031,20250919,SPY,13,1.83,23.8
Dividends,Data,20251226,20251204,NVDA,1,0.01,0.01
Notes and Disclosure,Header,Type,Note
Notes and Disclosure,Data,General,"1. The Net Asset Value (NAV) consists of all positions by financial instrument (stock, securities options, warrants, bonds, cash, etc.). All non-base currency amounts are converted to the base currency at the close of period rate."
Notes and Disclosure,Data,General,2. The gain or loss from future contracts settle into cash each night. The notional value is used when computing the contribution to return.
Notes and Disclosure,Data,General,"3. Dividend accruals, interest accruals, and insured deposits are included in cash amounts throughout the report."
Notes and Disclosure,Data,General,4. Price valuations are obtained from outside parties. Clearing Broker shall have no responsibility for the accuracy or timeliness of any such price valuation.
Notes and Disclosure,Data,General,5. Data from Thomson Reuters Business Classifications and Lipper Global is used to derive our sector classifications. Funds with assorted sector allocations are classified as Broad.
Notes and Disclosure,Data,General,"6. Amounts are formatted to two decimal places. If amounts are greater than two decimal places, Clearing Broker uses "half-even" rounding. This means that Clearing Broker rounds such amounts up to the nearest even number."
Notes and Disclosure,Data,General,"7. For accounts opened and funded before 2009, reports with a time period of Since Inception will only include data going back to January 1, 2009. This includes some default reports and both Historical Performance reports."
Notes and Disclosure,Data,General,"8. If you have elected to trade cryptocurrency/digital asset products at Crypto Provider through the Clearing Broker platform, for your convenience your positions in your linked account at Crypto Provider are reflected in PortfolioAnalyst in connection with your Clearing Broker account."
Notes and Disclosure,Data,Section,1. Account Overview: The deposit/withdrawal amount displayed includes internal transfers along with cash and position transfers.
Notes and Disclosure,Data,Section,2. Projected Income: The Estimated Annual Income and Estimated Remaining Income in the Projected Income report assume dividend and bond payments remain constant throughout the year. These positions and interest rates are based on the previous business day.
Notes and Disclosure,Data,Section,"3. Risk Measures: Historical US 3 Month Treasury Bill rates are used as the risk free rates when calculating Alpha, the Sharpe ratio, the Sortino ratio, and the downside deviation."
Notes and Disclosure,Data,Disclosure,"This portfolio report was generated using Clearing Broker's PortfolioAnalyst tool, which allows Clearing Broker clients to generate analyses of their accounts using market data provided by third parties along with trade and account data contained in Clearing Broker's systems. This report is for information purposes only and is provided AS IS. Clearing Broker makes no warranty of any kind, express or implied, as to this report and its contents. The data provided for use in the PortfolioAnalyst tool is believed to be accurate, but completeness and accuracy of the information is not guaranteed, and Clearing Broker has no liability with respect thereto. The data regarding accounts held outside of Clearing Broker is obtained either directly from your input or from the financial institutions holding those accounts through a third-party service provider and Clearing Broker has NOT reviewed its accuracy.

The material in this report is intended only as a reference and should not be relied upon for the maintenance of your books and records for tax, accounting, financial, or regulatory reporting or for any other purposes. This report is not an offer or a solicitation of an offer to buy or sell any security. This material does not, and is not intended to, take into account the particular financial conditions, investment objectives, or requirements of individual customers. Before acting on any material within this report, you should consider whether it is suitable for your particular circumstances and as necessary, seek professional advice."
