Introduction,Header,Name,Account,Alias,BaseCurrency,AccountType,AnalysisPeriod,PerformanceMeasure
Introduction,Data,JOSE DIAZ GARCIA,U17124790,,USD,Individual (Broker Client),"January 23, 2025 to January 27, 2026 (Daily)",TWR
Key Statistics,MetaInfo,Analysis Period,"January 23, 2025 - January 27, 2026"
Key Statistics,Header,BeginningNAV,EndingNAV,CumulativeReturn,5DayReturn,5DayReturnDateRange,10DayReturn,10DayReturnDateRange,BestReturn,BestReturnDate,WorstReturn,WorstReturnDate,MTM,Deposits & Withdrawals,Dividends,Interest,Fees & Commissions,Other,ChangeInNAV
Key Statistics,Data,0,13197.022078,15.149941877,2.626828709,20260121 - 20260127,0.246418761,20260114 - 20260127,10.475381115,20250409,-5.840585336,20250404,2148.4243,10970,84.35,0,-6.764144,1.011922,13197.022078
Historical Performance,MetaInfo,Analysis Period,"January 23, 2025 - January 27, 2026"
Historical Performance,Header,Account,MTD,QTD,YTD,1 Year,Since Inception
Historical Performance,Data,U17124790,1.977732622,1.977732622,1.977732622,15.540744677,15.149941903
Historical Performance,Header,Month,Account,AccountReturn
Historical Performance,Data,202501,U17124790,-
Historical Performance,Data,202502,U17124790,-1.269350309
Historical Performance,Data,202503,U17124790,-5.654815317
Historical Performance,Data,202504,U17124790,-0.634300072
Historical Performance,Data,202505,U17124790,6.280917713
Historical Performance,Data,202506,U17124790,5.035172084
Historical Performance,Data,202507,U17124790,2.297430388
Historical Performance,Data,202508,U17124790,2.046931274
Historical Performance,Data,202509,U17124790,3.466120072
Historical Performance,Data,202510,U17124790,2.373692836
Historical Performance,Data,202511,U17124790,0.194234109
Historical Performance,Data,202512,U17124790,-0.010894338
Historical Performance,Header,Quarter,Account,AccountReturn
Historical Performance,Data,2025 Q1,U17124790,-
Historical Performance,Data,2025 Q2,U17124790,10.924260769
Historical Performance,Data,2025 Q3,U17124790,8.009719353
Historical Performance,Data,2025 Q4,U17124790,2.561362868
Historical Performance,Header,Year,Account,AccountReturn
Historical Performance,Data,YTD,U17124790,1.977732622
Open Position Summary,MetaInfo,As Of,"January 27, 2026"
Open Position Summary,Header,Date,FinancialInstrument,Currency,Symbol,Description,Sector,Quantity,ClosePrice,Value,Cost Basis,UnrealizedP&L,FXRateToBase
Open Position Summary,Data,01/27/2026,ETFs,USD,SPY,SPDR S&P 500 ETF TRUST,Broad,18.8606,695.49,13117.36,10975.697923,2141.662077,1
Open Position Summary,Data,Total,ETFs,USD,,,,,,13117.36,10975.697923,2141.662077
Open Position Summary,Data,01/27/2026,Cash,USD,USD,United States Dollar,Cash,79.662078,1,79.662078, , ,1
Performance by Symbol,MetaInfo,Analysis Period,"January 23, 2025 - January 27, 2026"
Performance by Symbol,Header,Symbol,Description,FinancialInstrument,Sector,AvgWeight,Return,Contribution,Unrealized_P&L,Realized_P&L,Open
Performance by Symbol,Data,SPY,SPDR S&P 500 ETF TRUST,ETFs,Broad,99.827550368,15.187746523,15.149941871,"2,141.66",0.00,Yes
Performance by Symbol,Data,Total ETFs,,,,99.827550368,15.187746523,15.149941871,"2,141.66",0.00,
Performance by Symbol,Data,USD,United States Dollar,Cash,Cash,0.550584292,0.000060454,0.000000006,,,Yes
Performance by Symbol,Data,Total Cash,,,,0.550584292,0.000060454,0.000000006,,,
Performance by Symbol,Data,Total,,,,100,15.149941877,15.149941877,"2,141.66",0.00,
Projected Income,MetaInfo,As Of,"January 27, 2026"
Projected Income,Header,Financial Instrument,Symbol,Description,Frequency,Quantity,Price,Value,Current Yield %,Principal,Estimated Annual Income,Estimated 2026 Remaining Income
Projected Income,Data,ETFs,SPY,Ordinary Dividend,4,18.8606,695.49,13117.36,1.053127906,-,138.14257864,138.14257864
Projected Income,Data,,Total,,,,,13117.36,1.053127906,,138.14257864,138.14257864
Trade Summary,MetaInfo,Analysis Period,"January 23, 2025 - January 27, 2026"
Trade Summary,Header,Financial Instrument,Currency,Symbol,Description,Sector,Quantity Bought,Average Price Bought,Proceeds Bought,Proceeds Bought in Base,Quantity Sold,Average Price Sold,Proceeds Sold,Proceeds Sold in Base
Trade Summary,Data,ETFs,United States Dollar,SPY,SPDR S&P 500 ETF TRUST,Broad,18.8606,581.579259302,-10968.933778,-10968.933778,0,0,0,0
Deposits And Withdrawals,MetaInfo,Analysis Period,"January 23, 2025 - January 27, 2026"
Deposits And Withdrawals,Header,Date,Type,Description,Amount
Deposits And Withdrawals,Data,01/23/25,DEPOSIT,Cash Receipts / Electronic Fund Transfers ,5970
Deposits And Withdrawals,Data,04/30/25,DEPOSIT,Cash Receipts / Electronic Fund Transfers ,5000
Dividends,MetaInfo,Analysis Period,"January 23, 2025 - January 27, 2026"
Dividends,Header,PayDate,Ex-Date,Symbol,Quantity,DividendPerShare,Amount
Dividends,Data,20250430,20250321,SPY,9.7852,1.70,16.59
Dividends,Data,20250731,20250620,SPY,18.8606,1.76,33.22
Dividends,Data,20251031,20250919,SPY,18.8606,1.83,34.54
Notes and Disclosure,Header,Type,Note
Notes and Disclosure,Data,General,"1. The Net Asset Value (NAV) consists of all positions by financial instrument (stock, securities options, warrants, bonds, cash, etc.). All non-base currency amounts are converted to the base currency at the close of period rate."
Notes and Disclosure,Data,General,2. The gain or loss from future contracts settle into cash each night. The notional value is used when computing the contribution to return.
Notes and Disclosure,Data,General,"3. Dividend accruals, interest accruals, and insured deposits are included in cash amounts throughout the report."
Notes and Disclosure,Data,General,4. Price valuations are obtained from outside parties. Clearing Broker shall have no responsibility for the accuracy or timeliness of any such price valuation.
Notes and Disclosure,Data,General,5. Data from Thomson Reuters Business Classifications and Lipper Global is used to derive our sector classifications. Funds with assorted sector allocations are classified as Broad.
Notes and Disclosure,Data,General,"6. Amounts are formatted to two decimal places. If amounts are greater than two decimal places, Clearing Broker uses "half-even" rounding. This means that Clearing Broker rounds such amounts up to the nearest even number."
Notes and Disclosure,Data,General,"7. For accounts opened and funded before 2009, reports with a time period of Since Inception will only include data going back to January 1, 2009. This includes some default reports and both Historical Performance reports."
Notes and Disclosure,Data,General,"8. If you have elected to trade cryptocurrency/digital asset products at Crypto Provider through the Clearing Broker platform, for your convenience your positions in your linked account at Crypto Provider are reflected in PortfolioAnalyst in connection with your Clearing Broker account."
Notes and Disclosure,Data,Section,1. Account Overview: The deposit/withdrawal amount displayed includes internal transfers along with cash and position transfers.
Notes and Disclosure,Data,Section,2. Projected Income: The Estimated Annual Income and Estimated Remaining Income in the Projected Income report assume dividend and bond payments remain constant throughout the year. These positions and interest rates are based on the previous business day.
Notes and Disclosure,Data,Section,"3. Risk Measures: Historical US 3 Month Treasury Bill rates are used as the risk free rates when calculating Alpha, the Sharpe ratio, the Sortino ratio, and the downside deviation."
Notes and Disclosure,Data,Disclosure,"This portfolio report was generated using Clearing Broker's PortfolioAnalyst tool, which allows Clearing Broker clients to generate analyses of their accounts using market data provided by third parties along with trade and account data contained in Clearing Broker's systems. This report is for information purposes only and is provided AS IS. Clearing Broker makes no warranty of any kind, express or implied, as to this report and its contents. The data provided for use in the PortfolioAnalyst tool is believed to be accurate, but completeness and accuracy of the information is not guaranteed, and Clearing Broker has no liability with respect thereto. The data regarding accounts held outside of Clearing Broker is obtained either directly from your input or from the financial institutions holding those accounts through a third-party service provider and Clearing Broker has NOT reviewed its accuracy.

The material in this report is intended only as a reference and should not be relied upon for the maintenance of your books and records for tax, accounting, financial, or regulatory reporting or for any other purposes. This report is not an offer or a solicitation of an offer to buy or sell any security. This material does not, and is not intended to, take into account the particular financial conditions, investment objectives, or requirements of individual customers. Before acting on any material within this report, you should consider whether it is suitable for your particular circumstances and as necessary, seek professional advice."
