Introduction,Header,Name,Account,Alias,BaseCurrency,AccountType,AnalysisPeriod,PerformanceMeasure
Introduction,Data,Jose M Saca,U19417122,,USD,Individual (Broker Client),"July 26, 2024 to January 27, 2026 (Daily)",TWR
Key Statistics,MetaInfo,Analysis Period,"July 26, 2024 - January 27, 2026"
Key Statistics,Header,BeginningNAV,EndingNAV,CumulativeReturn,5DayReturn,5DayReturnDateRange,10DayReturn,10DayReturnDateRange,BestReturn,BestReturnDate,WorstReturn,WorstReturnDate,MTM,Deposits & Withdrawals,Dividends,Interest,Fees & Commissions,Other,ChangeInNAV
Key Statistics,Data,0,33431.539727,7.204741799,3.624200297,20260121 - 20260127,1.338989232,20260114 - 20260127,2.461015389,20250724,-2.49687585,20251114,16963.3004,14858.67,5483.22,-0.35,-2793.140672,-1080.160001,33431.539727
Historical Performance,MetaInfo,Analysis Period,"July 26, 2024 - January 27, 2026"
Historical Performance,Header,Account,MTD,QTD,YTD,1 Year,Since Inception
Historical Performance,Data,U19417122,3.098327495,3.098327495,3.098327495,8.15871661,7.204741783
Historical Performance,Header,Month,Account,AccountReturn
Historical Performance,Data,202501,U19417122,3.928873283
Historical Performance,Data,202502,U19417122,6.10153876
Historical Performance,Data,202503,U19417122,1.335866089
Historical Performance,Data,202504,U19417122,-0.841487597
Historical Performance,Data,202505,U19417122,-0.00022294
Historical Performance,Data,202506,U19417122,2.336774346
Historical Performance,Data,202507,U19417122,3.109674702
Historical Performance,Data,202508,U19417122,0.508497149
Historical Performance,Data,202509,U19417122,2.533189422
Historical Performance,Data,202510,U19417122,-3.980874215
Historical Performance,Data,202511,U19417122,-4.958460845
Historical Performance,Data,202512,U19417122,-3.728614797
Historical Performance,Data,202401,U19417122,-
Historical Performance,Data,202402,U19417122,-
Historical Performance,Data,202403,U19417122,-
Historical Performance,Data,202404,U19417122,-
Historical Performance,Data,202405,U19417122,-
Historical Performance,Data,202406,U19417122,-
Historical Performance,Data,202407,U19417122,-
Historical Performance,Data,202408,U19417122,0.443723337
Historical Performance,Data,202409,U19417122,1.999094088
Historical Performance,Data,202410,U19417122,-1.633570566
Historical Performance,Data,202411,U19417122,-0.560884768
Historical Performance,Data,202412,U19417122,-1.978315186
Historical Performance,Header,Quarter,Account,AccountReturn
Historical Performance,Data,2025 Q1,U19417122,11.743195093
Historical Performance,Data,2025 Q2,U19417122,1.475396853
Historical Performance,Data,2025 Q3,U19417122,6.25922959
Historical Performance,Data,2025 Q4,U19417122,-12.144606314
Historical Performance,Data,2024 Q1,U19417122,-
Historical Performance,Data,2024 Q2,U19417122,-
Historical Performance,Data,2024 Q3,U19417122,-
Historical Performance,Data,2024 Q4,U19417122,-4.120376091
Historical Performance,Header,Year,Account,AccountReturn
Historical Performance,Data,YTD,U19417122,3.098327495
Historical Performance,Data,2025,U19417122,5.856354968
Open Position Summary,MetaInfo,As Of,"January 27, 2026"
Open Position Summary,Header,Date,FinancialInstrument,Currency,Symbol,Description,Sector,Quantity,ClosePrice,Value,Cost Basis,UnrealizedP&L,FXRateToBase
Open Position Summary,Data,01/27/2026,ETFs,USD,TLT,ISHARES 20+ YEAR TREASURY BD,Government,156,87.8,13696.8,14390.115033,-693.315033,1
Open Position Summary,Data,Total,ETFs,USD,,,,,,13696.8,14390.115033,-693.315033
Open Position Summary,Data,01/27/2026,Stocks,USD,JD,JD.COM INC-ADR,Consumer Cyclicals,250,29.5,7375,8700.506143,-1325.506143,1
Open Position Summary,Data,01/27/2026,Stocks,USD,NVO,NOVO-NORDISK A/S-SPONS ADR,Healthcare,50,62.89,3144.5,2638.936357,505.563643,1
Open Position Summary,Data,01/27/2026,Stocks,USD,PYPL,PAYPAL HOLDINGS INC,Financials,150,55.51,8326.5,11787.283686,-3460.783686,1
Open Position Summary,Data,Total,Stocks,USD,,,,,,18846,23126.726186,-4280.726186
Open Position Summary,Data,01/27/2026,Cash,USD,USD,United States Dollar,Cash,888.739727,1,888.739727, , ,1
Performance by Symbol,MetaInfo,Analysis Period,"July 26, 2024 - January 27, 2026"
Performance by Symbol,Header,Symbol,Description,FinancialInstrument,Sector,AvgWeight,Return,Contribution,Unrealized_P&L,Realized_P&L,Open
Performance by Symbol,Data,EMLC,VANECK JPM EM LOCAL CURR BND,ETFs,Broad,4.515509929,-0.084556813,-0.003840072,0.00,-8.48,No
Performance by Symbol,Data,JAAA,JANUS HENDERSON AAA CLO ETF,ETFs,Broad,20.322007633,-0.939546801,-0.204030487,0.00,-798.08,No
Performance by Symbol,Data,KBWD,INVESCO KBW HIGH DIVIDEND YI,ETFs,Financials,7.974942536,-18.585180752,-1.529820772,0.00,"-3,945.01",No
Performance by Symbol,Data,LQDW,ISHARES INGR CORP BD B/W ETF,ETFs,Broad,12.556961513,-1.955917672,-0.244130254,0.00,"-1,009.48",No
Performance by Symbol,Data,QYLD,GLOBAL X NASD 100 COV CALL,ETFs,Broad,17.778935257,2.022155261,0.362042432,0.00,850.33,No
Performance by Symbol,Data,RYLD,GLOBAL X RUSSELL 2000 COV CL,ETFs,Broad,8.891755174,-8.737423239,-0.595262842,0.00,"-1,908.28",No
Performance by Symbol,Data,SHV,ISHARES SHORT TREASURY BOND,ETFs,Government,91.586706427,0.091661058,0.117384637,0.00,-9.28,No
Performance by Symbol,Data,TLT,ISHARES 20+ YEAR TREASURY BD,ETFs,Government,37.854236716,-7.408117832,0.705443062,-693.32,"4,830.22",Yes
Performance by Symbol,Data,TLTW,ISHARES 20+ BOND BUYWRITE,ETFs,Broad,76.857603815,6.330597202,4.746180641,0.00,955.61,No
Performance by Symbol,Data,XYLD,GLOBAL X S&P 500 COVE CALL E,ETFs,Broad,16.831386049,2.255395193,0.381471951,0.00,895.75,No
Performance by Symbol,Data,Total ETFs,,,,71.212492405,-2.743398676,3.646134655,-693.32,-146.70,
Performance by Symbol,Data,BABA  250117C00090000,BABA 17JAN25 90 C,Options,Technology,-2.235297092,46.078315926,-0.967254635,0.00,"-1,726.96",No
Performance by Symbol,Data,BABA  250117P00080000,BABA 17JAN25 80 P,Options,Technology,2.554243204,-61.722461434,-1.964576212,0.00,"-3,463.82",No
Performance by Symbol,Data,BABA  250321C00120000,BABA 21MAR25 120 C,Options,Technology,-0.886538671,-86.751863733,2.009410658,0.00,"4,438.03",No
Performance by Symbol,Data,BABA  250321P00105000,BABA 21MAR25 105 P,Options,Technology,6.859452216,101.426501373,4.202975007,0.00,"9,297.75",No
Performance by Symbol,Data,BABA2 270115C00085000,BABA2 15JAN27 85 C,Options,Technology,5.457755039,103.299905828,4.812353207,0.00,"10,532.43",No
Performance by Symbol,Data,BIDU  270115C00100000,BIDU 15JAN27 100 C,Options,Technology,4.438346017,36.42744333,1.616798581,0.00,"3,832.54",No
Performance by Symbol,Data,DIS   250117C00105000,DIS 17JAN25 105 C,Options,Telecomm,-0.614277633,42.043696631,-0.235387647,0.00,-556.59,No
Performance by Symbol,Data,DIS   250117P00090000,DIS 17JAN25 90 P,Options,Telecomm,1.727317909,-40.24205333,-0.606619823,0.00,"-1,419.40",No
Performance by Symbol,Data,INTC  260116C00015000,INTC 16JAN26 15 C,Options,Technology,2.044328808,48.136920382,0.984134003,0.00,"2,304.41",No
Performance by Symbol,Data,NKE   250321C00100000,NKE 21MAR25 100 C,Options,Consumer Cyclicals,-0.443280535,-84.474573161,0.667468269,0.00,"1,487.19",No
Performance by Symbol,Data,NKE   250321P00082500,NKE 21MAR25 82.5 P,Options,Consumer Cyclicals,4.27059329,32.52951233,0.963331502,0.00,"2,272.98",No
Performance by Symbol,Data,NKE   260618C00072500,NKE 18JUN26 72.5 C,Options,Consumer Cyclicals,0.546270067,46.702513785,0.224293458,0.00,519.59,No
Performance by Symbol,Data,NKE   270115C00075000,NKE 15JAN27 75 C,Options,Consumer Cyclicals,4.792303908,17.916941167,1.257285235,0.00,"2,996.18",No
Performance by Symbol,Data,NKE   271217C00050000,NKE 17DEC27 50 C,Options,Consumer Cyclicals,4.039034693,1.746680325,0.068651574,0.00,162.35,No
Performance by Symbol,Data,NVDA  270115C00120000,NVDA 15JAN27 120 C,Options,Technology,1.151283459,5.550802462,0.063147824,0.00,148.31,No
Performance by Symbol,Data,TLT   270115C00080000,TLT 15JAN27 80 C,Options,Government,1.430702548,-28.281774995,-0.445559286,0.00,-988.18,No
Performance by Symbol,Data,Total Options,,,,7.574425938,-67.404877057,13.062026207,0.00,"29,836.81",
Performance by Symbol,Data,AAPL,APPLE INC,Stocks,Technology,29.433615479,5.140415176,1.495094602,0.00,508.19,No
Performance by Symbol,Data,ABNB,AIRBNB INC-CLASS A,Stocks,Technology,1.849412163,4.379697849,0.080220219,0.00,178.35,No
Performance by Symbol,Data,BABA,ALIBABA GROUP HOLDING-SP ADR,Stocks,Technology,38.992310353,-9.586294767,-3.70233705,0.00,"-9,355.37",No
Performance by Symbol,Data,BDJ,BLACKROCK ENHANCED EQTY DVD,Stocks,Broad,9.087799893,-2.986580517,-0.156296149,0.00,-880.78,No
Performance by Symbol,Data,BMWYY,BAYERISCHE MOTOREN-SPON ADR,Stocks,Consumer Cyclicals,1.858145491,2.69269396,0.04957566,0.00,109.63,No
Performance by Symbol,Data,CELH,CELSIUS HOLDINGS INC,Stocks,Consumer Non-Cyc,0.956269172,-19.63309397,-0.203473721,0.00,-453.45,No
Performance by Symbol,Data,CVS,CVS HEALTH CORP,Stocks,Healthcare,1.887809306,3.655396336,0.067996766,0.00,150.26,No
Performance by Symbol,Data,DECK,DECKERS OUTDOOR CORP,Stocks,Consumer Cyclicals,17.447817886,18.538882513,3.251071116,0.00,"1,117.68",No
Performance by Symbol,Data,DIS,WALT DISNEY CO/THE,Stocks,Telecomm,31.279609877,5.305497391,1.424552531,0.00,"3,369.72",No
Performance by Symbol,Data,DOCU,DOCUSIGN INC,Stocks,Technology,1.273816153,5.097678084,0.063497248,0.00,141.67,No
Performance by Symbol,Data,INTC,INTEL CORP,Stocks,Technology,1.759139695,17.782174285,0.306534675,0.00,679.57,No
Performance by Symbol,Data,IPAR,INTERPARFUMS INC,Stocks,Consumer Non-Cyc,1.28478233,0.038219024,0.000831913,0.00,1.15,No
Performance by Symbol,Data,JD,JD.COM INC-ADR,Stocks,Consumer Cyclicals,21.617832533,-12.915784431,-3.684740986,"-1,325.51",112.88,Yes
Performance by Symbol,Data,NKE,NIKE INC -CL B,Stocks,Consumer Cyclicals,37.772835908,-2.872253569,-3.347761516,0.00,"-7,445.95",No
Performance by Symbol,Data,NVO,NOVO-NORDISK A/S-SPONS ADR,Stocks,Healthcare,7.724058076,19.157856587,1.616507902,505.56,0.00,Yes
Performance by Symbol,Data,POAHY,PORSCHE AUTOMOBIL-UNSP ADR,Stocks,Consumer Cyclicals,1.846133574,3.098412154,0.056712072,0.00,125.80,No
Performance by Symbol,Data,PYPL,PAYPAL HOLDINGS INC,Stocks,Financials,27.560429789,-29.247125743,-9.362339989,"-3,460.78",0.00,Yes
Performance by Symbol,Data,STLA,STELLANTIS NV,Stocks,Consumer Cyclicals,1.844406764,0.362931333,0.00659631,0.00,14.85,No
Performance by Symbol,Data,STM,STMICROELECTRONICS NV-NY SHS,Stocks,Technology,0.834318073,4.467196781,0.055388877,0.00,124.37,No
Performance by Symbol,Data,VWAGY,VOLKSWAGEN A G-UNSPON ADR,Stocks,Consumer Cyclicals,1.874292528,4.264225344,0.078528326,0.00,173.55,No
Performance by Symbol,Data,XP,XP INC - CLASS A,Stocks,Financials,1.019953518,6.453956472,0.064436016,0.00,142.67,No
Performance by Symbol,Data,XYZ,BLOCK INC,Stocks,Industrials,28.593409859,4.756295479,1.359768263,0.00,462.21,No
Performance by Symbol,Data,Total Stocks,,,,43.994144661,-14.781317339,-10.7809987,"-4,280.73","-10,722.98",
Performance by Symbol,Data,USD,United States Dollar,Cash,Cash,13.351388065,1425.771709706,1.909481692,,,Yes
Performance by Symbol,Data,Total Cash,,,,13.351388065,1425.771709706,1.909481692,,,
Performance by Symbol,Data,Total,,,,100,7.204741799,7.204741799,"-4,974.04","18,967.13",
Projected Income,MetaInfo,As Of,"January 27, 2026"
Projected Income,Header,Financial Instrument,Symbol,Description,Frequency,Quantity,Price,Value,Current Yield %,Principal,Estimated Annual Income,Estimated 2026 Remaining Income
Projected Income,Data,ETFs,TLT,Ordinary Dividend,12,156,87.8,13696.8,4.443553531,-,608.62464,608.62464
Projected Income,Data,,Total ETFs,,,,,13696.8,4.443553531,,608.62464,608.62464
Projected Income,Data,Stocks,JD,Ordinary Dividend,1,250,29.5,7375,3.389830508,-,250,250
Projected Income,Data,Stocks,NVO,Ordinary Dividend,2,50,62.89,3144.5,2.746700588,-,86.37,86.37
Projected Income,Data,Stocks,PYPL,Ordinary Dividend,4,150,55.51,8326.5,1.008827238,-,84,84
Projected Income,Data,,Total Stocks,,,,,18846,2.230552902,,420.37,420.37
Projected Income,Data,,Total,,,,,32542.8,3.161973278,,1028.99464,1028.99464
Trade Summary,MetaInfo,Analysis Period,"July 26, 2024 - January 27, 2026"
Trade Summary,Header,Financial Instrument,Currency,Symbol,Description,Sector,Quantity Bought,Average Price Bought,Proceeds Bought,Proceeds Bought in Base,Quantity Sold,Average Price Sold,Proceeds Sold,Proceeds Sold in Base
Trade Summary,Data,ETFs,United States Dollar,EMLC,VANECK JPM EM LOCAL CURR BND,Broad,400,25.035,-10014,-10014,-400,25.105,10042,10042
Trade Summary,Data,ETFs,United States Dollar,JAAA,JANUS HENDERSON AAA CLO ETF,Broad,1160,50.781637931,-58906.7,-58906.7,-1160,50.196637931,58228.1,58228.1
Trade Summary,Data,ETFs,United States Dollar,KBWD,INVESCO KBW HIGH DIVIDEND YI,Financials,1280,15.638078125,-20016.74,-20016.74,-1280,12.612515625,16144.02,16144.02
Trade Summary,Data,ETFs,United States Dollar,LQDW,ISHARES INGR CORP BD B/W ETF,Broad,1140,26.33,-30016.2,-30016.2,-1140,25.512491228,29084.24,29084.24
Trade Summary,Data,ETFs,United States Dollar,QYLD,GLOBAL X NASD 100 COV CALL,Broad,2600,16.1493,-41988.18,-41988.18,-2600,16.525,42965,42965
Trade Summary,Data,ETFs,United States Dollar,RYLD,GLOBAL X RUSSELL 2000 COV CL,Broad,2900,14.961775862,-43389.15,-43389.15,-2900,14.355,41629.5,41629.5
Trade Summary,Data,ETFs,United States Dollar,SHV,ISHARES SHORT TREASURY BOND,Government,4066,110.241748401,-448242.949,-448242.949,-2062,110.314894956,227469.3134,227469.3134
Trade Summary,Data,ETFs,United States Dollar,TLT,ISHARES 20+ YEAR TREASURY BD,Government,2006,88.584975075,-177701.46,-177701.46,-1850,90.972708108,168299.51,168299.51
Trade Summary,Data,ETFs,United States Dollar,TLTW,ISHARES 20+ BOND BUYWRITE,Broad,1200,23.19,-27828,-27828,-1200,24.051775,28862.13,28862.13
Trade Summary,Data,ETFs,United States Dollar,XYLD,GLOBAL X S&P 500 COVE CALL E,Broad,1050,37.795,-39684.75,-39684.75,-1050,38.71,40645.5,40645.5
Trade Summary,Data,Options,United States Dollar,BABA  250117C00090000,BABA 17JAN25 90 C,Technology,9,6.05,-5445,-5445,-9,4.2,3780,3780
Trade Summary,Data,Options,United States Dollar,BABA  250117P00080000,BABA 17JAN25 80 P,Technology,9,6.2,-5580,-5580,-9,2.42,2178,2178
Trade Summary,Data,Options,United States Dollar,BABA  250321C00120000,BABA 21MAR25 120 C,Technology,9,0.72,-648,-648,-9,5.72,5148,5148
Trade Summary,Data,Options,United States Dollar,BABA  250321P00105000,BABA 21MAR25 105 P,Technology,9,10.15,-9135,-9135,-9,20.55,18495,18495
Trade Summary,Data,Options,United States Dollar,BABA2 270115C00085000,BABA2 15JAN27 85 C,Technology,5,20.35,-10175,-10175,-5,41.5,20750,20750
Trade Summary,Data,Options,United States Dollar,BIDU  270115C00100000,BIDU 15JAN27 100 C,Technology,5,21,-10500,-10500,-5,28.75,14375,14375
Trade Summary,Data,Options,United States Dollar,DIS   250117C00105000,DIS 17JAN25 105 C,Telecomm,7,2.65,-1855,-1855,-7,1.93,1351,1351
Trade Summary,Data,Options,United States Dollar,DIS   250117P00090000,DIS 17JAN25 90 P,Telecomm,7,5,-3500,-3500,-7,3.05,2135,2135
Trade Summary,Data,Options,United States Dollar,INTC  260116C00015000,INTC 16JAN26 15 C,Technology,7,6.8,-4760,-4760,-7,10.17,7119,7119
Trade Summary,Data,Options,United States Dollar,NKE   250321C00100000,NKE 21MAR25 100 C,Consumer Cyclicals,12,0.2,-240,-240,-12,1.5,1800,1800
Trade Summary,Data,Options,United States Dollar,NKE   250321P00082500,NKE 21MAR25 82.5 P,Consumer Cyclicals,12,5.79,-6948,-6948,-12,7.75,9300,9300
Trade Summary,Data,Options,United States Dollar,NKE   260618C00072500,NKE 18JUN26 72.5 C,Consumer Cyclicals,1,11,-1100,-1100,-1,16.45,1645,1645
Trade Summary,Data,Options,United States Dollar,NKE   270115C00075000,NKE 15JAN27 75 C,Consumer Cyclicals,9,14.67,-13203,-13203,-9,18.08,16272,16272
Trade Summary,Data,Options,United States Dollar,NKE   271217C00050000,NKE 17DEC27 50 C,Consumer Cyclicals,6,15.45,-9270,-9270,-6,15.8,9480,9480
Trade Summary,Data,Options,United States Dollar,NVDA  270115C00120000,NVDA 15JAN27 120 C,Technology,1,26.59,-2659,-2659,-1,28.33,2833,2833
Trade Summary,Data,Options,United States Dollar,TLT   270115C00080000,TLT 15JAN27 80 C,Government,2,17.4,-3480,-3480,-2,12.6,2520,2520
Trade Summary,Data,Stocks,United States Dollar,AAPL,APPLE INC,Technology,50,197.5,-9875,-9875,-50,208.11,10405.5,10405.5
Trade Summary,Data,Stocks,United States Dollar,ABNB,AIRBNB INC-CLASS A,Technology,35,116.035,-4061.225,-4061.225,-35,121.76,4261.6,4261.6
Trade Summary,Data,Stocks,United States Dollar,BABA,ALIBABA GROUP HOLDING-SP ADR,Technology,1800,91.757627778,-165163.73,-165163.73,-1800,86.62595,155926.71,155926.71
Trade Summary,Data,Stocks,United States Dollar,BDJ,BLACKROCK ENHANCED EQTY DVD,Broad,2400,8.297870833,-19914.89,-19914.89,-2400,7.98,19152,19152
Trade Summary,Data,Stocks,United States Dollar,BMWYY,BAYERISCHE MOTOREN-SPON ADR,Consumer Cyclicals,155,26.18,-4057.9,-4057.9,-155,27.06,4194.3,4194.3
Trade Summary,Data,Stocks,United States Dollar,CELH,CELSIUS HOLDINGS INC,Consumer Non-Cyc,70,32.83,-2298.1,-2298.1,-70,26.68,1867.6,1867.6
Trade Summary,Data,Stocks,United States Dollar,CVS,CVS HEALTH CORP,Healthcare,73,56.15,-4098.95,-4098.95,-73,58.53,4272.69,4272.69
Trade Summary,Data,Stocks,United States Dollar,DECK,DECKERS OUTDOOR CORP,Consumer Cyclicals,58,103.75,-6017.5,-6017.5,-58,123.41,7157.78,7157.78
Trade Summary,Data,Stocks,United States Dollar,DIS,WALT DISNEY CO/THE,Telecomm,700,90.699428571,-63489.6,-63489.6,-700,95.585,66909.5,66909.5
Trade Summary,Data,Stocks,United States Dollar,DOCU,DOCUSIGN INC,Technology,50,55.3595,-2767.975,-2767.975,-50,58.64,2932,2932
Trade Summary,Data,Stocks,United States Dollar,INTC,INTEL CORP,Technology,200,19.04,-3808,-3808,-200,22.58,4516,4516
Trade Summary,Data,Stocks,United States Dollar,IPAR,INTERPARFUMS INC,Consumer Non-Cyc,29,103.74,-3008.46,-3008.46,-29,104.53,3031.37,3031.37
Trade Summary,Data,Stocks,United States Dollar,JD,JD.COM INC-ADR,Consumer Cyclicals,402,31.580895522,-12695.52,-12695.52,-152,27.3005,4149.676,4149.676
Trade Summary,Data,Stocks,United States Dollar,NKE,NIKE INC -CL B,Consumer Cyclicals,1252,82.294376997,-103032.56,-103032.56,-1252,76.420846645,95678.9,95678.9
Trade Summary,Data,Stocks,United States Dollar,NVO,NOVO-NORDISK A/S-SPONS ADR,Healthcare,50,52.555,-2627.75,-2627.75,0,0,0,0
Trade Summary,Data,Stocks,United States Dollar,POAHY,PORSCHE AUTOMOBIL-UNSP ADR,Consumer Cyclicals,950,4.24,-4028,-4028,-950,4.44,4218,4218
Trade Summary,Data,Stocks,United States Dollar,PYPL,PAYPAL HOLDINGS INC,Financials,150,78.495,-11774.25,-11774.25,0,0,0,0
Trade Summary,Data,Stocks,United States Dollar,STLA,STELLANTIS NV,Consumer Cyclicals,270,15.095,-4075.65,-4075.65,-270,15.265,4121.55,4121.55
Trade Summary,Data,Stocks,United States Dollar,STM,STMICROELECTRONICS NV-NY SHS,Technology,100,27.72,-2772,-2772,-100,29.205,2920.5,2920.5
Trade Summary,Data,Stocks,United States Dollar,VWAGY,VOLKSWAGEN A G-UNSPON ADR,Consumer Cyclicals,390,10.39,-4052.1,-4052.1,-390,10.93,4262.7,4262.7
Trade Summary,Data,Stocks,United States Dollar,XP,XP INC - CLASS A,Financials,120,18.318333333,-2198.2,-2198.2,-120,19.715,2365.8,2365.8
Trade Summary,Data,Stocks,United States Dollar,XYZ,BLOCK INC,Industrials,150,64.7,-9705,-9705,-150,67.954,10193.1,10193.1
Deposits And Withdrawals,MetaInfo,Analysis Period,"July 26, 2024 - January 27, 2026"
Deposits And Withdrawals,Header,Date,Type,Description,Amount
Deposits And Withdrawals,Data,07/26/24,NA,"Adjustment: Deposit Advance (first 1,000.00 Of 55,000.00 Deposit) ",1000
Deposits And Withdrawals,Data,07/31/24,DEPOSIT,Cash Receipts / Electronic Fund Transfers ,55000
Deposits And Withdrawals,Data,07/31/24,NA,"Cancellation (first 1,000.00 Of 55,000.00 Deposit) ",-1000
Deposits And Withdrawals,Data,08/05/24,DEPOSIT,Cash Receipts / Electronic Fund Transfers ,45000
Deposits And Withdrawals,Data,08/13/24,DEPOSIT,Cash Receipts / Electronic Fund Transfers ,55000
Deposits And Withdrawals,Data,08/22/24,DEPOSIT,Cash Receipts / Electronic Fund Transfers ,44000
Deposits And Withdrawals,Data,09/10/24,DEPOSIT,Cash Receipts / Electronic Fund Transfers ,21000
Deposits And Withdrawals,Data,12/19/24,NA,Adjustment: Commission (consolidated Audit Trail Fee Refund) ,0.07
Deposits And Withdrawals,Data,04/21/25,ACATOUT,"Ishares Short Treasury Bond (SHV) Quantity: -2,004",-221121.36
Deposits And Withdrawals,Data,04/22/25,ACATOUT,"Ishares Short Treasury Bond (SHV) Quantity: -2,004",-221141.4
Deposits And Withdrawals,Data,04/22/25,ACATOUTCNCL,"Ishares Short Treasury Bond (SHV) Quantity: 2,004",221121.36
Deposits And Withdrawals,Data,05/16/25,NA,"Adjustment: Deposit Advance (first 13,456.53 Of 16,000.00 Deposit) ",13456.53
Deposits And Withdrawals,Data,05/23/25,DEPOSIT,Cash Receipts / Electronic Fund Transfers ,16000
Deposits And Withdrawals,Data,05/23/25,NA,"Cancellation (first 13,456.53 Of 16,000.00 Deposit) ",-13456.53
Dividends,MetaInfo,Analysis Period,"July 26, 2024 - January 27, 2026"
Dividends,Header,PayDate,Ex-Date,Symbol,Note,Quantity,DividendPerShare,Amount
Dividends,Data,20241001,20240924,STM,Dividend Payment,100,0.09,9
Dividends,Data,20241004,20241001,TLT,Dividend Payment,100,0.32,31.58
Dividends,Data,20241106,20241101,TLT,Dividend Payment,100,0.31,31.05
Dividends,Data,20241106,20241101,SHV,Payment In Lieu,70,0.22,15.41
Dividends,Data,20241106,20241101,SHV,Dividend Payment,70,0.25,17.27
Dividends,Data,20250102,20241202,NKE,Dividend Payment,1200,0.40,480
Dividends,Data,20250128,20250121,RYLD,Dividend Payment,1200,0.17,201.84
Dividends,Data,20250131,20250115,BDJ,Dividend Payment,2400,0.06,148.56
Dividends,Data,20250206,20250203,TLT,Dividend Payment,1750,0.31,546.49
Dividends,Data,20250228,20250214,BDJ,Dividend Payment,2400,0.06,148.56
Dividends,Data,20250228,20250224,KBWD,Dividend Payment,1280,0.15,187.23
Dividends,Data,20250303,20250224,RYLD,Dividend Payment,1200,0.16,195.24
Dividends,Data,20250306,20250303,TLT,Dividend Payment,1060,0.29,307.21
Dividends,Data,20250307,20250304,LQDW,Dividend Payment,1140,0.26,296.34
Dividends,Data,20250307,20250303,JAAA,Dividend Payment,740,0.22,161.92
Dividends,Data,20250328,20250324,KBWD,Dividend Payment,1280,0.14,182.11
Dividends,Data,20250331,20250324,RYLD,Dividend Payment,1200,0.15,184.44
Dividends,Data,20250331,20250314,BDJ,Dividend Payment,2400,0.06,148.56
Dividends,Data,20250404,20250401,TLT,Dividend Payment,1060,0.33,345.12
Dividends,Data,20250407,20250402,LQDW,Dividend Payment,1140,0.27,313.39
Dividends,Data,20250407,20250401,JAAA,Dividend Payment,1123,0.24,267.6
Dividends,Data,20250708,20250702,TLTW,Dividend Payment,1200,0.31,376.42
Dividends,Data,20250807,20250804,TLTW,Dividend Payment,1200,0.23,277.31
Dividends,Data,20250908,20250903,TLTW,Dividend Payment,1200,0.22,261.98
Dividends,Data,20251007,20251002,TLTW,Dividend Payment,1200,0.14,173.43
Dividends,Data,20251106,20251103,TLT,Dividend Payment,156,0.33,50.72
Dividends,Data,20251204,20251201,TLT,Dividend Payment,156,0.32,50.02
Dividends,Data,20251210,20251119,PYPL,Dividend Payment,150,0.14,21
Dividends,Data,20251224,20251219,TLT,Dividend Payment,156,0.34,53.42
Interest Details,MetaInfo,Analysis Period,"July 26, 2024 - January 27, 2026"
Interest Details,Header,Date,Description,Amount
Interest Details,Data,20250403,USD Debit Interest Paid for March 2025,-0.31
Interest Details,Data,20250505,USD Debit Interest Paid for April 2025,-0.04
Notes and Disclosure,Header,Type,Note
Notes and Disclosure,Data,General,"1. The Net Asset Value (NAV) consists of all positions by financial instrument (stock, securities options, warrants, bonds, cash, etc.). All non-base currency amounts are converted to the base currency at the close of period rate."
Notes and Disclosure,Data,General,2. The gain or loss from future contracts settle into cash each night. The notional value is used when computing the contribution to return.
Notes and Disclosure,Data,General,"3. Dividend accruals, interest accruals, and insured deposits are included in cash amounts throughout the report."
Notes and Disclosure,Data,General,4. Price valuations are obtained from outside parties. Clearing Broker shall have no responsibility for the accuracy or timeliness of any such price valuation.
Notes and Disclosure,Data,General,5. Data from Thomson Reuters Business Classifications and Lipper Global is used to derive our sector classifications. Funds with assorted sector allocations are classified as Broad.
Notes and Disclosure,Data,General,"6. Amounts are formatted to two decimal places. If amounts are greater than two decimal places, Clearing Broker uses "half-even" rounding. This means that Clearing Broker rounds such amounts up to the nearest even number."
Notes and Disclosure,Data,General,"7. For accounts opened and funded before 2009, reports with a time period of Since Inception will only include data going back to January 1, 2009. This includes some default reports and both Historical Performance reports."
Notes and Disclosure,Data,General,"8. If you have elected to trade cryptocurrency/digital asset products at Crypto Provider through the Clearing Broker platform, for your convenience your positions in your linked account at Crypto Provider are reflected in PortfolioAnalyst in connection with your Clearing Broker account."
Notes and Disclosure,Data,Section,1. Account Overview: The deposit/withdrawal amount displayed includes internal transfers along with cash and position transfers.
Notes and Disclosure,Data,Section,2. Projected Income: The Estimated Annual Income and Estimated Remaining Income in the Projected Income report assume dividend and bond payments remain constant throughout the year. These positions and interest rates are based on the previous business day.
Notes and Disclosure,Data,Section,"3. Risk Measures: Historical US 3 Month Treasury Bill rates are used as the risk free rates when calculating Alpha, the Sharpe ratio, the Sortino ratio, and the downside deviation."
Notes and Disclosure,Data,Disclosure,"This portfolio report was generated using Clearing Broker's PortfolioAnalyst tool, which allows Clearing Broker clients to generate analyses of their accounts using market data provided by third parties along with trade and account data contained in Clearing Broker's systems. This report is for information purposes only and is provided AS IS. Clearing Broker makes no warranty of any kind, express or implied, as to this report and its contents. The data provided for use in the PortfolioAnalyst tool is believed to be accurate, but completeness and accuracy of the information is not guaranteed, and Clearing Broker has no liability with respect thereto. The data regarding accounts held outside of Clearing Broker is obtained either directly from your input or from the financial institutions holding those accounts through a third-party service provider and Clearing Broker has NOT reviewed its accuracy.

The material in this report is intended only as a reference and should not be relied upon for the maintenance of your books and records for tax, accounting, financial, or regulatory reporting or for any other purposes. This report is not an offer or a solicitation of an offer to buy or sell any security. This material does not, and is not intended to, take into account the particular financial conditions, investment objectives, or requirements of individual customers. Before acting on any material within this report, you should consider whether it is suitable for your particular circumstances and as necessary, seek professional advice."
