Introduction,Header,Name,Account,Alias,BaseCurrency,AccountType,AnalysisPeriod,PerformanceMeasure
Introduction,Data,Jose A Mamani Apaza Sr.,U3971662,,USD,Individual (Broker Client),"May 12, 2020 to January 27, 2026 (Daily)",TWR
Key Statistics,MetaInfo,Analysis Period,"May 12, 2020 - January 27, 2026"
Key Statistics,Header,BeginningNAV,EndingNAV,CumulativeReturn,5DayReturn,5DayReturnDateRange,10DayReturn,10DayReturnDateRange,BestReturn,BestReturnDate,WorstReturn,WorstReturnDate,MTM,Deposits & Withdrawals,Dividends,Interest,Fees & Commissions,Other,ChangeInNAV
Key Statistics,Data,0,872.382334,-85.118452223,0,20260121 - 20260127,0,20260114 - 20260127,35.012744845,20201110,-19.102521119,20201109,-8302.7746,10468.91,109.6,0,-1389.548091,-13.804975,872.382334
Historical Performance,MetaInfo,Analysis Period,"May 12, 2020 - January 27, 2026"
Historical Performance,Header,Account,MTD,QTD,YTD,1 Year,3 Year,5 Year,Since Inception
Historical Performance,Data,U3971662,0,0,0,38.315460499,-55.922797632,-80.49656101,-85.118452256
Historical Performance,Header,Month,Account,AccountReturn
Historical Performance,Data,202501,U3971662,1.946517342
Historical Performance,Data,202502,U3971662,5.728893854
Historical Performance,Data,202503,U3971662,-7.257019236
Historical Performance,Data,202504,U3971662,1.270808191
Historical Performance,Data,202505,U3971662,14.499010635
Historical Performance,Data,202506,U3971662,1.200953341
Historical Performance,Data,202507,U3971662,2.685897203
Historical Performance,Data,202508,U3971662,2.940235497
Historical Performance,Data,202509,U3971662,4.721073203
Historical Performance,Data,202510,U3971662,5.924881765
Historical Performance,Data,202511,U3971662,-0.671708594
Historical Performance,Data,202512,U3971662,-0.028484638
Historical Performance,Data,202401,U3971662,-19.378448214
Historical Performance,Data,202402,U3971662,3.188322744
Historical Performance,Data,202403,U3971662,-7.021651087
Historical Performance,Data,202404,U3971662,-9.301452861
Historical Performance,Data,202405,U3971662,13.861863943
Historical Performance,Data,202406,U3971662,-3.340506436
Historical Performance,Data,202407,U3971662,7.588724766
Historical Performance,Data,202408,U3971662,-0.318644367
Historical Performance,Data,202409,U3971662,14.908869183
Historical Performance,Data,202410,U3971662,-6.086262876
Historical Performance,Data,202411,U3971662,-3.703749807
Historical Performance,Data,202412,U3971662,-8.797857438
Historical Performance,Data,202301,U3971662,43.944495481
Historical Performance,Data,202302,U3971662,-4.88586276
Historical Performance,Data,202303,U3971662,-16.449539175
Historical Performance,Data,202304,U3971662,-4.340842035
Historical Performance,Data,202305,U3971662,-3.565618922
Historical Performance,Data,202306,U3971662,4.661870589
Historical Performance,Data,202307,U3971662,11.248820316
Historical Performance,Data,202308,U3971662,-35.791515143
Historical Performance,Data,202309,U3971662,-23.442088903
Historical Performance,Data,202310,U3971662,8.941922518
Historical Performance,Data,202311,U3971662,-17.906620925
Historical Performance,Data,202312,U3971662,0.970821641
Historical Performance,Data,202201,U3971662,-24.506981885
Historical Performance,Data,202202,U3971662,-2.201376484
Historical Performance,Data,202203,U3971662,10.880340687
Historical Performance,Data,202204,U3971662,-28.014649352
Historical Performance,Data,202205,U3971662,-2.487502498
Historical Performance,Data,202206,U3971662,-1.196037421
Historical Performance,Data,202207,U3971662,0.010447552
Historical Performance,Data,202208,U3971662,-3.834593175
Historical Performance,Data,202209,U3971662,-24.994892446
Historical Performance,Data,202210,U3971662,-5.680781255
Historical Performance,Data,202211,U3971662,3.994164657
Historical Performance,Data,202212,U3971662,-9.954125303
Historical Performance,Data,202101,U3971662,37.56420971
Historical Performance,Data,202102,U3971662,19.056014319
Historical Performance,Data,202103,U3971662,-6.18446425
Historical Performance,Data,202104,U3971662,-0.68714945
Historical Performance,Data,202105,U3971662,26.326226445
Historical Performance,Data,202106,U3971662,3.359868668
Historical Performance,Data,202107,U3971662,-14.413713972
Historical Performance,Data,202108,U3971662,-0.329485548
Historical Performance,Data,202109,U3971662,-18.947863931
Historical Performance,Data,202110,U3971662,-2.714851542
Historical Performance,Data,202111,U3971662,-7.084158322
Historical Performance,Data,202112,U3971662,-11.583784022
Historical Performance,Data,202001,U3971662,-
Historical Performance,Data,202002,U3971662,-
Historical Performance,Data,202003,U3971662,-
Historical Performance,Data,202004,U3971662,-
Historical Performance,Data,202005,U3971662,-
Historical Performance,Data,202006,U3971662,-13.216638432
Historical Performance,Data,202007,U3971662,-6.560161522
Historical Performance,Data,202008,U3971662,-14.367364919
Historical Performance,Data,202009,U3971662,-4.325339173
Historical Performance,Data,202010,U3971662,3.88566146
Historical Performance,Data,202011,U3971662,23.599078612
Historical Performance,Data,202012,U3971662,-22.652230259
Historical Performance,Header,Quarter,Account,AccountReturn
Historical Performance,Data,2025 Q1,U3971662,-0.035192781
Historical Performance,Data,2025 Q2,U3971662,17.34662776
Historical Performance,Data,2025 Q3,U3971662,10.695519762
Historical Performance,Data,2025 Q4,U3971662,5.183405581
Historical Performance,Data,2024 Q1,U3971662,-22.649426814
Historical Performance,Data,2024 Q2,U3971662,-0.178719942
Historical Performance,Data,2024 Q3,U3971662,23.235050193
Historical Performance,Data,2024 Q4,U3971662,-17.520970939
Historical Performance,Data,2023 Q1,U3971662,14.390243464
Historical Performance,Data,2023 Q2,U3971662,-3.451185917
Historical Performance,Data,2023 Q3,U3971662,-45.31377923
Historical Performance,Data,2023 Q4,U3971662,-9.697648926
Historical Performance,Data,2022 Q1,U3971662,-18.135788676
Historical Performance,Data,2022 Q2,U3971662,-30.644841786
Historical Performance,Data,2022 Q3,U3971662,-27.86349747
Historical Performance,Data,2022 Q4,U3971662,-11.677167843
Historical Performance,Data,2021 Q1,U3971662,53.649644581
Historical Performance,Data,2021 Q2,U3971662,29.673406437
Historical Performance,Data,2021 Q3,U3971662,-30.859049513
Historical Performance,Data,2021 Q4,U3971662,-20.077651806
Historical Performance,Data,2020 Q1,U3971662,-
Historical Performance,Data,2020 Q2,U3971662,-
Historical Performance,Data,2020 Q3,U3971662,-23.445924058
Historical Performance,Data,2020 Q4,U3971662,-0.684132982
Historical Performance,Header,Year,Account,AccountReturn
Historical Performance,Data,YTD,U3971662,0
Historical Performance,Data,2025,U3971662,36.582487591
Historical Performance,Data,2024,U3971662,-21.519012835
Historical Performance,Data,2023,U3971662,-45.460280883
Historical Performance,Data,2022,U3971662,-63.825634875
Historical Performance,Data,2021,U3971662,10.099680971
Open Position Summary,MetaInfo,As Of,"January 27, 2026"
Open Position Summary,Header,Date,FinancialInstrument,Currency,Symbol,Description,Sector,Quantity,ClosePrice,Value,Cost Basis,UnrealizedP&L,FXRateToBase
Open Position Summary,Data,01/27/2026,Cash,USD,USD,United States Dollar,Cash,872.382334,1,872.382334, , ,1
Performance by Symbol,MetaInfo,Analysis Period,"May 12, 2020 - January 27, 2026"
Performance by Symbol,Header,Symbol,Description,FinancialInstrument,Sector,AvgWeight,Return,Contribution,Unrealized_P&L,Realized_P&L,Open
Performance by Symbol,Data,JDST.OLD,DIREXION DAILY JUNIOR GOLD M,ETFs,Broad,5.065161499,30.415535248,1.420408887,0.00,232.98,No
Performance by Symbol,Data,KOLD.OLD,PROSHARES ULTRASHORT BLOOMBE,ETFs,Basic Materials,15.795975672,43.300565711,6.845745029,0.00,"1,233.11",No
Performance by Symbol,Data,QID.OLD,PROSHARES ULTRASHORT QQQ,ETFs,Broad,2.661161758,-4.624641612,-0.157118522,0.00,-19.10,No
Performance by Symbol,Data,SHV,ISHARES SHORT TREASURY BOND,ETFs,Government,117.289786854,-0.002069482,-0.001537804,0.00,0.00,No
Performance by Symbol,Data,SHY,ISHARES 1-3 YEAR TREASURY BO,ETFs,Government,2.962858441,-0.30851217,-0.009140779,0.00,-35.35,No
Performance by Symbol,Data,UVXY.OLD,PROSHARES ULTRA VIX ST FUTUR,ETFs,Unclassified,20.92723406,26.260484479,6.525553982,0.00,204.27,No
Performance by Symbol,Data,Total ETFs,,,,13.195494746,120.628686852,15.241703428,0.00,"1,615.91",
Performance by Symbol,Data,AAPL  210219C00132000,AAPL 19FEB21 132.0 C,Options,Technology,2.15080173,-5.712419933,-0.122862827,0.00,-3.75,No
Performance by Symbol,Data,ABNB  220121C00270000,ABNB 21JAN22 270.0 C,Options,Technology,0.709134893,-79.636492127,-1.373540989,0.00,-230.46,No
Performance by Symbol,Data,AMC   210917C00100000,AMC 17SEP21 100.0 C,Options,Consumer Cyclicals,4.558419615,-43.918714339,-2.191732382,0.00,-351.81,No
Performance by Symbol,Data,BABA  210514C00250000,BABA 14MAY21 250.0 C,Options,Technology,0.845647024,-53.911703137,-0.561954488,0.00,-70.67,No
Performance by Symbol,Data,BIDU  250815C00115000,BIDU 15AUG25 115 C,Options,Technology,-2.425532147,-68.490937544,2.039232796,0.00,848.64,No
Performance by Symbol,Data,BIDU  250815P00095000,BIDU 15AUG25 95 P,Options,Technology,5.337345044,54.196740972,3.460814037,0.00,"1,270.59",No
Performance by Symbol,Data,BIDU  270115C00125000,BIDU 15JAN27 125 C,Options,Technology,4.45321631,8.282189806,0.388279274,0.00,224.66,No
Performance by Symbol,Data,BTG   220121C00005000,BTG 21JAN22 5.0 C,Options,Basic Materials,2.222352833,-98.073004767,-3.831840254,0.00,-533.23,No
Performance by Symbol,Data,CHGG  200515P00065000,CHGG 15MAY20 65.0 P,Options,Industrials,2.918975991,-100,-3.234867182,0.00,-95.23,No
Performance by Symbol,Data,CLX   211015C00190000,CLX 15OCT21 190.0 C,Options,Consumer Non-Cyc,1.230063126,-100,1.220168141,0.00,204.53,No
Performance by Symbol,Data,CNC   270115C00030000,CNC 15JAN27 30 C,Options,Healthcare,3.819720011,49.581718197,1.931530454,0.00,347.45,No
Performance by Symbol,Data,CRSR  210716C00035000,CRSR 16JUL21 35.0 C,Options,Technology,0.603354223,398.0327696,2.25037261,0.00,362.40,No
Performance by Symbol,Data,CRSR  210820C00027500,CRSR 20AUG21 27.5 C,Options,Technology,0.617624714,73.084302697,0.451386715,0.00,62.89,No
Performance by Symbol,Data,CSCO  200918C00050000,CSCO 18SEP20 50.0 C,Options,Technology,0.116684275,-100,-0.661679118,0.00,-15.17,No
Performance by Symbol,Data,DDOG  200515P00070000,DDOG 15MAY20 70.0 P,Options,Technology,6.868826593,22.306405312,1.5321883,0.00,44.66,No
Performance by Symbol,Data,DKNG  200522P00027000,DKNG 22MAY20 27.0 P,Options,Consumer Cyclicals,2.222054672,24.367849923,0.495745607,0.00,13.67,No
Performance by Symbol,Data,EDU1  230120C00002500,EDU1 20JAN23 2.5 C,Options,Education,1.787170675,-16.690501863,1.899002005,0.00,4.99,No
Performance by Symbol,Data,FCX   210319C00032000,FCX 19MAR21 32.0 C,Options,Basic Materials,2.704053745,22.357351283,0.560235296,0.00,18.13,No
Performance by Symbol,Data,FCX   210618P00035000,FCX 18JUN21 35.0 P,Options,Basic Materials,0.83929326,20.551711876,0.17671286,0.00,22.83,No
Performance by Symbol,Data,GILD  200612C00079000,GILD 12JUN20 79.0 C,Options,Healthcare,1.780066352,-100,-2.343147582,0.00,-68.16,No
Performance by Symbol,Data,GOLD  210820C00020000,GOLD 20AUG21 20.0 C,Options,Basic Materials,0.278395975,53.387114977,0.17239294,0.00,21.91,No
Performance by Symbol,Data,GOLD  220121C00030000,GOLD 21JAN22 30.0 C,Options,Basic Materials,1.4290764,-100,-6.9131061,0.00,-794.89,No
Performance by Symbol,Data,GOTU  210820C00005000,GOTU 20AUG21 5.0 C,Options,Education,0.51321545,-100,-0.832392563,0.00,-112.54,No
Performance by Symbol,Data,IBIT  280121C00055000,IBIT 21JAN28 55 C,Options,Broad,2.699954607,-24.50204641,-0.780199588,0.00,-479.58,No
Performance by Symbol,Data,INTC  271217C00025000,INTC 17DEC27 25 C,Options,Technology,6.80509956,5.374493864,0.42672468,0.00,148.12,No
Performance by Symbol,Data,ITUB1 220121C00007000,ITUB1 21JAN22 7.0 C,Options,Financials,0.913052088,57.693660008,-0.88486676,0.00,39.73,No
Performance by Symbol,Data,IWM   200821P00123000,IWM 21AUG20 123.0 P,Options,Broad,0.550455219,-100,-2.212121443,0.00,-56.09,No
Performance by Symbol,Data,KMB   210716C00140000,KMB 16JUL21 140.0 C,Options,Consumer Non-Cyc,0.136285576,-100,-0.485732203,0.00,-77.49,No
Performance by Symbol,Data,KO    220121C00060000,KO 21JAN22 60.0 C,Options,Consumer Non-Cyc,3.511389508,15.690943514,0.532777097,0.00,16.13,No
Performance by Symbol,Data,LUV   200612C00040000,LUV 12JUN20 40.0 C,Options,Industrials,1.032431903,-100,-2.564150854,0.00,-75.29,No
Performance by Symbol,Data,NKE   270115C00070000,NKE 15JAN27 70 C,Options,Consumer Cyclicals,9.931896126,-16.305384362,-1.663832584,0.00,-892.07,No
Performance by Symbol,Data,NKE   270115C00077500,NKE 15JAN27 77.5 C,Options,Consumer Cyclicals,17.559209,-20.244883877,7.907144297,0.00,"2,770.66",No
Performance by Symbol,Data,NKLA  200821P00040000,NKLA 21AUG20 40.0 P,Options,Consumer Cyclicals,2.467998474,71.712642376,1.748042672,0.00,41.77,No
Performance by Symbol,Data,PTON  200515P00043000,PTON 15MAY20 43.0 P,Options,Consumer Cyclicals,1.254193236,-100,-1.711397068,0.00,-51.09,No
Performance by Symbol,Data,PTON  200515P00045000,PTON 15MAY20 45.0 P,Options,Consumer Cyclicals,2.079254832,-100,-1.788184911,0.00,-51.09,No
Performance by Symbol,Data,PTON  200515P00050000,PTON 15MAY20 50.0 P,Options,Consumer Cyclicals,5.001315115,9.195771014,0.459909486,0.00,13.41,No
Performance by Symbol,Data,PYPL  270115C00075000,PYPL 15JAN27 75 C,Options,Financials,9.959760598,31.368413112,3.085781142,0.00,"1,833.79",No
Performance by Symbol,Data,QQQ   210115P00280000,QQQ 15JAN21 280.0 P,Options,Broad,11.074210771,-13.721308742,-1.519526651,0.00,-39.59,No
Performance by Symbol,Data,QQQ   210820P00320000,QQQ 20AUG21 320.0 P,Options,Broad,0.742507547,-100,-2.197804376,0.00,-341.06,No
Performance by Symbol,Data,QQQ   210820P00365000,QQQ 20AUG21 365.0 P,Options,Broad,3.484254432,19.718714807,0.688897584,0.00,98.72,No
Performance by Symbol,Data,SHOP  210205P01200000,SHOP 05FEB21 1200.0 P,Options,Technology,11.833053192,-89.483456282,-14.234124775,0.00,-466.21,No
Performance by Symbol,Data,SOXS  210716C00008000,SOXS 16JUL21 8.0 C,Options,Broad,0.114723403,153.538980677,0.325659872,0.00,45.16,No
Performance by Symbol,Data,SPY   200515C00291000,SPY 15MAY20 291.0 C,Options,Broad,0.857082862,-87.168516709,-0.884250309,0.00,-26.59,No
Performance by Symbol,Data,SPY   200520C00300000,SPY 20MAY20 300.0 C,Options,Broad,0.580717003,-59.754870118,-0.577531427,0.00,-16.19,No
Performance by Symbol,Data,SPY   200522P00289000,SPY 22MAY20 289.0 P,Options,Broad,0.759000208,-100,-1.135838494,0.00,-31.50,No
Performance by Symbol,Data,SPY   200612C00340000,SPY 12JUN20 340.0 C,Options,Broad,0.172993236,-100,-0.390100834,0.00,-11.52,No
Performance by Symbol,Data,SPY   200619P00210000,SPY 19JUN20 210.0 P,Options,Broad,0.642881837,-100,-2.082267901,0.00,-58.75,No
Performance by Symbol,Data,SPY   200717P00220000,SPY 17JUL20 220.0 P,Options,Broad,1.443197544,-100,-4.815585511,0.00,-129.09,No
Performance by Symbol,Data,SPY   201016P00110000,SPY 16OCT20 110.0 P,Options,Broad,0.077494353,-100,-0.518983144,0.00,-12.52,No
Performance by Symbol,Data,SPY   210716P00405000,SPY 16JUL21 405.0 P,Options,Broad,1.121574571,-100,-2.855513195,0.00,-464.10,No
Performance by Symbol,Data,SPY   210917P00350000,SPY 17SEP21 350.0 P,Options,Broad,1.038167855,-100,-3.07558891,0.00,-459.10,No
Performance by Symbol,Data,SQQQ  210625C00009500,SQQQ 25JUN21 9.5 C,Options,Broad,0.479283482,36.284949324,0.173907769,0.00,27.42,No
Performance by Symbol,Data,T     220121C00035000,T 21JAN22 35.0 C,Options,Technology,4.134392267,-92.776978851,-13.894030564,0.00,"-2,307.93",No
Performance by Symbol,Data,TAN   210716C00090000,TAN 16JUL21 90.0 C,Options,Energy,0.688023922,16.110155354,0.138085756,0.00,21.86,No
Performance by Symbol,Data,UPS   270115C00085000,UPS 15JAN27 85 C,Options,Industrials,5.26694891,41.482535658,1.725039032,0.00,"1,129.76",No
Performance by Symbol,Data,VTIQ  200515C00030000,VTIQ 15MAY20 30.0 C,Options,Financials,2.320952779,-100,-3.03286672,0.00,-90.23,No
Performance by Symbol,Data,XOM   210219C00046000,XOM 19FEB21 46.0 C,Options,Energy,3.267741743,41.326438194,1.350441272,0.00,43.67,No
Performance by Symbol,Data,XYZ   270115C00070000,XYZ 15JAN27 70 C,Options,Industrials,16.636691011,26.507946673,5.902727767,0.00,"2,473.85",No
Performance by Symbol,Data,Total Options,,,,7.734250489,-100,-39.284348028,0.00,"3,738.41",
Performance by Symbol,Data,AAPL,APPLE INC,Stocks,Technology,14.453143235,14.177007297,2.095475109,0.00,722.89,No
Performance by Symbol,Data,ADBE,ADOBE INC,Stocks,Technology,13.178231148,-9.00456734,-2.76471251,0.00,-437.87,No
Performance by Symbol,Data,AMC,AMC ENTERTAINMENT HLDS-CL A,Stocks,Consumer Cyclicals,31.728808296,-81.846977027,-39.882950333,0.00,"-10,251.26",No
Performance by Symbol,Data,AMC.OLD,AMC ENTERTAINMENT HLDS-CL A,Stocks,Consumer Cyclicals,27.418244076,-93.506543002,-53.140402757,0.00,572.63,No
Performance by Symbol,Data,APE,AMC ENTERTAINMENT-PFD EQ UT,Stocks,Consumer Cyclicals,24.307268102,-74.806103857,-9.867001584,0.00,0.00,No
Performance by Symbol,Data,BABA,ALIBABA GROUP HOLDING-SP ADR,Stocks,Technology,34.862126028,-49.123512284,2.758072136,0.00,"-1,524.71",No
Performance by Symbol,Data,BAC,BANK OF AMERICA CORP,Stocks,Financials,83.314871161,3.902922016,3.294275583,0.00,89.44,No
Performance by Symbol,Data,BAP,CREDICORP LTD,Stocks,Financials,55.408448018,4.283152667,2.601364257,0.00,338.06,No
Performance by Symbol,Data,BIDU,BAIDU INC - SPON ADR,Stocks,Technology,37.004305296,-4.147977835,-3.964370688,0.00,"-1,988.88",No
Performance by Symbol,Data,CEMI,CHEMBIO DIAGNOSTICS INC,Stocks,Healthcare,6.961216995,36.211562245,2.933804999,0.00,435.44,No
Performance by Symbol,Data,CIG,CIA ENERGETICA DE-SPON ADR,Stocks,Utilities,5.076320349,11.918055228,0.561702125,0.00,16.18,No
Performance by Symbol,Data,ENIC,ENEL CHILE SA-ADR,Stocks,Utilities,1.852145536,-15.021561433,-0.280333917,0.00,-44.01,No
Performance by Symbol,Data,FCX,FREEPORT-MCMORAN INC,Stocks,Basic Materials,27.72383532,2.20610109,0.611615833,0.00,18.22,No
Performance by Symbol,Data,GE.OLD,GENERAL ELECTRIC CO,Stocks,Consumer Non-Cyc,24.574390117,-1.970046278,-0.476547579,0.00,-37.54,No
Performance by Symbol,Data,GOLD.OLD,BARRICK MINING CORP,Stocks,Basic Materials,9.383210409,-4.043034933,-0.382288657,0.00,-9.61,No
Performance by Symbol,Data,GOOG,ALPHABET INC-CL C,Stocks,Telecomm,14.07641131,8.363215596,1.221120622,0.00,422.61,No
Performance by Symbol,Data,HOOD,ROBINHOOD MARKETS INC - A,Stocks,Technology,8.248446863,-47.096040397,-3.624547065,0.00,-659.63,No
Performance by Symbol,Data,IFS,INTERCORP FINANCIAL SERVICES,Stocks,Financials,46.607285949,8.673171553,3.833314179,0.00,109.12,No
Performance by Symbol,Data,INO,INOVIO PHARMACEUTICALS INC,Stocks,Healthcare,12.537051169,-95.416618711,7.643318768,0.00,406.72,No
Performance by Symbol,Data,INO,INOVIO PHARMACEUTICALS INC,Stocks,Healthcare,0.561483176,-122.155496488,-0.3825189,0.00,-328.22,No
Performance by Symbol,Data,INTC,INTEL CORP,Stocks,Technology,12.970367473,6.056860311,0.981414583,0.00,292.44,No
Performance by Symbol,Data,ITUB,ITAU UNIBANCO H-SPON PRF ADR,Stocks,Financials,10.488362046,3.818598938,0.573704674,0.00,17.99,No
Performance by Symbol,Data,JD,JD.COM INC-ADR,Stocks,Consumer Cyclicals,7.781456096,-8.352414692,-0.676632313,0.00,-419.93,No
Performance by Symbol,Data,JMIA,JUMIA TECHNOLOGIES AG-ADR,Stocks,Technology,14.65803835,30.197809184,5.688450886,0.00,120.08,No
Performance by Symbol,Data,KNDI,KANDI TECHNOLOGIES GROUP INC,Stocks,Consumer Cyclicals,17.77194737,-39.464228448,-13.412842068,0.00,-672.04,No
Performance by Symbol,Data,MRVL,MARVELL TECHNOLOGY INC,Stocks,Technology,12.200055145,33.541793863,3.739037762,0.00,691.12,No
Performance by Symbol,Data,NBEVQ,NEWAGE INC,Stocks,Consumer Non-Cyc,1.541782074,21.575598145,0.303365474,0.00,44.19,No
Performance by Symbol,Data,NFLX,NETFLIX INC,Stocks,Telecomm,32.70919199,9.440769511,3.161427075,0.00,457.97,No
Performance by Symbol,Data,NKE,NIKE INC -CL B,Stocks,Consumer Cyclicals,7.938382825,-0.879390919,-0.080337438,0.00,-43.28,No
Performance by Symbol,Data,NVO,NOVO-NORDISK A/S-SPONS ADR,Stocks,Healthcare,15.039917472,-5.796060606,-0.961938981,0.00,-589.08,No
Performance by Symbol,Data,PAAS,PAN AMERICAN SILVER CORP,Stocks,Basic Materials,66.358460176,23.65582818,14.953979166,0.00,419.10,No
Performance by Symbol,Data,PEP,PEPSICO INC,Stocks,Consumer Non-Cyc,68.32345975,2.17978508,1.484294645,0.00,42.35,No
Performance by Symbol,Data,PFE,PFIZER INC,Stocks,Healthcare,38.768706786,3.567791898,1.771782456,0.00,37.87,No
Performance by Symbol,Data,SAN,BANCO SANTANDER SA-SPON ADR,Stocks,Financials,7.620441844,23.146427481,1.65076991,0.00,45.48,No
Performance by Symbol,Data,SCCO,SOUTHERN COPPER CORP,Stocks,Basic Materials,14.660860764,2.209402627,1.996521832,0.00,101.90,No
Performance by Symbol,Data,SPCE,VIRGIN GALACTIC HOLDINGS INC,Stocks,Industrials,11.936125614,-96.60512378,-15.394324661,0.00,"3,050.41",No
Performance by Symbol,Data,SPCE,VIRGIN GALACTIC HOLDINGS INC,Stocks,Industrials,2.755754434,-71.640677012,-3.881949925,0.00,"-3,491.67",No
Performance by Symbol,Data,TAL,TAL EDUCATION GROUP- ADR,Stocks,Education,4.535527789,-21.685407275,-1.053557048,0.00,-152.01,No
Performance by Symbol,Data,TEN,TENNECO INC-CLASS A,Stocks,Consumer Cyclicals,34.4666218,26.134485323,7.518495698,0.00,178.25,No
Performance by Symbol,Data,TLRY,TILRAY BRANDS INC,Stocks,Healthcare,13.173267888,11.12332262,1.447061652,0.00,183.08,No
Performance by Symbol,Data,UPS,UNITED PARCEL SERVICE-CL B,Stocks,Industrials,9.640768708,13.68677225,0.709502743,0.00,351.20,No
Performance by Symbol,Data,WISH,CONTEXTLOGIC INC - A,Stocks,Technology,22.05070563,-84.935190435,-28.697263316,0.00,"-4,952.71",No
Performance by Symbol,Data,XOM,EXXON MOBIL CORP,Stocks,Energy,22.098839995,1.203804463,0.272153462,0.00,7.71,No
Performance by Symbol,Data,XYZ,BLOCK INC,Stocks,Industrials,29.452534093,25.392424191,7.589505272,0.00,"1,394.38",No
Performance by Symbol,Data,Total Stocks,,,,85.947307034,-80.651744595,-80.780964455,0.00,"-15,035.60",
Performance by Symbol,Data,USD,United States Dollar,Cash,Cash,12.700757087,-101.194613228,9.154137713,,,Yes
Performance by Symbol,Data,Fees,Fees,Cash,Cash,-,-,-1.673546361,,,-
Performance by Symbol,Data,Total Cash,,,,12.701887751,-99.980331017,7.327392614,,,
Performance by Symbol,Data,Total,,,,100,-85.118452223,-85.118452223,0.00,"-9,681.28",
Trade Summary,MetaInfo,Analysis Period,"May 12, 2020 - January 27, 2026"
Trade Summary,Header,Financial Instrument,Currency,Symbol,Description,Sector,Quantity Bought,Average Price Bought,Proceeds Bought,Proceeds Bought in Base,Quantity Sold,Average Price Sold,Proceeds Sold,Proceeds Sold in Base
Trade Summary,Data,ETFs,United States Dollar,JDST.OLD,DIREXION DAILY JUNIOR GOLD M,Broad,100,7.65,-765,-765,-100,10,1000,1000
Trade Summary,Data,ETFs,United States Dollar,KOLD.OLD,PROSHARES ULTRASHORT BLOOMBE,Basic Materials,500,8.41,-4205,-4205,-500,10.8884,5444.2,5444.2
Trade Summary,Data,ETFs,United States Dollar,QID.OLD,PROSHARES ULTRASHORT QQQ,Broad,20,20.605,-412.1,-412.1,-20,19.75,395,395
Trade Summary,Data,ETFs,United States Dollar,SHV,ISHARES SHORT TREASURY BOND,Government,411,110.145,-45269.595,-45269.595,0,0,0,0
Trade Summary,Data,ETFs,United States Dollar,SHY,ISHARES 1-3 YEAR TREASURY BO,Government,0,0,0,0,-21,83.1007,1745.1147,1745.1147
Trade Summary,Data,ETFs,United States Dollar,UVXY.OLD,PROSHARES ULTRA VIX ST FUTUR,Unclassified,219,9.053789954,-1982.78,-1982.78,-219,10.014086758,2193.085,2193.085
Trade Summary,Data,Options,United States Dollar,AAPL  210219C00132000,AAPL 19FEB21 132.0 C,Technology,1,0.65,-65,-65,-1,0.63,63,63
Trade Summary,Data,Options,United States Dollar,ABNB  220121C00270000,ABNB 21JAN22 270.0 C,Technology,2,1.635,-327,-327,-2,0.5,100,100
Trade Summary,Data,Options,United States Dollar,AMC   210917C00100000,AMC 17SEP21 100.0 C,Consumer Cyclicals,1,8,-800,-800,-1,4.5,450,450
Trade Summary,Data,Options,United States Dollar,BABA  210514C00250000,BABA 14MAY21 250.0 C,Technology,1,1.3,-130,-130,-1,0.62,62,62
Trade Summary,Data,Options,United States Dollar,BIDU  250815C00115000,BIDU 15AUG25 115 C,Technology,2,1.88,-376,-376,-2,6.27,1254,1254
Trade Summary,Data,Options,United States Dollar,BIDU  250815P00095000,BIDU 15AUG25 95 P,Technology,2,11.65,-2330,-2330,-2,18.15,3630,3630
Trade Summary,Data,Options,United States Dollar,BIDU  270115C00125000,BIDU 15JAN27 125 C,Technology,1,27,-2700,-2700,-1,29.5,2950,2950
Trade Summary,Data,Options,United States Dollar,BTG   220121C00005000,BTG 21JAN22 5.0 C,Basic Materials,23,0.343478261,-790,-790,-23,0.122173913,281,281
Trade Summary,Data,Options,United States Dollar,CHGG  200515P00065000,CHGG 15MAY20 65.0 P,Industrials,1,0.95,-95,-95,-1,0,0,0
Trade Summary,Data,Options,United States Dollar,CLX   211015C00190000,CLX 15OCT21 190.0 C,Consumer Non-Cyc,7,1.421428571,-995,-995,-7,1.721428571,1205,1205
Trade Summary,Data,Options,United States Dollar,CNC   270115C00030000,CNC 15JAN27 30 C,Healthcare,1,6.89,-689,-689,-1,10.6,1060,1060
Trade Summary,Data,Options,United States Dollar,CRSR  210716C00035000,CRSR 16JUL21 35.0 C,Technology,1,0.9,-90,-90,-1,4.55,455,455
Trade Summary,Data,Options,United States Dollar,CRSR  210820C00027500,CRSR 20AUG21 27.5 C,Technology,1,0.85,-85,-85,-1,1.5,150,150
Trade Summary,Data,Options,United States Dollar,CSCO  200918C00050000,CSCO 18SEP20 50.0 C,Technology,2,0.07,-14,-14,-2,0,0,0
Trade Summary,Data,Options,United States Dollar,DDOG  200515P00070000,DDOG 15MAY20 70.0 P,Technology,1,2,-200,-200,-1,2.46,246,246
Trade Summary,Data,Options,United States Dollar,DKNG  200522P00027000,DKNG 22MAY20 27.0 P,Consumer Cyclicals,1,0.55,-55,-55,-1,0.7,70,70
Trade Summary,Data,Options,United States Dollar,EDU1  230120C00002500,EDU1 20JAN23 2.5 C,Education,6,0.783333333,-470,-470,-6,0.8,480,480
Trade Summary,Data,Options,United States Dollar,FCX   210319C00032000,FCX 19MAR21 32.0 C,Basic Materials,1,0.8,-80,-80,-1,1,100,100
Trade Summary,Data,Options,United States Dollar,FCX   210618P00035000,FCX 18JUN21 35.0 P,Basic Materials,1,1.1,-110,-110,-1,1.35,135,135
Trade Summary,Data,Options,United States Dollar,GILD  200612C00079000,GILD 12JUN20 79.0 C,Healthcare,3,0.576666667,-173,-173,-3,0.366666667,110,110
Trade Summary,Data,Options,United States Dollar,GOLD  210820C00020000,GOLD 20AUG21 20.0 C,Basic Materials,1,0.4,-40,-40,-1,0.64,64,64
Trade Summary,Data,Options,United States Dollar,GOLD  220121C00030000,GOLD 21JAN22 30.0 C,Basic Materials,31,0.29516129,-915,-915,-31,0.047741935,148,148
Trade Summary,Data,Options,United States Dollar,GOTU  210820C00005000,GOTU 20AUG21 5.0 C,Education,5,0.22,-110,-110,-5,0,0,0
Trade Summary,Data,Options,United States Dollar,IBIT  280121C00055000,IBIT 21JAN28 55 C,Broad,1,19.45,-1945,-1945,-1,14.9,1490,1490
Trade Summary,Data,Options,United States Dollar,INTC  271217C00025000,INTC 17DEC27 25 C,Technology,5,5.47,-2735,-2735,-5,5.85,2925,2925
Trade Summary,Data,Options,United States Dollar,ITUB1 220121C00007000,ITUB1 21JAN22 7.0 C,Financials,2,0.34,-68,-68,-2,0.55,110,110
Trade Summary,Data,Options,United States Dollar,IWM   200821P00123000,IWM 21AUG20 123.0 P,Broad,1,0.55,-55,-55,-1,0,0,0
Trade Summary,Data,Options,United States Dollar,KMB   210716C00140000,KMB 16JUL21 140.0 C,Consumer Non-Cyc,5,0.144,-72,-72,-5,0,0,0
Trade Summary,Data,Options,United States Dollar,KO    220121C00060000,KO 21JAN22 60.0 C,Consumer Non-Cyc,1,1.02,-102,-102,-1,1.2,120,120
Trade Summary,Data,Options,United States Dollar,LUV   200612C00040000,LUV 12JUN20 40.0 C,Industrials,1,0.75,-75,-75,-1,0,0,0
Trade Summary,Data,Options,United States Dollar,NKE   270115C00070000,NKE 15JAN27 70 C,Consumer Cyclicals,5,10.9,-5450,-5450,-5,9.2,4600,4600
Trade Summary,Data,Options,United States Dollar,NKE   270115C00077500,NKE 15JAN27 77.5 C,Consumer Cyclicals,25,8.8776,-22194,-22194,-25,10.06,25150,25150
Trade Summary,Data,Options,United States Dollar,NKLA  200821P00040000,NKLA 21AUG20 40.0 P,Consumer Cyclicals,1,0.58,-58,-58,-1,1.01,101,101
Trade Summary,Data,Options,United States Dollar,PTON  200515P00043000,PTON 15MAY20 43.0 P,Consumer Cyclicals,1,0.5,-50,-50,-1,0,0,0
Trade Summary,Data,Options,United States Dollar,PTON  200515P00045000,PTON 15MAY20 45.0 P,Consumer Cyclicals,1,0.5,-50,-50,-1,0,0,0
Trade Summary,Data,Options,United States Dollar,PTON  200515P00050000,PTON 15MAY20 50.0 P,Consumer Cyclicals,1,1.45,-145,-145,-1,1.6,160,160
Trade Summary,Data,Options,United States Dollar,PYPL  270115C00075000,PYPL 15JAN27 75 C,Financials,5,11.65,-5825,-5825,-5,15.4,7700,7700
Trade Summary,Data,Options,United States Dollar,QQQ   210115P00280000,QQQ 15JAN21 280.0 P,Broad,1,2.87,-287,-287,-1,2.5,250,250
Trade Summary,Data,Options,United States Dollar,QQQ   210820P00320000,QQQ 20AUG21 320.0 P,Broad,1,3.4,-340,-340,-1,0,0,0
Trade Summary,Data,Options,United States Dollar,QQQ   210820P00365000,QQQ 20AUG21 365.0 P,Broad,1,5,-500,-500,-1,6,600,600
Trade Summary,Data,Options,United States Dollar,SHOP  210205P01200000,SHOP 05FEB21 1200.0 P,Technology,3,1.733333333,-520,-520,-3,0.19,57,57
Trade Summary,Data,Options,United States Dollar,SOXS  210716C00008000,SOXS 16JUL21 8.0 C,Broad,2,0.14,-28,-28,-2,0.38,76,76
Trade Summary,Data,Options,United States Dollar,SPY   200515C00291000,SPY 15MAY20 291.0 C,Broad,1,0.29,-29,-29,-1,0.05,5,5
Trade Summary,Data,Options,United States Dollar,SPY   200520C00300000,SPY 20MAY20 300.0 C,Broad,1,0.26,-26,-26,-1,0.12,12,12
Trade Summary,Data,Options,United States Dollar,SPY   200522P00289000,SPY 22MAY20 289.0 P,Broad,1,0.3,-30,-30,-1,0,0,0
Trade Summary,Data,Options,United States Dollar,SPY   200612C00340000,SPY 12JUN20 340.0 C,Broad,1,0.1,-10,-10,-1,0,0,0
Trade Summary,Data,Options,United States Dollar,SPY   200619P00210000,SPY 19JUN20 210.0 P,Broad,3,0.543333333,-163,-163,-3,0.366666667,110,110
Trade Summary,Data,Options,United States Dollar,SPY   200717P00220000,SPY 17JUL20 220.0 P,Broad,1,1.28,-128,-128,-1,0,0,0
Trade Summary,Data,Options,United States Dollar,SPY   201016P00110000,SPY 16OCT20 110.0 P,Broad,1,0.11,-11,-11,-1,0,0,0
Trade Summary,Data,Options,United States Dollar,SPY   210716P00405000,SPY 16JUL21 405.0 P,Broad,2,2.31,-462,-462,-2,0,0,0
Trade Summary,Data,Options,United States Dollar,SPY   210917P00350000,SPY 17SEP21 350.0 P,Broad,2,2.285,-457,-457,-2,0,0,0
Trade Summary,Data,Options,United States Dollar,SQQQ  210625C00009500,SQQQ 25JUN21 9.5 C,Broad,10,0.07,-70,-70,-10,0.11,110,110
Trade Summary,Data,Options,United States Dollar,T     220121C00035000,T 21JAN22 35.0 C,Technology,110,0.236363636,-2600,-2600,-110,0.041818182,460,460
Trade Summary,Data,Options,United States Dollar,TAN   210716C00090000,TAN 16JUL21 90.0 C,Energy,2,0.68,-136,-136,-2,0.79,158,158
Trade Summary,Data,Options,United States Dollar,UPS   270115C00085000,UPS 15JAN27 85 C,Industrials,2,12.855,-2571,-2571,-2,18.7,3740,3740
Trade Summary,Data,Options,United States Dollar,VTIQ  200515C00030000,VTIQ 15MAY20 30.0 C,Financials,1,0.9,-90,-90,-1,0,0,0
Trade Summary,Data,Options,United States Dollar,XOM   210219C00046000,XOM 19FEB21 46.0 C,Energy,1,1.05,-105,-105,-1,1.5,150,150
Trade Summary,Data,Options,United States Dollar,XYZ   270115C00070000,XYZ 15JAN27 70 C,Industrials,13,8.476153846,-11019,-11019,-13,10.45,13585,13585
Trade Summary,Data,Stocks,United States Dollar,AAPL,APPLE INC,Technology,28,181.8283,-5091.1924,-5091.1924,-28,208.21,5829.88,5829.88
Trade Summary,Data,Stocks,United States Dollar,ADBE,ADOBE INC,Technology,13,386.43,-5023.59,-5023.59,-13,354.477692308,4608.21,4608.21
Trade Summary,Data,Stocks,United States Dollar,AMC,AMC ENTERTAINMENT HLDS-CL A,Consumer Cyclicals,0,0,0,0,-177.4,3.179296054,564.00712,564.00712
Trade Summary,Data,Stocks,United States Dollar,AMC.OLD,AMC ENTERTAINMENT HLDS-CL A,Consumer Cyclicals,525,22.266226667,-11689.769,-11689.769,-45,56,2520,2520
Trade Summary,Data,Stocks,United States Dollar,APE,AMC ENTERTAINMENT-PFD EQ UT,Consumer Cyclicals,1000,1.05,-1050,-1050,0,0,0,0
Trade Summary,Data,Stocks,United States Dollar,BABA,ALIBABA GROUP HOLDING-SP ADR,Technology,20,176.9335,-3538.67,-3538.67,-20,101.185,2023.7,2023.7
Trade Summary,Data,Stocks,United States Dollar,BAC,BANK OF AMERICA CORP,Financials,100,22.905,-2290.5,-2290.5,-100,23.82,2382,2382
Trade Summary,Data,Stocks,United States Dollar,BAP,CREDICORP LTD,Financials,71,125.327183099,-8898.23,-8898.23,-71,130.159859155,9241.35,9241.35
Trade Summary,Data,Stocks,United States Dollar,BIDU,BAIDU INC - SPON ADR,Technology,258,92.03255814,-23744.4,-23744.4,-258,84.475620155,21794.71,21794.71
Trade Summary,Data,Stocks,United States Dollar,CEMI,CHEMBIO DIAGNOSTICS INC,Healthcare,400,3,-1200,-1200,-400,4.1,1640,1640
Trade Summary,Data,Stocks,United States Dollar,CIG,CIA ENERGETICA DE-SPON ADR,Utilities,100,1.348,-134.8,-134.8,-100,1.53,153,153
Trade Summary,Data,Stocks,United States Dollar,ENIC,ENEL CHILE SA-ADR,Utilities,100,2.92,-292,-292,-100,2.5,250,250
Trade Summary,Data,Stocks,United States Dollar,FCX,FREEPORT-MCMORAN INC,Basic Materials,75,11,-825,-825,-75,11.27,845.25,845.25
Trade Summary,Data,Stocks,United States Dollar,GE.OLD,GENERAL ELECTRIC CO,Consumer Non-Cyc,140,7.567857143,-1059.5,-1059.5,-140,7.328571429,1026,1026
Trade Summary,Data,Stocks,United States Dollar,GOLD.OLD,BARRICK MINING CORP,Basic Materials,10,23.66,-236.6,-236.6,-10,22.9,229,229
Trade Summary,Data,Stocks,United States Dollar,GOOG,ALPHABET INC-CL C,Telecomm,34,148.39,-5045.26,-5045.26,-34,161.29,5483.86,5483.86
Trade Summary,Data,Stocks,United States Dollar,HOOD,ROBINHOOD MARKETS INC - A,Technology,70,19.98,-1398.6,-1398.6,-70,10.6,742,742
Trade Summary,Data,Stocks,United States Dollar,IFS,INTERCORP FINANCIAL SERVICES,Financials,120,25.033333333,-3004,-3004,-120,25.976666667,3117.2,3117.2
Trade Summary,Data,Stocks,United States Dollar,INO,INOVIO PHARMACEUTICALS INC,Healthcare,368,13.232842391,-4869.686,-4869.686,-341,14.553782991,4962.84,4962.84
Trade Summary,Data,Stocks,United States Dollar,INO,INOVIO PHARMACEUTICALS INC,Healthcare,0,0,0,0,-2.25,2.552222222,5.7425,5.7425
Trade Summary,Data,Stocks,United States Dollar,INTC,INTEL CORP,Technology,250,19.265,-4816.25,-4816.25,-250,20.5312,5132.8,5132.8
Trade Summary,Data,Stocks,United States Dollar,ITUB,ITAU UNIBANCO H-SPON PRF ADR,Financials,100,4.7,-470,-470,-100,4.9,490,490
Trade Summary,Data,Stocks,United States Dollar,JD,JD.COM INC-ADR,Consumer Cyclicals,160,31.359,-5017.44,-5017.44,-160,28.86235,4617.976,4617.976
Trade Summary,Data,Stocks,United States Dollar,JMIA,JUMIA TECHNOLOGIES AG-ADR,Technology,33,12.02,-396.66,-396.66,-33,15.72,518.76,518.76
Trade Summary,Data,Stocks,United States Dollar,KNDI,KANDI TECHNOLOGIES GROUP INC,Consumer Cyclicals,300,6.725,-2017.5,-2017.5,-300,4.5,1350,1350
Trade Summary,Data,Stocks,United States Dollar,MRVL,MARVELL TECHNOLOGY INC,Technology,33,62.1993,-2052.5769,-2052.5769,-33,83.62,2759.46,2759.46
Trade Summary,Data,Stocks,United States Dollar,NBEVQ,NEWAGE INC,Consumer Non-Cyc,100,2.038,-203.8,-203.8,-100,2.5,250,250
Trade Summary,Data,Stocks,United States Dollar,NFLX,NETFLIX INC,Telecomm,10,485,-4850,-4850,-10,531,5310,5310
Trade Summary,Data,Stocks,United States Dollar,NKE,NIKE INC -CL B,Consumer Cyclicals,80,61.41,-4912.8,-4912.8,-80,61.085,4886.8,4886.8
Trade Summary,Data,Stocks,United States Dollar,NVO,NOVO-NORDISK A/S-SPONS ADR,Healthcare,185,54.8793,-10152.6705,-10152.6705,-185,51.81,9584.85,9584.85
Trade Summary,Data,Stocks,United States Dollar,PAAS,PAN AMERICAN SILVER CORP,Basic Materials,240,31.8375,-7641,-7641,-240,33.617875,8068.29,8068.29
Trade Summary,Data,Stocks,United States Dollar,PEP,PEPSICO INC,Consumer Non-Cyc,15,129.47,-1942.05,-1942.05,-15,132.43,1986.45,1986.45
Trade Summary,Data,Stocks,United States Dollar,PFE,PFIZER INC,Healthcare,30,35.35,-1060.5,-1060.5,-30,36.68,1100.4,1100.4
Trade Summary,Data,Stocks,United States Dollar,SAN,BANCO SANTANDER SA-SPON ADR,Financials,100,1.955,-195.5,-195.5,-100,2.43,243,243
Trade Summary,Data,Stocks,United States Dollar,SCCO,SOUTHERN COPPER CORP,Basic Materials,75,70.456266667,-5284.22,-5284.22,-75,71.935466667,5395.16,5395.16
Trade Summary,Data,Stocks,United States Dollar,SPCE,VIRGIN GALACTIC HOLDINGS INC,Industrials,525,21.851176381,-11471.8676,-11471.8676,-300,36.666666667,11000,11000
Trade Summary,Data,Stocks,United States Dollar,SPCE,VIRGIN GALACTIC HOLDINGS INC,Industrials,0,0,0,0,-11.25,4.554888889,51.2425,51.2425
Trade Summary,Data,Stocks,United States Dollar,TAL,TAL EDUCATION GROUP- ADR,Education,100,7,-700,-700,-100,5.5,550,550
Trade Summary,Data,Stocks,United States Dollar,TEN,TENNECO INC-CLASS A,Consumer Cyclicals,222,6.532702703,-1450.26,-1450.26,-222,7.362927928,1634.57,1634.57
Trade Summary,Data,Stocks,United States Dollar,TLRY,TILRAY BRANDS INC,Healthcare,100,16.449,-1644.9,-1644.9,-100,18.3,1830,1830
Trade Summary,Data,Stocks,United States Dollar,UPS,UNITED PARCEL SERVICE-CL B,Industrials,30,85.27,-2558.1,-2558.1,-30,97.5,2925,2925
Trade Summary,Data,Stocks,United States Dollar,WISH,CONTEXTLOGIC INC - A,Technology,1400,4.327142857,-6058,-6058,-1400,0.8,1120,1120
Trade Summary,Data,Stocks,United States Dollar,XOM,EXXON MOBIL CORP,Energy,14,45.7,-639.8,-639.8,-14,46.395,649.53,649.53
Trade Summary,Data,Stocks,United States Dollar,XYZ,BLOCK INC,Industrials,206,72.779660194,-14992.61,-14992.61,-206,79.725145631,16423.38,16423.38
Deposits And Withdrawals,MetaInfo,Analysis Period,"May 12, 2020 - January 27, 2026"
Deposits And Withdrawals,Header,Date,Type,Description,Amount
Deposits And Withdrawals,Data,05/12/20,DEPOSIT,Cash Receipts / Electronic Fund Transfers ,3011
Deposits And Withdrawals,Data,04/20/21,DEPOSIT,Cash Receipts / Electronic Fund Transfers ,9920
Deposits And Withdrawals,Data,09/22/21,DEPOSIT,Cash Receipts / Electronic Fund Transfers ,9420
Deposits And Withdrawals,Data,01/23/25,DEPOSIT,Cash Receipts / Electronic Fund Transfers (from Nium Pte Ltd ) ,781.43
Deposits And Withdrawals,Data,01/30/25,DEPOSIT,Cash Receipts / Electronic Fund Transfers (from Nium Pte Ltd ) ,36977.67
Deposits And Withdrawals,Data,06/06/25,DEPOSIT,Cash Receipts / Electronic Fund Transfers (from Jose Alonso Mama) ,15000
Deposits And Withdrawals,Data,06/12/25,ACATOUT,Ishares Short Treasury Bond (SHV) Quantity: -411,-45283.98
Deposits And Withdrawals,Data,08/22/25,DEPOSIT,Cash Receipts / Electronic Fund Transfers (from Jose Alonso Mama) ,1500
Deposits And Withdrawals,Data,10/06/25,DEPOSIT,Cash Receipts / Electronic Fund Transfers (from Jose Alonso Mama) ,38000
Deposits And Withdrawals,Data,10/16/25,ACATIN,Ishares 1-3 Year Treasury Bo (SHY) Quantity: 21,1742.79
Deposits And Withdrawals,Data,10/31/25,WITHDRAWAL,Disbursement Initiated By Jose A Mamani Apaza Sr. ,-500
Deposits And Withdrawals,Data,01/02/26,WITHDRAWAL,Disbursement Initiated By Jose A Mamani Apaza Sr. ,-60100
Corporate Actions,MetaInfo,Analysis Period,"May 12, 2020 - January 27, 2026"
Corporate Actions,Header,Date,Type,Description,Quantity
Corporate Actions,Data,20220819,Spinoff,AMC(US00165C1045) SPINOFF  1 FOR 1,230
Corporate Actions,Data,20230822,Spinoff,AMC(US00165C1045) SPINOFF  1333333 FOR 100000000,6.4
Corporate Actions,Data,20230823,Split,AMC(US00165C1045) SPLIT 1 FOR 10,48
Corporate Actions,Data,20230823,Split,AMC(US00165C1045) SPLIT 1 FOR 10,-480
Corporate Actions,Data,20230824,Acquisition,APE(US00165C2035) MERGED(Acquisition) WITH US00165C3025 1 FOR 10,123
Corporate Actions,Data,20230824,Acquisition,APE(US00165C2035) MERGED(Acquisition) WITH US00165C3025 1 FOR 10,-1230
Corporate Actions,Data,20240124,Split,INO(US45773H2013) SPLIT 1 FOR 12,-27
Corporate Actions,Data,20240124,Split,INO(US45773H2013) SPLIT 1 FOR 12,2.25
Corporate Actions,Data,20240614,Split,SPCE(US92766K1060) SPLIT 1 FOR 20,11.25
Corporate Actions,Data,20240614,Split,SPCE(US92766K1060) SPLIT 1 FOR 20,-225
Dividends,MetaInfo,Analysis Period,"May 12, 2020 - January 27, 2026"
Dividends,Header,PayDate,Ex-Date,Symbol,Quantity,DividendPerShare,Amount
Dividends,Data,20200727,20200626,GE.OLD,90,0.01,0.9
Dividends,Data,20201026,20200925,GE.OLD,90,0.01,0.9
Dividends,Data,20210322,20210226,ITUB,100,0.02,1.73
Dividends,Data,20210323,N/A,ITUB,100,0.01,0.91
Dividends,Data,20210419,N/A,ITUB,100,0.00,0.26
Dividends,Data,20210826,20210811,SCCO,21,0.90,18.9
Dividends,Data,20240118,20231220,BABA,20,1.00,20
Dividends,Data,20240712,20240613,BABA,20,1.00,20
Dividends,Data,20240712,20240613,BABA,20,0.66,13.2
Dividends,Data,20260102,20251201,NKE,80,0.41,32.8
Fee Summary,MetaInfo,Analysis Period,"May 12, 2020 - January 27, 2026"
Fee Summary,Header,Date,Description,Amount
Fee Summary,Data,20200603,A******91:global Snapshot Pnp For May 2020 ,-0.03
Fee Summary,Data,20200603,A******91:global Snapshot Pnp For May 2020 ,0.03
Fee Summary,Data,20201005,Balance of Monthly Minimum Fee For Sep 2020 ,-10
Fee Summary,Data,20201104,Balance of Monthly Minimum Fee For Oct 2020 ,-6.01
Fee Summary,Data,20201203,Balance of Monthly Minimum Fee For Nov 2020 ,-9.77
Fee Summary,Data,20210105,Balance of Monthly Minimum Fee For Dec 2020 ,-2.37
Fee Summary,Data,20210202,Balance of Monthly Minimum Fee For Jan 2021 ,-8.96
Fee Summary,Data,20210402,Balance of Monthly Minimum Fee For Mar 2021 ,-2.96
Fee Summary,Data,20210705,A******91:global Snapshot Pnp For Jun 2021 ,-0.06
Fee Summary,Data,20210705,A******91:global Snapshot Pnp For Jun 2021 ,0.06
Fee Summary,Data,20210705,A******91:us Consolidated Snapshot For Jun 2021 ,-0.01
Fee Summary,Data,20210705,A******91:us Consolidated Snapshot For Jun 2021 ,0.01
Fee Summary,Data,20220104,A******91:us Consolidated Snapshot For Dec 2021 ,-0.02
Fee Summary,Data,20220104,A******91:us Consolidated Snapshot For Dec 2021 ,0.02
Notes and Disclosure,Header,Type,Note
Notes and Disclosure,Data,General,"1. The Net Asset Value (NAV) consists of all positions by financial instrument (stock, securities options, warrants, bonds, cash, etc.). All non-base currency amounts are converted to the base currency at the close of period rate."
Notes and Disclosure,Data,General,2. The gain or loss from future contracts settle into cash each night. The notional value is used when computing the contribution to return.
Notes and Disclosure,Data,General,"3. Dividend accruals, interest accruals, and insured deposits are included in cash amounts throughout the report."
Notes and Disclosure,Data,General,4. Price valuations are obtained from outside parties. Clearing Broker shall have no responsibility for the accuracy or timeliness of any such price valuation.
Notes and Disclosure,Data,General,5. Data from Thomson Reuters Business Classifications and Lipper Global is used to derive our sector classifications. Funds with assorted sector allocations are classified as Broad.
Notes and Disclosure,Data,General,"6. Amounts are formatted to two decimal places. If amounts are greater than two decimal places, Clearing Broker uses "half-even" rounding. This means that Clearing Broker rounds such amounts up to the nearest even number."
Notes and Disclosure,Data,General,"7. For accounts opened and funded before 2009, reports with a time period of Since Inception will only include data going back to January 1, 2009. This includes some default reports and both Historical Performance reports."
Notes and Disclosure,Data,General,"8. If you have elected to trade cryptocurrency/digital asset products at Crypto Provider through the Clearing Broker platform, for your convenience your positions in your linked account at Crypto Provider are reflected in PortfolioAnalyst in connection with your Clearing Broker account."
Notes and Disclosure,Data,Section,1. Account Overview: The deposit/withdrawal amount displayed includes internal transfers along with cash and position transfers.
Notes and Disclosure,Data,Section,"2. Risk Measures: Historical US 3 Month Treasury Bill rates are used as the risk free rates when calculating Alpha, the Sharpe ratio, the Sortino ratio, and the downside deviation."
Notes and Disclosure,Data,Disclosure,"This portfolio report was generated using Clearing Broker's PortfolioAnalyst tool, which allows Clearing Broker clients to generate analyses of their accounts using market data provided by third parties along with trade and account data contained in Clearing Broker's systems. This report is for information purposes only and is provided AS IS. Clearing Broker makes no warranty of any kind, express or implied, as to this report and its contents. The data provided for use in the PortfolioAnalyst tool is believed to be accurate, but completeness and accuracy of the information is not guaranteed, and Clearing Broker has no liability with respect thereto. The data regarding accounts held outside of Clearing Broker is obtained either directly from your input or from the financial institutions holding those accounts through a third-party service provider and Clearing Broker has NOT reviewed its accuracy.

The material in this report is intended only as a reference and should not be relied upon for the maintenance of your books and records for tax, accounting, financial, or regulatory reporting or for any other purposes. This report is not an offer or a solicitation of an offer to buy or sell any security. This material does not, and is not intended to, take into account the particular financial conditions, investment objectives, or requirements of individual customers. Before acting on any material within this report, you should consider whether it is suitable for your particular circumstances and as necessary, seek professional advice."
