Introduction,Header,Name,Account,Alias,BaseCurrency,AccountType,AnalysisPeriod,PerformanceMeasure
Introduction,Data,JOSE A VILLACORTA OLANO and SUSANA V LABARTHE MONTERO DE VILLACORTA,U14523671,,USD,Joint (Broker Client),"April 12, 2024 to January 27, 2026 (Daily)",TWR
Key Statistics,MetaInfo,Analysis Period,"April 12, 2024 - January 27, 2026"
Key Statistics,Header,BeginningNAV,EndingNAV,CumulativeReturn,5DayReturn,5DayReturnDateRange,10DayReturn,10DayReturnDateRange,BestReturn,BestReturnDate,WorstReturn,WorstReturnDate,MTM,Deposits & Withdrawals,Dividends,Interest,Fees & Commissions,Other,ChangeInNAV
Key Statistics,Data,0,7.859025,-70.572323291,0,20260121 - 20260127,0,20260114 - 20260127,16.639804746,20240924,-56.821329591,20241115,21882.304599999,-6844.74,16.52,-0.13,-15041.10951,-4.986064999,7.859025
Historical Performance,MetaInfo,Analysis Period,"April 12, 2024 - January 27, 2026"
Historical Performance,Header,Account,MTD,QTD,YTD,1 Year,Since Inception
Historical Performance,Data,U14523671,0,0,0,0,-70.572323297
Historical Performance,Header,Month,Account,AccountReturn
Historical Performance,Data,202501,U14523671,0
Historical Performance,Data,202502,U14523671,0
Historical Performance,Data,202503,U14523671,0
Historical Performance,Data,202504,U14523671,0
Historical Performance,Data,202505,U14523671,0
Historical Performance,Data,202506,U14523671,0
Historical Performance,Data,202507,U14523671,0
Historical Performance,Data,202508,U14523671,0
Historical Performance,Data,202509,U14523671,0
Historical Performance,Data,202510,U14523671,0
Historical Performance,Data,202511,U14523671,0
Historical Performance,Data,202512,U14523671,0
Historical Performance,Data,202401,U14523671,-
Historical Performance,Data,202402,U14523671,-
Historical Performance,Data,202403,U14523671,-
Historical Performance,Data,202404,U14523671,-
Historical Performance,Data,202405,U14523671,10.642271816
Historical Performance,Data,202406,U14523671,-5.581662567
Historical Performance,Data,202407,U14523671,16.569059483
Historical Performance,Data,202408,U14523671,-31.477879149
Historical Performance,Data,202409,U14523671,43.797091489
Historical Performance,Data,202410,U14523671,-2.407646794
Historical Performance,Data,202411,U14523671,-71.781514216
Historical Performance,Data,202412,U14523671,0
Historical Performance,Header,Quarter,Account,AccountReturn
Historical Performance,Data,2025 Q1,U14523671,0
Historical Performance,Data,2025 Q2,U14523671,0
Historical Performance,Data,2025 Q3,U14523671,0
Historical Performance,Data,2025 Q4,U14523671,0
Historical Performance,Data,2024 Q1,U14523671,-
Historical Performance,Data,2024 Q2,U14523671,-
Historical Performance,Data,2024 Q3,U14523671,14.858777838
Historical Performance,Data,2024 Q4,U14523671,-72.460915684
Historical Performance,Header,Year,Account,AccountReturn
Historical Performance,Data,YTD,U14523671,0
Historical Performance,Data,2025,U14523671,0
Open Position Summary,MetaInfo,As Of,"January 27, 2026"
Open Position Summary,Header,Date,FinancialInstrument,Currency,Symbol,Description,Sector,Quantity,ClosePrice,Value,Cost Basis,UnrealizedP&L,FXRateToBase
Open Position Summary,Data,01/27/2026,Cash,USD,USD,United States Dollar,Cash,7.859025,1,7.859025, , ,1
Performance by Symbol,MetaInfo,Analysis Period,"April 12, 2024 - January 27, 2026"
Performance by Symbol,Header,Symbol,Description,FinancialInstrument,Sector,AvgWeight,Return,Contribution,Unrealized_P&L,Realized_P&L,Open
Performance by Symbol,Data,NUGT,DIREXION DAILY GOLD MINERS I,ETFs,Broad,23.189929182,-1.014898507,-0.202039702,0.00,-241.58,No
Performance by Symbol,Data,TLT,ISHARES 20+ YEAR TREASURY BD,ETFs,Government,91.26840024,-0.872443004,-0.796754885,0.00,-847.22,No
Performance by Symbol,Data,Total ETFs,,,,42.640920913,-1.8784871,-0.997184826,0.00,"-1,088.80",
Performance by Symbol,Data,ABNB  240510P00150000,ABNB 10MAY24 150 P,Options,Technology,0.312536712,3.620872788,0.012311305,0.00,11.40,No
Performance by Symbol,Data,ADBE  240531C00490000,ADBE 31MAY24 490 C,Options,Technology,1.265261426,-49.651353792,-0.58217103,0.00,-591.28,No
Performance by Symbol,Data,ADBE  240607C00490000,ADBE 07JUN24 490 C,Options,Technology,0.466692055,-100,-1.240339093,0.00,"-1,190.39",No
Performance by Symbol,Data,AMD   240503C00165000,AMD 03MAY24 165 C,Options,Technology,0.196507528,-100,-0.545027151,0.00,-490.80,No
Performance by Symbol,Data,AMD   240503P00155000,AMD 03MAY24 155 P,Options,Technology,0.534523175,78.168614978,0.430722322,0.00,383.65,No
Performance by Symbol,Data,AMZN  240503C00185000,AMZN 03MAY24 185 C,Options,Consumer Cyclicals,0.364087983,-83.800517825,-0.510294053,0.00,-464.08,No
Performance by Symbol,Data,AMZN  240503P00175000,AMZN 03MAY24 175 P,Options,Consumer Cyclicals,0.519512281,-103.772342727,-0.701668339,0.00,-613.08,No
Performance by Symbol,Data,B     260116C00015000,B 16JAN26 15 C,Options,Basic Materials,8.762060078,5.011763736,0.419616831,0.00,296.22,No
Performance by Symbol,Data,BA    240426C00170000,BA 26APR24 170 C,Options,Industrials,0.837676351,-101.691647729,-1.241965719,0.00,"-1,210.73",No
Performance by Symbol,Data,BABA  240517C00075000,BABA 17MAY24 75 C,Options,Technology,7.008776522,88.217658302,6.844610083,0.00,"6,041.97",No
Performance by Symbol,Data,BABA  240517C00085000,BABA 17MAY24 85 C,Options,Technology,2.395588458,-5.562671927,0.917931912,0.00,901.94,No
Performance by Symbol,Data,BABA  240517C00090000,BABA 17MAY24 90 C,Options,Technology,0.981761572,-78.019707436,-1.001789475,0.00,"-1,036.68",No
Performance by Symbol,Data,BABA  240524C00080000,BABA 24MAY24 80 C,Options,Technology,3.637688151,103.755080013,4.443321266,0.00,"3,910.46",No
Performance by Symbol,Data,BABA  240524C00090000,BABA 24MAY24 90 C,Options,Technology,3.007166665,37.528963302,1.2657564,0.00,"1,245.01",No
Performance by Symbol,Data,BABA  240816C00080000,BABA 16AUG24 80 C,Options,Technology,0.845133733,-41.44868284,-0.501475272,0.00,-539.56,No
Performance by Symbol,Data,BABA  240816P00078000,BABA 16AUG24 78 P,Options,Technology,1.395168729,-100,-2.206488836,0.00,"-1,608.04",No
Performance by Symbol,Data,BABA1 260116C00090000,BABA1 16JAN26 90 C,Options,Technology,3.093408022,33.256386991,0.90221123,0.00,908.20,No
Performance by Symbol,Data,BABA1 260116C00100000,BABA1 16JAN26 100 C,Options,Technology,7.45131973,-32.113342078,-2.681593998,0.00,"-2,620.46",No
Performance by Symbol,Data,BABA2 260116C00100000,BABA2 16JAN26 100 C,Options,Technology,7.263724729,6.569748404,0.54637878,0.00,500.91,No
Performance by Symbol,Data,BABA2 261218C00072500,BABA2 18DEC26 72.5 C,Options,Technology,52.820838837,91.971551989,44.137831428,0.00,"30,378.81",No
Performance by Symbol,Data,BIDU  240816C00090000,BIDU 16AUG24 90 C,Options,Technology,1.033039237,-100,-2.867981242,0.00,"-2,887.23",No
Performance by Symbol,Data,BIDU  240816C00110000,BIDU 16AUG24 110 C,Options,Technology,0.150832984,-100,-1.114239128,0.00,"-1,146.31",No
Performance by Symbol,Data,BIDU  240830P00090000,BIDU 30AUG24 90 P,Options,Technology,0.756456585,-213.41613277,0.132244084,0.00,107.00,No
Performance by Symbol,Data,BIDU  240920C00085000,BIDU 20SEP24 85 C,Options,Technology,1.665485247,-100,-3.404374751,0.00,0.00,No
Performance by Symbol,Data,BIDU  250117C00090000,BIDU 17JAN25 90 C,Options,Technology,0.97418033,26.044442247,0.50143673,0.00,328.36,No
Performance by Symbol,Data,BIDU  250620C00090000,BIDU 20JUN25 90 C,Options,Technology,1.546750794,17.29251769,0.493348675,0.00,305.35,No
Performance by Symbol,Data,BIDU  250620C00110000,BIDU 20JUN25 110 C,Options,Technology,5.556927005,30.979923165,1.635501192,0.00,"1,488.77",No
Performance by Symbol,Data,BIDU  260116C00100000,BIDU 16JAN26 100 C,Options,Technology,3.884398264,4.270136778,0.200003415,0.00,206.69,No
Performance by Symbol,Data,BMY   260116C00025000,BMY 16JAN26 25 C,Options,Healthcare,5.848572875,9.805465241,0.650697137,0.00,610.57,No
Performance by Symbol,Data,BMY   260116C00040000,BMY 16JAN26 40 C,Options,Healthcare,7.454316566,-1.474327087,-0.300280441,0.00,-179.20,No
Performance by Symbol,Data,CHGG  240517C00007000,CHGG 17MAY24 7 C,Options,Industrials,0.18702815,-100,-1.427495493,0.00,"-1,355.14",No
Performance by Symbol,Data,CHGG  240517P00007000,CHGG 17MAY24 7 P,Options,Industrials,1.005853481,41.656835493,0.452403204,0.00,433.29,No
Performance by Symbol,Data,CVS   260116C00055000,CVS 16JAN26 55 C,Options,Healthcare,2.751304469,28.570861384,0.794091737,0.00,738.73,No
Performance by Symbol,Data,DIS   250620C00100000,DIS 20JUN25 100 C,Options,Telecomm,3.384015876,-54.968487302,-2.34023999,0.00,"-2,262.67",No
Performance by Symbol,Data,ENPH  240726P00100000,ENPH 26JUL24 100 P,Options,Energy,0.17956248,-100,-0.441698283,0.00,-445.79,No
Performance by Symbol,Data,EWZ   260116C00030000,EWZ 16JAN26 30 C,Options,Broad,5.144315605,40.2165631,1.783028273,0.00,"1,689.54",No
Performance by Symbol,Data,FTNT  240503C00065000,FTNT 03MAY24 65 C,Options,Technology,0.582528411,-100,-0.847168764,0.00,-840.11,No
Performance by Symbol,Data,FTNT  240503P00065000,FTNT 03MAY24 65 P,Options,Technology,0.829285505,7.891790856,0.05797189,0.00,62.99,No
Performance by Symbol,Data,GOLD  250117C00015000,GOLD 17JAN25 15 C,Options,Basic Materials,6.696497769,4.629866469,0.596537857,0.00,432.93,No
Performance by Symbol,Data,GOOG  240426C00157500,GOOG 26APR24 157.5 C,Options,Telecomm,0.542757883,250.573309818,1.36736239,0.00,"1,267.39",No
Performance by Symbol,Data,GOOG  240426P00157500,GOOG 26APR24 157.5 P,Options,Telecomm,0.341498244,-100,-0.533942285,0.00,-495.80,No
Performance by Symbol,Data,GOOG  240726C00190000,GOOG 26JUL24 190 C,Options,Telecomm,0.138339327,-100,-0.371218297,0.00,-377.80,No
Performance by Symbol,Data,INTC  240510C00035000,INTC 10MAY24 35 C,Options,Technology,0.71349194,-101.048074082,-0.746622918,0.00,-692.97,No
Performance by Symbol,Data,INTC  240510P00035000,INTC 10MAY24 35 P,Options,Technology,0.71874561,121.102632174,0.883037785,0.00,818.41,No
Performance by Symbol,Data,INTC  261218C00020000,INTC 18DEC26 20 C,Options,Technology,14.086763239,-48.449566029,-13.674360438,0.00,"-13,502.26",No
Performance by Symbol,Data,INTC  261218C00025000,INTC 18DEC26 25 C,Options,Technology,6.118439937,-45.475829281,-4.879535539,0.00,"-4,743.09",No
Performance by Symbol,Data,INTC  261218C00030000,INTC 18DEC26 30 C,Options,Technology,9.454085596,-61.390793219,-7.991889741,0.00,"-7,908.10",No
Performance by Symbol,Data,INTC  261218C00040000,INTC 18DEC26 40 C,Options,Technology,5.476389742,-56.329779992,-5.544604467,0.00,"-5,321.92",No
Performance by Symbol,Data,IRBT  240510C00008000,IRBT 10MAY24 8 C,Options,Technology,0.296169583,34.931152559,0.110537953,0.00,107.31,No
Performance by Symbol,Data,KWEB  260116C00020000,KWEB 16JAN26 20 C,Options,Technology,5.316966577,45.933161748,2.21837166,0.00,"1,766.59",No
Performance by Symbol,Data,KWEB  270115C00030000,KWEB 15JAN27 30 C,Options,Technology,29.457605707,7.112066004,2.095044361,0.00,"1,723.80",No
Performance by Symbol,Data,LUV   260116C00020000,LUV 16JAN26 20 C,Options,Industrials,2.88014776,21.883136147,0.560503551,0.00,542.86,No
Performance by Symbol,Data,META  240426C00495000,META 26APR24 495 C,Options,Telecomm,1.503466021,-101.074085434,-2.333802393,0.00,"-2,239.34",No
Performance by Symbol,Data,NEM   240426C00038000,NEM 26APR24 38 C,Options,Basic Materials,1.224750279,78.846788552,1.024525388,0.00,981.14,No
Performance by Symbol,Data,NIO   260116C00005000,NIO 16JAN26 5 C,Options,Consumer Cyclicals,1.805111565,-10.907644231,-0.186055991,0.00,-199.01,No
Performance by Symbol,Data,NKE   250620C00060000,NKE 20JUN25 60 C,Options,Consumer Cyclicals,8.438521152,6.222102746,0.611165513,0.00,516.18,No
Performance by Symbol,Data,NKE   250620C00075000,NKE 20JUN25 75 C,Options,Consumer Cyclicals,8.075562961,15.579432804,1.269517463,0.00,"1,203.41",No
Performance by Symbol,Data,NKE   250620C00080000,NKE 20JUN25 80 C,Options,Consumer Cyclicals,13.508741416,2.532145199,2.223223744,0.00,"1,502.99",No
Performance by Symbol,Data,NKE   260116C00075000,NKE 16JAN26 75 C,Options,Consumer Cyclicals,11.453423247,-4.350988464,1.572992722,0.00,"1,038.66",No
Performance by Symbol,Data,NKE   260116C00100000,NKE 16JAN26 100 C,Options,Consumer Cyclicals,11.332112629,12.151465202,1.403587086,0.00,"1,312.77",No
Performance by Symbol,Data,NKE   261218C00075000,NKE 18DEC26 75 C,Options,Consumer Cyclicals,8.251431042,-0.921944923,0.27876012,0.00,244.92,No
Performance by Symbol,Data,NKE   261218C00090000,NKE 18DEC26 90 C,Options,Consumer Cyclicals,7.219526407,27.908619719,1.839772919,0.00,"1,753.43",No
Performance by Symbol,Data,NVDA  240524C00990000,NVDA 24MAY24 990 C,Options,Technology,2.200846192,124.120206267,2.691702382,0.00,"2,671.62",No
Performance by Symbol,Data,NVDA  240524C01000000,NVDA 24MAY24 1000 C,Options,Technology,-1.860183485,114.293997154,-2.056888535,0.00,"-2,045.29",No
Performance by Symbol,Data,PBR   260116C00013000,PBR 16JAN26 13 C,Options,Energy,4.454203755,-32.859264133,-1.031779816,0.00,"-1,055.48",No
Performance by Symbol,Data,PINS  240503C00030000,PINS 03MAY24 30 C,Options,Technology,0.483986683,87.896642276,0.465378802,0.00,411.75,No
Performance by Symbol,Data,PINS  240503P00037000,PINS 03MAY24 37 P,Options,Technology,0.191700508,-100,-0.493409703,0.00,-439.45,No
Performance by Symbol,Data,PYPL  240503C00067000,PYPL 03MAY24 67 C,Options,Financials,0.60807104,-96.911117693,-1.049715701,0.00,-986.37,No
Performance by Symbol,Data,PYPL  240503P00067000,PYPL 03MAY24 67 P,Options,Financials,0.598460591,-85.314803614,-0.916940371,0.00,-870.90,No
Performance by Symbol,Data,PYPL  240802C00060000,PYPL 02AUG24 60 C,Options,Financials,0.972947643,81.701885634,0.789098202,0.00,822.93,No
Performance by Symbol,Data,PYPL  260116C00065000,PYPL 16JAN26 65 C,Options,Financials,5.328350636,2.927969305,0.152148997,0.00,141.57,No
Performance by Symbol,Data,PYPL  261218C00060000,PYPL 18DEC26 60 C,Options,Financials,8.438057678,23.731297951,1.86038847,0.00,"1,945.30",No
Performance by Symbol,Data,SBUX  250620C00080000,SBUX 20JUN25 80 C,Options,Consumer Cyclicals,6.219422885,10.37663631,0.703582656,0.00,651.07,No
Performance by Symbol,Data,SBUX  260116C00080000,SBUX 16JAN26 80 C,Options,Consumer Cyclicals,4.752226449,9.667649917,0.440967427,0.00,446.74,No
Performance by Symbol,Data,SBUX  261218C00090000,SBUX 18DEC26 90 C,Options,Consumer Cyclicals,8.276086476,5.383707978,0.439189518,0.00,453.41,No
Performance by Symbol,Data,SHOP  240510C00082000,SHOP 10MAY24 82 C,Options,Technology,0.180797014,-100,-0.474274738,0.00,-462.90,No
Performance by Symbol,Data,SNAP  240426C00011000,SNAP 26APR24 11 C,Options,Technology,0.345815891,96.343526553,0.360811744,0.00,333.23,No
Performance by Symbol,Data,SNAP  240426P00011000,SNAP 26APR24 11 P,Options,Technology,0.167329416,-100,-0.266116836,0.00,-247.37,No
Performance by Symbol,Data,SOFI  240510C00007500,SOFI 10MAY24 7.5 C,Options,Financials,0.490496498,-85.32226542,-0.442260976,0.00,-415.72,No
Performance by Symbol,Data,SOFI  240510P00008000,SOFI 10MAY24 8 P,Options,Financials,0.404368399,16.187819691,0.067137757,0.00,63.78,No
Performance by Symbol,Data,SOFI  240802C00007000,SOFI 02AUG24 7 C,Options,Financials,0.648335225,-22.062403522,-0.171748772,0.00,-174.27,No
Performance by Symbol,Data,SOFI  260618C00007000,SOFI 18JUN26 7 C,Options,Financials,2.841886517,-1.48403329,-0.047332539,0.00,-44.82,No
Performance by Symbol,Data,SQ    240503C00085000,SQ 03MAY24 85 C,Options,Industrials,0.19197414,-100,-0.299620475,0.00,-292.99,No
Performance by Symbol,Data,TLT   240816C00097000,TLT 16AUG24 97 C,Options,Government,1.274461874,-61.002356846,-0.941748038,0.00,-662.66,No
Performance by Symbol,Data,TLT   250117C00090000,TLT 17JAN25 90 C,Options,Government,6.051004365,2.333459086,0.220391218,0.00,151.08,No
Performance by Symbol,Data,TLT   250516C00090000,TLT 16MAY25 90 C,Options,Government,7.953180515,4.997610715,0.426723256,0.00,401.03,No
Performance by Symbol,Data,TLT   260116C00090000,TLT 16JAN26 90 C,Options,Government,5.180804735,8.541265468,1.221265667,0.00,"1,173.70",No
Performance by Symbol,Data,TLT   270115C00100000,TLT 15JAN27 100 C,Options,Government,6.698375841,-2.283250956,-0.188674535,0.00,-198.60,No
Performance by Symbol,Data,TSLA  240426P00130000,TSLA 26APR24 130 P,Options,Consumer Cyclicals,0.673835406,-102.441939969,-1.029724205,0.00,"-1,004.07",No
Performance by Symbol,Data,TSLA  240726C00265000,TSLA 26JUL24 265 C,Options,Consumer Cyclicals,0.196573061,-100,-0.517325778,0.00,-525.80,No
Performance by Symbol,Data,TTWO  240517C00165000,TTWO 17MAY24 165 C,Options,Telecomm,0.174902691,-100,-0.189590174,0.00,-192.09,No
Performance by Symbol,Data,TWLO  240510C00063000,TWLO 10MAY24 63 C,Options,Technology,0.151310174,-100,-0.392978848,0.00,-383.45,No
Performance by Symbol,Data,TWLO  240510P00058000,TWLO 10MAY24 58 P,Options,Technology,0.064601353,-100,-0.151370368,0.00,-147.45,No
Performance by Symbol,Data,UVXY  240524C00025000,UVXY 24MAY24 25 C,Options,Broad,0.856877286,8.33776058,0.071726343,0.00,71.24,No
Performance by Symbol,Data,VALE  260116C00008000,VALE 16JAN26 8 C,Options,Basic Materials,6.261991719,-27.439742541,-0.781333469,0.00,"-1,323.00",No
Performance by Symbol,Data,WBA   240628C00016000,WBA 28JUN24 16 C,Options,Consumer Non-Cyc,0.280323841,-100,-0.590960545,0.00,-572.07,No
Performance by Symbol,Data,Total Options,,,,60.085788702,-22.55363621,4.995662471,0.00,"8,494.49",
Performance by Symbol,Data,AAPL,APPLE INC,Stocks,Technology,14.295808749,-1.379282733,-0.208841565,0.00,-207.20,No
Performance by Symbol,Data,AMD,ADVANCED MICRO DEVICES,Stocks,Technology,7.769887835,-5.175268828,-0.39495209,0.00,-415.14,No
Performance by Symbol,Data,AMZN,AMAZON.COM INC,Stocks,Consumer Cyclicals,1.68014608,-6.45835537,0.689816973,0.00,725.91,No
Performance by Symbol,Data,BIDU,BAIDU INC - SPON ADR,Stocks,Technology,32.199944376,3.906847858,1.257150163,0.00,"-2,205.06",No
Performance by Symbol,Data,CAT,CATERPILLAR INC,Stocks,Industrials,6.702546136,-0.161263518,-0.010785607,0.00,-11.32,No
Performance by Symbol,Data,CVS,CVS HEALTH CORP,Stocks,Healthcare,10.880250474,-0.311044219,-0.045871775,0.00,-34.42,No
Performance by Symbol,Data,CVX,CHEVRON CORP,Stocks,Energy,7.732066727,2.534063709,0.194994866,0.00,203.28,No
Performance by Symbol,Data,EA,ELECTRONIC ARTS INC,Stocks,Telecomm,6.980816318,2.319733506,0.161410135,0.00,169.84,No
Performance by Symbol,Data,GOOG,ALPHABET INC-CL C,Stocks,Telecomm,11.587106305,8.040726035,0.923470662,0.00,966.68,No
Performance by Symbol,Data,IBM,INTL BUSINESS MACHINES CORP,Stocks,Technology,6.687638037,-6.088428557,-0.407438567,0.00,-427.48,No
Performance by Symbol,Data,INTC,INTEL CORP,Stocks,Technology,0.872315936,-81.149858268,0.795725284,0.00,836.94,No
Performance by Symbol,Data,LLY,ELI LILLY & CO,Stocks,Healthcare,9.538975338,-7.017192005,-0.669049086,0.00,-703.16,No
Performance by Symbol,Data,MDLZ,MONDELEZ INTERNATIONAL INC-A,Stocks,Consumer Non-Cyc,6.678399951,-0.40082388,-0.027187256,0.00,-28.15,No
Performance by Symbol,Data,MELI,MERCADOLIBRE INC,Stocks,Technology,11.524270997,-4.415953062,-0.473872813,0.00,-549.58,No
Performance by Symbol,Data,META,META PLATFORMS INC-CLASS A,Stocks,Telecomm,13.952380623,1.813363409,0.259483822,0.00,263.32,No
Performance by Symbol,Data,MSFT,MICROSOFT CORP,Stocks,Technology,12.263309859,-2.565567927,-0.331723167,0.00,-334.07,No
Performance by Symbol,Data,NEM,NEWMONT CORP,Stocks,Basic Materials,14.869561977,-10.689907579,-0.833413361,0.00,-870.80,No
Performance by Symbol,Data,NVDA,NVIDIA CORP,Stocks,Technology,9.663764883,4.121831251,0.393101054,0.00,413.10,No
Performance by Symbol,Data,PFE,PFIZER INC,Stocks,Healthcare,6.750073995,-0.361074533,-0.024240974,0.00,-25.37,No
Performance by Symbol,Data,PLTR,PALANTIR TECHNOLOGIES INC-A,Stocks,Technology,10.003059408,11.679624113,1.168319739,0.00,"1,220.74",No
Performance by Symbol,Data,QCOM,QUALCOMM INC,Stocks,Technology,13.028567167,-0.426747456,-0.086067616,0.00,-56.95,No
Performance by Symbol,Data,STLA,STELLANTIS NV,Stocks,Consumer Cyclicals,34.359384238,0.378553769,0.144583421,0.00,117.77,No
Performance by Symbol,Data,TLRY,TILRAY BRANDS INC,Stocks,Healthcare,0.923938636,3.407273387,0.030208741,0.00,32.37,No
Performance by Symbol,Data,V,VISA INC-CLASS A SHARES,Stocks,Industrials,8.194129924,2.464012404,0.201358652,0.00,212.43,No
Performance by Symbol,Data,VALE,VALE SA-SP ADR,Stocks,Basic Materials,3.858399108,2.782825797,0.107822413,0.00,112.18,No
Performance by Symbol,Data,XOM,EXXON MOBIL CORP,Stocks,Energy,7.624577505,0.743331787,0.056615073,0.00,59.63,No
Performance by Symbol,Data,Total Stocks,,,,47.981976979,5.806276889,2.88501902,0.00,-534.52,
Performance by Symbol,Data,USD,United States Dollar,Cash,Cash,79.944472247,4.868832078,0.012824165,,,Yes
Performance by Symbol,Data,Fees,Fees,Cash,Cash,-,-,-72.466328068,,,-
Performance by Symbol,Data,Total Cash,,,,79.972485113,-71.125759816,-72.462797104,,,
Performance by Symbol,Data,Total,,,,99.786324786,-70.572323291,-70.572323291,0.00,"6,871.17",
Trade Summary,MetaInfo,Analysis Period,"April 12, 2024 - January 27, 2026"
Trade Summary,Header,Financial Instrument,Currency,Symbol,Description,Sector,Quantity Bought,Average Price Bought,Proceeds Bought,Proceeds Bought in Base,Quantity Sold,Average Price Sold,Proceeds Sold,Proceeds Sold in Base
Trade Summary,Data,ETFs,United States Dollar,NUGT,DIREXION DAILY GOLD MINERS I,Broad,600,39.575716667,-23745.43,-23745.43,-600,39.3338,23600.28,23600.28
Trade Summary,Data,ETFs,United States Dollar,TLT,ISHARES 20+ YEAR TREASURY BD,Government,1014,95.698055227,-97037.828,-97037.828,-1014,94.985,96314.79,96314.79
Trade Summary,Data,Options,United States Dollar,ABNB  240510P00150000,ABNB 10MAY24 150 P,Technology,1,2.89,-289,-289,-1,3.52,352,352
Trade Summary,Data,Options,United States Dollar,ADBE  240531C00490000,ADBE 31MAY24 490 C,Technology,2,5.8,-1160,-1160,-2,3.15,630,630
Trade Summary,Data,Options,United States Dollar,ADBE  240607C00490000,ADBE 07JUN24 490 C,Technology,2,5.8,-1160,-1160,-2,0,0,0
Trade Summary,Data,Options,United States Dollar,AMD   240503C00165000,AMD 03MAY24 165 C,Technology,1,4.65,-465,-465,-1,0,0,0
Trade Summary,Data,Options,United States Dollar,AMD   240503P00155000,AMD 03MAY24 155 P,Technology,1,4.65,-465,-465,-1,9,900,900
Trade Summary,Data,Options,United States Dollar,AMZN  240503C00185000,AMZN 03MAY24 185 C,Consumer Cyclicals,1,5.28,-528,-528,-1,1.16,116,116
Trade Summary,Data,Options,United States Dollar,AMZN  240503P00175000,AMZN 03MAY24 175 P,Consumer Cyclicals,1,5.65,-565,-565,-1,0.04,4,4
Trade Summary,Data,Options,United States Dollar,B     260116C00015000,B 16JAN26 15 C,Basic Materials,31,3.716129032,-11520,-11520,-31,3.95,12245,12245
Trade Summary,Data,Options,United States Dollar,BA    240426C00170000,BA 26APR24 170 C,Industrials,3,3.85,-1155,-1155,-3,0.02,6,6
Trade Summary,Data,Options,United States Dollar,BABA  240517C00075000,BABA 17MAY24 75 C,Technology,20,3.36,-6720,-6720,-20,6.51,13020,13020
Trade Summary,Data,Options,United States Dollar,BABA  240517C00085000,BABA 17MAY24 85 C,Technology,40,0.93375,-3735,-3735,-40,1.29025,5161,5161
Trade Summary,Data,Options,United States Dollar,BABA  240517C00090000,BABA 17MAY24 90 C,Technology,20,0.6,-1200,-1200,-20,0.17,340,340
Trade Summary,Data,Options,United States Dollar,BABA  240524C00080000,BABA 24MAY24 80 C,Technology,20,1.82,-3640,-3640,-20,3.9,7800,7800
Trade Summary,Data,Options,United States Dollar,BABA  240524C00090000,BABA 24MAY24 90 C,Technology,40,0.77,-3080,-3080,-40,1.2,4800,4800
Trade Summary,Data,Options,United States Dollar,BABA  240816C00080000,BABA 16AUG24 80 C,Technology,4,3.15,-1260,-1260,-4,2.01,804,804
Trade Summary,Data,Options,United States Dollar,BABA  240816P00078000,BABA 16AUG24 78 P,Technology,9,1.71,-1539,-1539,-9,0,0,0
Trade Summary,Data,Options,United States Dollar,BABA1 260116C00090000,BABA1 16JAN26 90 C,Technology,2,13.5,-2700,-2700,-2,18.35,3670,3670
Trade Summary,Data,Options,United States Dollar,BABA1 260116C00100000,BABA1 16JAN26 100 C,Technology,10,9.885,-9885,-9885,-10,7.45,7450,7450
Trade Summary,Data,Options,United States Dollar,BABA2 260116C00100000,BABA2 16JAN26 100 C,Technology,10,7.55,-7550,-7550,-10,8.2,8200,8200
Trade Summary,Data,Options,United States Dollar,BABA2 261218C00072500,BABA2 18DEC26 72.5 C,Technology,16,21.4,-34240,-34240,-16,40.534375,64855,64855
Trade Summary,Data,Options,United States Dollar,BIDU  240816C00090000,BIDU 16AUG24 90 C,Technology,5,5.68,-2840,-2840,-5,0,0,0
Trade Summary,Data,Options,United States Dollar,BIDU  240816C00110000,BIDU 16AUG24 110 C,Technology,3,3.7,-1110,-1110,-3,0,0,0
Trade Summary,Data,Options,United States Dollar,BIDU  240830P00090000,BIDU 30AUG24 90 P,Technology,4,3.575,-1430,-1430,-4,4.15,1660,1660
Trade Summary,Data,Options,United States Dollar,BIDU  240920C00085000,BIDU 20SEP24 85 C,Technology,3,10.55,-3165,-3165,-3,0,0,0
Trade Summary,Data,Options,United States Dollar,BIDU  250117C00090000,BIDU 17JAN25 90 C,Technology,1,12.35,-1235,-1235,-1,16.15,1615,1615
Trade Summary,Data,Options,United States Dollar,BIDU  250620C00090000,BIDU 20JUN25 90 C,Technology,1,17.4,-1740,-1740,-1,20.97,2097,2097
Trade Summary,Data,Options,United States Dollar,BIDU  250620C00110000,BIDU 20JUN25 110 C,Technology,3,15.9,-4770,-4770,-3,21.1,6330,6330
Trade Summary,Data,Options,United States Dollar,BIDU  260116C00100000,BIDU 16JAN26 100 C,Technology,2,24.05,-4810,-4810,-2,25.39,5078,5078
Trade Summary,Data,Options,United States Dollar,BMY   260116C00025000,BMY 16JAN26 25 C,Healthcare,8,15.70625,-12565,-12565,-8,16.67875,13343,13343
Trade Summary,Data,Options,United States Dollar,BMY   260116C00040000,BMY 16JAN26 40 C,Healthcare,10,12.08,-12080,-12080,-10,12.05,12050,12050
Trade Summary,Data,Options,United States Dollar,CHGG  240517C00007000,CHGG 17MAY24 7 C,Industrials,15,0.831333333,-1247,-1247,-15,0,0,0
Trade Summary,Data,Options,United States Dollar,CHGG  240517P00007000,CHGG 17MAY24 7 P,Industrials,15,0.621333333,-932,-932,-15,1.05,1575,1575
Trade Summary,Data,Options,United States Dollar,CVS   260116C00055000,CVS 16JAN26 55 C,Healthcare,3,8.5,-2550,-2550,-3,11.2,3360,3360
Trade Summary,Data,Options,United States Dollar,DIS   250620C00100000,DIS 20JUN25 100 C,Telecomm,3,13.6,-4080,-4080,-3,6.3,1890,1890
Trade Summary,Data,Options,United States Dollar,ENPH  240726P00100000,ENPH 26JUL24 100 P,Energy,1,4.2,-420,-420,-1,0,0,0
Trade Summary,Data,Options,United States Dollar,EWZ   260116C00030000,EWZ 16JAN26 30 C,Broad,40,2.225,-8900,-8900,-40,2.775,11100,11100
Trade Summary,Data,Options,United States Dollar,FTNT  240503C00065000,FTNT 03MAY24 65 C,Technology,2,4.05,-810,-810,-2,0,0,0
Trade Summary,Data,Options,United States Dollar,FTNT  240503P00065000,FTNT 03MAY24 65 P,Technology,2,3.84,-768,-768,-2,4.46,892,892
Trade Summary,Data,Options,United States Dollar,GOLD  250117C00015000,GOLD 17JAN25 15 C,Basic Materials,30,2.81,-8430,-8430,-30,3.09,9270,9270
Trade Summary,Data,Options,United States Dollar,GOOG  240426C00157500,GOOG 26APR24 157.5 C,Telecomm,1,4.8,-480,-480,-1,17.99,1799,1799
Trade Summary,Data,Options,United States Dollar,GOOG  240426P00157500,GOOG 26APR24 157.5 P,Telecomm,1,4.7,-470,-470,-1,0,0,0
Trade Summary,Data,Options,United States Dollar,GOOG  240726C00190000,GOOG 26JUL24 190 C,Telecomm,1,3.52,-352,-352,-1,0,0,0
Trade Summary,Data,Options,United States Dollar,INTC  240510C00035000,INTC 10MAY24 35 C,Technology,4,1.61,-644,-644,-4,0.05,20,20
Trade Summary,Data,Options,United States Dollar,INTC  240510P00035000,INTC 10MAY24 35 P,Technology,4,1.585,-634,-634,-4,3.84,1536,1536
Trade Summary,Data,Options,United States Dollar,INTC  261218C00020000,INTC 18DEC26 20 C,Technology,25,13.34,-33350,-33350,-25,8.08,20200,20200
Trade Summary,Data,Options,United States Dollar,INTC  261218C00025000,INTC 18DEC26 25 C,Technology,20,10.615,-21230,-21230,-20,8.4125,16825,16825
Trade Summary,Data,Options,United States Dollar,INTC  261218C00030000,INTC 18DEC26 30 C,Technology,15,8.673333333,-13010,-13010,-15,3.55,5325,5325
Trade Summary,Data,Options,United States Dollar,INTC  261218C00040000,INTC 18DEC26 40 C,Technology,30,5.365,-16095,-16095,-30,3.74,11220,11220
Trade Summary,Data,Options,United States Dollar,IRBT  240510C00008000,IRBT 10MAY24 8 C,Technology,2,1.39,-278,-278,-2,2.22,444,444
Trade Summary,Data,Options,United States Dollar,KWEB  260116C00020000,KWEB 16JAN26 20 C,Technology,5,7.6,-3800,-3800,-5,11.32,5660,5660
Trade Summary,Data,Options,United States Dollar,KWEB  270115C00030000,KWEB 15JAN27 30 C,Technology,40,6,-24000,-24000,-40,6.55,26200,26200
Trade Summary,Data,Options,United States Dollar,LUV   260116C00020000,LUV 16JAN26 20 C,Industrials,3,8.15,-2445,-2445,-3,10.2,3060,3060
Trade Summary,Data,Options,United States Dollar,META  240426C00495000,META 26APR24 495 C,Telecomm,1,21.9,-2190,-2190,-1,0.02,2,2
Trade Summary,Data,Options,United States Dollar,NEM   240426C00038000,NEM 26APR24 38 C,Basic Materials,10,1.17,-1170,-1170,-10,2.3,2300,2300
Trade Summary,Data,Options,United States Dollar,NIO   260116C00005000,NIO 16JAN26 5 C,Consumer Cyclicals,10,1.75,-1750,-1750,-10,1.7,1700,1700
Trade Summary,Data,Options,United States Dollar,NKE   250620C00060000,NKE 20JUN25 60 C,Consumer Cyclicals,5,16.5,-8250,-8250,-5,17.758,8879,8879
Trade Summary,Data,Options,United States Dollar,NKE   250620C00075000,NKE 20JUN25 75 C,Consumer Cyclicals,10,7.65,-7650,-7650,-10,9,9000,9000
Trade Summary,Data,Options,United States Dollar,NKE   250620C00080000,NKE 20JUN25 80 C,Consumer Cyclicals,19,6.818421053,-12955,-12955,-19,7.75,14725,14725
Trade Summary,Data,Options,United States Dollar,NKE   260116C00075000,NKE 16JAN26 75 C,Consumer Cyclicals,16,11.72375,-18758,-18758,-16,12.555,20088,20088
Trade Summary,Data,Options,United States Dollar,NKE   260116C00100000,NKE 16JAN26 100 C,Consumer Cyclicals,30,3.54,-10620,-10620,-30,4.1,12300,12300
Trade Summary,Data,Options,United States Dollar,NKE   261218C00075000,NKE 18DEC26 75 C,Consumer Cyclicals,6,14.535,-8721,-8721,-6,15.15,9090,9090
Trade Summary,Data,Options,United States Dollar,NKE   261218C00090000,NKE 18DEC26 90 C,Consumer Cyclicals,12,10.905,-13086,-13086,-12,12.541666667,15050,15050
Trade Summary,Data,Options,United States Dollar,NVDA  240524C00990000,NVDA 24MAY24 990 C,Technology,1,21.27,-2127,-2127,-1,48.5,4850,4850
Trade Summary,Data,Options,United States Dollar,NVDA  240524C01000000,NVDA 24MAY24 1000 C,Technology,1,38.09,-3809,-3809,-1,18.15,1815,1815
Trade Summary,Data,Options,United States Dollar,PBR   260116C00013000,PBR 16JAN26 13 C,Energy,40,2.685,-10740,-10740,-40,2.55,10200,10200
Trade Summary,Data,Options,United States Dollar,PINS  240503C00030000,PINS 03MAY24 30 C,Technology,1,4.43,-443,-443,-1,9.06,906,906
Trade Summary,Data,Options,United States Dollar,PINS  240503P00037000,PINS 03MAY24 37 P,Technology,1,4.14,-414,-414,-1,0,0,0
Trade Summary,Data,Options,United States Dollar,PYPL  240503C00067000,PYPL 03MAY24 67 C,Financials,3,3.203333333,-961,-961,-3,0.2,60,60
Trade Summary,Data,Options,United States Dollar,PYPL  240503P00067000,PYPL 03MAY24 67 P,Financials,3,3.213333333,-964,-964,-3,0.59,177,177
Trade Summary,Data,Options,United States Dollar,PYPL  240802C00060000,PYPL 02AUG24 60 C,Financials,5,1.92,-960,-960,-5,3.75,1875,1875
Trade Summary,Data,Options,United States Dollar,PYPL  260116C00065000,PYPL 16JAN26 65 C,Financials,3,16,-4800,-4800,-3,16.71,5013,5013
Trade Summary,Data,Options,United States Dollar,PYPL  261218C00060000,PYPL 18DEC26 60 C,Financials,5,16.3,-8150,-8150,-5,20.38,10190,10190
Trade Summary,Data,Options,United States Dollar,SBUX  250620C00080000,SBUX 20JUN25 80 C,Consumer Cyclicals,10,6.2,-6200,-6200,-10,7,7000,7000
Trade Summary,Data,Options,United States Dollar,SBUX  260116C00080000,SBUX 16JAN26 80 C,Consumer Cyclicals,5,9.15,-4575,-4575,-5,10.23,5115,5115
Trade Summary,Data,Options,United States Dollar,SBUX  261218C00090000,SBUX 18DEC26 90 C,Consumer Cyclicals,10,8.35,-8350,-8350,-10,8.95,8950,8950
Trade Summary,Data,Options,United States Dollar,SHOP  240510C00082000,SHOP 10MAY24 82 C,Technology,2,2.16,-432,-432,-2,0,0,0
Trade Summary,Data,Options,United States Dollar,SNAP  240426C00011000,SNAP 26APR24 11 C,Technology,2,1.57,-314,-314,-2,3.55,710,710
Trade Summary,Data,Options,United States Dollar,SNAP  240426P00011000,SNAP 26APR24 11 P,Technology,2,1.1,-220,-220,-2,0,0,0
Trade Summary,Data,Options,United States Dollar,SOFI  240510C00007500,SOFI 10MAY24 7.5 C,Financials,5,0.88,-440,-440,-5,0.2,100,100
Trade Summary,Data,Options,United States Dollar,SOFI  240510P00008000,SOFI 10MAY24 8 P,Financials,5,0.71,-355,-355,-5,1.01,505,505
Trade Summary,Data,Options,United States Dollar,SOFI  240802C00007000,SOFI 02AUG24 7 C,Financials,10,0.714,-714,-714,-10,0.69,690,690
Trade Summary,Data,Options,United States Dollar,SOFI  260618C00007000,SOFI 18JUN26 7 C,Financials,10,2.95,-2950,-2950,-10,3.05,3050,3050
Trade Summary,Data,Options,United States Dollar,SQ    240503C00085000,SQ 03MAY24 85 C,Industrials,10,0.26,-260,-260,-10,0,0,0
Trade Summary,Data,Options,United States Dollar,TLT   240816C00097000,TLT 16AUG24 97 C,Government,12,0.83,-996,-996,-12,0.4,480,480
Trade Summary,Data,Options,United States Dollar,TLT   250117C00090000,TLT 17JAN25 90 C,Government,10,6.4,-6400,-6400,-10,6.7,6700,6700
Trade Summary,Data,Options,United States Dollar,TLT   250516C00090000,TLT 16MAY25 90 C,Government,10,7.95,-7950,-7950,-10,8.5,8500,8500
Trade Summary,Data,Options,United States Dollar,TLT   260116C00090000,TLT 16JAN26 90 C,Government,8,8.65,-6920,-6920,-8,10.3,8240,8240
Trade Summary,Data,Options,United States Dollar,TLT   270115C00100000,TLT 15JAN27 100 C,Government,10,8.4,-8400,-8400,-10,8.364,8364,8364
Trade Summary,Data,Options,United States Dollar,TSLA  240426P00130000,TSLA 26APR24 130 P,Consumer Cyclicals,5,1.87,-935,-935,-5,0.01,5,5
Trade Summary,Data,Options,United States Dollar,TSLA  240726C00265000,TSLA 26JUL24 265 C,Consumer Cyclicals,1,5,-500,-500,-1,0,0,0
Trade Summary,Data,Options,United States Dollar,TTWO  240517C00165000,TTWO 17MAY24 165 C,Telecomm,3,0.55,-165,-165,-3,0,0,0
Trade Summary,Data,Options,United States Dollar,TWLO  240510C00063000,TWLO 10MAY24 63 C,Technology,1,3.58,-358,-358,-1,0,0,0
Trade Summary,Data,Options,United States Dollar,TWLO  240510P00058000,TWLO 10MAY24 58 P,Technology,1,1.22,-122,-122,-1,0,0,0
Trade Summary,Data,Options,United States Dollar,UVXY  240524C00025000,UVXY 24MAY24 25 C,Broad,10,0.78,-780,-780,-10,1,1000,1000
Trade Summary,Data,Options,United States Dollar,VALE  260116C00008000,VALE 16JAN26 8 C,Basic Materials,20,4.1675,-8335,-8335,-20,3.665,7330,7330
Trade Summary,Data,Options,United States Dollar,WBA   240628C00016000,WBA 28JUN24 16 C,Consumer Non-Cyc,10,0.51,-510,-510,-10,0,0,0
Trade Summary,Data,Stocks,United States Dollar,AAPL,APPLE INC,Technology,66.0749,227.015005668,-14999.993798,-14999.993798,-66.0749,224.554971661,14837.447297,14837.447297
Trade Summary,Data,Stocks,United States Dollar,AMD,ADVANCED MICRO DEVICES,Technology,50.6329,158,-7999.9982,-7999.9982,-50.6329,150.66,7628.352714,7628.352714
Trade Summary,Data,Stocks,United States Dollar,AMZN,AMAZON.COM INC,Consumer Cyclicals,80.498,186.34,-14999.99732,-14999.99732,-80.498,196.178113245,15791.94576,15791.94576
Trade Summary,Data,Stocks,United States Dollar,BIDU,BAIDU INC - SPON ADR,Technology,300,85,-25500,-25500,-300,88.4202,26526.06,26526.06
Trade Summary,Data,Stocks,United States Dollar,CAT,CATERPILLAR INC,Industrials,18.1125,386.472857143,-6999.989625,-6999.989625,-18.1125,388.159192547,7030.533375,7030.533375
Trade Summary,Data,Stocks,United States Dollar,CVS,CVS HEALTH CORP,Healthcare,200,55.195,-11039,-11039,-200,55.285,11057,11057
Trade Summary,Data,Stocks,United States Dollar,CVX,CHEVRON CORP,Energy,53.7129,148.939933638,-7999.9957615,-7999.9957615,-53.7129,153.54,8247.078666,8247.078666
Trade Summary,Data,Stocks,United States Dollar,EA,ELECTRONIC ARTS INC,Telecomm,50.1355,145.605175674,-7299.988285,-7299.988285,-50.1355,149.862385136,7513.42561,7513.42561
Trade Summary,Data,Stocks,United States Dollar,GOOG,ALPHABET INC-CL C,Telecomm,71.7961,167.139944565,-11999.996174,-11999.996174,-71.7961,181.229889117,13011.599242,13011.599242
Trade Summary,Data,Stocks,United States Dollar,IBM,INTL BUSINESS MACHINES CORP,Technology,30.1567,232.120155886,-6999.977905,-6999.977905,-30.1567,219.354246552,6615.000207,6615.000207
Trade Summary,Data,Stocks,United States Dollar,INTC,INTEL CORP,Technology,370.9713,21.565010212,-7999.99987268,-7999.99987268,-370.9713,24.041282948,8918.625989,8918.625989
Trade Summary,Data,Stocks,United States Dollar,LLY,ELI LILLY & CO,Healthcare,11.023,907.190041731,-9999.95583,-9999.95583,-11.023,847.168768938,9338.34134,9338.34134
Trade Summary,Data,Stocks,United States Dollar,MDLZ,MONDELEZ INTERNATIONAL INC-A,Consumer Non-Cyc,100.7342,69.489805429,-6999.999958,-6999.999958,-100.7342,69.669927115,7018.144372,7018.144372
Trade Summary,Data,Stocks,United States Dollar,MELI,MERCADOLIBRE INC,Technology,6,2070.815,-12424.89,-12424.89,-6,1986.11,11916.66,11916.66
Trade Summary,Data,Stocks,United States Dollar,META,META PLATFORMS INC-CLASS A,Telecomm,25.0756,578.250211042,-14499.970992,-14499.970992,-25.0756,590.444261354,14805.74412,14805.74412
Trade Summary,Data,Stocks,United States Dollar,MSFT,MICROSOFT CORP,Technology,30.4158,427.409349023,-12999.997278,-12999.997278,-30.4158,417.829316474,12708.612924,12708.612924
Trade Summary,Data,Stocks,United States Dollar,NEM,NEWMONT CORP,Basic Materials,603.4126,42.342501718,-25549.999052,-25549.999052,-603.4126,41.092804383,24795.915934,24795.915934
Trade Summary,Data,Stocks,United States Dollar,NVDA,NVIDIA CORP,Technology,71.4107,140.03502473,-9999.99914051,-9999.99914051,-71.4107,146.447446867,10457.914694,10457.914694
Trade Summary,Data,Stocks,United States Dollar,PFE,PFIZER INC,Healthcare,245.3987,28.525008124,-6999.999911,-6999.999911,-245.3987,28.644991876,7029.443768,7029.443768
Trade Summary,Data,Stocks,United States Dollar,PLTR,PALANTIR TECHNOLOGIES INC-A,Technology,250,41.698,-10424.5,-10424.5,-250,46.8,11700,11700
Trade Summary,Data,Stocks,United States Dollar,QCOM,QUALCOMM INC,Technology,80,166.545,-13323.6,-13323.6,-80,166.4,13312,13312
Trade Summary,Data,Stocks,United States Dollar,STLA,STELLANTIS NV,Consumer Cyclicals,2000,15.51525,-31030.5,-31030.5,-2000,15.655,31310,31310
Trade Summary,Data,Stocks,United States Dollar,TLRY,TILRAY BRANDS INC,Healthcare,500,1.83,-915,-915,-500,2.035,1017.5,1017.5
Trade Summary,Data,Stocks,United States Dollar,V,VISA INC-CLASS A SHARES,Industrials,30.3056,283.775655456,-8599.991504,-8599.991504,-30.3056,292.189798321,8854.987152,8854.987152
Trade Summary,Data,Stocks,United States Dollar,VALE,VALE SA-SP ADR,Basic Materials,384.2843,10.408959104,-3999.999563,-3999.999563,-384.2843,10.864996301,4175.247498,4175.247498
Trade Summary,Data,Stocks,United States Dollar,XOM,EXXON MOBIL CORP,Energy,68.5195,116.755037909,-7999.99682,-7999.99682,-68.5195,118.276152993,8104.222865,8104.222865
Deposits And Withdrawals,MetaInfo,Analysis Period,"April 12, 2024 - January 27, 2026"
Deposits And Withdrawals,Header,Date,Type,Description,Amount
Deposits And Withdrawals,Data,04/12/24,DEPOSIT,Cash Receipts / Electronic Fund Transfers ,99990
Deposits And Withdrawals,Data,11/12/24,WITHDRAWAL,Disbursement Initiated By Jose A Villacorta Olano ,-17600
Deposits And Withdrawals,Data,11/13/24,WITHDRAWAL,Disbursement Initiated By Jose A Villacorta Olano ,-89250
Deposits And Withdrawals,Data,11/14/24,WITHDRAWAL,Disbursement Initiated By Jose A Villacorta Olano ,-17540
Deposits And Withdrawals,Data,11/14/24,DEPOSIT,Cash Receipts / Electronic Fund Transfers ,17555
Deposits And Withdrawals,Data,11/15/24,WITHDRAWAL,Disbursement Initiated By Jose A Villacorta Olano ,-89205
Deposits And Withdrawals,Data,11/15/24,DEPOSIT,Cash Receipts / Electronic Fund Transfers ,89205
Deposits And Withdrawals,Data,12/19/24,NA,Adjustment: Commission (consolidated Audit Trail Fee Refund) ,0.26
Dividends,MetaInfo,Analysis Period,"April 12, 2024 - January 27, 2026"
Dividends,Header,PayDate,Ex-Date,Symbol,Quantity,DividendPerShare,Amount
Dividends,Data,20241114,20241108,AAPL,66.0749,0.25,16.52
Interest Details,MetaInfo,Analysis Period,"April 12, 2024 - January 27, 2026"
Interest Details,Header,Date,Description,Amount
Interest Details,Data,20241003,USD Debit Interest Paid for September 2024,-0.13
Fee Summary,MetaInfo,Analysis Period,"April 12, 2024 - January 27, 2026"
Fee Summary,Header,Date,Description,Amount
Fee Summary,Data,20241113,Withdrawal Fee ,-10
Fee Summary,Data,20241114,Withdrawal Fee ,-10
Fee Summary,Data,20241115,Withdrawal Fee ,-10
Notes and Disclosure,Header,Type,Note
Notes and Disclosure,Data,General,"1. The Net Asset Value (NAV) consists of all positions by financial instrument (stock, securities options, warrants, bonds, cash, etc.). All non-base currency amounts are converted to the base currency at the close of period rate."
Notes and Disclosure,Data,General,2. The gain or loss from future contracts settle into cash each night. The notional value is used when computing the contribution to return.
Notes and Disclosure,Data,General,"3. Dividend accruals, interest accruals, and insured deposits are included in cash amounts throughout the report."
Notes and Disclosure,Data,General,4. Price valuations are obtained from outside parties. Clearing Broker shall have no responsibility for the accuracy or timeliness of any such price valuation.
Notes and Disclosure,Data,General,5. Data from Thomson Reuters Business Classifications and Lipper Global is used to derive our sector classifications. Funds with assorted sector allocations are classified as Broad.
Notes and Disclosure,Data,General,"6. Amounts are formatted to two decimal places. If amounts are greater than two decimal places, Clearing Broker uses "half-even" rounding. This means that Clearing Broker rounds such amounts up to the nearest even number."
Notes and Disclosure,Data,General,"7. For accounts opened and funded before 2009, reports with a time period of Since Inception will only include data going back to January 1, 2009. This includes some default reports and both Historical Performance reports."
Notes and Disclosure,Data,General,"8. If you have elected to trade cryptocurrency/digital asset products at Crypto Provider through the Clearing Broker platform, for your convenience your positions in your linked account at Crypto Provider are reflected in PortfolioAnalyst in connection with your Clearing Broker account."
Notes and Disclosure,Data,Section,1. Account Overview: The deposit/withdrawal amount displayed includes internal transfers along with cash and position transfers.
Notes and Disclosure,Data,Section,"2. Risk Measures: Historical US 3 Month Treasury Bill rates are used as the risk free rates when calculating Alpha, the Sharpe ratio, the Sortino ratio, and the downside deviation."
Notes and Disclosure,Data,Disclosure,"This portfolio report was generated using Clearing Broker's PortfolioAnalyst tool, which allows Clearing Broker clients to generate analyses of their accounts using market data provided by third parties along with trade and account data contained in Clearing Broker's systems. This report is for information purposes only and is provided AS IS. Clearing Broker makes no warranty of any kind, express or implied, as to this report and its contents. The data provided for use in the PortfolioAnalyst tool is believed to be accurate, but completeness and accuracy of the information is not guaranteed, and Clearing Broker has no liability with respect thereto. The data regarding accounts held outside of Clearing Broker is obtained either directly from your input or from the financial institutions holding those accounts through a third-party service provider and Clearing Broker has NOT reviewed its accuracy.

The material in this report is intended only as a reference and should not be relied upon for the maintenance of your books and records for tax, accounting, financial, or regulatory reporting or for any other purposes. This report is not an offer or a solicitation of an offer to buy or sell any security. This material does not, and is not intended to, take into account the particular financial conditions, investment objectives, or requirements of individual customers. Before acting on any material within this report, you should consider whether it is suitable for your particular circumstances and as necessary, seek professional advice."
