Introduction,Header,Name,Account,Alias,BaseCurrency,AccountType,AnalysisPeriod,PerformanceMeasure
Introduction,Data,Jose A Caballero,U15567677,,USD,Individual (Broker Client),"September 20, 2024 to January 27, 2026 (Daily)",TWR
Key Statistics,MetaInfo,Analysis Period,"September 20, 2024 - January 27, 2026"
Key Statistics,Header,BeginningNAV,EndingNAV,CumulativeReturn,5DayReturn,5DayReturnDateRange,10DayReturn,10DayReturnDateRange,BestReturn,BestReturnDate,WorstReturn,WorstReturnDate,MTM,Deposits & Withdrawals,Dividends,Interest,Fees & Commissions,Other,ChangeInNAV
Key Statistics,Data,0,5025.390883,0.037242471,0.008955329,20260121 - 20260127,0.003979948,20260114 - 20260127,0.032681556,20250801,-0.311716028,20241025,2.125,5023.52,19.91,0,-15.434117,-4.73,5025.390883
Historical Performance,MetaInfo,Analysis Period,"September 20, 2024 - January 27, 2026"
Historical Performance,Header,Account,MTD,QTD,YTD,1 Year,Since Inception
Historical Performance,Data,U15567677,0.006965125,0.006965125,0.006965125,0.320000906,0.037242497
Historical Performance,Header,Month,Account,AccountReturn
Historical Performance,Data,202501,U15567677,0.030947018
Historical Performance,Data,202502,U15567677,0.077044189
Historical Performance,Data,202503,U15567677,0.028719754
Historical Performance,Data,202504,U15567677,0.058419944
Historical Performance,Data,202505,U15567677,-0.028694729
Historical Performance,Data,202506,U15567677,0.039865243
Historical Performance,Data,202507,U15567677,-0.01554127
Historical Performance,Data,202508,U15567677,0.064566004
Historical Performance,Data,202509,U15567677,0.015931937
Historical Performance,Data,202510,U15567677,0.01991176
Historical Performance,Data,202511,U15567677,0.02826904
Historical Performance,Data,202512,U15567677,0.009155004
Historical Performance,Data,202401,U15567677,-
Historical Performance,Data,202402,U15567677,-
Historical Performance,Data,202403,U15567677,-
Historical Performance,Data,202404,U15567677,-
Historical Performance,Data,202405,U15567677,-
Historical Performance,Data,202406,U15567677,-
Historical Performance,Data,202407,U15567677,-
Historical Performance,Data,202408,U15567677,-
Historical Performance,Data,202409,U15567677,-
Historical Performance,Data,202410,U15567677,-0.317687936
Historical Performance,Data,202411,U15567677,0.015776152
Historical Performance,Data,202412,U15567677,0.004193005
Historical Performance,Header,Quarter,Account,AccountReturn
Historical Performance,Data,2025 Q1,U15567677,0.136765826
Historical Performance,Data,2025 Q2,U15567677,0.069585538
Historical Performance,Data,2025 Q3,U15567677,0.064954445
Historical Performance,Data,2025 Q4,U15567677,0.057345844
Historical Performance,Data,2024 Q1,U15567677,-
Historical Performance,Data,2024 Q2,U15567677,-
Historical Performance,Data,2024 Q3,U15567677,-
Historical Performance,Data,2024 Q4,U15567677,-0.297781559
Historical Performance,Header,Year,Account,AccountReturn
Historical Performance,Data,YTD,U15567677,0.006965125
Historical Performance,Data,2025,U15567677,0.329036633
Open Position Summary,MetaInfo,As Of,"January 27, 2026"
Open Position Summary,Header,Date,FinancialInstrument,Currency,Symbol,Description,Sector,Quantity,ClosePrice,Value,Cost Basis,UnrealizedP&L,FXRateToBase
Open Position Summary,Data,01/27/2026,ETFs,USD,SHY,ISHARES 1-3 YEAR TREASURY BO,Government,5,82.89,414.45,427.759117,-13.309117,1
Open Position Summary,Data,Total,ETFs,USD,,,,,,414.45,427.759117,-13.309117
Open Position Summary,Data,01/27/2026,Cash,USD,USD,United States Dollar,Cash,4610.940883,1,4610.940883, , ,1
Performance by Symbol,MetaInfo,Analysis Period,"September 20, 2024 - January 27, 2026"
Performance by Symbol,Header,Symbol,Description,FinancialInstrument,Sector,AvgWeight,Return,Contribution,Unrealized_P&L,Realized_P&L,Open
Performance by Symbol,Data,SHY,ISHARES 1-3 YEAR TREASURY BO,ETFs,Government,8.229266381,0.214333444,0.012288906,-13.31,0.00,Yes
Performance by Symbol,Data,Total ETFs,,,,8.229266381,0.214333444,0.012288906,-13.31,0.00,
Performance by Symbol,Data,USD,United States Dollar,Cash,Cash,92.353542853,0.027181831,0.024949752,,,Yes
Performance by Symbol,Data,Total Cash,,,,92.353542853,0.027181831,0.024949752,,,
Performance by Symbol,Data,Total,,,,100,0.037242471,0.037242471,-13.31,0.00,
Projected Income,MetaInfo,As Of,"January 27, 2026"
Projected Income,Header,Financial Instrument,Symbol,Description,Frequency,Quantity,Price,Value,Current Yield %,Principal,Estimated Annual Income,Estimated 2026 Remaining Income
Projected Income,Data,ETFs,SHY,Ordinary Dividend,12,5,82.89,414.45,3.80369164,-,15.7644,15.7644
Projected Income,Data,,Total,,,,,414.45,3.80369164,,15.7644,15.7644
Trade Summary,MetaInfo,Analysis Period,"September 20, 2024 - January 27, 2026"
Trade Summary,Header,Financial Instrument,Currency,Symbol,Description,Sector,Quantity Bought,Average Price Bought,Proceeds Bought,Proceeds Bought in Base,Quantity Sold,Average Price Sold,Proceeds Sold,Proceeds Sold in Base
Trade Summary,Data,ETFs,United States Dollar,SHY,ISHARES 1-3 YEAR TREASURY BO,Government,5,82.465,-412.325,-412.325,0,0,0,0
Deposits And Withdrawals,MetaInfo,Analysis Period,"September 20, 2024 - January 27, 2026"
Deposits And Withdrawals,Header,Date,Type,Description,Amount
Deposits And Withdrawals,Data,09/20/24,DEPOSIT,Cash Receipts / Electronic Fund Transfers ,5023.52
Dividends,MetaInfo,Analysis Period,"September 20, 2024 - January 27, 2026"
Dividends,Header,PayDate,Ex-Date,Symbol,Quantity,DividendPerShare,Amount
Dividends,Data,20241106,20241101,SHY,5,0.28,1.42
Dividends,Data,20241205,20241202,SHY,5,0.27,1.33
Dividends,Data,20241223,20241218,SHY,5,0.28,1.4
Dividends,Data,20250206,20250203,SHY,5,0.27,1.37
Dividends,Data,20250306,20250303,SHY,5,0.25,1.27
Dividends,Data,20250404,20250401,SHY,5,0.28,1.4
Dividends,Data,20250506,20250501,SHY,5,0.26,1.3
Dividends,Data,20250605,20250602,SHY,5,0.27,1.36
Dividends,Data,20250707,20250701,SHY,5,0.26,1.32
Dividends,Data,20250806,20250801,SHY,5,0.27,1.35
Dividends,Data,20250905,20250902,SHY,5,0.26,1.29
Dividends,Data,20251006,20251001,SHY,5,0.26,1.28
Dividends,Data,20251106,20251103,SHY,5,0.26,1.31
Dividends,Data,20251204,20251201,SHY,5,0.25,1.24
Dividends,Data,20251224,20251219,SHY,5,0.25,1.27
Notes and Disclosure,Header,Type,Note
Notes and Disclosure,Data,General,"1. The Net Asset Value (NAV) consists of all positions by financial instrument (stock, securities options, warrants, bonds, cash, etc.). All non-base currency amounts are converted to the base currency at the close of period rate."
Notes and Disclosure,Data,General,2. The gain or loss from future contracts settle into cash each night. The notional value is used when computing the contribution to return.
Notes and Disclosure,Data,General,"3. Dividend accruals, interest accruals, and insured deposits are included in cash amounts throughout the report."
Notes and Disclosure,Data,General,4. Price valuations are obtained from outside parties. Clearing Broker shall have no responsibility for the accuracy or timeliness of any such price valuation.
Notes and Disclosure,Data,General,5. Data from Thomson Reuters Business Classifications and Lipper Global is used to derive our sector classifications. Funds with assorted sector allocations are classified as Broad.
Notes and Disclosure,Data,General,"6. Amounts are formatted to two decimal places. If amounts are greater than two decimal places, Clearing Broker uses "half-even" rounding. This means that Clearing Broker rounds such amounts up to the nearest even number."
Notes and Disclosure,Data,General,"7. For accounts opened and funded before 2009, reports with a time period of Since Inception will only include data going back to January 1, 2009. This includes some default reports and both Historical Performance reports."
Notes and Disclosure,Data,General,"8. If you have elected to trade cryptocurrency/digital asset products at Crypto Provider through the Clearing Broker platform, for your convenience your positions in your linked account at Crypto Provider are reflected in PortfolioAnalyst in connection with your Clearing Broker account."
Notes and Disclosure,Data,Section,1. Account Overview: The deposit/withdrawal amount displayed includes internal transfers along with cash and position transfers.
Notes and Disclosure,Data,Section,2. Projected Income: The Estimated Annual Income and Estimated Remaining Income in the Projected Income report assume dividend and bond payments remain constant throughout the year. These positions and interest rates are based on the previous business day.
Notes and Disclosure,Data,Section,"3. Risk Measures: Historical US 3 Month Treasury Bill rates are used as the risk free rates when calculating Alpha, the Sharpe ratio, the Sortino ratio, and the downside deviation."
Notes and Disclosure,Data,Disclosure,"This portfolio report was generated using Clearing Broker's PortfolioAnalyst tool, which allows Clearing Broker clients to generate analyses of their accounts using market data provided by third parties along with trade and account data contained in Clearing Broker's systems. This report is for information purposes only and is provided AS IS. Clearing Broker makes no warranty of any kind, express or implied, as to this report and its contents. The data provided for use in the PortfolioAnalyst tool is believed to be accurate, but completeness and accuracy of the information is not guaranteed, and Clearing Broker has no liability with respect thereto. The data regarding accounts held outside of Clearing Broker is obtained either directly from your input or from the financial institutions holding those accounts through a third-party service provider and Clearing Broker has NOT reviewed its accuracy.

The material in this report is intended only as a reference and should not be relied upon for the maintenance of your books and records for tax, accounting, financial, or regulatory reporting or for any other purposes. This report is not an offer or a solicitation of an offer to buy or sell any security. This material does not, and is not intended to, take into account the particular financial conditions, investment objectives, or requirements of individual customers. Before acting on any material within this report, you should consider whether it is suitable for your particular circumstances and as necessary, seek professional advice."
