Introduction,Header,Name,Account,Alias,BaseCurrency,AccountType,AnalysisPeriod,PerformanceMeasure
Introduction,Data,JUAN A MARINO RODRIGUEZ and HENRY J MARINO URBINA,U14698836,,USD,Joint (Broker Client),"June 21, 2024 to January 27, 2026 (Daily)",TWR
Key Statistics,MetaInfo,Analysis Period,"June 21, 2024 - January 27, 2026"
Key Statistics,Header,BeginningNAV,EndingNAV,CumulativeReturn,5DayReturn,5DayReturnDateRange,10DayReturn,10DayReturnDateRange,BestReturn,BestReturnDate,WorstReturn,WorstReturnDate,MTM,Deposits & Withdrawals,Dividends,Interest,Fees & Commissions,Other,ChangeInNAV
Key Statistics,Data,0,74255.118874,113.018867863,1.007991093,20260121 - 20260127,1.623566613,20260114 - 20260127,10.539531403,20250409,-6.743741587,20250403,74406.7493,3428.46,1689.75,-35.76,-4963.990424,-270.090002,74255.118874
Historical Performance,MetaInfo,Analysis Period,"June 21, 2024 - January 27, 2026"
Historical Performance,Header,Account,MTD,QTD,YTD,1 Year,Since Inception
Historical Performance,Data,U14698836,4.456210228,4.456210228,4.456210228,76.565431152,113.018868008
Historical Performance,Header,Month,Account,AccountReturn
Historical Performance,Data,202501,U14698836,2.306307574
Historical Performance,Data,202502,U14698836,14.868728853
Historical Performance,Data,202503,U14698836,-3.076035977
Historical Performance,Data,202504,U14698836,3.428697242
Historical Performance,Data,202505,U14698836,5.962641063
Historical Performance,Data,202506,U14698836,12.220069229
Historical Performance,Data,202507,U14698836,7.772912446
Historical Performance,Data,202508,U14698836,2.741214428
Historical Performance,Data,202509,U14698836,-1.147043554
Historical Performance,Data,202510,U14698836,10.114970406
Historical Performance,Data,202511,U14698836,-1.023494591
Historical Performance,Data,202512,U14698836,1.154585584
Historical Performance,Data,202401,U14698836,-
Historical Performance,Data,202402,U14698836,-
Historical Performance,Data,202403,U14698836,-
Historical Performance,Data,202404,U14698836,-
Historical Performance,Data,202405,U14698836,-
Historical Performance,Data,202406,U14698836,-
Historical Performance,Data,202407,U14698836,5.778895555
Historical Performance,Data,202408,U14698836,7.665505918
Historical Performance,Data,202409,U14698836,17.777908153
Historical Performance,Data,202410,U14698836,-1.593579489
Historical Performance,Data,202411,U14698836,-0.821244618
Historical Performance,Data,202412,U14698836,-5.31099887
Historical Performance,Header,Quarter,Account,AccountReturn
Historical Performance,Data,2025 Q1,U14698836,13.90306047
Historical Performance,Data,2025 Q2,U14698836,22.988459306
Historical Performance,Data,2025 Q3,U14698836,9.457109871
Historical Performance,Data,2025 Q4,U14698836,10.246308795
Historical Performance,Data,2024 Q1,U14698836,-
Historical Performance,Data,2024 Q2,U14698836,-
Historical Performance,Data,2024 Q3,U14698836,34.134177411
Historical Performance,Data,2024 Q4,U14698836,-7.58517957
Historical Performance,Header,Year,Account,AccountReturn
Historical Performance,Data,YTD,U14698836,4.456210228
Historical Performance,Data,2025,U14698836,69.047124866
Open Position Summary,MetaInfo,As Of,"January 27, 2026"
Open Position Summary,Header,Date,FinancialInstrument,Currency,Symbol,Description,Sector,Quantity,ClosePrice,Value,Cost Basis,UnrealizedP&L,FXRateToBase
Open Position Summary,Data,01/27/2026,ETFs,USD,TLTW,ISHARES 20+ BOND BUYWRITE,Broad,1000,22.89,22890,22887.922572,2.077428,1
Open Position Summary,Data,Total,ETFs,USD,,,,,,22890,22887.922572,2.077428
Open Position Summary,Data,01/27/2026,Stocks,USD,AAPL,APPLE INC,Technology,10,258.27,2582.7,2489.317257,93.382743,1
Open Position Summary,Data,01/27/2026,Stocks,USD,JD,JD.COM INC-ADR,Consumer Cyclicals,200,29.5,5900,6178.342714,-278.342714,1
Open Position Summary,Data,01/27/2026,Stocks,USD,MSFT,MICROSOFT CORP,Technology,5,480.58,2402.9,2281.948757,120.951243,1
Open Position Summary,Data,01/27/2026,Stocks,USD,NFLX,NETFLIX INC,Telecomm,50,85.58,4279,4071.685257,207.314743,1
Open Position Summary,Data,Total,Stocks,USD,,,,,,15164.6,15021.293985,143.306015
Open Position Summary,Data,01/27/2026,Cash,USD,USD,United States Dollar,Cash,36200.518874,1,36200.518874, , ,1
Performance by Symbol,MetaInfo,Analysis Period,"June 21, 2024 - January 27, 2026"
Performance by Symbol,Header,Symbol,Description,FinancialInstrument,Sector,AvgWeight,Return,Contribution,Unrealized_P&L,Realized_P&L,Open
Performance by Symbol,Data,BRZU,DIREXION DAILY MSCI BRAZIL B,ETFs,Broad,4.459136784,23.384187363,0.950689171,0.00,768.60,No
Performance by Symbol,Data,KWEB,KRANESH CSI CHINA INTERNET,ETFs,Technology,3.331361202,-8.199716377,-0.273804177,0.00,-234.59,No
Performance by Symbol,Data,TLT,ISHARES 20+ YEAR TREASURY BD,ETFs,Government,63.592273612,4.398389945,3.13483022,0.00,"2,557.23",No
Performance by Symbol,Data,TLTW,ISHARES 20+ BOND BUYWRITE,ETFs,Broad,30.934738716,0.009076523,0.002967092,2.08,0.00,Yes
Performance by Symbol,Data,TMF,DRX DLY 20+ YR TREAS BULL 3X,ETFs,Broad,24.723101526,12.438011738,2.942442637,0.00,"2,467.47",No
Performance by Symbol,Data,Total ETFs,,,,40.240794086,18.245892025,6.87596267,2.08,"5,558.70",
Performance by Symbol,Data,AAPL  270115C00200000,AAPL 15JAN27 200 C,Options,Technology,12.003569947,24.69860838,3.084762298,0.00,"3,253.47",No
Performance by Symbol,Data,AMZN  270617C00180000,AMZN 17JUN27 180 C,Options,Consumer Cyclicals,6.251043302,12.587470791,0.794548984,0.00,889.35,No
Performance by Symbol,Data,BABA  271217C00100000,BABA 17DEC27 100 C,Options,Technology,31.964077296,5.496411034,8.402882,0.00,"1,978.68",No
Performance by Symbol,Data,BABA2 260116C00075000,BABA2 16JAN26 75 C,Options,Technology,6.024170749,43.535427686,2.386496909,0.00,"2,137.09",No
Performance by Symbol,Data,BABA2 261218C00100000,BABA2 18DEC26 100 C,Options,Technology,7.081231055,36.549770177,2.425273732,0.00,"2,201.57",No
Performance by Symbol,Data,BABA2 270115C00090000,BABA2 15JAN27 90 C,Options,Technology,18.166054616,21.359248147,3.883588635,0.00,"3,841.88",No
Performance by Symbol,Data,BABA2 270115C00100000,BABA2 15JAN27 100 C,Options,Technology,17.309417184,50.979948238,8.083563063,0.00,"7,818.53",No
Performance by Symbol,Data,BABA2 270617C00100000,BABA2 17JUN27 100 C,Options,Technology,5.414492289,-1.820972142,-0.054785457,0.00,-111.00,No
Performance by Symbol,Data,BIDU  270115C00080000,BIDU 15JAN27 80 C,Options,Technology,9.058657768,-2.83197073,-0.254070311,0.00,-298.06,No
Performance by Symbol,Data,BIDU  270115C00090000,BIDU 15JAN27 90 C,Options,Technology,20.355719774,14.052527106,2.924191753,0.00,"3,420.31",No
Performance by Symbol,Data,DIS   270115C00090000,DIS 15JAN27 90 C,Options,Telecomm,6.122258436,17.136570205,1.074288859,0.00,"1,216.45",No
Performance by Symbol,Data,INTC  260116C00015000,INTC 16JAN26 15 C,Options,Technology,5.774071577,48.835239011,2.805127201,0.00,"3,320.58",No
Performance by Symbol,Data,INTC  260116C00030000,INTC 16JAN26 30 C,Options,Technology,3.391527414,-18.62933312,-0.828728367,0.00,"-1,023.74",No
Performance by Symbol,Data,INTC  270115C00015000,INTC 15JAN27 15 C,Options,Technology,4.394639461,-1.163264498,0.957953638,0.00,"1,102.62",No
Performance by Symbol,Data,KWEB  260116C00025000,KWEB 16JAN26 25 C,Options,Technology,4.138667762,83.446376228,4.526415338,0.00,"4,388.24",No
Performance by Symbol,Data,MSFT  270115C00450000,MSFT 15JAN27 450 C,Options,Technology,9.738522744,7.981133223,0.763985634,0.00,925.66,No
Performance by Symbol,Data,NKE   250321C00100000,NKE 21MAR25 100 C,Options,Consumer Cyclicals,-0.810221281,-68.620552401,0.880256298,0.00,960.97,No
Performance by Symbol,Data,NKE   250321P00082500,NKE 21MAR25 82.5 P,Options,Consumer Cyclicals,7.41332638,11.521165704,0.429212925,0.00,680.85,No
Performance by Symbol,Data,NKE   270115C00077500,NKE 15JAN27 77.5 C,Options,Consumer Cyclicals,15.569665217,-46.311359049,0.851694261,0.00,584.04,No
Performance by Symbol,Data,NKE   271217C00080000,NKE 17DEC27 80 C,Options,Consumer Cyclicals,13.288686818,54.110001311,7.124782657,0.00,"9,287.20",No
Performance by Symbol,Data,NKE   280121C00070000,NKE 21JAN28 70 C,Options,Consumer Cyclicals,6.063835028,25.706172697,1.422796074,0.00,"1,002.11",No
Performance by Symbol,Data,NVO   280121C00050000,NVO 21JAN28 50 C,Options,Healthcare,3.704586019,16.974386463,0.635577434,0.00,438.84,No
Performance by Symbol,Data,NVO   280121C00070000,NVO 21JAN28 70 C,Options,Healthcare,4.25128395,19.421675073,2.29096884,0.00,"1,536.32",No
Performance by Symbol,Data,SBUX  280121C00090000,SBUX 21JAN28 90 C,Options,Consumer Cyclicals,4.986419811,19.041851365,0.950839578,0.00,704.97,No
Performance by Symbol,Data,STLA  270115C00010000,STLA 15JAN27 10 C,Options,Consumer Cyclicals,2.08424076,-4.8628054,-0.101352572,0.00,-106.07,No
Performance by Symbol,Data,TLT   270115C00060000,TLT 15JAN27 60 C,Options,Government,13.494021196,12.013834766,1.650815245,0.00,"1,705.93",No
Performance by Symbol,Data,TLT   270115C00070000,TLT 15JAN27 70 C,Options,Government,18.255859952,11.445764756,2.098331713,0.00,"2,146.32",No
Performance by Symbol,Data,TLT   270115C00085000,TLT 15JAN27 85 C,Options,Government,7.981994965,3.867590167,0.744118995,0.00,743.31,No
Performance by Symbol,Data,TLT   270115C00090000,TLT 15JAN27 90 C,Options,Government,11.723370074,0.951460642,0.069293007,0.00,131.72,No
Performance by Symbol,Data,TLT   270115C00095000,TLT 15JAN27 95 C,Options,Government,11.234477139,6.082382776,0.771599546,0.00,776.08,No
Performance by Symbol,Data,TLT   270115C00100000,TLT 15JAN27 100 C,Options,Government,7.946161706,2.966337403,0.726808573,0.00,728.52,No
Performance by Symbol,Data,UNH   270617C00400000,UNH 17JUN27 400 C,Options,Healthcare,6.920225329,15.932782505,1.134638084,0.00,"1,432.66",No
Performance by Symbol,Data,UNH   271217C00400000,UNH 17DEC27 400 C,Options,Healthcare,3.961665726,21.666210103,1.070795702,0.00,793.64,No
Performance by Symbol,Data,UPS   270115C00090000,UPS 15JAN27 90 C,Options,Industrials,13.406187947,48.256043335,6.948379317,0.00,"5,326.03",No
Performance by Symbol,Data,UPS   280121C00090000,UPS 21JAN28 90 C,Options,Industrials,9.190159003,4.361210888,0.403486142,0.00,301.94,No
Performance by Symbol,Data,XYZ   270115C00060000,XYZ 15JAN27 60 C,Options,Industrials,10.013493094,11.876205109,-0.062839755,0.00,269.32,No
Performance by Symbol,Data,Total Options,,,,24.255141183,1402.509863345,96.20644642,0.00,"64,506.34",
Performance by Symbol,Data,AAPL,APPLE INC,Stocks,Technology,3.37599857,3.751339548,0.125741733,93.38,0.00,Yes
Performance by Symbol,Data,BABA,ALIBABA GROUP HOLDING-SP ADR,Stocks,Technology,9.055465518,3.199809304,0.304693909,0.00,237.91,No
Performance by Symbol,Data,BHK,BLACKROCK CORE BOND TRUST,Stocks,Broad,18.201260879,1.255479665,0.225014464,0.00,263.39,No
Performance by Symbol,Data,CVS,CVS HEALTH CORP,Stocks,Healthcare,18.424545736,6.772961547,1.115726553,0.00,"1,170.00",No
Performance by Symbol,Data,EBR,CENTRAIS ELETRICAS BR-SP ADR,Stocks,Utilities,5.630451972,-9.690889272,-0.569552669,0.00,-605.71,No
Performance by Symbol,Data,FAX,ABRDN ASIA-PACIFIC INCOME,Stocks,Broad,10.459279504,5.761261426,0.622271058,0.00,442.78,No
Performance by Symbol,Data,GBAB,GUGGENHEIM TAXABLE MUNICIPAL,Stocks,Broad,27.235954415,0.797037186,3.747969279,0.00,"2,770.60",No
Performance by Symbol,Data,ITUB,ITAU UNIBANCO H-SPON PRF ADR,Stocks,Financials,4.479211833,13.509949153,0.704768184,0.00,681.34,No
Performance by Symbol,Data,JD,JD.COM INC-ADR,Stocks,Consumer Cyclicals,6.726208957,-7.355123457,-0.371648531,-278.34,0.00,Yes
Performance by Symbol,Data,MDLZ,MONDELEZ INTERNATIONAL INC-A,Stocks,Consumer Non-Cyc,3.857952545,2.372425568,0.083269307,0.00,49.38,No
Performance by Symbol,Data,MMM,3M CO,Stocks,Consumer Non-Cyc,12.341290626,2.820564001,0.344830363,0.00,286.74,No
Performance by Symbol,Data,MSFT,MICROSOFT CORP,Stocks,Technology,3.093465048,5.300348764,0.16271042,120.95,0.00,Yes
Performance by Symbol,Data,NFLX,NETFLIX INC,Stocks,Telecomm,5.707933826,5.091620046,0.281629664,207.31,0.00,Yes
Performance by Symbol,Data,NKE,NIKE INC -CL B,Stocks,Consumer Cyclicals,39.360452982,1.834658781,-3.463870827,0.00,"-3,765.29",No
Performance by Symbol,Data,SOLV,SOLVENTUM CORP,Stocks,Healthcare,1.541610766,-8.41468998,-0.137482662,0.00,-113.18,No
Performance by Symbol,Data,STLA,STELLANTIS NV,Stocks,Consumer Cyclicals,8.686639524,-8.043930773,-0.726594958,0.00,-777.58,No
Performance by Symbol,Data,XP,XP INC - CLASS A,Stocks,Financials,2.380047848,3.723049978,0.087726917,0.00,64.76,No
Performance by Symbol,Data,XYZ,BLOCK INC,Stocks,Industrials,6.484972995,-21.391359322,-1.732749289,0.00,"-1,413.69",No
Performance by Symbol,Data,Total Stocks,,,,36.842947084,-2.536226038,0.601988308,143.31,-708.55,
Performance by Symbol,Data,USD,United States Dollar,Cash,Cash,47.84548311,-100,0.799341375,,,Yes
Performance by Symbol,Data,Total Cash,,,,47.84548311,-100,0.799341375,,,
Performance by Symbol,Data,Total,,,,100,113.018867863,113.018867863,145.38,"69,356.48",
Projected Income,MetaInfo,As Of,"January 27, 2026"
Projected Income,Header,Financial Instrument,Symbol,Description,Frequency,Quantity,Price,Value,Current Yield %,Principal,Estimated Annual Income,Estimated 2026 Remaining Income
Projected Income,Data,ETFs,TLTW,Ordinary Dividend,12,1000,22.89,22890,9.798621689,-,2242.904504599,2242.904504599
Projected Income,Data,,Total ETFs,,,,,22890,9.798621689,,2242.904504599,2242.904504599
Projected Income,Data,Stocks,AAPL,Ordinary Dividend,4,10,258.27,2582.7,0.414295118,-,10.7,10.7
Projected Income,Data,Stocks,JD,Ordinary Dividend,1,200,29.5,5900,3.389830508,-,200,200
Projected Income,Data,Stocks,MSFT,Ordinary Dividend,4,5,480.58,2402.9,0.75741812,-,18.2,18.2
Projected Income,Data,,Total Stocks,,,,,10885.6,2.102777982,,228.9,228.9
Projected Income,Data,Cash,USD,Credit Interest,12,36204.52,1,36204.52,0,-,0,0
Projected Income,Data,,Total Cash,,,,,36204.52,0,,0,0
Projected Income,Data,,Total,,,,,69980.12,3.532152424,,2471.804504599,2471.804504599
Trade Summary,MetaInfo,Analysis Period,"June 21, 2024 - January 27, 2026"
Trade Summary,Header,Financial Instrument,Currency,Symbol,Description,Sector,Quantity Bought,Average Price Bought,Proceeds Bought,Proceeds Bought in Base,Quantity Sold,Average Price Sold,Proceeds Sold,Proceeds Sold in Base
Trade Summary,Data,ETFs,United States Dollar,BRZU,DIREXION DAILY MSCI BRAZIL B,Broad,0,0,0,0,-57,76.7,4371.9,4371.9
Trade Summary,Data,ETFs,United States Dollar,KWEB,KRANESH CSI CHINA INTERNET,Technology,0,0,0,0,-100,26.485,2648.5,2648.5
Trade Summary,Data,ETFs,United States Dollar,TLT,ISHARES 20+ YEAR TREASURY BD,Government,3406,85.437674692,-291000.72,-291000.72,-3406,86.293478362,293915.5873,293915.5873
Trade Summary,Data,ETFs,United States Dollar,TLTW,ISHARES 20+ BOND BUYWRITE,Broad,1000,22.84772,-22847.72,-22847.72,0,0,0,0
Trade Summary,Data,ETFs,United States Dollar,TMF,DRX DLY 20+ YR TREAS BULL 3X,Broad,0,0,0,0,-400,58.90125,23560.5,23560.5
Trade Summary,Data,Options,United States Dollar,AAPL  270115C00200000,AAPL 15JAN27 200 C,Technology,5,26.3,-13150,-13150,-5,32.9,16450,16450
Trade Summary,Data,Options,United States Dollar,AMZN  270617C00180000,AMZN 17JUN27 180 C,Consumer Cyclicals,2,35.25,-7050,-7050,-2,39.85,7970,7970
Trade Summary,Data,Options,United States Dollar,BABA  271217C00100000,BABA 17DEC27 100 C,Technology,10,35.95,-35950,-35950,-10,38.025,38025,38025
Trade Summary,Data,Options,United States Dollar,BABA2 260116C00075000,BABA2 16JAN26 75 C,Technology,3,16.3,-4890,-4890,-3,23.55,7065,7065
Trade Summary,Data,Options,United States Dollar,BABA2 261218C00100000,BABA2 18DEC26 100 C,Technology,5,12,-6000,-6000,-5,16.5,8250,8250
Trade Summary,Data,Options,United States Dollar,BABA2 270115C00090000,BABA2 15JAN27 90 C,Technology,10,17.95,-17950,-17950,-10,21.869,21869,21869
Trade Summary,Data,Options,United States Dollar,BABA2 270115C00100000,BABA2 15JAN27 100 C,Technology,9,17,-15300,-15300,-9,25.777777778,23200,23200
Trade Summary,Data,Options,United States Dollar,BABA2 270617C00100000,BABA2 17JUN27 100 C,Technology,2,30.4,-6080,-6080,-2,30,6000,6000
Trade Summary,Data,Options,United States Dollar,BIDU  270115C00080000,BIDU 15JAN27 80 C,Technology,5,21,-10500,-10500,-5,20.5,10250,10250
Trade Summary,Data,Options,United States Dollar,BIDU  270115C00090000,BIDU 15JAN27 90 C,Technology,10,24.3,-24300,-24300,-10,27.8,27800,27800
Trade Summary,Data,Options,United States Dollar,DIS   270115C00090000,DIS 15JAN27 90 C,Telecomm,5,14.15,-7075,-7075,-5,16.68,8340,8340
Trade Summary,Data,Options,United States Dollar,INTC  260116C00015000,INTC 16JAN26 15 C,Technology,10,6.76,-6760,-6760,-10,10.16,10160,10160
Trade Summary,Data,Options,United States Dollar,INTC  260116C00030000,INTC 16JAN26 30 C,Technology,40,1.33925,-5357,-5357,-40,1.15,4600,4600
Trade Summary,Data,Options,United States Dollar,INTC  270115C00015000,INTC 15JAN27 15 C,Technology,40,8.6125,-34450,-34450,-40,8.9575,35830,35830
Trade Summary,Data,Options,United States Dollar,KWEB  260116C00025000,KWEB 16JAN26 25 C,Technology,10,4.875,-4875,-4875,-10,9.35,9350,9350
Trade Summary,Data,Options,United States Dollar,MSFT  270115C00450000,MSFT 15JAN27 450 C,Technology,3,38.6,-11580,-11580,-3,41.81,12543,12543
Trade Summary,Data,Options,United States Dollar,NKE   250321C00100000,NKE 21MAR25 100 C,Consumer Cyclicals,10,0.4,-400,-400,-10,1.44,1440,1440
Trade Summary,Data,Options,United States Dollar,NKE   250321P00082500,NKE 21MAR25 82.5 P,Consumer Cyclicals,10,5.87,-5870,-5870,-10,6.63,6630,6630
Trade Summary,Data,Options,United States Dollar,NKE   270115C00077500,NKE 15JAN27 77.5 C,Consumer Cyclicals,60,9.249333333,-55496,-55496,-60,9.421666667,56530,56530
Trade Summary,Data,Options,United States Dollar,NKE   271217C00080000,NKE 17DEC27 80 C,Consumer Cyclicals,20,8.55,-17100,-17100,-20,13.2675,26535,26535
Trade Summary,Data,Options,United States Dollar,NKE   280121C00070000,NKE 21JAN28 70 C,Consumer Cyclicals,5,7.75,-3875,-3875,-5,9.85,4925,4925
Trade Summary,Data,Options,United States Dollar,NVO   280121C00050000,NVO 21JAN28 50 C,Healthcare,2,12.85,-2570,-2570,-2,15.2,3040,3040
Trade Summary,Data,Options,United States Dollar,NVO   280121C00070000,NVO 21JAN28 70 C,Healthcare,4,9.78,-3912,-3912,-4,13.75,5500,5500
Trade Summary,Data,Options,United States Dollar,SBUX  280121C00090000,SBUX 21JAN28 90 C,Consumer Cyclicals,3,12.28,-3684,-3684,-3,14.75,4425,4425
Trade Summary,Data,Options,United States Dollar,STLA  270115C00010000,STLA 15JAN27 10 C,Consumer Cyclicals,5,4.298,-2149,-2149,-5,4.2,2100,2100
Trade Summary,Data,Options,United States Dollar,TLT   270115C00060000,TLT 15JAN27 60 C,Government,5,28.35,-14175,-14175,-5,31.88,15940,15940
Trade Summary,Data,Options,United States Dollar,TLT   270115C00070000,TLT 15JAN27 70 C,Government,10,19.62,-19620,-19620,-10,21.865,21865,21865
Trade Summary,Data,Options,United States Dollar,TLT   270115C00085000,TLT 15JAN27 85 C,Government,10,10.27,-10270,-10270,-10,11.11,11110,11110
Trade Summary,Data,Options,United States Dollar,TLT   270115C00090000,TLT 15JAN27 90 C,Government,20,6.89,-13780,-13780,-20,7.02,14040,14040
Trade Summary,Data,Options,United States Dollar,TLT   270115C00095000,TLT 15JAN27 95 C,Government,20,6.35,-12700,-12700,-20,6.8,13600,13600
Trade Summary,Data,Options,United States Dollar,TLT   270115C00100000,TLT 15JAN27 100 C,Government,20,4.97,-9940,-9940,-20,5.416,10832,10832
Trade Summary,Data,Options,United States Dollar,UNH   270617C00400000,UNH 17JUN27 400 C,Healthcare,2,44.88,-8976,-8976,-2,52.2,10440,10440
Trade Summary,Data,Options,United States Dollar,UNH   271217C00400000,UNH 17DEC27 400 C,Healthcare,1,36.5,-3650,-3650,-1,44.7,4470,4470
Trade Summary,Data,Options,United States Dollar,UPS   270115C00090000,UPS 15JAN27 90 C,Industrials,10,11,-11000,-11000,-10,16.4,16400,16400
Trade Summary,Data,Options,United States Dollar,UPS   280121C00090000,UPS 21JAN28 90 C,Industrials,5,13.8,-6900,-6900,-5,14.5,7250,7250
Trade Summary,Data,Options,United States Dollar,XYZ   270115C00060000,XYZ 15JAN27 60 C,Industrials,9,20.377777778,-18340,-18340,-9,20.791111111,18712,18712
Trade Summary,Data,Stocks,United States Dollar,AAPL,APPLE INC,Technology,10,246.88,-2468.8,-2468.8,0,0,0,0
Trade Summary,Data,Stocks,United States Dollar,BABA,ALIBABA GROUP HOLDING-SP ADR,Technology,0,0,0,0,-100,76.95,7695,7695
Trade Summary,Data,Stocks,United States Dollar,BHK,BLACKROCK CORE BOND TRUST,Broad,2000,10.46,-20920,-20920,-2000,10.661805,21323.61,21323.61
Trade Summary,Data,Stocks,United States Dollar,CVS,CVS HEALTH CORP,Healthcare,300,57.495,-17248.5,-17248.5,-300,61.5705,18471.15,18471.15
Trade Summary,Data,Stocks,United States Dollar,EBR,CENTRAIS ELETRICAS BR-SP ADR,Utilities,1000,6.21,-6210,-6210,-1000,5.685,5685,5685
Trade Summary,Data,Stocks,United States Dollar,FAX,ABRDN ASIA-PACIFIC INCOME,Broad,700,15.095,-10566.5,-10566.5,-700,15.853857143,11097.7,11097.7
Trade Summary,Data,Stocks,United States Dollar,GBAB,GUGGENHEIM TAXABLE MUNICIPAL,Broad,700,16.545714286,-11582,-11582,-3010,17.112366113,51508.222,51508.222
Trade Summary,Data,Stocks,United States Dollar,ITUB,ITAU UNIBANCO H-SPON PRF ADR,Financials,1000,5,-5000,-5000,-1000,5.765,5765,5765
Trade Summary,Data,Stocks,United States Dollar,JD,JD.COM INC-ADR,Consumer Cyclicals,200,30.6715,-6134.3,-6134.3,0,0,0,0
Trade Summary,Data,Stocks,United States Dollar,MDLZ,MONDELEZ INTERNATIONAL INC-A,Consumer Non-Cyc,50,56.005,-2800.25,-2800.25,-50,57.84,2892,2892
Trade Summary,Data,Stocks,United States Dollar,MMM,3M CO,Consumer Non-Cyc,0,0,0,0,-100,104.7505,10475.05,10475.05
Trade Summary,Data,Stocks,United States Dollar,MSFT,MICROSOFT CORP,Technology,5,452.3,-2261.5,-2261.5,0,0,0,0
Trade Summary,Data,Stocks,United States Dollar,NFLX,NETFLIX INC,Telecomm,50,81.01,-4050.5,-4050.5,0,0,0,0
Trade Summary,Data,Stocks,United States Dollar,NKE,NIKE INC -CL B,Consumer Cyclicals,1100,80.395081818,-88434.59,-88434.59,-1100,77.124595455,84837.055,84837.055
Trade Summary,Data,Stocks,United States Dollar,SOLV,SOLVENTUM CORP,Healthcare,0,0,0,0,-25,50.105,1252.625,1252.625
Trade Summary,Data,Stocks,United States Dollar,STLA,STELLANTIS NV,Consumer Cyclicals,700,13.76,-9632,-9632,-700,12.75,8925,8925
Trade Summary,Data,Stocks,United States Dollar,XP,XP INC - CLASS A,Financials,100,17.174,-1717.4,-1717.4,-100,18.26,1826,1826
Trade Summary,Data,Stocks,United States Dollar,XYZ,BLOCK INC,Industrials,160,71.2724375,-11403.59,-11403.59,-160,63.10625,10097,10097
Deposits And Withdrawals,MetaInfo,Analysis Period,"June 21, 2024 - January 27, 2026"
Deposits And Withdrawals,Header,Date,Type,Description,Amount
Deposits And Withdrawals,Data,06/21/24,ACATIN,3m Co (MMM) Quantity: 100,10166
Deposits And Withdrawals,Data,06/21/24,ACATIN,"Guggenheim Taxable Municipal (GBAB) Quantity: 2,310",37075.5
Deposits And Withdrawals,Data,06/21/24,ACATIN,Kraneshares Csi China Intern (KWEB) Quantity: 100,2861
Deposits And Withdrawals,Data,06/21/24,ACATIN,Alibaba Group Holding-sp Adr (BABA) Quantity: 100,7435
Deposits And Withdrawals,Data,06/21/24,ACATIN,Direxion Daily Msci Brazil B (BRZU) Quantity: 57,3581.88
Deposits And Withdrawals,Data,06/21/24,ACATIN,Solventum Corp (SOLV) Quantity: 25,1345
Deposits And Withdrawals,Data,06/21/24,ACATIN,Drx Dly 20+ Yr Treas Bull 3x (TMF) Quantity: 400,21064
Deposits And Withdrawals,Data,12/19/24,NA,Adjustment: Commission (consolidated Audit Trail Fee Refund) ,0.08
Deposits And Withdrawals,Data,07/10/25,WITHDRAWAL,Disbursement Initiated By Juan A Marino Rodriguez ,-70000
Deposits And Withdrawals,Data,12/05/25,WITHDRAWAL,Disbursement Initiated By Juan A Marino Rodriguez ,-10100
Dividends,MetaInfo,Analysis Period,"June 21, 2024 - January 27, 2026"
Dividends,Header,PayDate,Ex-Date,Symbol,Note,Quantity,DividendPerShare,Amount
Dividends,Data,20240702,20240625,TMF,Dividend Payment,400,0.43,173.98
Dividends,Data,20240702,20240625,BRZU,Dividend Payment,57,1.39,79.37
Dividends,Data,20240731,20240715,GBAB,Dividend Payment,2310,0.13,290.44
Dividends,Data,20240830,20240815,GBAB,Dividend Payment,2310,0.13,290.44
Dividends,Data,20241129,20241115,GBAB,Dividend Payment,700,0.10,71.54
Dividends,Data,20241129,20241115,GBAB,Payment In Lieu,700,0.02,16.47
Dividends,Data,20241231,20241213,GBAB,Payment In Lieu,700,0.02,11.82
Dividends,Data,20241231,20241213,GBAB,Dividend Payment,700,0.11,76.19
Dividends,Data,20250102,20241202,NKE,Dividend Payment,1000,0.40,400
Dividends,Data,20250110,20241230,FAX,Dividend Payment,700,0.17,115.5
Dividends,Data,20250131,20250124,FAX,Dividend Payment,700,0.17,115.5
Dividends,Data,20250210,20250102,ITUB,Dividend Payment,1000,0.00,2.84
Dividends,Data,20250210,20250102,ITUB,Dividend Payment,1000,0.00,-2.84
Dividends,Data,20250210,20250102,ITUB,Dividend Payment,1000,0.00,3
Dividends,Data,20260102,20251201,NKE,Dividend Payment,50,0.41,20.5
Dividends,Data,20260114,20251231,MDLZ,Dividend Payment,50,0.50,25
Interest Details,MetaInfo,Analysis Period,"June 21, 2024 - January 27, 2026"
Interest Details,Header,Date,Description,Amount
Interest Details,Data,20241204,USD Debit Interest Paid for November 2024,-15.82
Interest Details,Data,20250106,USD Debit Interest Paid for December 2024,-19.94
Notes and Disclosure,Header,Type,Note
Notes and Disclosure,Data,General,"1. The Net Asset Value (NAV) consists of all positions by financial instrument (stock, securities options, warrants, bonds, cash, etc.). All non-base currency amounts are converted to the base currency at the close of period rate."
Notes and Disclosure,Data,General,2. The gain or loss from future contracts settle into cash each night. The notional value is used when computing the contribution to return.
Notes and Disclosure,Data,General,"3. Dividend accruals, interest accruals, and insured deposits are included in cash amounts throughout the report."
Notes and Disclosure,Data,General,4. Price valuations are obtained from outside parties. Clearing Broker shall have no responsibility for the accuracy or timeliness of any such price valuation.
Notes and Disclosure,Data,General,5. Data from Thomson Reuters Business Classifications and Lipper Global is used to derive our sector classifications. Funds with assorted sector allocations are classified as Broad.
Notes and Disclosure,Data,General,"6. Amounts are formatted to two decimal places. If amounts are greater than two decimal places, Clearing Broker uses "half-even" rounding. This means that Clearing Broker rounds such amounts up to the nearest even number."
Notes and Disclosure,Data,General,"7. For accounts opened and funded before 2009, reports with a time period of Since Inception will only include data going back to January 1, 2009. This includes some default reports and both Historical Performance reports."
Notes and Disclosure,Data,General,"8. If you have elected to trade cryptocurrency/digital asset products at Crypto Provider through the Clearing Broker platform, for your convenience your positions in your linked account at Crypto Provider are reflected in PortfolioAnalyst in connection with your Clearing Broker account."
Notes and Disclosure,Data,Section,1. Account Overview: The deposit/withdrawal amount displayed includes internal transfers along with cash and position transfers.
Notes and Disclosure,Data,Section,2. Projected Income: The Estimated Annual Income and Estimated Remaining Income in the Projected Income report assume dividend and bond payments remain constant throughout the year. These positions and interest rates are based on the previous business day.
Notes and Disclosure,Data,Section,"3. Risk Measures: Historical US 3 Month Treasury Bill rates are used as the risk free rates when calculating Alpha, the Sharpe ratio, the Sortino ratio, and the downside deviation."
Notes and Disclosure,Data,Disclosure,"This portfolio report was generated using Clearing Broker's PortfolioAnalyst tool, which allows Clearing Broker clients to generate analyses of their accounts using market data provided by third parties along with trade and account data contained in Clearing Broker's systems. This report is for information purposes only and is provided AS IS. Clearing Broker makes no warranty of any kind, express or implied, as to this report and its contents. The data provided for use in the PortfolioAnalyst tool is believed to be accurate, but completeness and accuracy of the information is not guaranteed, and Clearing Broker has no liability with respect thereto. The data regarding accounts held outside of Clearing Broker is obtained either directly from your input or from the financial institutions holding those accounts through a third-party service provider and Clearing Broker has NOT reviewed its accuracy.

The material in this report is intended only as a reference and should not be relied upon for the maintenance of your books and records for tax, accounting, financial, or regulatory reporting or for any other purposes. This report is not an offer or a solicitation of an offer to buy or sell any security. This material does not, and is not intended to, take into account the particular financial conditions, investment objectives, or requirements of individual customers. Before acting on any material within this report, you should consider whether it is suitable for your particular circumstances and as necessary, seek professional advice."
