Introduction,Header,Name,Account,Alias,BaseCurrency,AccountType,AnalysisPeriod,PerformanceMeasure
Introduction,Data,Juan L Auccatoma Mendoza,U22536011,,USD,Individual (Broker Client),"October 16, 2025 to January 27, 2026 (Daily)",TWR
Key Statistics,MetaInfo,Analysis Period,"October 16, 2025 - January 27, 2026"
Key Statistics,Header,BeginningNAV,EndingNAV,CumulativeReturn,5DayReturn,5DayReturnDateRange,10DayReturn,10DayReturnDateRange,BestReturn,BestReturnDate,WorstReturn,WorstReturnDate,MTM,Deposits & Withdrawals,Dividends,Interest,Fees & Commissions,Other,ChangeInNAV
Key Statistics,Data,0,101126.797674,0.623679278,0.519071756,20260121 - 20260127,-1.736700672,20260114 - 20260127,1.625368278,20260123,-1.554930256,20260126,380.982,100500,585.88,0,-164.294326,-175.77,101126.797674
Historical Performance,MetaInfo,Analysis Period,"October 16, 2025 - January 27, 2026"
Historical Performance,Header,Account,MTD,QTD,YTD,Since Inception
Historical Performance,Data,U22536011,-0.475994309,-0.475994309,-0.475994309,0.623679294
Historical Performance,Header,Month,Account,AccountReturn
Historical Performance,Data,202501,U22536011,-
Historical Performance,Data,202502,U22536011,-
Historical Performance,Data,202503,U22536011,-
Historical Performance,Data,202504,U22536011,-
Historical Performance,Data,202505,U22536011,-
Historical Performance,Data,202506,U22536011,-
Historical Performance,Data,202507,U22536011,-
Historical Performance,Data,202508,U22536011,-
Historical Performance,Data,202509,U22536011,-
Historical Performance,Data,202510,U22536011,-
Historical Performance,Data,202511,U22536011,-0.004829096
Historical Performance,Data,202512,U22536011,1.109815712
Historical Performance,Header,Quarter,Account,AccountReturn
Historical Performance,Data,2025 Q1,U22536011,-
Historical Performance,Data,2025 Q2,U22536011,-
Historical Performance,Data,2025 Q3,U22536011,-
Historical Performance,Data,2025 Q4,U22536011,-
Historical Performance,Header,Year,Account,AccountReturn
Historical Performance,Data,YTD,U22536011,-0.475994309
Open Position Summary,MetaInfo,As Of,"January 27, 2026"
Open Position Summary,Header,Date,FinancialInstrument,Currency,Symbol,Description,Sector,Quantity,ClosePrice,Value,Cost Basis,UnrealizedP&L,FXRateToBase
Open Position Summary,Data,01/27/2026,ETFs,USD,SHV,ISHARES SHORT TREASURY BOND,Government,834,110.4,92073.6,92127.447302,-53.847302,1
Open Position Summary,Data,Total,ETFs,USD,,,,,,92073.6,92127.447302,-53.847302
Open Position Summary,Data,01/27/2026,Options,USD,XYZ   261218C00060000,XYZ 18DEC26 60 C,Industrials,21,15.1592,31834.32,29207.9461,2626.3739,1
Open Position Summary,Data,01/27/2026,Options,USD,XYZ   261218C00070000,XYZ 18DEC26 70 C,Industrials,-21,10.9813,-23060.73,-20922.0539,-2138.6761,1
Open Position Summary,Data,Total,Options,USD,,,,,,8773.59,8285.8922,487.6978
Open Position Summary,Data,01/27/2026,Cash,USD,USD,United States Dollar,Cash,279.607674,1,279.607674, , ,1
Performance by Symbol,MetaInfo,Analysis Period,"October 16, 2025 - January 27, 2026"
Performance by Symbol,Header,Symbol,Description,FinancialInstrument,Sector,AvgWeight,Return,Contribution,Unrealized_P&L,Realized_P&L,Open
Performance by Symbol,Data,SHV,ISHARES SHORT TREASURY BOND,ETFs,Government,90.335351527,0.388194236,0.350244725,-53.85,0.00,Yes
Performance by Symbol,Data,Total ETFs,,,,90.335351527,0.388194236,0.350244725,-53.85,0.00,
Performance by Symbol,Data,XYZ   261218C00060000,XYZ 18DEC26 60 C,Options,Industrials,33.945929692,8.991984205,2.137794036,"2,626.37",0.00,Yes
Performance by Symbol,Data,XYZ   261218C00070000,XYZ 18DEC26 70 C,Options,Industrials,-24.534322223,10.222113518,-2.603925327,"-2,138.68",0.00,Yes
Performance by Symbol,Data,Total Options,,,,9.411607469,5.885881547,0.489396319,487.70,0.00,
Performance by Symbol,Data,XYZ,BLOCK INC,Stocks,Industrials,9.820120196,-2.187156516,-0.21616655,0.00,-217.16,No
Performance by Symbol,Data,Total Stocks,,,,9.820120196,-2.187156516,-0.21616655,0.00,-217.16,
Performance by Symbol,Data,USD,United States Dollar,Cash,Cash,39.829719245,0.000014013,-0,,,Yes
Performance by Symbol,Data,Total Cash,,,,39.829719245,0.000014013,-0,,,
Performance by Symbol,Data,Total,,,,100,0.623679278,0.623679278,433.85,-217.16,
Projected Income,MetaInfo,As Of,"January 27, 2026"
Projected Income,Header,Financial Instrument,Symbol,Description,Frequency,Quantity,Price,Value,Current Yield %,Principal,Estimated Annual Income,Estimated 2026 Remaining Income
Projected Income,Data,ETFs,SHV,Ordinary Dividend,12,834,110.4,92073.6,4.027717391,-,3708.4644,3708.4644
Projected Income,Data,,Total,,,,,92073.6,4.027717391,,3708.4644,3708.4644
Trade Summary,MetaInfo,Analysis Period,"October 16, 2025 - January 27, 2026"
Trade Summary,Header,Financial Instrument,Currency,Symbol,Description,Sector,Quantity Bought,Average Price Bought,Proceeds Bought,Proceeds Bought in Base,Quantity Sold,Average Price Sold,Proceeds Sold,Proceeds Sold in Base
Trade Summary,Data,ETFs,United States Dollar,SHV,ISHARES SHORT TREASURY BOND,Government,834,110.42147482,-92091.51,-92091.51,0,0,0,0
Trade Summary,Data,Options,United States Dollar,XYZ   261218C00060000,XYZ 18DEC26 60 C,Industrials,21,13.884285714,-29157,-29157,0,0,0,0
Trade Summary,Data,Options,United States Dollar,XYZ   261218C00070000,XYZ 18DEC26 70 C,Industrials,0,0,0,0,-21,9.987142857,20973,20973
Trade Summary,Data,Stocks,United States Dollar,XYZ,BLOCK INC,Industrials,160,61.9735625,-9915.77,-9915.77,-160,60.7817,9725.072,9725.072
Deposits And Withdrawals,MetaInfo,Analysis Period,"October 16, 2025 - January 27, 2026"
Deposits And Withdrawals,Header,Date,Type,Description,Amount
Deposits And Withdrawals,Data,10/16/25,DEPOSIT,Cash Receipts / Electronic Fund Transfers ,500
Deposits And Withdrawals,Data,11/21/25,DEPOSIT,Cash Receipts / Electronic Fund Transfers ,100000
Dividends,MetaInfo,Analysis Period,"October 16, 2025 - January 27, 2026"
Dividends,Header,PayDate,Ex-Date,Symbol,Quantity,DividendPerShare,Amount
Dividends,Data,20251204,20251201,SHV,820,0.35,288.23
Dividends,Data,20251224,20251219,SHV,834,0.36,297.65
Notes and Disclosure,Header,Type,Note
Notes and Disclosure,Data,General,"1. The Net Asset Value (NAV) consists of all positions by financial instrument (stock, securities options, warrants, bonds, cash, etc.). All non-base currency amounts are converted to the base currency at the close of period rate."
Notes and Disclosure,Data,General,2. The gain or loss from future contracts settle into cash each night. The notional value is used when computing the contribution to return.
Notes and Disclosure,Data,General,"3. Dividend accruals, interest accruals, and insured deposits are included in cash amounts throughout the report."
Notes and Disclosure,Data,General,4. Price valuations are obtained from outside parties. Clearing Broker shall have no responsibility for the accuracy or timeliness of any such price valuation.
Notes and Disclosure,Data,General,5. Data from Thomson Reuters Business Classifications and Lipper Global is used to derive our sector classifications. Funds with assorted sector allocations are classified as Broad.
Notes and Disclosure,Data,General,"6. Amounts are formatted to two decimal places. If amounts are greater than two decimal places, Clearing Broker uses "half-even" rounding. This means that Clearing Broker rounds such amounts up to the nearest even number."
Notes and Disclosure,Data,General,"7. For accounts opened and funded before 2009, reports with a time period of Since Inception will only include data going back to January 1, 2009. This includes some default reports and both Historical Performance reports."
Notes and Disclosure,Data,General,"8. If you have elected to trade cryptocurrency/digital asset products at Crypto Provider through the Clearing Broker platform, for your convenience your positions in your linked account at Crypto Provider are reflected in PortfolioAnalyst in connection with your Clearing Broker account."
Notes and Disclosure,Data,Section,1. Account Overview: The deposit/withdrawal amount displayed includes internal transfers along with cash and position transfers.
Notes and Disclosure,Data,Section,2. Projected Income: The Estimated Annual Income and Estimated Remaining Income in the Projected Income report assume dividend and bond payments remain constant throughout the year. These positions and interest rates are based on the previous business day.
Notes and Disclosure,Data,Section,"3. Risk Measures: Historical US 3 Month Treasury Bill rates are used as the risk free rates when calculating Alpha, the Sharpe ratio, the Sortino ratio, and the downside deviation."
Notes and Disclosure,Data,Disclosure,"This portfolio report was generated using Clearing Broker's PortfolioAnalyst tool, which allows Clearing Broker clients to generate analyses of their accounts using market data provided by third parties along with trade and account data contained in Clearing Broker's systems. This report is for information purposes only and is provided AS IS. Clearing Broker makes no warranty of any kind, express or implied, as to this report and its contents. The data provided for use in the PortfolioAnalyst tool is believed to be accurate, but completeness and accuracy of the information is not guaranteed, and Clearing Broker has no liability with respect thereto. The data regarding accounts held outside of Clearing Broker is obtained either directly from your input or from the financial institutions holding those accounts through a third-party service provider and Clearing Broker has NOT reviewed its accuracy.

The material in this report is intended only as a reference and should not be relied upon for the maintenance of your books and records for tax, accounting, financial, or regulatory reporting or for any other purposes. This report is not an offer or a solicitation of an offer to buy or sell any security. This material does not, and is not intended to, take into account the particular financial conditions, investment objectives, or requirements of individual customers. Before acting on any material within this report, you should consider whether it is suitable for your particular circumstances and as necessary, seek professional advice."
