Introduction,Header,Name,Account,Alias,BaseCurrency,AccountType,AnalysisPeriod,PerformanceMeasure
Introduction,Data,Leila S Olivera Santillan,U10999586,,USD,Individual (Broker Client),"July 19, 2022 to January 27, 2026 (Daily)",TWR
Key Statistics,MetaInfo,Analysis Period,"July 19, 2022 - January 27, 2026"
Key Statistics,Header,BeginningNAV,EndingNAV,CumulativeReturn,5DayReturn,5DayReturnDateRange,10DayReturn,10DayReturnDateRange,BestReturn,BestReturnDate,WorstReturn,WorstReturnDate,MTM,Deposits & Withdrawals,Dividends,Interest,Fees & Commissions,Other,ChangeInNAV
Key Statistics,Data,0,152198.535169,23.911903917,3.095000079,20260121 - 20260127,1.563775398,20260114 - 20260127,7.438492225,20250409,-4.311622763,20250404,-704.7168,128000.16,32557.49,304.37,-3835.798476,-4122.969555,152198.535169
Historical Performance,MetaInfo,Analysis Period,"July 19, 2022 - January 27, 2026"
Historical Performance,Header,Account,MTD,QTD,YTD,1 Year,3 Year,Since Inception
Historical Performance,Data,U10999586,3.943475709,3.943475709,3.943475709,3.899340293,13.634251297,23.911904044
Historical Performance,Header,Month,Account,AccountReturn
Historical Performance,Data,202501,U10999586,1.661221385
Historical Performance,Data,202502,U10999586,3.039018987
Historical Performance,Data,202503,U10999586,-3.417565519
Historical Performance,Data,202504,U10999586,-2.742123248
Historical Performance,Data,202505,U10999586,-0.467337583
Historical Performance,Data,202506,U10999586,3.121125578
Historical Performance,Data,202507,U10999586,-1.178068864
Historical Performance,Data,202508,U10999586,1.347427077
Historical Performance,Data,202509,U10999586,2.035496242
Historical Performance,Data,202510,U10999586,0.240039164
Historical Performance,Data,202511,U10999586,-0.140533783
Historical Performance,Data,202512,U10999586,-2.421998108
Historical Performance,Data,202401,U10999586,0.477681199
Historical Performance,Data,202402,U10999586,0.286365057
Historical Performance,Data,202403,U10999586,0.578647207
Historical Performance,Data,202404,U10999586,-3.253866705
Historical Performance,Data,202405,U10999586,3.413353284
Historical Performance,Data,202406,U10999586,-0.046990312
Historical Performance,Data,202407,U10999586,3.817786714
Historical Performance,Data,202408,U10999586,3.175257483
Historical Performance,Data,202409,U10999586,1.555812264
Historical Performance,Data,202410,U10999586,-1.492007178
Historical Performance,Data,202411,U10999586,1.49053807
Historical Performance,Data,202412,U10999586,-5.600529326
Historical Performance,Data,202301,U10999586,6.223923322
Historical Performance,Data,202302,U10999586,-1.822674111
Historical Performance,Data,202303,U10999586,0.894382218
Historical Performance,Data,202304,U10999586,0.351924518
Historical Performance,Data,202305,U10999586,-3.550643035
Historical Performance,Data,202306,U10999586,3.558496007
Historical Performance,Data,202307,U10999586,2.142978018
Historical Performance,Data,202308,U10999586,-2.488318492
Historical Performance,Data,202309,U10999586,-2.476530233
Historical Performance,Data,202310,U10999586,-4.172003438
Historical Performance,Data,202311,U10999586,6.695010597
Historical Performance,Data,202312,U10999586,4.914558816
Historical Performance,Data,202201,U10999586,-
Historical Performance,Data,202202,U10999586,-
Historical Performance,Data,202203,U10999586,-
Historical Performance,Data,202204,U10999586,-
Historical Performance,Data,202205,U10999586,-
Historical Performance,Data,202206,U10999586,-
Historical Performance,Data,202207,U10999586,-
Historical Performance,Data,202208,U10999586,-0.290124333
Historical Performance,Data,202209,U10999586,-5.217101742
Historical Performance,Data,202210,U10999586,3.106084855
Historical Performance,Data,202211,U10999586,6.668449762
Historical Performance,Data,202212,U10999586,-2.857872449
Historical Performance,Header,Quarter,Account,AccountReturn
Historical Performance,Data,2025 Q1,U10999586,1.170800541
Historical Performance,Data,2025 Q2,U10999586,-0.175291611
Historical Performance,Data,2025 Q3,U10999586,2.192105009
Historical Performance,Data,2025 Q4,U10999586,-2.325231912
Historical Performance,Data,2024 Q1,U10999586,1.348490424
Historical Performance,Data,2024 Q2,U10999586,0.001407548
Historical Performance,Data,2024 Q3,U10999586,8.780765685
Historical Performance,Data,2024 Q4,U10999586,-5.622909592
Historical Performance,Data,2023 Q1,U10999586,5.220538977
Historical Performance,Data,2023 Q2,U10999586,0.233010981
Historical Performance,Data,2023 Q3,U10999586,-2.865321776
Historical Performance,Data,2023 Q4,U10999586,7.26851742
Historical Performance,Data,2022 Q1,U10999586,-
Historical Performance,Data,2022 Q2,U10999586,-
Historical Performance,Data,2022 Q3,U10999586,-
Historical Performance,Data,2022 Q4,U10999586,6.838526698
Historical Performance,Header,Year,Account,AccountReturn
Historical Performance,Data,YTD,U10999586,3.943475709
Historical Performance,Data,2025,U10999586,0.807529249
Historical Performance,Data,2024,U10999586,4.050001958
Historical Performance,Data,2023,U10999586,9.889926469
Open Position Summary,MetaInfo,As Of,"January 27, 2026"
Open Position Summary,Header,Date,FinancialInstrument,Currency,Symbol,Description,Sector,Quantity,ClosePrice,Value,Cost Basis,UnrealizedP&L,FXRateToBase
Open Position Summary,Data,01/27/2026,ETFs,USD,TLT,ISHARES 20+ YEAR TREASURY BD,Government,550,87.8,48290,50612.047908,-2322.047908,1
Open Position Summary,Data,Total,ETFs,USD,,,,,,48290,50612.047908,-2322.047908
Open Position Summary,Data,01/27/2026,Options,USD,TLT   270115C00080000,TLT 15JAN27 80 C,Government,6,8.6645,5198.7,10463.2177,-5264.5177,1
Open Position Summary,Data,01/27/2026,Options,USD,TLT   270115C00090000,TLT 15JAN27 90 C,Government,6,2.885,1731,5724.6493,-3993.6493,1
Open Position Summary,Data,Total,Options,USD,,,,,,6929.7,16187.867,-9258.167
Open Position Summary,Data,01/27/2026,Stocks,USD,ACN,ACCENTURE PLC-CL A,Technology,20,275.8,5516,5138.084797,377.915203,1
Open Position Summary,Data,01/27/2026,Stocks,USD,ADBE,ADOBE INC,Technology,24,297.42,7138.08,8570.631912,-1432.551912,1
Open Position Summary,Data,01/27/2026,Stocks,USD,AMT,AMERICAN TOWER CORP,Real Estate,20,180.07,3601.4,3581.260257,20.139743,1
Open Position Summary,Data,01/27/2026,Stocks,USD,BCAT,BLACKROCK CAPITAL ALLOC TR,Broad,805,14.68,11817.4,12532.708444,-715.308444,1
Open Position Summary,Data,01/27/2026,Stocks,USD,BHK,BLACKROCK CORE BOND TRUST,Broad,2200,9.55,21010,21434.53406,-424.53406,1
Open Position Summary,Data,01/27/2026,Stocks,USD,DPZ,DOMINO'S PIZZA INC,Consumer Cyclicals,7,413.87,2897.09,2797.104157,99.985843,1
Open Position Summary,Data,01/27/2026,Stocks,USD,FTNT,FORTINET INC,Technology,70,81.71,5719.7,5326.619257,393.080743,1
Open Position Summary,Data,01/27/2026,Stocks,USD,LULU,LULULEMON ATHLETICA INC,Consumer Cyclicals,25,186.39,4659.75,5101.768432,-442.018432,1
Open Position Summary,Data,01/27/2026,Stocks,USD,MSFT,MICROSOFT CORP,Technology,9,480.58,4325.22,4051.500557,273.719443,1
Open Position Summary,Data,01/27/2026,Stocks,USD,NFLX,NETFLIX INC,Telecomm,60,85.58,5134.8,5099.052257,35.747743,1
Open Position Summary,Data,01/27/2026,Stocks,USD,ORCL,ORACLE CORP,Technology,15,174.9,2623.5,2648.182757,-24.682757,1
Open Position Summary,Data,01/27/2026,Stocks,USD,PYPL,PAYPAL HOLDINGS INC,Financials,150,55.51,8326.5,11723.788557,-3397.288557,1
Open Position Summary,Data,01/27/2026,Stocks,USD,UNH,UNITEDHEALTH GROUP INC,Healthcare,9,282.7,2544.3,2552.550557,-8.250557,1
Open Position Summary,Data,01/27/2026,Stocks,USD,XYZ,BLOCK INC,Industrials,125,64.59,8073.75,8068.275321,5.474679,1
Open Position Summary,Data,Total,Stocks,USD,,,,,,93387.49,98626.061322,-5238.571322
Open Position Summary,Data,01/27/2026,Cash,USD,USD,United States Dollar,Cash,3591.345169,1,3591.345169, , ,1
Performance by Symbol,MetaInfo,Analysis Period,"July 19, 2022 - January 27, 2026"
Performance by Symbol,Header,Symbol,Description,FinancialInstrument,Sector,AvgWeight,Return,Contribution,Unrealized_P&L,Realized_P&L,Open
Performance by Symbol,Data,BND,VANGUARD TOTAL BOND MARKET,ETFs,Broad,6.260295942,10.047346401,0.617458976,0.00,567.84,No
Performance by Symbol,Data,BOND,PIMCO ACTIVE BOND EXCHANGE-T,ETFs,Broad,4.800843263,-2.87865779,-0.152559553,0.00,-207.40,No
Performance by Symbol,Data,EMB,ISHARES J.P. MORGAN USD EMERGI,ETFs,Broad,8.627770282,5.210507005,0.437252094,0.00,416.09,No
Performance by Symbol,Data,EMLC,VANECK JPM EM LOCAL CURR BND,ETFs,Broad,2.810579012,8.799091022,0.334348772,0.00,202.86,No
Performance by Symbol,Data,FBND,FIDELITY TOTAL BOND ETF,ETFs,Broad,5.13965706,-1.353341141,-0.015441038,0.00,-143.05,No
Performance by Symbol,Data,IGOV,ISHARES INTERNATIONAL TREASU,ETFs,Broad,7.984116921,-1.039544546,0.107641285,0.00,37.55,No
Performance by Symbol,Data,IWM,ISHARES RUSSELL 2000 ETF,ETFs,Broad,16.095429827,6.157146407,0.969880121,0.00,"1,402.46",No
Performance by Symbol,Data,KBWD,INVESCO KBW HIGH DIVIDEND YI,ETFs,Financials,7.674831821,-22.362152889,-1.836125582,0.00,"-2,814.51",No
Performance by Symbol,Data,QYLD,GLOBAL X NASD 100 COV CALL,ETFs,Broad,12.17644695,24.254520922,4.350260451,0.00,"4,216.17",No
Performance by Symbol,Data,RYLD,GLOBAL X RUSSELL 2000 COV CL,ETFs,Broad,10.487894389,1.264923679,1.876693202,0.00,434.68,No
Performance by Symbol,Data,SDIV,GLOBAL X SUPERDIVIDEND ETF,ETFs,Broad,8.474644673,21.429011664,1.911018921,0.00,641.04,No
Performance by Symbol,Data,SHV,ISHARES SHORT TREASURY BOND,ETFs,Government,16.458370679,0.508481889,-0.017455258,0.00,-105.00,No
Performance by Symbol,Data,TLT,ISHARES 20+ YEAR TREASURY BD,ETFs,Government,15.989738099,-4.600029726,-0.332836754,"-2,322.05",860.85,Yes
Performance by Symbol,Data,TLTW,ISHARES 20+ BOND BUYWRITE,ETFs,Broad,26.204391311,6.437802478,1.660824935,0.00,"1,378.26",No
Performance by Symbol,Data,TOTL,SS DOUBLELINE TR TACT ETF,ETFs,Broad,8.601764815,-1.526158651,-0.137425933,0.00,-347.59,No
Performance by Symbol,Data,WIP,SPDR FTSE INTERNATIONAL GOVE,ETFs,Broad,8.005416275,-0.613760867,1.051230891,0.00,897.47,No
Performance by Symbol,Data,XYLD,GLOBAL X S&P 500 COVE CALL E,ETFs,Broad,27.057156582,10.78847343,2.913408118,0.00,"3,046.13",No
Performance by Symbol,Data,Total ETFs,,,,36.285593645,3.582489802,14.135566513,"-2,322.05","10,483.85",
Performance by Symbol,Data,BABA  240816P00079000,BABA 16AUG24 79 P,Options,Technology,0.095538147,-100,-0.129850141,0.00,-193.80,No
Performance by Symbol,Data,BABA1 250620C00080000,BABA1 20JUN25 80 C,Options,Technology,1.709363535,20.19451315,0.403393448,0.00,540.18,No
Performance by Symbol,Data,BABA1 260116C00070000,BABA1 16JAN26 70 C,Options,Technology,2.860118648,-12.739871199,-0.362315336,0.00,-519.03,No
Performance by Symbol,Data,BABA2 260116C00070000,BABA2 16JAN26 70 C,Options,Technology,2.569340157,24.802998744,0.612943642,0.00,888.95,No
Performance by Symbol,Data,C     250117C00045000,C 17JAN25 45 C,Options,Financials,0.844075526,17.495185637,0.132888424,0.00,138.32,No
Performance by Symbol,Data,DIS   250321C00105000,DIS 21MAR25 105 C,Options,Telecomm,-1.580357745,52.551481959,-0.691381761,0.00,"-1,057.08",No
Performance by Symbol,Data,DIS   250321P00090000,DIS 21MAR25 90 P,Options,Telecomm,2.428156163,-33.674929974,-0.968579179,0.00,"-1,482.43",No
Performance by Symbol,Data,KWEB  250117C00020000,KWEB 17JAN25 20 C,Options,Technology,1.558916059,112.798020246,1.273666292,0.00,"1,218.85",No
Performance by Symbol,Data,NKE   250321C00087500,NKE 21MAR25 87.5 C,Options,Consumer Cyclicals,-3.318675591,66.250732327,-1.98352305,0.00,"-3,031.20",No
Performance by Symbol,Data,NKE   250321C00100000,NKE 21MAR25 100 C,Options,Consumer Cyclicals,-0.903621145,-30.58536253,0.327873209,0.00,509.10,No
Performance by Symbol,Data,NKE   250321P00077500,NKE 21MAR25 77.5 P,Options,Consumer Cyclicals,3.767089864,-42.90471447,-1.731789835,0.00,"-2,649.17",No
Performance by Symbol,Data,NKE   250321P00082500,NKE 21MAR25 82.5 P,Options,Consumer Cyclicals,5.212167791,35.429632219,1.678850841,0.00,"2,563.84",No
Performance by Symbol,Data,PINS  220819C00017000,PINS 19AUG22 17 C,Options,Technology,0.620403296,104.537938258,0.470461134,0.00,203.90,No
Performance by Symbol,Data,SPY   230609P00390000,SPY 09JUN23 390 P,Options,Broad,0.063005616,-100,-0.172375109,0.00,-175.05,No
Performance by Symbol,Data,TLT   260116C00075000,TLT 16JAN26 75 C,Options,Government,2.910578748,15.524934181,0.428840308,0.00,630.94,No
Performance by Symbol,Data,TLT   270115C00080000,TLT 15JAN27 80 C,Options,Government,4.801763448,-50.314519404,-3.495551565,"-5,264.52",0.00,Yes
Performance by Symbol,Data,TLT   270115C00090000,TLT 15JAN27 90 C,Options,Government,2.528548489,-69.762339852,-2.683702869,"-3,993.65",0.00,Yes
Performance by Symbol,Data,USB   250117C00035000,USB 17JAN25 35 C,Options,Financials,0.519483749,31.566863216,0.18349698,0.00,189.50,No
Performance by Symbol,Data,Total Options,,,,5.136810231,-65.453226255,-6.733049177,"-9,258.17","-2,224.17",
Performance by Symbol,Data,ACN,ACCENTURE PLC-CL A,Stocks,Technology,3.441488866,8.368628749,0.290761077,377.92,0.00,Yes
Performance by Symbol,Data,ADBE,ADOBE INC,Stocks,Technology,4.53661913,-16.365134366,-0.944367539,"-1,432.55",0.00,Yes
Performance by Symbol,Data,AMT,AMERICAN TOWER CORP,Stocks,Real Estate,2.369929046,0.562364679,0.012712672,20.14,0.00,Yes
Performance by Symbol,Data,AMZN,AMAZON.COM INC,Stocks,Consumer Cyclicals,4.040096869,6.614846592,0.131593151,0.00,325.23,No
Performance by Symbol,Data,AVK,ADVENT CONVERT & INCOME,Stocks,Broad,8.654886503,-10.916771731,-0.905870204,0.00,"-1,778.01",No
Performance by Symbol,Data,BABA,ALIBABA GROUP HOLDING-SP ADR,Stocks,Technology,1.338572611,11.315922126,0.146368108,0.00,149.86,No
Performance by Symbol,Data,BAC,BANK OF AMERICA CORP,Stocks,Financials,1.387394327,17.017765771,0.222695019,0.00,222.21,No
Performance by Symbol,Data,BAK,BRASKEM SA-CLASS A- ADR,Stocks,Basic Materials,0.854020406,-27.13184566,-0.330586702,0.00,-344.31,No
Performance by Symbol,Data,BBN,BLACKROCK TAXABLE MUNI BND,Stocks,Broad,12.189151063,4.178576554,1.976705415,0.00,"1,648.07",No
Performance by Symbol,Data,BCAT,BLACKROCK CAPITAL ALLOC TR,Stocks,Broad,8.119022212,8.716154103,0.747775436,-715.31,0.00,Yes
Performance by Symbol,Data,BHK,BLACKROCK CORE BOND TRUST,Stocks,Broad,14.407158459,1.776172928,0.281289819,-424.53,0.00,Yes
Performance by Symbol,Data,BIDU,BAIDU INC - SPON ADR,Stocks,Technology,2.491907859,36.066063427,0.797882934,0.00,"1,177.49",No
Performance by Symbol,Data,BKT,BLACKROCK INCOME TRUST,Stocks,Broad,14.91356866,0.647326202,0.098204184,0.00,25.40,No
Performance by Symbol,Data,BLW,BLACKROCK LTD DURAT INC TR,Stocks,Broad,7.366704154,19.988845057,1.333518005,0.00,991.33,No
Performance by Symbol,Data,BWG,BRANDYWINEGLOBAL GLOBAL INCO,Stocks,Broad,6.854550218,-6.545269545,-0.451794516,0.00,-830.81,No
Performance by Symbol,Data,BYND,BEYOND MEAT INC,Stocks,Consumer Non-Cyc,0.617030991,-69.297565551,-0.825714258,0.00,-770.31,No
Performance by Symbol,Data,CIG,CIA ENERGETICA DE-SPON ADR,Stocks,Utilities,1.662412377,12.77771821,0.197348871,0.00,199.84,No
Performance by Symbol,Data,DIS,WALT DISNEY CO/THE,Stocks,Telecomm,42.519831724,5.694013564,2.387619237,0.00,"3,605.88",No
Performance by Symbol,Data,DPZ,DOMINO'S PIZZA INC,Stocks,Consumer Cyclicals,1.885806622,3.574619933,0.066571285,99.99,0.00,Yes
Performance by Symbol,Data,DSL,DOUBLELINE INCOME SOLUTIONS,Stocks,Broad,8.321405999,-11.846766845,-1.016792562,0.00,"-1,785.05",No
Performance by Symbol,Data,EAD,ALLSPRING INCOME OPPORT,Stocks,Broad,7.423685253,8.323617888,0.45191587,0.00,-586.94,No
Performance by Symbol,Data,ETY,EATON VANCE TAX-MGD DIV EQTY,Stocks,Broad,8.598515655,-14.48831975,-1.221717514,0.00,"-2,105.18",No
Performance by Symbol,Data,FAX,ABRDN ASIA-PACIFIC INCOME,Stocks,Broad,5.325690119,-6.287446989,-0.348909209,0.00,-598.64,No
Performance by Symbol,Data,FTNT,FORTINET INC,Stocks,Technology,3.661938297,7.379553968,0.262486783,393.08,0.00,Yes
Performance by Symbol,Data,GBAB,GUGGENHEIM TAXABLE MUNICIPAL,Stocks,Broad,9.924252682,-1.636502207,2.065036891,0.00,882.78,No
Performance by Symbol,Data,GDO,WESTERN AST GLB CORP OPPRNTY,Stocks,Broad,9.666371828,0.425355792,1.299340327,0.00,186.94,No
Performance by Symbol,Data,GHY,PGIM GLOBAL HIGH YIELD FUND,Stocks,Broad,3.944671451,9.929538334,0.126560578,0.00,-84.78,No
Performance by Symbol,Data,GOLD.OLD,BARRICK MINING CORP,Stocks,Basic Materials,1.403564297,12.595507045,0.202461385,0.00,190.95,No
Performance by Symbol,Data,GOOG,ALPHABET INC-CL C,Stocks,Telecomm,5.189137012,13.812621691,0.67030042,0.00,291.14,No
Performance by Symbol,Data,HAS,HASBRO INC,Stocks,Consumer Cyclicals,3.020266586,7.87495534,0.232509794,0.00,230.42,No
Performance by Symbol,Data,HIX,WESTERN ASSET HIGH INC II,Stocks,Broad,7.632902809,4.341325934,0.391148143,0.00,-145.03,No
Performance by Symbol,Data,IFS,INTERCORP FINANCIAL SERVICES,Stocks,Financials,2.104763175,-8.691911808,-0.097651136,0.00,-296.04,No
Performance by Symbol,Data,INTC,INTEL CORP,Stocks,Technology,3.236778959,-26.612493645,-0.808375223,0.00,-958.56,No
Performance by Symbol,Data,JPM,JPMORGAN CHASE & CO,Stocks,Financials,2.667824151,13.082811836,0.461577699,0.00,296.16,No
Performance by Symbol,Data,LULU,LULULEMON ATHLETICA INC,Stocks,Consumer Cyclicals,3.092444254,-8.664023821,-0.287333863,-442.02,0.00,Yes
Performance by Symbol,Data,LUMN,LUMEN TECHNOLOGIES INC,Stocks,Technology,0.702446203,-76.381783169,-0.778276856,0.00,-837.62,No
Performance by Symbol,Data,META,META PLATFORMS INC-CLASS A,Stocks,Telecomm,3.689378509,18.614482624,0.700617746,0.00,439.02,No
Performance by Symbol,Data,MSFT,MICROSOFT CORP,Stocks,Technology,4.108253314,14.586481937,0.609925455,273.72,184.44,Yes
Performance by Symbol,Data,NBB,NUVEEN TAXABLE MUNICIPAL INC,Stocks,Broad,12.296447035,0.629303441,0.077951402,0.00,112.86,No
Performance by Symbol,Data,NEM,NEWMONT CORP,Stocks,Basic Materials,1.370677489,-9.639929126,-0.027756251,0.00,-88.79,No
Performance by Symbol,Data,NFLX,NETFLIX INC,Stocks,Telecomm,3.391481161,0.701066413,0.02365685,35.75,0.00,Yes
Performance by Symbol,Data,NKE,NIKE INC -CL B,Stocks,Consumer Cyclicals,60.693819869,3.662956234,1.440000493,0.00,"2,302.72",No
Performance by Symbol,Data,NVO,NOVO-NORDISK A/S-SPONS ADR,Stocks,Healthcare,6.834570616,17.917286122,1.278817994,0.00,"1,871.41",No
Performance by Symbol,Data,ORANY,ORANGE-SPON ADR,Stocks,Technology,3.448209037,7.042261219,0.384387566,0.00,136.38,No
Performance by Symbol,Data,ORCL,ORACLE CORP,Stocks,Technology,1.722171172,-0.932063967,-0.016051737,-24.68,0.00,Yes
Performance by Symbol,Data,PAGS,PAGSEGURO DIGITAL LTD-CL A,Stocks,Industrials,4.359073963,-16.911221837,-0.834204887,0.00,-846.66,No
Performance by Symbol,Data,PINS,PINTEREST INC- CLASS A,Stocks,Technology,4.289911652,36.209520731,1.431718894,0.00,624.43,No
Performance by Symbol,Data,PYPL,PAYPAL HOLDINGS INC,Stocks,Financials,6.204799447,-28.863933669,-2.201812996,"-3,397.29",0.00,Yes
Performance by Symbol,Data,SBUX,STARBUCKS CORP,Stocks,Consumer Cyclicals,10.11388504,6.071425479,0.937871072,0.00,"1,247.00",No
Performance by Symbol,Data,STLA,STELLANTIS NV,Stocks,Consumer Cyclicals,3.623921577,14.096666834,0.488897429,0.00,750.00,No
Performance by Symbol,Data,SWK,STANLEY BLACK & DECKER INC,Stocks,Industrials,2.367697273,-7.422885941,-0.186028778,0.00,-208.27,No
Performance by Symbol,Data,UNH,UNITEDHEALTH GROUP INC,Stocks,Healthcare,1.659979461,-0.323227966,-0.005365518,-8.25,0.00,Yes
Performance by Symbol,Data,UPS,UNITED PARCEL SERVICE-CL B,Stocks,Industrials,6.583866521,10.38541829,0.667079649,0.00,"1,045.46",No
Performance by Symbol,Data,VALE,VALE SA-SP ADR,Stocks,Basic Materials,1.012698393,26.422585533,0.389626589,0.00,285.45,No
Performance by Symbol,Data,VLT,INVESCO HIGH INCOME TRUST II,Stocks,Broad,7.451403791,-5.140353041,-0.441762144,0.00,-769.36,No
Performance by Symbol,Data,XP,XP INC - CLASS A,Stocks,Financials,0.957120058,-16.167760054,-0.198571187,0.00,-192.82,No
Performance by Symbol,Data,XYZ,BLOCK INC,Stocks,Industrials,5.37856838,0.067854383,0.009889591,5.47,0.00,Yes
Performance by Symbol,Data,Total Stocks,,,,50.505764268,33.69090033,11.336378893,"-5,238.57","6,195.71",
Performance by Symbol,Data,USD,United States Dollar,Cash,Cash,13.139680778,32.863473734,5.091091439,,,Yes
Performance by Symbol,Data,Total Cash,,,,13.139680778,32.863473734,5.091091439,,,
Performance by Symbol,Data,Total,,,,100,23.911903917,23.911903917,"-16,818.79","14,455.39",
Projected Income,MetaInfo,As Of,"January 27, 2026"
Projected Income,Header,Financial Instrument,Symbol,Description,Frequency,Quantity,Price,Value,Current Yield %,Principal,Estimated Annual Income,Estimated 2026 Remaining Income
Projected Income,Data,ETFs,TLT,Ordinary Dividend,12,550,87.8,48290,4.443553531,-,2145.792,2145.792
Projected Income,Data,,Total ETFs,,,,,48290,4.443553531,,2145.792,2145.792
Projected Income,Data,Stocks,ACN,Ordinary Dividend,4,20,275.8,5516,2.364031907,-,130.4,97.8
Projected Income,Data,Stocks,AMT,Ordinary Dividend,4,20,180.07,3601.4,3.776309213,-,136,136
Projected Income,Data,Stocks,BCAT,Ordinary Dividend,12,805,14.68,11817.4,21.313079019,-,2518.6518,2308.76415
Projected Income,Data,Stocks,BHK,Ordinary Dividend,12,2200,9.55,21010,9.37382199,-,1969.44,1805.32
Projected Income,Data,Stocks,DPZ,Ordinary Dividend,4,7,413.87,2897.09,1.681687486,-,48.72,48.72
Projected Income,Data,Stocks,MSFT,Ordinary Dividend,4,9,480.58,4325.22,0.75741812,-,32.76,32.76
Projected Income,Data,Stocks,ORCL,Ordinary Dividend,4,15,174.9,2623.5,1.143510577,-,30,22.5
Projected Income,Data,Stocks,PYPL,Ordinary Dividend,4,150,55.51,8326.5,1.008827238,-,84,84
Projected Income,Data,Stocks,UNH,Ordinary Dividend,4,9,282.7,2544.3,3.126989742,-,79.56,79.56
Projected Income,Data,,Total Stocks,,,,,62661.41,8.026521906,,5029.5318,4615.42415
Projected Income,Data,Cash,USD,Credit Interest,12,27495,1,27495,0,-,0,0
Projected Income,Data,,Total Cash,,,,,27495,0,,0,0
Projected Income,Data,,Total,,,,,138446.41,5.182744572,,7175.3238,6761.21615
Trade Summary,MetaInfo,Analysis Period,"July 19, 2022 - January 27, 2026"
Trade Summary,Header,Financial Instrument,Currency,Symbol,Description,Sector,Quantity Bought,Average Price Bought,Proceeds Bought,Proceeds Bought in Base,Quantity Sold,Average Price Sold,Proceeds Sold,Proceeds Sold in Base
Trade Summary,Data,ETFs,United States Dollar,BND,VANGUARD TOTAL BOND MARKET,Broad,152,70.356578947,-10694.2,-10694.2,-152,74.120152632,11266.2632,11266.2632
Trade Summary,Data,ETFs,United States Dollar,BOND,PIMCO ACTIVE BOND EXCHANGE-T,Broad,50,96.9,-4845,-4845,-50,92.752,4637.6,4637.6
Trade Summary,Data,ETFs,United States Dollar,EMB,ISHARES J.P. MORGAN USD EMERGI,Broad,205,85.259390244,-17478.175,-17478.175,-205,87.310097561,17898.57,17898.57
Trade Summary,Data,ETFs,United States Dollar,EMLC,VANECK JPM EM LOCAL CURR BND,Broad,100,23.815,-2381.5,-2381.5,-100,25.395,2539.5,2539.5
Trade Summary,Data,ETFs,United States Dollar,FBND,FIDELITY TOTAL BOND ETF,Broad,100,47.41,-4741,-4741,-100,46,4600,4600
Trade Summary,Data,ETFs,United States Dollar,IGOV,ISHARES INTERNATIONAL TREASU,Broad,200,40.3082,-8061.64,-8061.64,-200,40.512,8102.4,8102.4
Trade Summary,Data,ETFs,United States Dollar,IWM,ISHARES RUSSELL 2000 ETF,Broad,100,235.565,-23556.5,-23556.5,-100,249.830016,24983.0016,24983.0016
Trade Summary,Data,ETFs,United States Dollar,KBWD,INVESCO KBW HIGH DIVIDEND YI,Financials,765,15.689509804,-12002.475,-12002.475,-765,12.077385621,9239.2,9239.2
Trade Summary,Data,ETFs,United States Dollar,QYLD,GLOBAL X NASD 100 COV CALL,Broad,3200,15.57,-49824,-49824,-3200,16.9081875,54106.2,54106.2
Trade Summary,Data,ETFs,United States Dollar,RYLD,GLOBAL X RUSSELL 2000 COV CL,Broad,3490,15.873730487,-55399.3194,-55399.3194,-3490,15.85972063,55350.425,55350.425
Trade Summary,Data,ETFs,United States Dollar,SDIV,GLOBAL X SUPERDIVIDEND ETF,Broad,1645,21.829851064,-35910.105,-35910.105,-1645,22.171781155,36472.58,36472.58
Trade Summary,Data,ETFs,United States Dollar,SHV,ISHARES SHORT TREASURY BOND,Government,2420,110.265475207,-266842.45,-266842.45,-2420,110.274107438,266863.34,266863.34
Trade Summary,Data,ETFs,United States Dollar,TLT,ISHARES 20+ YEAR TREASURY BD,Government,750,92.429333333,-69322,-69322,-200,98.2,19640,19640
Trade Summary,Data,ETFs,United States Dollar,TLTW,ISHARES 20+ BOND BUYWRITE,Broad,1680,23.188,-38955.84,-38955.84,-1680,24.060285714,40421.28,40421.28
Trade Summary,Data,ETFs,United States Dollar,TOTL,SS DOUBLELINE TR TACT ETF,Broad,200,42.7575,-8551.5,-8551.5,-200,41.035,8207,8207
Trade Summary,Data,ETFs,United States Dollar,WIP,SPDR FTSE INTERNATIONAL GOVE,Broad,250,39.14,-9785,-9785,-250,42.744,10686,10686
Trade Summary,Data,ETFs,United States Dollar,XYLD,GLOBAL X S&P 500 COVE CALL E,Broad,1000,35.82,-35820,-35820,-1000,38.925,38925,38925
Trade Summary,Data,Options,United States Dollar,BABA  240816P00079000,BABA 16AUG24 79 P,Technology,1,1.81,-181,-181,-1,0,0,0
Trade Summary,Data,Options,United States Dollar,BABA1 250620C00080000,BABA1 20JUN25 80 C,Technology,2,13.3,-2660,-2660,-2,16.15,3230,3230
Trade Summary,Data,Options,United States Dollar,BABA1 260116C00070000,BABA1 16JAN26 70 C,Technology,2,20.3,-4060,-4060,-2,17.85,3570,3570
Trade Summary,Data,Options,United States Dollar,BABA2 260116C00070000,BABA2 16JAN26 70 C,Technology,2,17.85,-3570,-3570,-2,22.44,4488,4488
Trade Summary,Data,Options,United States Dollar,C     250117C00045000,C 17JAN25 45 C,Financials,1,7.9,-790,-790,-1,9.3,930,930
Trade Summary,Data,Options,United States Dollar,DIS   250321C00105000,DIS 21MAR25 105 C,Telecomm,7,4.34,-3038,-3038,-7,2.91,2037,2037
Trade Summary,Data,Options,United States Dollar,DIS   250321P00090000,DIS 21MAR25 90 P,Telecomm,7,6.25,-4375,-4375,-7,4.21,2947,2947
Trade Summary,Data,Options,United States Dollar,KWEB  250117C00020000,KWEB 17JAN25 20 C,Technology,2,5.4,-1080,-1080,-2,11.5,2300,2300
Trade Summary,Data,Options,United States Dollar,NKE   250321C00087500,NKE 21MAR25 87.5 C,Consumer Cyclicals,10,7.564,-7564,-7564,-10,4.61,4610,4610
Trade Summary,Data,Options,United States Dollar,NKE   250321C00100000,NKE 21MAR25 100 C,Consumer Cyclicals,12,0.93,-1116,-1116,-12,1.42,1704,1704
Trade Summary,Data,Options,United States Dollar,NKE   250321P00077500,NKE 21MAR25 77.5 P,Consumer Cyclicals,10,6.14,-6140,-6140,-10,3.56,3560,3560
Trade Summary,Data,Options,United States Dollar,NKE   250321P00082500,NKE 21MAR25 82.5 P,Consumer Cyclicals,12,6,-7200,-7200,-12,8.2,9840,9840
Trade Summary,Data,Options,United States Dollar,PINS  220819C00017000,PINS 19AUG22 17 C,Technology,1,1.94,-194,-194,-1,4,400,400
Trade Summary,Data,Options,United States Dollar,SPY   230609P00390000,SPY 09JUN23 390 P,Broad,1,1.74,-174,-174,-1,0,0,0
Trade Summary,Data,Options,United States Dollar,TLT   260116C00075000,TLT 16JAN26 75 C,Government,2,20.25,-4050,-4050,-2,23.55,4710,4710
Trade Summary,Data,Options,United States Dollar,TLT   270115C00080000,TLT 15JAN27 80 C,Government,6,17.4,-10440,-10440,0,0,0,0
Trade Summary,Data,Options,United States Dollar,TLT   270115C00090000,TLT 15JAN27 90 C,Government,6,9.5,-5700,-5700,0,0,0,0
Trade Summary,Data,Options,United States Dollar,USB   250117C00035000,USB 17JAN25 35 C,Financials,1,6,-600,-600,-1,7.9,790,790
Trade Summary,Data,Stocks,United States Dollar,ACN,ACCENTURE PLC-CL A,Technology,20,256.37,-5127.4,-5127.4,0,0,0,0
Trade Summary,Data,Stocks,United States Dollar,ADBE,ADOBE INC,Technology,24,356.230416667,-8549.53,-8549.53,0,0,0,0
Trade Summary,Data,Stocks,United States Dollar,AMT,AMERICAN TOWER CORP,Real Estate,20,178.53,-3570.6,-3570.6,0,0,0,0
Trade Summary,Data,Stocks,United States Dollar,AMZN,AMAZON.COM INC,Consumer Cyclicals,105,109.940333333,-11543.735,-11543.735,-105,113.288095238,11895.25,11895.25
Trade Summary,Data,Stocks,United States Dollar,AVK,ADVENT CONVERT & INCOME,Broad,1075,11.851572093,-12740.44,-12740.44,-1075,10.258325581,11027.7,11027.7
Trade Summary,Data,Stocks,United States Dollar,BABA,ALIBABA GROUP HOLDING-SP ADR,Technology,16,82.71,-1323.36,-1323.36,-16,92.16,1474.56,1474.56
Trade Summary,Data,Stocks,United States Dollar,BAC,BANK OF AMERICA CORP,Financials,50,27.09,-1354.5,-1354.5,-50,31.56,1578,1578
Trade Summary,Data,Stocks,United States Dollar,BAK,BRASKEM SA-CLASS A- ADR,Basic Materials,200,10.004,-2000.8,-2000.8,-200,8.4675,1693.5,1693.5
Trade Summary,Data,Stocks,United States Dollar,BBN,BLACKROCK TAXABLE MUNI BND,Broad,2325,16.676712903,-38773.3575,-38773.3575,-2325,17.366258065,40376.55,40376.55
Trade Summary,Data,Stocks,United States Dollar,BCAT,BLACKROCK CAPITAL ALLOC TR,Broad,805,15.521242236,-12494.6,-12494.6,0,0,0,0
Trade Summary,Data,Stocks,United States Dollar,BHK,BLACKROCK CORE BOND TRUST,Broad,2200,9.72,-21384,-21384,0,0,0,0
Trade Summary,Data,Stocks,United States Dollar,BIDU,BAIDU INC - SPON ADR,Technology,36,90.385,-3253.86,-3253.86,-36,123.7015,4453.254,4453.254
Trade Summary,Data,Stocks,United States Dollar,BKT,BLACKROCK INCOME TRUST,Broad,1850,11.735,-21709.75,-21709.75,-1850,11.8,21830,21830
Trade Summary,Data,Stocks,United States Dollar,BLW,BLACKROCK LTD DURAT INC TR,Broad,700,13.12,-9184,-9184,-700,14.47,10129,10129
Trade Summary,Data,Stocks,United States Dollar,BWG,BRANDYWINEGLOBAL GLOBAL INCO,Broad,1215,8.105555556,-9848.25,-9848.25,-1215,7.5,9112.5,9112.5
Trade Summary,Data,Stocks,United States Dollar,BYND,BEYOND MEAT INC,Consumer Non-Cyc,30,37.02,-1110.6,-1110.6,-30,11.41,342.3,342.3
Trade Summary,Data,Stocks,United States Dollar,CIG,CIA ENERGETICA DE-SPON ADR,Utilities,800,1.95,-1560,-1560,-800,2.21,1768,1768
Trade Summary,Data,Stocks,United States Dollar,DIS,WALT DISNEY CO/THE,Telecomm,700,90.435,-63304.5,-63304.5,-700,95.655,66958.5,66958.5
Trade Summary,Data,Stocks,United States Dollar,DPZ,DOMINO'S PIZZA INC,Consumer Cyclicals,7,398.091,-2786.637,-2786.637,0,0,0,0
Trade Summary,Data,Stocks,United States Dollar,DSL,DOUBLELINE INCOME SOLUTIONS,Broad,1975,12.723202532,-25128.325,-25128.325,-1975,11.886005063,23474.86,23474.86
Trade Summary,Data,Stocks,United States Dollar,EAD,ALLSPRING INCOME OPPORT,Broad,3256,6.654144656,-21665.895,-21665.895,-3256,6.520227273,21229.86,21229.86
Trade Summary,Data,Stocks,United States Dollar,ETY,EATON VANCE TAX-MGD DIV EQTY,Broad,853,14.962255569,-12762.804,-12762.804,-853,12.57,10722.21,10722.21
Trade Summary,Data,Stocks,United States Dollar,FAX,ABRDN ASIA-PACIFIC INCOME,Broad,500,15.6,-7800,-7800,-500,14.482,7241,7241
Trade Summary,Data,Stocks,United States Dollar,FTNT,FORTINET INC,Technology,70,75.93,-5315.1,-5315.1,0,0,0,0
Trade Summary,Data,Stocks,United States Dollar,GBAB,GUGGENHEIM TAXABLE MUNICIPAL,Broad,2928,15.82818306,-46344.92,-46344.92,-2928,16.005811475,46865.016,46865.016
Trade Summary,Data,Stocks,United States Dollar,GDO,WESTERN AST GLB CORP OPPRNTY,Broad,5275,12.311971564,-64945.65,-64945.65,-5275,12.333274313,65058.022,65058.022
Trade Summary,Data,Stocks,United States Dollar,GHY,PGIM GLOBAL HIGH YIELD FUND,Broad,1370,12.464437956,-17076.28,-17076.28,-1370,12.477284672,17093.88,17093.88
Trade Summary,Data,Stocks,United States Dollar,GOLD.OLD,BARRICK MINING CORP,Basic Materials,100,15.15,-1515,-1515,-100,17.08,1708,1708
Trade Summary,Data,Stocks,United States Dollar,GOOG,ALPHABET INC-CL C,Telecomm,20,105.34,-2106.8,-2106.8,-20,120,2400,2400
Trade Summary,Data,Stocks,United States Dollar,HAS,HASBRO INC,Consumer Cyclicals,50,58.5,-2925,-2925,-50,63.15,3157.5,3157.5
Trade Summary,Data,Stocks,United States Dollar,HIX,WESTERN ASSET HIGH INC II,Broad,1900,4.875713158,-9263.855,-9263.855,-1900,4.830263158,9177.5,9177.5
Trade Summary,Data,Stocks,United States Dollar,IFS,INTERCORP FINANCIAL SERVICES,Financials,100,24,-2400,-2400,-100,21.17,2117,2117
Trade Summary,Data,Stocks,United States Dollar,INTC,INTEL CORP,Technology,100,35.185,-3518.5,-3518.5,-100,25.6201,2562.01,2562.01
Trade Summary,Data,Stocks,United States Dollar,JPM,JPMORGAN CHASE & CO,Financials,20,118.818785,-2376.3757,-2376.3757,-20,133.73,2674.6,2674.6
Trade Summary,Data,Stocks,United States Dollar,LULU,LULULEMON ATHLETICA INC,Consumer Cyclicals,25,203.64,-5091,-5091,0,0,0,0
Trade Summary,Data,Stocks,United States Dollar,LUMN,LUMEN TECHNOLOGIES INC,Technology,100,10.898,-1089.8,-1089.8,-100,2.542,254.2,254.2
Trade Summary,Data,Stocks,United States Dollar,META,META PLATFORMS INC-CLASS A,Telecomm,40,130.215,-5208.6,-5208.6,-40,141.294,5651.76,5651.76
Trade Summary,Data,Stocks,United States Dollar,MSFT,MICROSOFT CORP,Technology,19,344.973684211,-6554.5,-6554.5,-10,270,2700,2700
Trade Summary,Data,Stocks,United States Dollar,NBB,NUVEEN TAXABLE MUNICIPAL INC,Broad,1140,15.7,-17898,-17898,-1140,15.86,18080.4,18080.4
Trade Summary,Data,Stocks,United States Dollar,NEM,NEWMONT CORP,Basic Materials,75,47.188333333,-3539.125,-3539.125,-75,46.19,3464.25,3464.25
Trade Summary,Data,Stocks,United States Dollar,NFLX,NETFLIX INC,Telecomm,60,84.795,-5087.7,-5087.7,0,0,0,0
Trade Summary,Data,Stocks,United States Dollar,NKE,NIKE INC -CL B,Consumer Cyclicals,2200,80.606181818,-177333.6,-177333.6,-2200,81.711127273,179764.48,179764.48
Trade Summary,Data,Stocks,United States Dollar,NVO,NOVO-NORDISK A/S-SPONS ADR,Healthcare,200,52.155,-10431,-10431,-200,61.651,12330.2,12330.2
Trade Summary,Data,Stocks,United States Dollar,ORANY,ORANGE-SPON ADR,Technology,300,10,-3000,-3000,-300,10.465,3139.5,3139.5
Trade Summary,Data,Stocks,United States Dollar,ORCL,ORACLE CORP,Technology,15,175.84,-2637.6,-2637.6,0,0,0,0
Trade Summary,Data,Stocks,United States Dollar,PAGS,PAGSEGURO DIGITAL LTD-CL A,Industrials,500,10.008,-5004,-5004,-500,8.325,4162.5,4162.5
Trade Summary,Data,Stocks,United States Dollar,PINS,PINTEREST INC- CLASS A,Technology,100,17.235,-1723.5,-1723.5,-100,23.5,2350,2350
Trade Summary,Data,Stocks,United States Dollar,PYPL,PAYPAL HOLDINGS INC,Financials,150,78.072866667,-11710.93,-11710.93,0,0,0,0
Trade Summary,Data,Stocks,United States Dollar,SBUX,STARBUCKS CORP,Consumer Cyclicals,230,87.719586957,-20175.505,-20175.505,-230,93.31173913,21461.7,21461.7
Trade Summary,Data,Stocks,United States Dollar,STLA,STELLANTIS NV,Consumer Cyclicals,550,9.635,-5299.25,-5299.25,-550,11.0924,6100.82,6100.82
Trade Summary,Data,Stocks,United States Dollar,SWK,STANLEY BLACK & DECKER INC,Industrials,30,85.545,-2566.35,-2566.35,-30,78.67,2360.1,2360.1
Trade Summary,Data,Stocks,United States Dollar,UNH,UNITEDHEALTH GROUP INC,Healthcare,9,282.45,-2542.05,-2542.05,0,0,0,0
Trade Summary,Data,Stocks,United States Dollar,UPS,UNITED PARCEL SERVICE-CL B,Industrials,116,86.675,-10054.3,-10054.3,-116,95.9,11124.4,11124.4
Trade Summary,Data,Stocks,United States Dollar,VALE,VALE SA-SP ADR,Basic Materials,100,13.745,-1374.5,-1374.5,-100,16.62,1662,1662
Trade Summary,Data,Stocks,United States Dollar,VLT,INVESCO HIGH INCOME TRUST II,Broad,2230,11.270269058,-25132.7,-25132.7,-2230,10.975130045,24474.54,24474.54
Trade Summary,Data,Stocks,United States Dollar,XP,XP INC - CLASS A,Financials,60,19.86,-1191.6,-1191.6,-60,16.68,1000.8,1000.8
Trade Summary,Data,Stocks,United States Dollar,XYZ,BLOCK INC,Industrials,125,64.446,-8055.75,-8055.75,0,0,0,0
Deposits And Withdrawals,MetaInfo,Analysis Period,"July 19, 2022 - January 27, 2026"
Deposits And Withdrawals,Header,Date,Type,Description,Amount
Deposits And Withdrawals,Data,07/19/22,DEPOSIT,Cash Receipts / Electronic Fund Transfers ,43000
Deposits And Withdrawals,Data,08/17/22,DEPOSIT,Cash Receipts / Electronic Fund Transfers ,55000
Deposits And Withdrawals,Data,08/07/23,DEPOSIT,Cash Receipts / Electronic Fund Transfers ,30000
Deposits And Withdrawals,Data,12/18/24,NA,Adjustment: Commission (consolidated Audit Trail Fee Refund) ,0.16
Dividends,MetaInfo,Analysis Period,"July 19, 2022 - January 27, 2026"
Dividends,Header,PayDate,Ex-Date,Symbol,Quantity,DividendPerShare,Amount
Dividends,Data,20220801,20220727,FBND,100,0.12,11.8
Dividends,Data,20220805,20220801,EMLC,100,0.12,12.18
Dividends,Data,20220805,20220801,TOTL,100,0.15,14.98
Dividends,Data,20220901,20220829,FBND,100,0.13,12.7
Dividends,Data,20220907,20220901,BOND,50,0.27,13.5
Dividends,Data,20220908,20220901,EMLC,100,0.12,12.12
Dividends,Data,20220908,20220901,TOTL,200,0.16,31.14
Dividends,Data,20220909,20220812,VALE,100,0.30,29.59
Dividends,Data,20220909,20220829,LUMN,100,0.25,25
Dividends,Data,20220909,20220812,VALE,100,0.39,39.07
Dividends,Data,20220922,20220907,NEM,50,0.55,27.5
Dividends,Data,20220930,20220914,BBN,150,0.12,18.44
Dividends,Data,20220930,20220914,GBAB,200,0.13,25.15
Dividends,Data,20221003,20220922,GDO,400,0.10,40.4
Dividends,Data,20221003,20220928,FBND,100,0.13,12.9
Dividends,Data,20221006,20221003,BOND,50,0.27,13.5
Dividends,Data,20221007,20221003,TOTL,200,0.15,30.8
Dividends,Data,20221007,20221003,WIP,250,0.25,61.91
Dividends,Data,20221007,20221003,EMLC,100,0.12,11.76
Dividends,Data,20221031,20221013,BBN,150,0.12,18.44
Dividends,Data,20221031,20221005,JPM,20,1.00,20
Dividends,Data,20221031,20221013,GBAB,400,0.13,50.29
Dividends,Data,20221101,20221021,GDO,700,0.10,70.7
Dividends,Data,20221101,20221027,FBND,100,0.15,14.7
Dividends,Data,20221104,20221101,BOND,50,0.27,13.5
Dividends,Data,20221104,20221101,BND,100,0.16,16.29
Dividends,Data,20221107,20221101,EMLC,100,0.12,11.8
Dividends,Data,20221107,20221101,WIP,250,0.23,56.62
Dividends,Data,20221107,20221101,TOTL,200,0.15,30.22
Dividends,Data,20221130,20221114,GBAB,550,0.13,69.15
Dividends,Data,20221130,20221114,BBN,350,0.12,43.01
Dividends,Data,20221201,20221128,FBND,100,0.14,13.9
Dividends,Data,20221201,20221104,INTC,100,0.36,36.5
Dividends,Data,20221201,20221121,GDO,700,0.10,70.7
Dividends,Data,20221206,20221201,BND,100,0.16,16.46
Dividends,Data,20221206,20221201,BOND,50,0.28,14
Dividends,Data,20221207,20221201,WIP,250,0.30,76.18
Dividends,Data,20221207,20221201,EMLC,100,0.11,11.24
Dividends,Data,20221207,20221201,TOTL,200,0.16,32.58
Dividends,Data,20221215,20221129,GOLD.OLD,100,0.15,15
Dividends,Data,20221220,20221130,SWK,30,0.80,24
Dividends,Data,20221222,20221214,BBN,350,0.10,36.01
Dividends,Data,20221222,20221201,ORANY,300,0.31,94.25
Dividends,Data,20221223,20221219,TOTL,200,0.28,55.98
Dividends,Data,20221229,20221223,BND,100,0.17,17.23
Dividends,Data,20221230,20221214,GBAB,550,0.13,69.15
Dividends,Data,20221230,20221221,GDO,700,0.10,70.7
Dividends,Data,20221230,20221228,EMLC,100,0.12,12.13
Dividends,Data,20230103,20221228,FBND,100,0.15,15.2
Dividends,Data,20230104,20221229,BOND,50,0.29,14.5
Dividends,Data,20230131,20230112,GBAB,1350,0.13,169.74
Dividends,Data,20230131,20230112,BBN,750,0.10,77.17
Dividends,Data,20230201,20230123,GDO,1000,0.10,101
Dividends,Data,20230201,20230127,FBND,100,0.14,14.3
Dividends,Data,20230206,20230201,BOND,50,0.28,14
Dividends,Data,20230207,20230201,TOTL,200,0.16,31.96
Dividends,Data,20230228,20230214,GBAB,1345,0.13,169.11
Dividends,Data,20230228,20230214,BBN,750,0.10,77.17
Dividends,Data,20230301,20230224,FBND,100,0.15,15.5
Dividends,Data,20230306,20230301,BND,52,0.16,8.54
Dividends,Data,20230306,20230301,BOND,50,0.29,14.5
Dividends,Data,20230307,20230301,EMB,105,0.38,39.78
Dividends,Data,20230307,20230301,TOTL,200,0.15,30.44
Dividends,Data,20230321,20230306,SWK,30,0.80,24
Dividends,Data,20230329,20221213,VALE,100,0.06,5.54
Dividends,Data,20230331,20230314,GBAB,1345,0.13,169.11
Dividends,Data,20230331,20230314,BBN,750,0.10,77.17
Dividends,Data,20230403,20230329,FBND,100,0.16,15.8
Dividends,Data,20230403,20230323,GDO,1075,0.10,108.58
Dividends,Data,20230414,20230405,SDIV,400,0.23,92
Dividends,Data,20230428,20230413,BLW,700,0.10,68.67
Dividends,Data,20230428,20230413,GBAB,700,0.13,88.01
Dividends,Data,20230428,20230413,BBN,750,0.10,77.18
Dividends,Data,20230501,20230413,EAD,1400,0.05,69.58
Dividends,Data,20230501,20230420,HIX,1900,0.05,93.1
Dividends,Data,20230501,20230420,GDO,1075,0.10,108.57
Dividends,Data,20230502,20230424,RYLD,500,0.18,91
Dividends,Data,20230505,20230501,SHV,120,0.40,47.7
Dividends,Data,20230511,20230503,SDIV,400,0.21,86
Dividends,Data,20230508,20230427,IFS,100,1.18,118
Dividends,Data,20230531,20230512,GBAB,700,0.13,88.01
Dividends,Data,20230531,20230522,RYLD,500,0.16,80.5
Dividends,Data,20230531,20230512,BBN,750,0.10,77.17
Dividends,Data,20230531,20230512,BLW,700,0.10,68.67
Dividends,Data,20230601,20230522,HIX,1900,0.05,93.1
Dividends,Data,20230601,20230522,GDO,1075,0.10,108.58
Dividends,Data,20230601,20230511,EAD,1400,0.05,68.5
Dividends,Data,20230607,20230601,SHV,70,0.48,33.72
Dividends,Data,20230613,20230605,SDIV,500,0.21,107.5
Dividends,Data,20230615,20230531,NEM,25,0.40,10
Dividends,Data,20230628,20230620,RYLD,500,0.18,91.45
Dividends,Data,20230630,20230601,BAC,50,0.22,11
Dividends,Data,20230630,20230614,GBAB,700,0.13,88.01
Dividends,Data,20230630,20230614,BLW,700,0.10,68.67
Dividends,Data,20230630,20230614,BBN,750,0.09,69.68
Dividends,Data,20230703,20230622,GDO,1075,0.10,108.57
Dividends,Data,20230703,20230622,HIX,1900,0.05,93.1
Dividends,Data,20230703,20230612,EAD,1400,0.05,67.68
Dividends,Data,20230714,20230706,SDIV,500,0.21,107.5
Dividends,Data,20230731,20230713,BBN,750,0.09,69.68
Dividends,Data,20230731,20230713,GBAB,700,0.13,88.01
Dividends,Data,20230731,20230713,BLW,700,0.10,68.67
Dividends,Data,20230801,20230724,RYLD,500,0.18,89.85
Dividends,Data,20230801,20230713,EAD,1400,0.05,67.13
Dividends,Data,20230801,20230721,GDO,1075,0.10,108.57
Dividends,Data,20230801,20230721,HIX,1900,0.05,93.1
Dividends,Data,20230807,20230801,TLT,50,0.28,13.76
Dividends,Data,20230811,20230803,SDIV,500,0.21,105
Dividends,Data,20230829,20230821,RYLD,500,0.17,87.05
Dividends,Data,20230831,20230814,GBAB,700,0.13,88.01
Dividends,Data,20230831,20230814,BLW,700,0.10,68.67
Dividends,Data,20230831,20230814,BBN,750,0.09,69.67
Dividends,Data,20230901,20230823,GDO,1075,0.10,108.57
Dividends,Data,20230901,20230823,HIX,1900,0.05,93.1
Dividends,Data,20230901,20230811,EAD,1400,0.05,66.86
Dividends,Data,20230908,20230901,TLT,100,0.29,28.86
Dividends,Data,20230914,20230906,SDIV,500,0.21,105
Dividends,Data,20230921,20230906,NEM,25,0.40,10
Dividends,Data,20230926,20230918,RYLD,500,0.17,86.31
Dividends,Data,20230929,20230914,GBAB,700,0.13,88.01
Dividends,Data,20230929,20230914,BLW,700,0.10,68.67
Dividends,Data,20230929,20230914,BBN,750,0.09,69.68
Dividends,Data,20231002,20230921,HIX,1900,0.05,93.1
Dividends,Data,20231002,20230921,GDO,1075,0.10,109.65
Dividends,Data,20231002,20230911,EAD,1400,0.05,66.77
Dividends,Data,20231006,20231002,TLT,100,0.28,28
Dividends,Data,20231013,20231004,SDIV,500,0.21,105
Dividends,Data,20231031,20231012,GBAB,700,0.13,88.01
Dividends,Data,20231031,20231023,QYLD,600,0.17,100.08
Dividends,Data,20231031,20231023,RYLD,1000,0.16,161.6
Dividends,Data,20231031,20231013,BLW,700,0.11,75.53
Dividends,Data,20231031,20231013,BBN,750,0.09,69.68
Dividends,Data,20231101,20231023,GDO,1075,0.10,109.65
Dividends,Data,20231101,20231023,HIX,1900,0.05,93.1
Dividends,Data,20231101,20231012,EAD,1400,0.05,66.42
Dividends,Data,20231107,20231101,TLT,200,0.29,57.26
Dividends,Data,20231113,20231103,SDIV,500,0.21,105
Dividends,Data,20231129,20231120,RYLD,1000,0.17,167.8
Dividends,Data,20231129,20231120,QYLD,600,0.16,96.66
Dividends,Data,20231130,20231114,BBN,750,0.09,69.68
Dividends,Data,20231130,20231114,GBAB,700,0.13,88.01
Dividends,Data,20231130,20231114,BLW,700,0.11,75.53
Dividends,Data,20231201,20231121,HIX,1900,0.05,93.1
Dividends,Data,20231201,20231121,GDO,1075,0.10,109.65
Dividends,Data,20231201,20231113,EAD,1400,0.05,66.33
Dividends,Data,20231207,20231201,TLT,200,0.29,57.78
Dividends,Data,20231213,20231205,SDIV,500,0.21,105
Dividends,Data,20231220,20231214,TLT,200,0.31,62.11
Dividends,Data,20231220,20231214,BBN,750,0.09,69.67
Dividends,Data,20231220,20231214,BLW,700,0.11,75.53
Dividends,Data,20231222,20231129,NEM,25,0.40,10
Dividends,Data,20231229,20231220,HIX,1900,0.05,93.1
Dividends,Data,20231229,20231214,GBAB,700,0.13,88.01
Dividends,Data,20231229,20231220,GDO,1075,0.10,109.65
Dividends,Data,20240102,20231211,EAD,1400,0.05,72.42
Dividends,Data,20240108,20231228,SDIV,500,0.21,105
Dividends,Data,20240108,20231228,QYLD,600,0.17,99.54
Dividends,Data,20240130,20240122,QYLD,600,0.18,107.4
Dividends,Data,20240130,20240122,RYLD,750,0.17,124.05
Dividends,Data,20240131,20240111,GBAB,700,0.13,88.01
Dividends,Data,20240131,20240111,BLW,700,0.11,75.53
Dividends,Data,20240131,20240111,BBN,1375,0.09,127.74
Dividends,Data,20240201,20240112,EAD,1400,0.05,72.31
Dividends,Data,20240201,20240123,GDO,775,0.10,79.05
Dividends,Data,20240207,20240201,TLT,200,0.31,62.02
Dividends,Data,20240213,20240205,SDIV,500,0.21,105
Dividends,Data,20240228,20240220,RYLD,750,0.16,122.4
Dividends,Data,20240228,20240220,QYLD,600,0.18,106.32
Dividends,Data,20240229,20240214,BBN,1575,0.09,146.32
Dividends,Data,20240229,20240215,GHY,380,0.10,39.9
Dividends,Data,20240229,20240214,BLW,700,0.11,75.53
Dividends,Data,20240229,20240214,GBAB,700,0.13,88.01
Dividends,Data,20240301,20240212,EAD,1400,0.05,72.38
Dividends,Data,20240301,20240221,GDO,1075,0.10,109.65
Dividends,Data,20240307,20240301,TLT,200,0.30,59.05
Dividends,Data,20240313,20240305,SDIV,500,0.21,105
Dividends,Data,20240326,20240318,QYLD,600,0.18,106.8
Dividends,Data,20240326,20240318,RYLD,750,0.17,125.55
Dividends,Data,20240328,20240314,GHY,380,0.10,39.9
Dividends,Data,20240328,20240314,BBN,1575,0.09,146.32
Dividends,Data,20240328,20240314,BLW,700,0.11,75.53
Dividends,Data,20240329,20240314,GBAB,700,0.13,88.01
Dividends,Data,20240401,20240311,EAD,1400,0.05,72.39
Dividends,Data,20240401,20240320,GDO,1075,0.10,109.65
Dividends,Data,20240405,20240401,TLT,200,0.31,62.49
Dividends,Data,20240411,20240403,SDIV,500,0.19,95
Dividends,Data,20240430,20240412,GBAB,700,0.13,88.01
Dividends,Data,20240430,20240411,GHY,380,0.10,39.9
Dividends,Data,20240430,20240422,QYLD,600,0.17,103.38
Dividends,Data,20240430,20240422,RYLD,750,0.16,122.1
Dividends,Data,20240430,20240412,BBN,1575,0.09,146.32
Dividends,Data,20240430,20240412,BLW,700,0.11,75.53
Dividends,Data,20240501,20240422,GDO,1075,0.10,109.65
Dividends,Data,20240501,20240411,EAD,1400,0.05,72.44
Dividends,Data,20240507,20240501,TLT,200,0.31,61.55
Dividends,Data,20240513,20240503,SDIV,500,0.19,95
Dividends,Data,20240529,20240520,QYLD,600,0.16,97.68
Dividends,Data,20240529,20240520,RYLD,750,0.17,124.05
Dividends,Data,20240531,20240514,BBN,1575,0.09,146.32
Dividends,Data,20240531,20240514,GBAB,700,0.13,88.01
Dividends,Data,20240531,20240509,GHY,380,0.10,39.9
Dividends,Data,20240531,20240514,BLW,700,0.11,75.53
Dividends,Data,20240603,20240522,GDO,1075,0.10,109.65
Dividends,Data,20240603,20240510,EAD,1400,0.05,72.69
Dividends,Data,20240607,20240603,TLT,200,0.31,61.66
Dividends,Data,20240612,20240605,SDIV,500,0.19,95
Dividends,Data,20240628,20240614,GBAB,700,0.13,88.01
Dividends,Data,20240628,20240613,GHY,380,0.10,39.9
Dividends,Data,20240628,20240614,BBN,1575,0.09,146.32
Dividends,Data,20240628,20240614,BLW,700,0.11,75.53
Dividends,Data,20240701,20240621,GDO,1075,0.12,131.15
Dividends,Data,20240701,20240613,EAD,1400,0.05,72.76
Dividends,Data,20240701,20240624,RYLD,750,0.16,120.6
Dividends,Data,20240701,20240624,QYLD,600,0.17,101.16
Dividends,Data,20240705,20240701,TLT,200,0.29,58.22
Dividends,Data,20240711,20240703,SDIV,500,0.19,95
Dividends,Data,20240729,20240722,QYLD,600,0.18,106.44
Dividends,Data,20240729,20240722,RYLD,750,0.16,120.38
Dividends,Data,20240731,20240715,GBAB,700,0.13,88.01
Dividends,Data,20240731,20240715,BLW,700,0.11,79.24
Dividends,Data,20240731,20240715,BBN,1575,0.09,146.32
Dividends,Data,20240731,20240711,GHY,380,0.10,39.9
Dividends,Data,20240801,20240724,GDO,1075,0.12,131.15
Dividends,Data,20240801,20240711,EAD,1400,0.05,72.94
Dividends,Data,20240806,20240801,TLT,200,0.31,62.97
Dividends,Data,20240812,20240805,SDIV,500,0.19,95
Dividends,Data,20240826,20240819,QYLD,600,0.18,107.46
Dividends,Data,20240826,20240819,RYLD,750,0.16,120.6
Dividends,Data,20240830,20240815,BBN,1575,0.09,146.32
Dividends,Data,20240830,20240815,GBAB,700,0.13,88.01
Dividends,Data,20240830,20240808,GHY,380,0.10,39.9
Dividends,Data,20240830,20240815,BLW,700,0.11,79.24
Dividends,Data,20240903,20240823,GDO,1075,0.12,131.15
Dividends,Data,20240903,20240812,EAD,1400,0.05,73.09
Dividends,Data,20241113,20241105,SDIV,575,0.19,110.4
Dividends,Data,20241125,20241118,RYLD,790,0.17,130.98
Dividends,Data,20241129,20241115,AVK,1075,0.12,125.99
Dividends,Data,20241129,20241114,GHY,990,0.10,103.95
Dividends,Data,20241129,20241121,ETY,853,0.10,84.62
Dividends,Data,20241129,20241113,DSL,995,0.11,109.45
Dividends,Data,20241129,20241115,VLT,1120,0.10,107.97
Dividends,Data,20241129,20241115,GBAB,798,0.13,100.33
Dividends,Data,20241202,20241121,GDO,1065,0.12,129.93
Dividends,Data,20241211,20241204,SDIV,575,0.20,112.7
Dividends,Data,20241231,20241217,VLT,1120,0.10,107.97
Dividends,Data,20241231,20241223,ETY,853,0.10,84.62
Dividends,Data,20241231,20241218,DSL,995,0.11,109.45
Dividends,Data,20241231,20241213,GBAB,798,0.13,100.33
Dividends,Data,20241231,20241223,GDO,1065,0.12,129.93
Dividends,Data,20241231,20241213,AVK,1075,0.12,125.99
Dividends,Data,20241231,20241212,GHY,990,0.10,103.95
Dividends,Data,20250102,20241212,EAD,1856,0.05,98.48
Dividends,Data,20250107,20241230,RYLD,790,0.17,131.46
Dividends,Data,20250109,20241226,GHY,990,0.10,103.95
Dividends,Data,20250128,20250121,RYLD,790,0.17,132.88
Dividends,Data,20250131,20250115,AVK,1075,0.12,125.99
Dividends,Data,20250131,20250115,DSL,980,0.11,107.8
Dividends,Data,20250131,20250115,ETY,853,0.10,84.62
Dividends,Data,20250131,20250117,VLT,1110,0.10,107
Dividends,Data,20250131,20250115,GBAB,780,0.13,98.07
Dividends,Data,20250203,20250124,GDO,1060,0.12,129.32
Dividends,Data,20250203,20250124,BWG,1215,0.08,97.2
Dividends,Data,20250203,20250113,EAD,1856,0.05,98.94
Dividends,Data,20250212,20250205,SDIV,570,0.19,110.01
Dividends,Data,20250228,20250224,KBWD,765,0.15,111.9
Dividends,Data,20250228,20250221,FAX,500,0.17,82.5
Dividends,Data,20250228,20250214,GBAB,780,0.13,98.07
Dividends,Data,20250228,20250214,AVK,1075,0.12,125.99
Dividends,Data,20250228,20250219,DSL,980,0.11,107.8
Dividends,Data,20250228,20250214,ETY,853,0.10,84.62
Dividends,Data,20250228,20250218,VLT,1110,0.10,107
Dividends,Data,20250303,20250213,EAD,1856,0.05,99.11
Dividends,Data,20250303,20250221,BWG,1215,0.08,97.2
Dividends,Data,20250303,20250224,RYLD,790,0.16,128.53
Dividends,Data,20250312,20250305,SDIV,570,0.20,114
Dividends,Data,20250328,20250324,KBWD,765,0.14,108.84
Dividends,Data,20250331,20250314,BCAT,805,0.29,231.22
Dividends,Data,20250331,20250325,FAX,500,0.17,82.5
Dividends,Data,20250331,20250314,ETY,853,0.10,84.62
Dividends,Data,20250331,20250314,GBAB,780,0.13,98.07
Dividends,Data,20250331,20250314,AVK,1075,0.12,125.99
Dividends,Data,20250331,20250324,RYLD,790,0.15,121.42
Dividends,Data,20250331,20250319,DSL,980,0.11,107.8
Dividends,Data,20250401,20250313,EAD,1856,0.05,99.22
Dividends,Data,20250401,20250324,BWG,1215,0.08,97.2
Dividends,Data,20250410,20250403,SDIV,570,0.20,111.15
Dividends,Data,20250428,20250421,RYLD,1740,0.14,248.99
Dividends,Data,20250428,20250421,XYLD,1000,0.38,377.4
Dividends,Data,20250428,20250421,QYLD,2600,0.16,415.48
Dividends,Data,20250430,20250415,BCAT,805,0.28,229.22
Dividends,Data,20250512,20250505,SDIV,570,0.20,111.15
Dividends,Data,20250527,20250519,XYLD,1000,0.39,389.3
Dividends,Data,20250527,20250519,QYLD,2600,0.17,429
Dividends,Data,20250527,20250519,RYLD,1740,0.15,257.69
Dividends,Data,20250530,20250515,BCAT,805,0.28,226.46
Dividends,Data,20250611,20250604,SDIV,570,0.19,109.44
Dividends,Data,20250630,20250613,BCAT,805,0.28,223.95
Dividends,Data,20250630,20250623,XYLD,1000,0.39,387.2
Dividends,Data,20250630,20250623,RYLD,1740,0.15,258.39
Dividends,Data,20250630,20250623,QYLD,2600,0.17,430.82
Dividends,Data,20250708,20250702,TLTW,1680,0.31,526.98
Dividends,Data,20250711,20250703,SDIV,570,0.19,108.3
Dividends,Data,20250728,20250721,RYLD,1740,0.15,260.65
Dividends,Data,20250731,20250715,BHK,2200,0.07,164.12
Dividends,Data,20250731,20250715,BCAT,805,0.28,221.76
Dividends,Data,20250731,20250715,BKT,1850,0.09,163.17
Dividends,Data,20250807,20250804,TLTW,1680,0.23,388.23
Dividends,Data,20250812,20250805,SDIV,570,0.19,108.3
Dividends,Data,20250825,20250818,RYLD,1740,0.15,262.04
Dividends,Data,20250829,20250815,BKT,1850,0.09,163.17
Dividends,Data,20250829,20250815,BCAT,805,0.27,219.24
Dividends,Data,20250829,20250815,BHK,2200,0.07,164.12
Dividends,Data,20250908,20250903,TLTW,1680,0.22,366.78
Dividends,Data,20250919,20250916,IWM,100,0.68,67.68
Dividends,Data,20250930,20250915,BHK,2200,0.07,164.12
Dividends,Data,20250930,20250915,BCAT,805,0.27,217.28
Dividends,Data,20251007,20251002,TLTW,1680,0.14,242.8
Dividends,Data,20251031,20251015,BCAT,805,0.27,215.35
Dividends,Data,20251031,20251015,BHK,2200,0.07,164.12
Dividends,Data,20251106,20251103,TLT,550,0.33,178.82
Dividends,Data,20251114,20251010,ACN,20,1.63,32.6
Dividends,Data,20251128,20251114,BCAT,805,0.26,213.27
Dividends,Data,20251128,20251114,SBUX,230,0.62,142.6
Dividends,Data,20251128,20251114,BHK,2200,0.07,164.12
Dividends,Data,20251204,20251201,TLT,550,0.32,176.36
Dividends,Data,20251210,20251119,PYPL,150,0.14,21
Dividends,Data,20251224,20251219,TLT,550,0.34,188.34
Dividends,Data,20251231,20251222,BCAT,805,0.26,210.93
Dividends,Data,20251231,20251222,BHK,2200,0.07,164.12
Interest Details,MetaInfo,Analysis Period,"July 19, 2022 - January 27, 2026"
Interest Details,Header,Date,Description,Amount
Interest Details,Data,20220803,USD Credit Interest Received for July 2022,4.71
Interest Details,Data,20220906,USD Credit Interest Received for August 2022,34.56
Interest Details,Data,20221005,USD Credit Interest Received for September 2022,43.78
Interest Details,Data,20221103,USD Credit Interest Received for October 2022,19.57
Interest Details,Data,20221205,USD Credit Interest Received for November 2022,0.08
Interest Details,Data,20230105,USD Credit Interest Received for December 2022,40.84
Interest Details,Data,20230203,USD Credit Interest Received for January 2023,22.82
Interest Details,Data,20230303,USD Credit Interest Received for February 2023,98.14
Interest Details,Data,20230405,USD Credit Interest Received for March 2023,24.96
Interest Details,Data,20230503,USD Credit Interest Received for April 2023,11.28
Interest Details,Data,20230803,USD Credit Interest Received for July 2023,3.63
Notes and Disclosure,Header,Type,Note
Notes and Disclosure,Data,General,"1. The Net Asset Value (NAV) consists of all positions by financial instrument (stock, securities options, warrants, bonds, cash, etc.). All non-base currency amounts are converted to the base currency at the close of period rate."
Notes and Disclosure,Data,General,2. The gain or loss from future contracts settle into cash each night. The notional value is used when computing the contribution to return.
Notes and Disclosure,Data,General,"3. Dividend accruals, interest accruals, and insured deposits are included in cash amounts throughout the report."
Notes and Disclosure,Data,General,4. Price valuations are obtained from outside parties. Clearing Broker shall have no responsibility for the accuracy or timeliness of any such price valuation.
Notes and Disclosure,Data,General,5. Data from Thomson Reuters Business Classifications and Lipper Global is used to derive our sector classifications. Funds with assorted sector allocations are classified as Broad.
Notes and Disclosure,Data,General,"6. Amounts are formatted to two decimal places. If amounts are greater than two decimal places, Clearing Broker uses "half-even" rounding. This means that Clearing Broker rounds such amounts up to the nearest even number."
Notes and Disclosure,Data,General,"7. For accounts opened and funded before 2009, reports with a time period of Since Inception will only include data going back to January 1, 2009. This includes some default reports and both Historical Performance reports."
Notes and Disclosure,Data,General,"8. If you have elected to trade cryptocurrency/digital asset products at Crypto Provider through the Clearing Broker platform, for your convenience your positions in your linked account at Crypto Provider are reflected in PortfolioAnalyst in connection with your Clearing Broker account."
Notes and Disclosure,Data,Section,1. Account Overview: The deposit/withdrawal amount displayed includes internal transfers along with cash and position transfers.
Notes and Disclosure,Data,Section,2. Projected Income: The Estimated Annual Income and Estimated Remaining Income in the Projected Income report assume dividend and bond payments remain constant throughout the year. These positions and interest rates are based on the previous business day.
Notes and Disclosure,Data,Section,"3. Risk Measures: Historical US 3 Month Treasury Bill rates are used as the risk free rates when calculating Alpha, the Sharpe ratio, the Sortino ratio, and the downside deviation."
Notes and Disclosure,Data,Disclosure,"This portfolio report was generated using Clearing Broker's PortfolioAnalyst tool, which allows Clearing Broker clients to generate analyses of their accounts using market data provided by third parties along with trade and account data contained in Clearing Broker's systems. This report is for information purposes only and is provided AS IS. Clearing Broker makes no warranty of any kind, express or implied, as to this report and its contents. The data provided for use in the PortfolioAnalyst tool is believed to be accurate, but completeness and accuracy of the information is not guaranteed, and Clearing Broker has no liability with respect thereto. The data regarding accounts held outside of Clearing Broker is obtained either directly from your input or from the financial institutions holding those accounts through a third-party service provider and Clearing Broker has NOT reviewed its accuracy.

The material in this report is intended only as a reference and should not be relied upon for the maintenance of your books and records for tax, accounting, financial, or regulatory reporting or for any other purposes. This report is not an offer or a solicitation of an offer to buy or sell any security. This material does not, and is not intended to, take into account the particular financial conditions, investment objectives, or requirements of individual customers. Before acting on any material within this report, you should consider whether it is suitable for your particular circumstances and as necessary, seek professional advice."
