Introduction,Header,Name,Account,Alias,BaseCurrency,AccountType,AnalysisPeriod,PerformanceMeasure
Introduction,Data,LILI G CORROCHANO MORAL,U7102415,,USD,Individual (Broker Client),"October 4, 2021 to January 27, 2026 (Daily)",TWR
Key Statistics,MetaInfo,Analysis Period,"October 4, 2021 - January 27, 2026"
Key Statistics,Header,BeginningNAV,EndingNAV,CumulativeReturn,5DayReturn,5DayReturnDateRange,10DayReturn,10DayReturnDateRange,BestReturn,BestReturnDate,WorstReturn,WorstReturnDate,MTM,Deposits & Withdrawals,Dividends,Interest,Fees & Commissions,Other,ChangeInNAV
Key Statistics,Data,0,88259.468583251,18.056480784,3.080208404,20260121 - 20260127,1.489475689,20260114 - 20260127,7.3548874,20250409,-4.254110445,20250407,-5196.03336,72667.06,24811.0397,1110.2171914,-2248.819459,-2883.995489149,88259.468583251
Historical Performance,MetaInfo,Analysis Period,"October 4, 2021 - January 27, 2026"
Historical Performance,Header,Account,MTD,QTD,YTD,1 Year,3 Year,Since Inception
Historical Performance,Data,U7102415,3.020710059,3.020710059,3.020710059,1.525340493,15.310996592,18.056480773
Historical Performance,Header,Month,Account,AccountReturn
Historical Performance,Data,202501,U7102415,1.707650943
Historical Performance,Data,202502,U7102415,2.76670294
Historical Performance,Data,202503,U7102415,-3.368289914
Historical Performance,Data,202504,U7102415,-2.416564656
Historical Performance,Data,202505,U7102415,-0.656336765
Historical Performance,Data,202506,U7102415,2.849235556
Historical Performance,Data,202507,U7102415,-1.298543357
Historical Performance,Data,202508,U7102415,0.829774084
Historical Performance,Data,202509,U7102415,1.716091194
Historical Performance,Data,202510,U7102415,1.219557949
Historical Performance,Data,202511,U7102415,-0.163441531
Historical Performance,Data,202512,U7102415,-3.240988802
Historical Performance,Data,202401,U7102415,0.795816592
Historical Performance,Data,202402,U7102415,0.406839585
Historical Performance,Data,202403,U7102415,1.111102152
Historical Performance,Data,202404,U7102415,-5.505512603
Historical Performance,Data,202405,U7102415,3.293348167
Historical Performance,Data,202406,U7102415,1.337817922
Historical Performance,Data,202407,U7102415,3.3710842
Historical Performance,Data,202408,U7102415,3.692355017
Historical Performance,Data,202409,U7102415,2.171077316
Historical Performance,Data,202410,U7102415,-1.011099487
Historical Performance,Data,202411,U7102415,0.839876655
Historical Performance,Data,202412,U7102415,-2.297098286
Historical Performance,Data,202301,U7102415,5.55810976
Historical Performance,Data,202302,U7102415,-2.6384119
Historical Performance,Data,202303,U7102415,2.051230819
Historical Performance,Data,202304,U7102415,0.154681873
Historical Performance,Data,202305,U7102415,-2.95291353
Historical Performance,Data,202306,U7102415,1.71042351
Historical Performance,Data,202307,U7102415,1.716135479
Historical Performance,Data,202308,U7102415,-1.889305683
Historical Performance,Data,202309,U7102415,-2.65705729
Historical Performance,Data,202310,U7102415,-2.94879094
Historical Performance,Data,202311,U7102415,6.675653007
Historical Performance,Data,202312,U7102415,5.042710674
Historical Performance,Data,202201,U7102415,1.256755679
Historical Performance,Data,202202,U7102415,1.580737006
Historical Performance,Data,202203,U7102415,0.855448888
Historical Performance,Data,202204,U7102415,-0.869077545
Historical Performance,Data,202205,U7102415,1.223089024
Historical Performance,Data,202206,U7102415,-2.707135429
Historical Performance,Data,202207,U7102415,4.821698536
Historical Performance,Data,202208,U7102415,-2.025916288
Historical Performance,Data,202209,U7102415,-10.344192531
Historical Performance,Data,202210,U7102415,-0.359490667
Historical Performance,Data,202211,U7102415,10.243736488
Historical Performance,Data,202212,U7102415,-3.783767563
Historical Performance,Data,202101,U7102415,-
Historical Performance,Data,202102,U7102415,-
Historical Performance,Data,202103,U7102415,-
Historical Performance,Data,202104,U7102415,-
Historical Performance,Data,202105,U7102415,-
Historical Performance,Data,202106,U7102415,-
Historical Performance,Data,202107,U7102415,-
Historical Performance,Data,202108,U7102415,-
Historical Performance,Data,202109,U7102415,-
Historical Performance,Data,202110,U7102415,-
Historical Performance,Data,202111,U7102415,0
Historical Performance,Data,202112,U7102415,0
Historical Performance,Header,Quarter,Account,AccountReturn
Historical Performance,Data,2025 Q1,U7102415,1.001009019
Historical Performance,Data,2025 Q2,U7102415,-0.29490735
Historical Performance,Data,2025 Q3,U7102415,1.228317528
Historical Performance,Data,2025 Q4,U7102415,-2.221029661
Historical Performance,Data,2024 Q1,U7102415,2.330394739
Historical Performance,Data,2024 Q2,U7102415,-1.087682619
Historical Performance,Data,2024 Q3,U7102415,9.515044049
Historical Performance,Data,2024 Q4,U7102415,-2.47268488
Historical Performance,Data,2023 Q1,U7102415,4.881164547
Historical Performance,Data,2023 Q2,U7102415,-1.140315506
Historical Performance,Data,2023 Q3,U7102415,-2.857187809
Historical Performance,Data,2023 Q4,U7102415,8.750729933
Historical Performance,Data,2022 Q1,U7102415,3.737250818
Historical Performance,Data,2022 Q2,U7102415,-2.373049354
Historical Performance,Data,2022 Q3,U7102415,-7.925190381
Historical Performance,Data,2022 Q4,U7102415,5.691049476
Historical Performance,Data,2021 Q1,U7102415,-
Historical Performance,Data,2021 Q2,U7102415,-
Historical Performance,Data,2021 Q3,U7102415,-
Historical Performance,Data,2021 Q4,U7102415,-
Historical Performance,Header,Year,Account,AccountReturn
Historical Performance,Data,YTD,U7102415,3.020710059
Historical Performance,Data,2025,U7102415,-0.324015891
Historical Performance,Data,2024,U7102415,8.107313956
Historical Performance,Data,2023,U7102415,9.536679944
Historical Performance,Data,2022,U7102415,-1.443902456
Open Position Summary,MetaInfo,As Of,"January 27, 2026"
Open Position Summary,Header,Date,FinancialInstrument,Currency,Symbol,Description,Sector,Quantity,ClosePrice,Value,Cost Basis,UnrealizedP&L,FXRateToBase
Open Position Summary,Data,01/27/2026,ETFs,USD,RYLD,GLOBAL X RUSSELL 2000 COV CL,Broad,650,15.62,10153,10832.521572,-679.521572,1
Open Position Summary,Data,01/27/2026,ETFs,USD,TLT,ISHARES 20+ YEAR TREASURY BD,Government,490,87.8,43022,45106.5245,-2084.5245,1
Open Position Summary,Data,Total,ETFs,USD,,,,,,53175,55939.046072,-2764.046072
Open Position Summary,Data,01/27/2026,Options,USD,TLT   270115C00080000,TLT 15JAN27 80 C,Government,6,8.6645,5198.7,7647.5592,-2448.8592,1
Open Position Summary,Data,Total,Options,USD,,,,,,5198.7,7647.5592,-2448.8592
Open Position Summary,Data,01/27/2026,Stocks,USD,BCAT,BLACKROCK CAPITAL ALLOC TR,Broad,700,14.68,10276,11021.174001,-745.174001,1
Open Position Summary,Data,01/27/2026,Stocks,USD,BKT,BLACKROCK INCOME TRUST,Broad,1435,11.05,15856.75,16884.774262,-1028.024262,1
Open Position Summary,Data,Total,Stocks,USD,,,,,,26132.75,27905.948263,-1773.198263
Open Position Summary,Data,01/27/2026,Cash,USD,USD,United States Dollar,Cash,3753.018628,1,3753.018628, , ,1
Performance by Symbol,MetaInfo,Analysis Period,"October 4, 2021 - January 27, 2026"
Performance by Symbol,Header,Symbol,Description,FinancialInstrument,Sector,AvgWeight,Return,Contribution,Unrealized_P&L,Realized_P&L,Open
Performance by Symbol,Data,BEEFBZ 4 3/8 03/18/31 PAJ2,BEEFBZ 4 3/8 03/18/31,Bonds,Financials,48.992614493,-0.916666667,-0.448562508,0.00,"-1,099.50",No
Performance by Symbol,Data,CREAL 7 1/4 07/20/23 7AA4,CREAL 7 1/4 07/20/23,Bonds,Financials,51.007385507,-2.046614033,-1.039151608,0.00,"-2,089.75",No
Performance by Symbol,Data,Total Bonds,,,,100,-1.490840669,-1.490840669,0.00,"-3,189.25",
Performance by Symbol,Data,2828,HANGSENG CHINA ENT INDEX,ETFs,Broad,1.953608898,-10.049297157,-0.240258498,0.00,-201.46,No
Performance by Symbol,Data,EDV,VANGUARD EXTENDED DUR TREAS,ETFs,Government,1.026284826,-7.069079556,-0.082575644,0.00,-81.11,No
Performance by Symbol,Data,IGOV,ISHARES INTERNATIONAL TREASU,ETFs,Broad,9.525569263,1.912277027,0.25220828,0.00,159.33,No
Performance by Symbol,Data,JAAA,JANUS HENDERSON AAA CLO ETF,ETFs,Broad,37.997344709,1.475416308,0.560732144,0.00,92.45,No
Performance by Symbol,Data,JEPI,JPMORGAN EQUITY PREMIUM INCO,ETFs,Broad,9.263677681,15.329030222,1.308238177,0.00,471.90,No
Performance by Symbol,Data,JETS,US GLOBAL JETS ETF,ETFs,Industrials,1.248323948,15.258502575,0.174530051,0.00,152.74,No
Performance by Symbol,Data,KWEB,KRANESH CSI CHINA INTERNET,ETFs,Technology,2.588340702,14.836578036,0.418307875,0.00,372.47,No
Performance by Symbol,Data,MJ,ETFMG ALTERNATIVE HARVEST,ETFs,Broad,1.118613811,-21.575547411,-0.271152789,0.00,-246.68,No
Performance by Symbol,Data,PCY,INVESCO EMERGING MARKETS SOV,ETFs,Broad,19.408818708,-6.206466319,-1.008184752,0.00,"-1,476.66",No
Performance by Symbol,Data,PPLT,ABRDN PHYSICAL PLATINUM SHRS,ETFs,Basic Materials,0.504850377,-2.636237528,-0.01423931,0.00,-13.10,No
Performance by Symbol,Data,QYLD,GLOBAL X NASD 100 COV CALL,ETFs,Broad,13.157071555,27.537169399,3.658034116,0.00,"2,320.52",No
Performance by Symbol,Data,RYLD,GLOBAL X RUSSELL 2000 COV CL,ETFs,Broad,9.446166489,3.404249305,0.349545745,-679.52,-237.77,Yes
Performance by Symbol,Data,SDIV,GLOBAL X SUPERDIVIDEND ETF,ETFs,Broad,3.673480362,9.526489702,0.348242142,0.00,6.30,No
Performance by Symbol,Data,SHV,ISHARES SHORT TREASURY BOND,ETFs,Government,12.827036538,0.68660781,0.045809713,0.00,-13.47,No
Performance by Symbol,Data,SLV,ISHARES SILVER TRUST,ETFs,Basic Materials,1.758501583,6.827431421,0.117698071,0.00,103.10,No
Performance by Symbol,Data,TBF,PROSHARES SHORT 20+ TREASURY,ETFs,Broad,1.732829693,7.987175573,0.131864038,0.00,119.15,No
Performance by Symbol,Data,TLT,ISHARES 20+ YEAR TREASURY BD,ETFs,Government,20.298290532,-4.201318495,-0.549629579,"-2,084.52",876.73,Yes
Performance by Symbol,Data,TLTW,ISHARES 20+ BOND BUYWRITE,ETFs,Broad,44.359703144,6.51259148,2.850607168,0.00,"1,397.06",No
Performance by Symbol,Data,TMV,DRX DLY 20+ YR TREAS BEAR 3X,ETFs,Broad,1.672476096,16.307818859,0.258384717,0.00,233.79,No
Performance by Symbol,Data,VCLT,VANGUARD LONG-TERM CORP BOND,ETFs,Broad,9.035820976,-6.345582955,-0.557661939,0.00,-687.08,No
Performance by Symbol,Data,VCSH,VANGUARD S/T CORP BOND ETF,ETFs,Broad,8.800550077,-1.280138116,-0.09274433,0.00,-175.07,No
Performance by Symbol,Data,XYLD,GLOBAL X S&P 500 COVE CALL E,ETFs,Broad,45.693763563,11.436255085,5.175479935,0.00,"3,254.52",No
Performance by Symbol,Data,Total ETFs,,,,37.480394842,15.130910876,13.082519144,"-2,764.05","6,427.67",
Performance by Symbol,Data,C     220617C00052500,C 17JUN22 52.5 C,Options,Financials,0.222584872,18.026937509,0.047862518,0.00,43.38,No
Performance by Symbol,Data,C     220617C00055000,C 17JUN22 55 C,Options,Financials,0.188782164,-21.6497344,-0.041641422,0.00,-37.68,No
Performance by Symbol,Data,C     250117C00045000,C 17JAN25 45 C,Options,Financials,0.997132591,13.886837891,0.127406506,0.00,113.32,No
Performance by Symbol,Data,DIS   250321C00105000,DIS 21MAR25 105 C,Options,Telecomm,-1.936163453,51.441981137,-0.756936762,0.00,-739.58,No
Performance by Symbol,Data,DIS   250321P00090000,DIS 21MAR25 90 P,Options,Telecomm,2.326051338,-32.356147441,-0.990792081,0.00,"-1,018.33",No
Performance by Symbol,Data,GOLD  240119C00015000,GOLD 19JAN24 15 C,Options,Basic Materials,0.553271288,-33.262383466,-0.218411701,0.00,-190.86,No
Performance by Symbol,Data,GOOGL 230113C00092000,GOOGL 13JAN23 92 C,Options,Telecomm,0.11813338,-17.058160366,-0.014407188,0.00,-13.24,No
Performance by Symbol,Data,GOOGL 240119C00090000,GOOGL 19JAN24 90 C,Options,Telecomm,1.535819781,16.682890945,0.243844491,0.00,210.31,No
Performance by Symbol,Data,INTC  220617C00045000,INTC 17JUN22 45 C,Options,Technology,0.173273963,-3.269005438,-0.005664335,0.00,-5.10,No
Performance by Symbol,Data,INTC  220715C00045000,INTC 15JUL22 45 C,Options,Technology,0.25309977,28.190266576,0.06352741,0.00,56.96,No
Performance by Symbol,Data,JD    250117C00040000,JD 17JAN25 40 C,Options,Consumer Cyclicals,0.988533187,6.346043158,0.07657521,0.00,64.59,No
Performance by Symbol,Data,KWEB  220617C00040000,KWEB 17JUN22 40 C,Options,Technology,0.147685984,42.0373667,0.048555721,0.00,42.90,No
Performance by Symbol,Data,KWEB  250117C00020000,KWEB 17JAN25 20 C,Options,Technology,0.929909749,111.252715315,0.757355898,0.00,610.55,No
Performance by Symbol,Data,NKE   250321C00087500,NKE 21MAR25 87.5 C,Options,Consumer Cyclicals,-3.699991249,101.187691882,-2.716076758,0.00,"-2,755.53",No
Performance by Symbol,Data,NKE   250321C00100000,NKE 21MAR25 100 C,Options,Consumer Cyclicals,-0.700745306,-30.568537323,0.239107212,0.00,256.55,No
Performance by Symbol,Data,NKE   250321P00077500,NKE 21MAR25 77.5 P,Options,Consumer Cyclicals,2.795374804,-59.863348569,-2.206164133,0.00,"-2,238.33",No
Performance by Symbol,Data,NKE   250321P00082500,NKE 21MAR25 82.5 P,Options,Consumer Cyclicals,4.120863136,37.219446345,1.348421576,0.00,"1,319.62",No
Performance by Symbol,Data,SLV   220617C00020000,SLV 17JUN22 20 C,Options,Basic Materials,0.112922913,-75.477516583,-0.16592099,0.00,-149.33,No
Performance by Symbol,Data,SPY   220819P00400000,SPY 19AUG22 400 P,Options,Broad,0.160658961,-100,-0.37346996,0.00,-350.05,No
Performance by Symbol,Data,SPY   230609P00390000,SPY 09JUN23 390 P,Options,Broad,0.073361164,-100,-0.190425101,0.00,-165.05,No
Performance by Symbol,Data,TBF   220617C00020000,TBF 17JUN22 20 C,Options,Broad,0.038116438,-59.134443969,-0.040450069,0.00,-36.10,No
Performance by Symbol,Data,TLT   260116C00085000,TLT 16JAN26 85 C,Options,Government,5.509377062,12.921903113,0.730177073,0.00,700.33,No
Performance by Symbol,Data,TLT   270115C00080000,TLT 15JAN27 80 C,Options,Government,6.04327422,-48.100544148,-2.885010406,"-2,448.86",0.00,Yes
Performance by Symbol,Data,UVXY  220422C00012000,UVXY 22APR22 12.0 C,Options,Broad,0.145510473,-57.898213616,-0.101946568,0.00,-92.08,No
Performance by Symbol,Data,UVXY  220429C00012000,UVXY 29APR22 12.0 C,Options,Broad,0.139529166,142.65191057,0.17454457,0.00,158.33,No
Performance by Symbol,Data,UVXY  220708C00013000,UVXY 08JUL22 13 C,Options,Broad,0.148538358,3.47779586,0.005078125,0.00,3.90,No
Performance by Symbol,Data,XOM   220715P00085000,XOM 15JUL22 85 P,Options,Energy,0.270364662,44.623262136,0.090358414,0.00,76.19,No
Performance by Symbol,Data,XOM   240119P00090000,XOM 19JAN24 90 P,Options,Energy,1.318347699,38.204746124,0.430807042,0.00,382.29,No
Performance by Symbol,Data,YINN1 230120C00007000,YINN1 20JAN23 7 C,Options,Broad,0.102816689,-33.0434558,-0.0542189,0.00,-49.25,No
Performance by Symbol,Data,Total Options,,,,4.304718262,-100,-6.349582101,"-2,448.86","-3,801.30",
Performance by Symbol,Data,ABEV,AMBEV SA-ADR,Stocks,Consumer Non-Cyc,6.310938433,8.81257728,0.540094843,0.00,469.71,No
Performance by Symbol,Data,AI,C3.AI INC-A,Stocks,Technology,1.039391233,12.105919227,0.130909814,0.00,117.49,No
Performance by Symbol,Data,AKO B,EMBOTELLADORA ANDINA-ADR B,Stocks,Consumer Non-Cyc,1.465992973,7.202157447,0.107600462,0.00,94.28,No
Performance by Symbol,Data,AMZN,AMAZON.COM INC,Stocks,Consumer Cyclicals,8.131088172,16.821501139,1.302845713,0.00,"1,102.96",No
Performance by Symbol,Data,AVAL,GRUPO AVAL ACCIONES Y VALORE,Stocks,Financials,2.300789117,7.47360091,0.151243686,0.00,135.38,No
Performance by Symbol,Data,AVK,ADVENT CONVERT & INCOME,Stocks,Broad,11.49644054,-7.29067988,-0.755477506,0.00,-987.90,No
Performance by Symbol,Data,BA,BOEING CO/THE,Stocks,Industrials,2.870875255,-25.063041865,-0.35470281,0.00,-319.34,No
Performance by Symbol,Data,BAS,BASF SE,Stocks,Basic Materials,2.265290376,-23.228678956,-0.556875209,0.00,-388.85,No
Performance by Symbol,Data,BBN,BLACKROCK TAXABLE MUNI BND,Stocks,Broad,18.417443045,-1.154821318,-0.17742374,0.00,"-1,756.35",No
Performance by Symbol,Data,BBVA,BANCO BILBAO VIZCAYA-SP ADR,Stocks,Financials,1.753487123,8.088336765,0.136798335,0.00,121.89,No
Performance by Symbol,Data,BCAT,BLACKROCK CAPITAL ALLOC TR,Stocks,Broad,12.010409054,8.914211822,1.110875284,-745.17,0.00,Yes
Performance by Symbol,Data,BCS,BARCLAYS PLC-SPONS ADR,Stocks,Financials,1.314684325,10.989232288,0.155548869,0.00,135.91,No
Performance by Symbol,Data,BHP,BHP GROUP LTD-SPON ADR,Stocks,Basic Materials,1.480969071,10.112086394,0.147794437,0.00,130.30,No
Performance by Symbol,Data,BKT,BLACKROCK INCOME TRUST,Stocks,Broad,15.673150119,7.314015356,0.619101285,"-1,028.02",659.50,Yes
Performance by Symbol,Data,BKT RT,BLACKROCK INCOME TR-RT,Stocks,Broad,0.15465115,-100,-0.198710301,0.00,0.00,No
Performance by Symbol,Data,BLW,BLACKROCK LTD DURAT INC TR,Stocks,Broad,9.146549903,20.056717394,2.098717615,0.00,"1,140.54",No
Performance by Symbol,Data,BSBR,BANCO SANTANDER BRASIL-ADS,Stocks,Financials,6.428244554,8.438206202,0.568583457,0.00,489.84,No
Performance by Symbol,Data,BUD,ANHEUSER-BUSCH INBEV SPN ADR,Stocks,Consumer Non-Cyc,1.836810236,-2.891909159,-0.049900252,0.00,-49.02,No
Performance by Symbol,Data,C,CITIGROUP INC,Stocks,Financials,2.26879117,2.688467558,0.066264545,0.00,41.95,No
Performance by Symbol,Data,CHWY,CHEWY INC - CLASS A,Stocks,Consumer Cyclicals,0.590610137,0.035916063,0.000453809,0.00,0.19,No
Performance by Symbol,Data,DIS,WALT DISNEY CO/THE,Stocks,Telecomm,47.362142853,5.880939655,2.615061635,0.00,"2,661.95",No
Performance by Symbol,Data,DMO,WESTERN ASSET MORT DEF OPP,Stocks,Broad,10.012990542,-2.237886474,-0.217757654,0.00,-382.18,No
Performance by Symbol,Data,DSL,DOUBLELINE INCOME SOLUTIONS,Stocks,Broad,10.982413704,-11.060719432,-1.304329868,0.00,"-1,355.78",No
Performance by Symbol,Data,EAD,ALLSPRING INCOME OPPORT,Stocks,Broad,3.935254244,19.550889291,0.725943171,0.00,335.26,No
Performance by Symbol,Data,GBAB,GUGGENHEIM TAXABLE MUNICIPAL,Stocks,Broad,8.864972695,19.629324641,1.557994338,0.00,671.80,No
Performance by Symbol,Data,GDO,WESTERN AST GLB CORP OPPRNTY,Stocks,Broad,8.65522262,-7.211126437,-0.133897186,0.00,"-1,075.51",No
Performance by Symbol,Data,GRFS,GRIFOLS SA-ADR,Stocks,Healthcare,2.627700972,-2.236238444,-0.094206183,0.00,-86.00,No
Performance by Symbol,Data,HIX,WESTERN ASSET HIGH INC II,Stocks,Broad,3.548338079,0.875247519,0.056501771,0.00,-381.58,No
Performance by Symbol,Data,HIX RT,WESTERN ASSET HIGH INCOM-W/I,Stocks,Broad,0.017912765,-100,-0.029890318,0.00,0.00,No
Performance by Symbol,Data,HMC,HONDA MOTOR CO LTD-SPONS ADR,Stocks,Consumer Cyclicals,1.565214642,-5.859007898,-0.082284382,0.00,-74.61,No
Performance by Symbol,Data,HYT,BLACKROCK CORP HI YLD,Stocks,Broad,13.28555331,-12.852899074,-1.742569509,0.00,"-1,638.48",No
Performance by Symbol,Data,ING,ING GROEP N.V.-SPONSORED ADR,Stocks,Financials,1.146955001,17.195895523,0.194723783,0.00,114.40,No
Performance by Symbol,Data,KMB,KIMBERLY-CLARK CORP,Stocks,Consumer Non-Cyc,3.407481784,4.095430449,0.137907528,0.00,124.48,No
Performance by Symbol,Data,LVS,LAS VEGAS SANDS CORP,Stocks,Consumer Cyclicals,0.802202944,9.128526947,0.071376273,0.00,64.59,No
Performance by Symbol,Data,MMM,3M CO,Stocks,Consumer Non-Cyc,0.919926128,-1.573966306,-0.026328449,0.00,-23.59,No
Performance by Symbol,Data,NEM,NEWMONT CORP,Stocks,Basic Materials,2.255880628,4.052805884,0.090706634,0.00,79.48,No
Performance by Symbol,Data,NKE,NIKE INC -CL B,Stocks,Consumer Cyclicals,49.448141923,7.579627819,3.714484272,0.00,"3,799.47",No
Performance by Symbol,Data,NU,NU HOLDINGS LTD/CAYMAN ISL-A,Stocks,Financials,0.668688082,-40.080204798,-0.328554108,0.00,-295.84,No
Performance by Symbol,Data,PETS,PETMED EXPRESS INC,Stocks,Consumer Non-Cyc,0.603947705,-0.71258014,-0.00429716,0.00,-3.89,No
Performance by Symbol,Data,PML,PIMCO MUNICIPAL INCOME FD II,Stocks,Broad,18.863903221,-6.266921856,-2.58643918,0.00,"-2,662.93",No
Performance by Symbol,Data,PYPL,PAYPAL HOLDINGS INC,Stocks,Financials,1.314396369,-27.445984496,-0.496084481,0.00,-434.61,No
Performance by Symbol,Data,SAP,SAP SE-SPONSORED ADR,Stocks,Technology,1.439881453,-5.896457277,-0.002198433,0.00,-27.75,No
Performance by Symbol,Data,SWK,STANLEY BLACK & DECKER INC,Stocks,Industrials,2.522197449,-13.988182837,-0.41916052,0.00,-380.03,No
Performance by Symbol,Data,T,AT&T INC,Stocks,Technology,2.687224859,-5.487506995,-0.151973178,0.00,-134.59,No
Performance by Symbol,Data,TEN,TENNECO INC-CLASS A,Stocks,Consumer Cyclicals,2.82561196,87.909887081,2.513570942,0.00,"2,207.94",No
Performance by Symbol,Data,UL.OLD,UNILEVER PLC-SPONSORED ADR,Stocks,Consumer Non-Cyc,1.655843098,5.439699753,0.110125813,0.00,99.35,No
Performance by Symbol,Data,VLT,INVESCO HIGH INCOME TRUST II,Stocks,Broad,9.55323731,-4.977169626,-0.538324125,0.00,-552.92,No
Performance by Symbol,Data,WBA,WALGREENS BOOTS ALLIANCE INC,Stocks,Consumer Non-Cyc,2.520394794,-1.845184704,-0.006176753,0.00,-8.26,No
Performance by Symbol,Data,WDI,WESTERN ASSET DIVERS INC,Stocks,Broad,9.892998018,-14.227895779,-1.46428839,0.00,"-1,389.31",No
Performance by Symbol,Data,WMT,WALMART INC,Stocks,Consumer Non-Cyc,1.386931488,4.141724264,0.056530799,0.00,49.97,No
Performance by Symbol,Data,WOOF,PETCO HEALTH AND WELLNESS CO,Stocks,Consumer Cyclicals,0.134786435,3.287119941,-0.015194971,0.00,-13.80,No
Performance by Symbol,Data,XP,XP INC - CLASS A,Stocks,Financials,1.464369662,27.254589998,0.437775295,0.00,412.96,No
Performance by Symbol,Data,Total Stocks,,,,47.147108782,29.232055513,7.227776268,"-1,773.20",838.48,
Performance by Symbol,Data,EUR,Euro,Cash,Cash,0.491221233,-100,0.003160933,,,No
Performance by Symbol,Data,HKD,Hong Kong Dollar,Cash,Cash,0.009396361,< -2000000,0.036772459,,,Yes
Performance by Symbol,Data,USD,United States Dollar,Cash,Cash,19.467359094,-100,6.030254647,,,Yes
Performance by Symbol,Data,Total Cash,,,,19.502651281,-100,6.072604835,,,
Performance by Symbol,Data,Total,,,,100,18.056480784,18.056480784,"-6,986.10",275.60,
Projected Income,MetaInfo,As Of,"January 27, 2026"
Projected Income,Header,Financial Instrument,Symbol,Description,Frequency,Quantity,Price,Value,Current Yield %,Principal,Estimated Annual Income,Estimated 2026 Remaining Income
Projected Income,Data,ETFs,RYLD,Ordinary Dividend,11,650,15.62,10153,11.077464789,-,1124.695,1124.695
Projected Income,Data,ETFs,TLT,Ordinary Dividend,12,490,87.8,43022,4.443553531,-,1911.7056,1911.7056
Projected Income,Data,,Total ETFs,,,,,53175,5.710203291,,3036.4006,3036.4006
Projected Income,Data,Stocks,BCAT,Ordinary Dividend,12,700,14.68,10276,21.313079019,-,2190.132,2007.621
Projected Income,Data,Stocks,BKT,Ordinary Dividend,12,1435,11.05,15856.75,9.578280543,-,1518.804,1392.237
Projected Income,Data,,Total Stocks,,,,,26132.75,14.192673944,,3708.936,3399.858
Projected Income,Data,,Total,,,,,79307.75,8.505267896,,6745.3366,6436.2586
Trade Summary,MetaInfo,Analysis Period,"October 4, 2021 - January 27, 2026"
Trade Summary,Header,Financial Instrument,Currency,Symbol,Description,Sector,Quantity Bought,Average Price Bought,Proceeds Bought,Proceeds Bought in Base,Quantity Sold,Average Price Sold,Proceeds Sold,Proceeds Sold in Base
Trade Summary,Data,Bonds,United States Dollar,BEEFBZ 4 3/8 03/18/31 PAJ2,BEEFBZ 4 3/8 03/18/31,Financials,0,0,0,0,-45000,0.955,42975,42975
Trade Summary,Data,Bonds,United States Dollar,CREAL 7 1/4 07/20/23 7AA4,CREAL 7 1/4 07/20/23,Financials,0,0,0,0,-46000,0.94,43240,43240
Trade Summary,Data,ETFs,Hong Kong Dollar,2828,HANGSENG CHINA ENT INDEX,Broad,200,84.08,-16816,-2158.66992,-200,76.36,15272,1946.11096
Trade Summary,Data,ETFs,United States Dollar,EDV,VANGUARD EXTENDED DUR TREAS,Government,10,99.86,-998.6,-998.6,-10,91.95,919.5,919.5
Trade Summary,Data,ETFs,United States Dollar,IGOV,ISHARES INTERNATIONAL TREASU,Broad,210,39.667238095,-8330.12,-8330.12,-210,40.441547619,8492.725,8492.725
Trade Summary,Data,ETFs,United States Dollar,JAAA,JANUS HENDERSON AAA CLO ETF,Broad,650,50.679538462,-32941.7,-32941.7,-650,50.894307692,33081.3,33081.3
Trade Summary,Data,ETFs,United States Dollar,JEPI,JPMORGAN EQUITY PREMIUM INCO,Broad,150,55.335,-8300.25,-8300.25,-150,58.575,8786.25,8786.25
Trade Summary,Data,ETFs,United States Dollar,JETS,US GLOBAL JETS ETF,Industrials,50,20,-1000,-1000,-50,23.095,1154.75,1154.75
Trade Summary,Data,ETFs,United States Dollar,KWEB,KRANESH CSI CHINA INTERNET,Technology,100,25.095,-2509.5,-2509.5,-100,28.84,2884,2884
Trade Summary,Data,ETFs,United States Dollar,MJ,ETFMG ALTERNATIVE HARVEST,Broad,140,8.9923,-1258.922,-1258.922,-140,7.252,1015.28,1015.28
Trade Summary,Data,ETFs,United States Dollar,PCY,INVESCO EMERGING MARKETS SOV,Broad,1000,20.0981,-20098.1,-20098.1,-1000,18.632,18632,18632
Trade Summary,Data,ETFs,United States Dollar,PPLT,ABRDN PHYSICAL PLATINUM SHRS,Basic Materials,8,91.1,-728.8,-728.8,-8,89.83875,718.71,718.71
Trade Summary,Data,ETFs,United States Dollar,QYLD,GLOBAL X NASD 100 COV CALL,Broad,1500,15.47,-23205,-23205,-1500,17.057333333,25586,25586
Trade Summary,Data,ETFs,United States Dollar,RYLD,GLOBAL X RUSSELL 2000 COV CL,Broad,1080,17.121583333,-18491.31,-18491.31,-430,16.140488372,6940.41,6940.41
Trade Summary,Data,ETFs,United States Dollar,SDIV,GLOBAL X SUPERDIVIDEND ETF,Broad,150,22.61,-3391.5,-3391.5,-150,22.405,3360.75,3360.75
Trade Summary,Data,ETFs,United States Dollar,SHV,ISHARES SHORT TREASURY BOND,Government,570,110.241842105,-62837.85,-62837.85,-570,110.293157895,62867.1,62867.1
Trade Summary,Data,ETFs,United States Dollar,SLV,ISHARES SILVER TRUST,Basic Materials,72,20.96,-1509.12,-1509.12,-72,22.42,1614.24,1614.24
Trade Summary,Data,ETFs,United States Dollar,TBF,PROSHARES SHORT 20+ TREASURY,Broad,80,18.635,-1490.8,-1490.8,-80,20.15,1612,1612
Trade Summary,Data,ETFs,United States Dollar,TLT,ISHARES 20+ YEAR TREASURY BD,Government,640,92.02203125,-58894.1,-58894.1,-150,98.135,14720.25,14720.25
Trade Summary,Data,ETFs,United States Dollar,TLTW,ISHARES 20+ BOND BUYWRITE,Broad,1670,23.167508982,-38689.74,-38689.74,-1670,24.055,40171.85,40171.85
Trade Summary,Data,ETFs,United States Dollar,TMV,DRX DLY 20+ YR TREAS BEAR 3X,Broad,20,71.63,-1432.6,-1432.6,-20,83.42,1668.4,1668.4
Trade Summary,Data,ETFs,United States Dollar,VCLT,VANGUARD LONG-TERM CORP BOND,Broad,100,85.12,-8512,-8512,-100,78.27,7827,7827
Trade Summary,Data,ETFs,United States Dollar,VCSH,VANGUARD S/T CORP BOND ETF,Broad,100,77.085,-7708.5,-7708.5,-100,75.355,7535.5,7535.5
Trade Summary,Data,ETFs,United States Dollar,XYLD,GLOBAL X S&P 500 COVE CALL E,Broad,1000,35.61,-35610,-35610,-1000,38.925,38925,38925
Trade Summary,Data,Forex,Hong Kong Dollar,USD.HKD,USD.HKD,Cash,1975.4717,7.837907803,-15483.565052535,-1975.547658075,-2160.0246,7.805313519,16859.66921139,2160.05408783
Trade Summary,Data,Forex,United States Dollar,EUR.USD,EUR.USD,Cash,1970.25,1.066650178,-2101.5675125,-2101.5675125,-1588.35,1.016526268,1614.5994975,1614.5994975
Trade Summary,Data,Options,United States Dollar,C     220617C00052500,C 17JUN22 52.5 C,Financials,1,2.4,-240,-240,-1,2.85,285,285
Trade Summary,Data,Options,United States Dollar,C     220617C00055000,C 17JUN22 55 C,Financials,1,1.73,-173,-173,-1,1.37,137,137
Trade Summary,Data,Options,United States Dollar,C     250117C00045000,C 17JAN25 45 C,Financials,1,8.15,-815,-815,-1,9.3,930,930
Trade Summary,Data,Options,United States Dollar,DIS   250321C00105000,DIS 21MAR25 105 C,Telecomm,5,4.31,-2155,-2155,-5,2.92,1460,1460
Trade Summary,Data,Options,United States Dollar,DIS   250321P00090000,DIS 21MAR25 90 P,Telecomm,5,6.25,-3125,-3125,-5,4.3,2150,2150
Trade Summary,Data,Options,United States Dollar,GOLD  240119C00015000,GOLD 19JAN24 15 C,Basic Materials,1,5.73,-573,-573,-1,3.84,384,384
Trade Summary,Data,Options,United States Dollar,GOOGL 230113C00092000,GOOGL 13JAN23 92 C,Telecomm,1,0.77,-77,-77,-1,0.65,65,65
Trade Summary,Data,Options,United States Dollar,GOOGL 240119C00090000,GOOGL 19JAN24 90 C,Telecomm,1,12.6,-1260,-1260,-1,14.72,1472,1472
Trade Summary,Data,Options,United States Dollar,INTC  220617C00045000,INTC 17JUN22 45 C,Technology,1,1.55,-155,-155,-1,1.52,152,152
Trade Summary,Data,Options,United States Dollar,INTC  220715C00045000,INTC 15JUL22 45 C,Technology,1,2.01,-201,-201,-1,2.6,260,260
Trade Summary,Data,Options,United States Dollar,JD    250117C00040000,JD 17JAN25 40 C,Consumer Cyclicals,1,10.17,-1017,-1017,-1,10.95,1095,1095
Trade Summary,Data,Options,United States Dollar,KWEB  220617C00040000,KWEB 17JUN22 40 C,Technology,1,1.01,-101,-101,-1,1.46,146,146
Trade Summary,Data,Options,United States Dollar,KWEB  250117C00020000,KWEB 17JAN25 20 C,Technology,1,5.48,-548,-548,-1,11.6,1160,1160
Trade Summary,Data,Options,United States Dollar,NKE   250321C00087500,NKE 21MAR25 87.5 C,Consumer Cyclicals,6,9.09,-5454,-5454,-6,4.58,2748,2748
Trade Summary,Data,Options,United States Dollar,NKE   250321C00100000,NKE 21MAR25 100 C,Consumer Cyclicals,6,0.93,-558,-558,-6,1.44,864,864
Trade Summary,Data,Options,United States Dollar,NKE   250321P00077500,NKE 21MAR25 77.5 P,Consumer Cyclicals,6,6.173333333,-3704,-3704,-6,2.54,1524,1524
Trade Summary,Data,Options,United States Dollar,NKE   250321P00082500,NKE 21MAR25 82.5 P,Consumer Cyclicals,6,5.87,-3522,-3522,-6,8.15,4890,4890
Trade Summary,Data,Options,United States Dollar,SLV   220617C00020000,SLV 17JUN22 20 C,Basic Materials,1,1.97,-197,-197,-1,0.5,50,50
Trade Summary,Data,Options,United States Dollar,SPY   220819P00400000,SPY 19AUG22 400 P,Broad,1,3.49,-349,-349,-1,0,0,0
Trade Summary,Data,Options,United States Dollar,SPY   230609P00390000,SPY 09JUN23 390 P,Broad,1,1.64,-164,-164,-1,0,0,0
Trade Summary,Data,Options,United States Dollar,TBF   220617C00020000,TBF 17JUN22 20 C,Broad,1,0.6,-60,-60,-1,0.26,26,26
Trade Summary,Data,Options,United States Dollar,TLT   260116C00085000,TLT 16JAN26 85 C,Government,4,13.5,-5400,-5400,-4,15.35,6140,6140
Trade Summary,Data,Options,United States Dollar,TLT   270115C00080000,TLT 15JAN27 80 C,Government,6,12.691666667,-7615,-7615,0,0,0,0
Trade Summary,Data,Options,United States Dollar,UVXY  220422C00012000,UVXY 22APR22 12.0 C,Broad,1,1.58,-158,-158,-1,0.68,68,68
Trade Summary,Data,Options,United States Dollar,UVXY  220429C00012000,UVXY 29APR22 12.0 C,Broad,1,1.1,-110,-110,-1,2.7,270,270
Trade Summary,Data,Options,United States Dollar,UVXY  220708C00013000,UVXY 08JUL22 13 C,Broad,1,1.11,-111,-111,-1,1.17,117,117
Trade Summary,Data,Options,United States Dollar,XOM   220715P00085000,XOM 15JUL22 85 P,Energy,1,1.7,-170,-170,-1,2.48,248,248
Trade Summary,Data,Options,United States Dollar,XOM   240119P00090000,XOM 19JAN24 90 P,Energy,1,10,-1000,-1000,-1,13.84,1384,1384
Trade Summary,Data,Options,United States Dollar,YINN1 230120C00007000,YINN1 20JAN23 7 C,Broad,1,1.48,-148,-148,-1,1,100,100
Trade Summary,Data,Stocks,Euro,BAS,BASF SE,Basic Materials,40,49.225,-1969,-2105.2548,-40,39.74,1589.6,1618.53072
Trade Summary,Data,Stocks,United States Dollar,ABEV,AMBEV SA-ADR,Consumer Non-Cyc,2000,2.66,-5320,-5320,-2000,2.905,5810,5810
Trade Summary,Data,Stocks,United States Dollar,AI,C3.AI INC-A,Technology,50,19.39,-969.5,-969.5,-50,21.78,1089,1089
Trade Summary,Data,Stocks,United States Dollar,AKO B,EMBOTELLADORA ANDINA-ADR B,Consumer Non-Cyc,120,10.9,-1308,-1308,-120,11.7027,1404.324,1404.324
Trade Summary,Data,Stocks,United States Dollar,AMZN,AMAZON.COM INC,Consumer Cyclicals,50,130.91,-6545.5,-6545.5,-50,153.42,7671,7671
Trade Summary,Data,Stocks,United States Dollar,AVAL,GRUPO AVAL ACCIONES Y VALORE,Financials,800,4.7955625,-3836.45,-3836.45,-800,4.975625,3980.5,3980.5
Trade Summary,Data,Stocks,United States Dollar,AVK,ADVENT CONVERT & INCOME,Broad,840,11.258571429,-9457.2,-9457.2,-840,10.160714286,8535,8535
Trade Summary,Data,Stocks,United States Dollar,BA,BOEING CO/THE,Industrials,40,139.57525,-5583.01,-5583.01,-40,131.72,5268.8,5268.8
Trade Summary,Data,Stocks,United States Dollar,BBN,BLACKROCK TAXABLE MUNI BND,Broad,1620,18.992333333,-30767.58,-30767.58,-1620,17.74154321,28741.3,28741.3
Trade Summary,Data,Stocks,United States Dollar,BBVA,BANCO BILBAO VIZCAYA-SP ADR,Financials,300,5.018433333,-1505.53,-1505.53,-300,5.435,1630.5,1630.5
Trade Summary,Data,Stocks,United States Dollar,BCAT,BLACKROCK CAPITAL ALLOC TR,Broad,700,15.71,-10997,-10997,0,0,0,0
Trade Summary,Data,Stocks,United States Dollar,BCS,BARCLAYS PLC-SPONS ADR,Financials,160,7.807875,-1249.26,-1249.26,-160,8.675,1388,1388
Trade Summary,Data,Stocks,United States Dollar,BHP,BHP GROUP LTD-SPON ADR,Basic Materials,20,64.3773,-1287.546,-1287.546,-20,70.994,1419.88,1419.88
Trade Summary,Data,Stocks,United States Dollar,BKT,BLACKROCK INCOME TRUST,Broad,2235,11.664832215,-26070.9,-26070.9,-800,12.43375,9947,9947
Trade Summary,Data,Stocks,United States Dollar,BLW,BLACKROCK LTD DURAT INC TR,Broad,1580,13.26871519,-20964.57,-20964.57,-1580,13.974265823,22079.34,22079.34
Trade Summary,Data,Stocks,United States Dollar,BSBR,BANCO SANTANDER BRASIL-ADS,Financials,1000,5.8,-5800,-5800,-1000,6.3,6300,6300
Trade Summary,Data,Stocks,United States Dollar,BUD,ANHEUSER-BUSCH INBEV SPN ADR,Consumer Non-Cyc,30,56.471,-1694.13,-1694.13,-30,54.905,1647.15,1647.15
Trade Summary,Data,Stocks,United States Dollar,C,CITIGROUP INC,Financials,40,52.165,-2086.6,-2086.6,-40,53.265,2130.6,2130.6
Trade Summary,Data,Stocks,United States Dollar,CHWY,CHEWY INC - CLASS A,Consumer Cyclicals,20,25.78,-515.6,-515.6,-20,25.89,517.8,517.8
Trade Summary,Data,Stocks,United States Dollar,DIS,WALT DISNEY CO/THE,Telecomm,500,90.4894,-45244.7,-45244.7,-500,95.895,47947.5,47947.5
Trade Summary,Data,Stocks,United States Dollar,DMO,WESTERN ASSET MORT DEF OPP,Broad,740,11.55567027,-8551.196,-8551.196,-740,11.11,8221.4,8221.4
Trade Summary,Data,Stocks,United States Dollar,DSL,DOUBLELINE INCOME SOLUTIONS,Broad,1545,12.647071197,-19539.725,-19539.725,-1545,11.843462783,18298.15,18298.15
Trade Summary,Data,Stocks,United States Dollar,EAD,ALLSPRING INCOME OPPORT,Broad,550,6.305,-3467.75,-3467.75,-550,6.978054545,3837.93,3837.93
Trade Summary,Data,Stocks,United States Dollar,GBAB,GUGGENHEIM TAXABLE MUNICIPAL,Broad,2600,16.637057692,-43256.35,-43256.35,-2600,16.844092308,43794.64,43794.64
Trade Summary,Data,Stocks,United States Dollar,GDO,WESTERN AST GLB CORP OPPRNTY,Broad,1840,12.646168478,-23268.95,-23268.95,-1840,11.973097826,22030.5,22030.5
Trade Summary,Data,Stocks,United States Dollar,GRFS,GRIFOLS SA-ADR,Healthcare,290,10.829482759,-3140.55,-3140.55,-290,10.545,3058.05,3058.05
Trade Summary,Data,Stocks,United States Dollar,HIX,WESTERN ASSET HIGH INC II,Broad,700,4.85,-3395,-3395,-700,4.343,3040.1,3040.1
Trade Summary,Data,Stocks,United States Dollar,HMC,HONDA MOTOR CO LTD-SPONS ADR,Consumer Cyclicals,70,25.827285714,-1807.91,-1807.91,-70,24.805,1736.35,1736.35
Trade Summary,Data,Stocks,United States Dollar,HYT,BLACKROCK CORP HI YLD,Broad,1200,9.85,-11820,-11820,-1200,8.542,10250.4,10250.4
Trade Summary,Data,Stocks,United States Dollar,ING,ING GROEP N.V.-SPONSORED ADR,Financials,150,9.935,-1490.25,-1490.25,-150,10.724666667,1608.7,1608.7
Trade Summary,Data,Stocks,United States Dollar,KMB,KIMBERLY-CLARK CORP,Consumer Non-Cyc,25,121.54,-3038.5,-3038.5,-25,126.6,3165,3165
Trade Summary,Data,Stocks,United States Dollar,LVS,LAS VEGAS SANDS CORP,Consumer Cyclicals,20,35.33,-706.6,-706.6,-20,38.66,773.2,773.2
Trade Summary,Data,Stocks,United States Dollar,MMM,3M CO,Consumer Non-Cyc,10,149.745,-1497.45,-1497.45,-10,147.59,1475.9,1475.9
Trade Summary,Data,Stocks,United States Dollar,NEM,NEWMONT CORP,Basic Materials,30,65.3373,-1960.119,-1960.119,-30,68.055,2041.65,2041.65
Trade Summary,Data,Stocks,United States Dollar,NKE,NIKE INC -CL B,Consumer Cyclicals,1200,80.532333333,-96638.8,-96638.8,-1200,83.7725,100527,100527
Trade Summary,Data,Stocks,United States Dollar,NU,NU HOLDINGS LTD/CAYMAN ISL-A,Financials,200,5.3475,-1069.5,-1069.5,-200,3.8835,776.7,776.7
Trade Summary,Data,Stocks,United States Dollar,PETS,PETMED EXPRESS INC,Consumer Non-Cyc,25,21.8,-545,-545,-25,21.725,543.125,543.125
Trade Summary,Data,Stocks,United States Dollar,PML,PIMCO MUNICIPAL INCOME FD II,Broad,5640,10.692494681,-60305.67,-60305.67,-5640,10.219691489,57639.06,57639.06
Trade Summary,Data,Stocks,United States Dollar,PYPL,PAYPAL HOLDINGS INC,Financials,10,158.25,-1582.5,-1582.5,-10,114.99,1149.9,1149.9
Trade Summary,Data,Stocks,United States Dollar,SAP,SAP SE-SPONSORED ADR,Technology,20,100.165,-2003.3,-2003.3,-20,98.93,1978.6,1978.6
Trade Summary,Data,Stocks,United States Dollar,SWK,STANLEY BLACK & DECKER INC,Industrials,30,129.366666667,-3881,-3881,-30,116.835,3505.05,3505.05
Trade Summary,Data,Stocks,United States Dollar,T,AT&T INC,Technology,100,24.5175,-2451.75,-2451.75,-100,23.1918,2319.18,2319.18
Trade Summary,Data,Stocks,United States Dollar,TEN,TENNECO INC-CLASS A,Consumer Cyclicals,240,10.46,-2510.4,-2510.4,-240,19.67,4720.8,4720.8
Trade Summary,Data,Stocks,United States Dollar,UL.OLD,UNILEVER PLC-SPONSORED ADR,Consumer Non-Cyc,40,45.635,-1825.4,-1825.4,-40,48.17,1926.8,1926.8
Trade Summary,Data,Stocks,United States Dollar,VLT,INVESCO HIGH INCOME TRUST II,Broad,1655,11.235268882,-18594.37,-18594.37,-1655,10.956555891,18133.1,18133.1
Trade Summary,Data,Stocks,United States Dollar,WBA,WALGREENS BOOTS ALLIANCE INC,Consumer Non-Cyc,190,42.794763158,-8131.005,-8131.005,-190,42.788947368,8129.9,8129.9
Trade Summary,Data,Stocks,United States Dollar,WDI,WESTERN ASSET DIVERS INC,Broad,590,15.22,-8979.8,-8979.8,-590,12.94,7634.6,7634.6
Trade Summary,Data,Stocks,United States Dollar,WMT,WALMART INC,Consumer Non-Cyc,10,120.55,-1205.5,-1205.5,-10,125.75,1257.5,1257.5
Trade Summary,Data,Stocks,United States Dollar,WOOF,PETCO HEALTH AND WELLNESS CO,Consumer Cyclicals,100,16.071,-1607.1,-1607.1,-100,15.9635,1596.35,1596.35
Trade Summary,Data,Stocks,United States Dollar,XP,XP INC - CLASS A,Financials,340,17.959529412,-6106.24,-6106.24,-340,19.198205882,6527.39,6527.39
Deposits And Withdrawals,MetaInfo,Analysis Period,"October 4, 2021 - January 27, 2026"
Deposits And Withdrawals,Header,Date,Type,Description,Amount
Deposits And Withdrawals,Data,10/04/21,ACATIN,"Creal 7 1/4 07/20/23 (CREAL 7 1/4 07/20/23 7AA4) Quantity: 46,000",44965
Deposits And Withdrawals,Data,10/04/21,ACATIN,"Beefbz 4 3/8 03/18/31 (BEEFBZ 4 3/8 03/18/31 PAJ2) Quantity: 45,000",43524
Deposits And Withdrawals,Data,08/18/22,WITHDRAWAL,Disbursement Initiated By Lili G Corrochano Moral ,-1650
Deposits And Withdrawals,Data,12/08/23,WITHDRAWAL,Disbursement Initiated By Lili G Corrochano Moral ,-1400
Deposits And Withdrawals,Data,01/08/24,DEPOSIT,Cash Receipts / Electronic Fund Transfers ,1228
Deposits And Withdrawals,Data,10/29/24,WITHDRAWAL,Disbursement Initiated By Lili G Corrochano Moral ,-14000
Deposits And Withdrawals,Data,12/19/24,NA,Adjustment: Commission (consolidated Audit Trail Fee Refund) ,0.06
Corporate Actions,MetaInfo,Analysis Period,"October 4, 2021 - January 27, 2026"
Corporate Actions,Header,Date,Type,Description,Quantity
Corporate Actions,Data,20240125,Rights,HIX(US95766J1025) SUBSCRIBABLE RIGHTS ISSUE  1 FOR 1,700
Corporate Actions,Data,20240125,Rights,HIX(US95766J1025) SUBSCRIBABLE RIGHTS ISSUE  1 FOR 1,2
Corporate Actions,Data,20240307,Delisting,(US95766J1280) DELISTED,-702
Corporate Actions,Data,20250926,Rights,BKT(US09247F2092) SUBSCRIBABLE RIGHTS ISSUE  1 FOR 1,1435
Corporate Actions,Data,20251030,Delisting,(US09247F1185) DELISTED,-1435
Dividends,MetaInfo,Analysis Period,"October 4, 2021 - January 27, 2026"
Dividends,Header,PayDate,Ex-Date,Symbol,Quantity,DividendPerShare,Amount
Dividends,Data,20220311,20220211,BSBR,1000,0.07,67.87
Dividends,Data,20220311,20220211,BSBR,1000,0.09,88.75
Dividends,Data,20220516,20220427,ING,100,0.43,43.14
Dividends,Data,20220525,20220513,ING,100,0.24,24.35
Dividends,Data,20220527,20220429,C,40,0.51,20.4
Dividends,Data,20220531,20220519,SAP,10,2.08,20.77
Dividends,Data,20220531,20220519,SAP,10,0.53,5.32
Dividends,Data,20220610,20220519,WBA,50,0.48,23.87
Dividends,Data,20220613,20220519,MMM,10,1.49,14.9
Dividends,Data,20220616,20220519,UL.OLD,40,0.46,18.22
Dividends,Data,20220630,20220614,BLW,700,0.10,68.67
Dividends,Data,20220630,20220621,PCY,750,0.11,85.76
Dividends,Data,20220630,20220614,BBN,1000,0.12,122.9
Dividends,Data,20220701,20220622,GDO,350,0.10,35.35
Dividends,Data,20220722,20220718,PCY,750,0.12,86.49
Dividends,Data,20220728,20220623,2828,200,0.15,29.2997
Dividends,Data,20220729,20220714,BLW,1000,0.10,98.1
Dividends,Data,20220729,20220714,GBAB,700,0.13,88.01
Dividends,Data,20220729,20220714,BBN,1000,0.12,122.9
Dividends,Data,20220801,20220708,PML,2000,0.06,118
Dividends,Data,20220801,20220721,GDO,350,0.10,35.35
Dividends,Data,20220826,20220822,PCY,750,0.12,87.74
Dividends,Data,20220831,20220812,BLW,1000,0.10,98.1
Dividends,Data,20220831,20220812,BBN,1000,0.12,122.9
Dividends,Data,20220831,20220812,GBAB,700,0.13,88.01
Dividends,Data,20220901,20220823,GDO,350,0.10,35.35
Dividends,Data,20220907,20220901,VCSH,100,0.14,13.62
Dividends,Data,20220907,20220901,VCLT,100,0.28,28.49
Dividends,Data,20220923,20220919,PCY,1000,0.09,91.83
Dividends,Data,20220930,20220914,BBN,1000,0.12,122.9
Dividends,Data,20221003,20220909,PML,1880,0.06,110.92
Dividends,Data,20221003,20220922,GDO,350,0.10,35.35
Dividends,Data,20221006,20221003,VCSH,100,0.14,14.43
Dividends,Data,20221006,20221003,VCLT,100,0.28,28.39
Dividends,Data,20221006,20221003,EDV,10,0.68,6.82
Dividends,Data,20221028,20221024,PCY,1000,0.09,92.16
Dividends,Data,20221031,20221013,BBN,1000,0.12,122.9
Dividends,Data,20221101,20221021,GDO,350,0.10,35.35
Dividends,Data,20221101,20221012,PML,1880,0.06,110.92
Dividends,Data,20221104,20221101,VCLT,100,0.29,28.72
Dividends,Data,20221104,20221101,VCSH,100,0.15,14.81
Dividends,Data,20221125,20221121,PCY,1000,0.10,101
Dividends,Data,20221130,20221114,BBN,1000,0.12,122.9
Dividends,Data,20221201,20221110,PML,2008,0.06,118.47
Dividends,Data,20221201,20221121,GDO,350,0.10,35.35
Dividends,Data,20221206,20221201,VCLT,100,0.29,29.48
Dividends,Data,20221206,20221201,VCSH,100,0.15,14.96
Dividends,Data,20221222,20221214,BBN,1000,0.10,102.9
Dividends,Data,20221223,20221219,PCY,1000,0.10,96.5
Dividends,Data,20221229,20221223,VCLT,100,0.30,30.2
Dividends,Data,20221229,20221223,EDV,10,0.69,6.91
Dividends,Data,20221229,20221223,VCSH,100,0.17,16.93
Dividends,Data,20221230,20221221,GDO,350,0.10,35.35
Dividends,Data,20230103,20221209,PML,2008,0.06,118.47
Dividends,Data,20230131,20230112,GBAB,460,0.13,57.84
Dividends,Data,20230131,20230123,QYLD,500,0.17,84.8
Dividends,Data,20230131,20230112,BBN,1000,0.10,102.9
Dividends,Data,20230201,20230112,PML,1500,0.04,59.25
Dividends,Data,20230201,20230123,GDO,700,0.10,70.7
Dividends,Data,20230206,20230201,VCLT,100,0.31,30.74
Dividends,Data,20230206,20230201,JEPI,150,0.44,66.59
Dividends,Data,20230206,20230201,VCSH,100,0.17,17.23
Dividends,Data,20230228,20230214,GBAB,460,0.13,57.84
Dividends,Data,20230228,20230214,BBN,1000,0.10,102.9
Dividends,Data,20230301,20230217,GDO,700,0.10,70.7
Dividends,Data,20230301,20230210,PML,1500,0.04,59.25
Dividends,Data,20230301,20230221,QYLD,500,0.17,83.67
Dividends,Data,20230306,20230301,JEPI,150,0.41,61.67
Dividends,Data,20230306,20230301,VCSH,100,0.16,16.39
Dividends,Data,20230306,20230301,VCLT,100,0.28,28.17
Dividends,Data,20230328,20230320,QYLD,500,0.17,84.48
Dividends,Data,20230331,20230314,GBAB,460,0.13,57.84
Dividends,Data,20230331,20230314,BBN,1000,0.10,102.9
Dividends,Data,20230403,20230310,PML,1500,0.04,59.25
Dividends,Data,20230403,20230323,GDO,700,0.10,70.7
Dividends,Data,20230406,20230403,EDV,10,0.67,6.74
Dividends,Data,20230406,20230403,JEPI,150,0.45,66.76
Dividends,Data,20230428,20230413,BLW,580,0.10,56.9
Dividends,Data,20230428,20230413,GBAB,460,0.13,57.84
Dividends,Data,20230428,20230413,BBN,1000,0.10,102.9
Dividends,Data,20230501,20230413,EAD,550,0.05,27.34
Dividends,Data,20230501,20230420,GDO,700,0.10,70.7
Dividends,Data,20230501,20230420,HIX,700,0.05,34.3
Dividends,Data,20230502,20230424,QYLD,500,0.17,86.51
Dividends,Data,20230502,20230424,RYLD,430,0.18,78.26
Dividends,Data,20230504,20230501,JEPI,150,0.42,63.69
Dividends,Data,20230505,20230501,SHV,80,0.40,31.8
Dividends,Data,20230511,20230503,SDIV,150,0.21,32.25
Dividends,Data,20230531,20230512,GBAB,460,0.13,57.84
Dividends,Data,20230531,20230522,RYLD,430,0.16,69.23
Dividends,Data,20230531,20230522,QYLD,500,0.17,84.1
Dividends,Data,20230531,20230512,BBN,1000,0.10,102.9
Dividends,Data,20230531,20230512,BLW,580,0.10,56.9
Dividends,Data,20230601,20230522,GDO,700,0.10,70.7
Dividends,Data,20230601,20230522,HIX,700,0.05,34.3
Dividends,Data,20230601,20230511,EAD,550,0.05,26.91
Dividends,Data,20230606,20230601,JEPI,150,0.37,54.81
Dividends,Data,20230607,20230601,SHV,80,0.48,38.54
Dividends,Data,20230613,20230605,SDIV,150,0.21,32.25
Dividends,Data,20230628,20230620,RYLD,430,0.18,78.65
Dividends,Data,20230630,20230614,BLW,580,0.10,56.9
Dividends,Data,20230630,20230614,GBAB,460,0.13,57.84
Dividends,Data,20230630,20230614,BBN,1000,0.09,92.9
Dividends,Data,20230703,20230622,GDO,700,0.10,70.7
Dividends,Data,20230703,20230612,EAD,550,0.05,26.59
Dividends,Data,20230703,20230622,HIX,700,0.05,34.3
Dividends,Data,20230707,20230703,JEPI,150,0.36,53.89
Dividends,Data,20230714,20230706,SDIV,150,0.21,32.25
Dividends,Data,20230731,20230713,BBN,1000,0.09,92.9
Dividends,Data,20230731,20230713,GBAB,460,0.13,57.84
Dividends,Data,20230731,20230713,BLW,580,0.10,56.9
Dividends,Data,20230801,20230724,RYLD,430,0.18,77.27
Dividends,Data,20230801,20230713,EAD,550,0.05,26.37
Dividends,Data,20230801,20230721,GDO,700,0.10,70.7
Dividends,Data,20230801,20230721,HIX,700,0.05,34.3
Dividends,Data,20230804,20230801,JEPI,150,0.29,43.56
Dividends,Data,20230807,20230801,TLT,50,0.28,13.76
Dividends,Data,20230811,20230803,SDIV,150,0.21,31.5
Dividends,Data,20230829,20230821,RYLD,430,0.17,74.86
Dividends,Data,20230831,20230814,GBAB,460,0.13,57.84
Dividends,Data,20230831,20230814,BLW,580,0.10,56.9
Dividends,Data,20230831,20230814,BBN,1000,0.09,92.9
Dividends,Data,20230901,20230823,HIX,700,0.05,34.3
Dividends,Data,20230901,20230823,GDO,700,0.10,70.7
Dividends,Data,20230901,20230811,EAD,550,0.05,26.27
Dividends,Data,20230907,20230901,JEPI,150,0.34,50.73
Dividends,Data,20230908,20230901,TLT,50,0.29,14.43
Dividends,Data,20230914,20230906,SDIV,150,0.21,31.5
Dividends,Data,20230926,20230918,RYLD,430,0.17,74.22
Dividends,Data,20230929,20230914,GBAB,460,0.13,57.84
Dividends,Data,20230929,20230914,BBN,1000,0.09,92.9
Dividends,Data,20230929,20230914,BLW,580,0.10,56.9
Dividends,Data,20231002,20230921,GDO,700,0.10,71.4
Dividends,Data,20231002,20230921,HIX,700,0.05,34.3
Dividends,Data,20231002,20230911,EAD,550,0.05,26.23
Dividends,Data,20231005,20231002,JEPI,150,0.36,54.5
Dividends,Data,20231006,20231002,TLT,50,0.28,14
Dividends,Data,20231013,20231004,SDIV,150,0.21,31.5
Dividends,Data,20231031,20231012,GBAB,460,0.13,57.84
Dividends,Data,20231031,20231023,RYLD,430,0.16,69.49
Dividends,Data,20231031,20231013,BLW,580,0.11,62.58
Dividends,Data,20231031,20231013,BBN,1000,0.09,92.9
Dividends,Data,20231101,20231023,GDO,700,0.10,71.4
Dividends,Data,20231101,20231023,HIX,700,0.05,34.3
Dividends,Data,20231101,20231012,EAD,550,0.05,26.09
Dividends,Data,20231106,20231101,JEPI,150,0.36,53.84
Dividends,Data,20231107,20231101,TLT,150,0.29,42.94
Dividends,Data,20231113,20231103,SDIV,150,0.21,31.5
Dividends,Data,20231129,20231120,RYLD,430,0.17,72.15
Dividends,Data,20231130,20231114,GBAB,460,0.13,57.84
Dividends,Data,20231130,20231114,BBN,1000,0.09,92.9
Dividends,Data,20231130,20231114,BLW,580,0.11,62.58
Dividends,Data,20231201,20231121,HIX,700,0.05,34.3
Dividends,Data,20231201,20231121,GDO,700,0.10,71.4
Dividends,Data,20231201,20231113,EAD,550,0.05,26.06
Dividends,Data,20231206,20231201,JEPI,150,0.39,58.54
Dividends,Data,20231207,20231201,TLT,150,0.29,43.34
Dividends,Data,20231213,20231205,SDIV,150,0.21,31.5
Dividends,Data,20231220,20231214,TLT,150,0.31,46.58
Dividends,Data,20231220,20231214,BBN,1000,0.09,92.9
Dividends,Data,20231220,20231214,BLW,580,0.11,62.58
Dividends,Data,20231229,20231214,GBAB,460,0.13,57.84
Dividends,Data,20231229,20231220,GDO,700,0.10,71.4
Dividends,Data,20231229,20231220,HIX,700,0.05,34.3
Dividends,Data,20240102,20231211,EAD,550,0.05,28.45
Dividends,Data,20240103,20231228,JEPI,150,0.43,64.17
Dividends,Data,20240108,20231228,SDIV,150,0.21,31.5
Dividends,Data,20240108,20231228,RYLD,430,0.17,71.68
Dividends,Data,20240130,20240122,RYLD,430,0.17,71.12
Dividends,Data,20240131,20240111,GBAB,460,0.13,57.84
Dividends,Data,20240131,20240111,BBN,900,0.09,83.61
Dividends,Data,20240131,20240111,BLW,580,0.11,62.58
Dividends,Data,20240201,20240112,EAD,550,0.05,28.41
Dividends,Data,20240201,20240123,GDO,700,0.10,71.4
Dividends,Data,20240201,20240123,HIX,700,0.05,34.3
Dividends,Data,20240206,20240201,JEPI,150,0.30,45.09
Dividends,Data,20240207,20240201,TLT,150,0.31,46.52
Dividends,Data,20240213,20240205,SDIV,150,0.21,31.5
Dividends,Data,20240228,20240220,RYLD,430,0.16,70.18
Dividends,Data,20240229,20240214,BBN,900,0.09,83.61
Dividends,Data,20240229,20240214,BLW,580,0.11,62.58
Dividends,Data,20240229,20240214,GBAB,460,0.13,57.84
Dividends,Data,20240301,20240212,EAD,550,0.05,28.44
Dividends,Data,20240301,20240221,GDO,700,0.10,71.4
Dividends,Data,20240301,20240221,HIX,700,0.05,34.3
Dividends,Data,20240306,20240301,JEPI,150,0.30,45.13
Dividends,Data,20240307,20240301,TLT,150,0.30,44.29
Dividends,Data,20240313,20240305,SDIV,150,0.21,31.5
Dividends,Data,20240326,20240318,RYLD,430,0.17,71.98
Dividends,Data,20240328,20240314,BLW,580,0.11,62.58
Dividends,Data,20240328,20240314,BBN,900,0.09,83.61
Dividends,Data,20240329,20240314,GBAB,460,0.13,57.84
Dividends,Data,20240401,20240311,EAD,550,0.05,28.44
Dividends,Data,20240401,20240320,GDO,700,0.10,71.4
Dividends,Data,20240401,20240320,HIX,700,0.05,34.3
Dividends,Data,20240404,20240401,JEPI,150,0.35,51.78
Dividends,Data,20240405,20240401,TLT,150,0.31,46.86
Dividends,Data,20240411,20240403,SDIV,150,0.19,28.5
Dividends,Data,20240430,20240412,GBAB,460,0.13,57.84
Dividends,Data,20240430,20240422,RYLD,430,0.16,70
Dividends,Data,20240430,20240412,BLW,580,0.11,62.58
Dividends,Data,20240430,20240412,BBN,900,0.09,83.61
Dividends,Data,20240501,20240422,GDO,700,0.10,71.4
Dividends,Data,20240501,20240422,HIX,700,0.05,34.3
Dividends,Data,20240501,20240411,EAD,550,0.05,28.46
Dividends,Data,20240506,20240501,JEPI,150,0.33,48.91
Dividends,Data,20240507,20240501,TLT,150,0.31,46.16
Dividends,Data,20240513,20240503,SDIV,150,0.19,28.5
Dividends,Data,20240529,20240520,RYLD,430,0.17,71.12
Dividends,Data,20240531,20240514,BBN,900,0.09,83.61
Dividends,Data,20240531,20240514,BKT,800,0.09,70.56
Dividends,Data,20240531,20240514,GBAB,460,0.13,57.84
Dividends,Data,20240531,20240514,BLW,580,0.11,62.58
Dividends,Data,20240603,20240522,HIX,700,0.05,34.3
Dividends,Data,20240603,20240522,GDO,700,0.10,71.4
Dividends,Data,20240603,20240510,EAD,550,0.05,28.56
Dividends,Data,20240605,20240603,JEPI,150,0.36,54.04
Dividends,Data,20240607,20240603,TLT,150,0.31,46.24
Dividends,Data,20240612,20240605,SDIV,150,0.19,28.5
Dividends,Data,20240628,20240614,GBAB,460,0.13,57.84
Dividends,Data,20240628,20240614,BBN,900,0.09,83.61
Dividends,Data,20240628,20240614,BKT,800,0.09,70.56
Dividends,Data,20240628,20240614,BLW,580,0.11,62.58
Dividends,Data,20240701,20240621,HIX,700,0.05,34.3
Dividends,Data,20240701,20240613,EAD,550,0.05,28.58
Dividends,Data,20240701,20240624,RYLD,430,0.16,69.14
Dividends,Data,20240701,20240621,GDO,700,0.12,85.4
Dividends,Data,20240703,20240701,JEPI,150,0.33,49.52
Dividends,Data,20240705,20240701,TLT,150,0.29,43.67
Dividends,Data,20240711,20240703,SDIV,150,0.19,28.5
Dividends,Data,20240729,20240722,RYLD,430,0.16,69.02
Dividends,Data,20240731,20240715,GBAB,460,0.13,57.84
Dividends,Data,20240731,20240715,BBN,900,0.09,83.61
Dividends,Data,20240731,20240715,BLW,580,0.11,65.66
Dividends,Data,20240731,20240715,BKT,800,0.09,70.56
Dividends,Data,20240801,20240711,EAD,550,0.05,28.66
Dividends,Data,20240801,20240724,GDO,700,0.12,85.4
Dividends,Data,20240801,20240724,HIX,700,0.05,34.3
Dividends,Data,20240805,20240801,JEPI,150,0.29,43.42
Dividends,Data,20240806,20240801,TLT,150,0.31,47.23
Dividends,Data,20240812,20240805,SDIV,150,0.19,28.5
Dividends,Data,20240826,20240819,RYLD,430,0.16,69.14
Dividends,Data,20240830,20240815,BBN,900,0.09,83.61
Dividends,Data,20240830,20240815,GBAB,460,0.13,57.84
Dividends,Data,20240830,20240815,BKT,800,0.09,70.56
Dividends,Data,20240830,20240815,BLW,580,0.11,65.66
Dividends,Data,20240903,20240812,EAD,550,0.05,28.72
Dividends,Data,20240903,20240823,GDO,700,0.12,85.4
Dividends,Data,20240903,20240823,HIX,700,0.05,34.3
Dividends,Data,20241129,20241115,AVK,840,0.12,98.45
Dividends,Data,20241129,20241113,DSL,745,0.11,81.95
Dividends,Data,20241129,20241115,VLT,830,0.10,80.01
Dividends,Data,20241129,20241115,GBAB,570,0.13,71.67
Dividends,Data,20241202,20241121,GDO,790,0.12,96.38
Dividends,Data,20241206,20241202,JAAA,650,0.28,182.64
Dividends,Data,20241230,20241223,JAAA,650,0.01,4.21
Dividends,Data,20241230,20241223,JAAA,650,0.26,165.99
Dividends,Data,20241231,20241223,GDO,790,0.12,96.38
Dividends,Data,20241231,20241217,VLT,830,0.10,80.01
Dividends,Data,20241231,20241213,AVK,840,0.12,98.45
Dividends,Data,20241231,20241218,DSL,745,0.11,81.95
Dividends,Data,20241231,20241213,GBAB,570,0.13,71.67
Dividends,Data,20250131,20250115,AVK,840,0.12,98.45
Dividends,Data,20250131,20250115,DSL,730,0.11,80.3
Dividends,Data,20250131,20250117,VLT,825,0.10,79.53
Dividends,Data,20250131,20250115,GBAB,570,0.13,71.67
Dividends,Data,20250203,20250124,DMO,740,0.13,96.2
Dividends,Data,20250207,20250203,JAAA,650,0.21,133.82
Dividends,Data,20250228,20250214,HYT,1200,0.08,93.48
Dividends,Data,20250228,20250214,GBAB,570,0.13,71.67
Dividends,Data,20250228,20250214,AVK,840,0.12,98.45
Dividends,Data,20250228,20250219,DSL,800,0.11,88
Dividends,Data,20250228,20250218,VLT,825,0.10,79.53
Dividends,Data,20250228,20250214,BCAT,700,0.29,201.75
Dividends,Data,20250303,20250221,DMO,740,0.13,96.2
Dividends,Data,20250303,20250221,WDI,590,0.15,87.62
Dividends,Data,20250303,20250224,RYLD,650,0.16,105.75
Dividends,Data,20250331,20250314,HYT,1200,0.08,93.48
Dividends,Data,20250331,20250314,GBAB,570,0.13,71.67
Dividends,Data,20250331,20250314,AVK,840,0.12,98.45
Dividends,Data,20250331,20250314,BCAT,700,0.29,201.06
Dividends,Data,20250331,20250324,RYLD,650,0.15,99.91
Dividends,Data,20250331,20250319,DSL,800,0.11,88
Dividends,Data,20250401,20250324,DMO,740,0.13,96.2
Dividends,Data,20250401,20250324,WDI,590,0.15,87.62
Dividends,Data,20250428,20250421,RYLD,650,0.14,93.01
Dividends,Data,20250428,20250421,QYLD,1000,0.16,159.8
Dividends,Data,20250428,20250421,XYLD,1000,0.38,377.4
Dividends,Data,20250430,20250415,BCAT,700,0.28,199.32
Dividends,Data,20250501,20250415,BCAT,700,-0.28,-199.32
Dividends,Data,20250501,20250415,BCAT,700,0.28,199.33
Dividends,Data,20250527,20250519,XYLD,1000,0.39,389.3
Dividends,Data,20250527,20250519,QYLD,1000,0.17,165
Dividends,Data,20250527,20250519,RYLD,650,0.15,96.26
Dividends,Data,20250530,20250515,BCAT,700,0.28,196.92
Dividends,Data,20250630,20250613,BCAT,700,0.28,194.74
Dividends,Data,20250630,20250623,XYLD,1000,0.39,387.2
Dividends,Data,20250630,20250623,RYLD,650,0.15,96.53
Dividends,Data,20250630,20250623,QYLD,1000,0.17,165.7
Dividends,Data,20250708,20250702,TLTW,1670,0.31,523.85
Dividends,Data,20250728,20250721,RYLD,650,0.15,97.37
Dividends,Data,20250731,20250715,BCAT,700,0.28,192.84
Dividends,Data,20250731,20250715,BKT,1435,0.09,126.57
Dividends,Data,20250807,20250804,TLTW,1670,0.23,385.92
Dividends,Data,20250825,20250818,RYLD,650,0.15,97.89
Dividends,Data,20250829,20250815,BKT,1435,0.09,126.57
Dividends,Data,20250829,20250815,BCAT,700,0.27,190.65
Dividends,Data,20250908,20250903,TLTW,1670,0.22,364.59
Dividends,Data,20250929,20250922,RYLD,650,0.15,98.61
Dividends,Data,20250930,20250915,BKT,1435,0.09,126.57
Dividends,Data,20250930,20250915,BCAT,700,0.27,188.94
Dividends,Data,20251007,20251002,TLTW,1670,0.14,241.35
Dividends,Data,20251027,20251020,RYLD,650,0.15,99.13
Dividends,Data,20251031,20251015,BKT,1435,0.09,126.57
Dividends,Data,20251031,20251015,BCAT,700,0.27,187.26
Dividends,Data,20251106,20251103,TLT,490,0.33,159.31
Dividends,Data,20251128,20251114,BCAT,700,0.26,185.45
Dividends,Data,20251128,20251114,BKT,1435,0.09,126.57
Dividends,Data,20251202,20251124,RYLD,650,0.15,98.67
Dividends,Data,20251204,20251201,TLT,490,0.32,157.12
Dividends,Data,20251224,20251219,TLT,490,0.34,167.79
Dividends,Data,20251230,20251222,RYLD,650,0.16,100.82
Dividends,Data,20251231,20251222,BKT,1435,0.09,126.57
Dividends,Data,20251231,20251222,BCAT,700,0.26,183.42
Dividends,Data,20260123,20260120,RYLD,650,0.16,102.25
Interest Details,MetaInfo,Analysis Period,"October 4, 2021 - January 27, 2026"
Interest Details,Header,Date,Description,Amount
Interest Details,Data,20211015,Accrued Interest Received BEEFBZ 4 3/8 03/18/31,169.53
Interest Details,Data,20211015,Accrued Interest Received CREAL 7 1/4 07/20/23,824.49
Interest Details,Data,20220303,HKD Debit Interest Paid for February 2022,-3.2228086
Interest Details,Data,20220603,USD Credit Interest Received for May 2022,10.56
Interest Details,Data,20220706,USD Credit Interest Received for June 2022,10.14
Interest Details,Data,20220803,USD Credit Interest Received for July 2022,1.2
Interest Details,Data,20220803,USD Debit Interest Paid for July 2022,-0.3
Interest Details,Data,20220906,USD Credit Interest Received for August 2022,5.07
Interest Details,Data,20220906,USD Debit Interest Paid for August 2022,-0.56
Interest Details,Data,20221205,USD Debit Interest Paid for November 2022,-0.07
Interest Details,Data,20230105,USD Credit Interest Received for December 2022,7.4
Interest Details,Data,20230203,USD Credit Interest Received for January 2023,16.07
Interest Details,Data,20230405,USD Credit Interest Received for March 2023,36.99
Interest Details,Data,20230503,USD Credit Interest Received for April 2023,22.82
Interest Details,Data,20230706,USD Credit Interest Received for June 2023,2.07
Interest Details,Data,20230803,USD Credit Interest Received for July 2023,22.31
Interest Details,Data,20241105,USD Debit Interest Paid for October 2024,-7.11
Interest Details,Data,20241204,USD Debit Interest Paid for November 2024,-7.17
Notes and Disclosure,Header,Type,Note
Notes and Disclosure,Data,General,"1. The Net Asset Value (NAV) consists of all positions by financial instrument (stock, securities options, warrants, bonds, cash, etc.). All non-base currency amounts are converted to the base currency at the close of period rate."
Notes and Disclosure,Data,General,2. The gain or loss from future contracts settle into cash each night. The notional value is used when computing the contribution to return.
Notes and Disclosure,Data,General,"3. Dividend accruals, interest accruals, and insured deposits are included in cash amounts throughout the report."
Notes and Disclosure,Data,General,4. Price valuations are obtained from outside parties. Clearing Broker shall have no responsibility for the accuracy or timeliness of any such price valuation.
Notes and Disclosure,Data,General,5. Data from Thomson Reuters Business Classifications and Lipper Global is used to derive our sector classifications. Funds with assorted sector allocations are classified as Broad.
Notes and Disclosure,Data,General,"6. Amounts are formatted to two decimal places. If amounts are greater than two decimal places, Clearing Broker uses "half-even" rounding. This means that Clearing Broker rounds such amounts up to the nearest even number."
Notes and Disclosure,Data,General,"7. For accounts opened and funded before 2009, reports with a time period of Since Inception will only include data going back to January 1, 2009. This includes some default reports and both Historical Performance reports."
Notes and Disclosure,Data,General,"8. If you have elected to trade cryptocurrency/digital asset products at Crypto Provider through the Clearing Broker platform, for your convenience your positions in your linked account at Crypto Provider are reflected in PortfolioAnalyst in connection with your Clearing Broker account."
Notes and Disclosure,Data,Section,1. Account Overview: The deposit/withdrawal amount displayed includes internal transfers along with cash and position transfers.
Notes and Disclosure,Data,Section,2. Projected Income: The Estimated Annual Income and Estimated Remaining Income in the Projected Income report assume dividend and bond payments remain constant throughout the year. These positions and interest rates are based on the previous business day.
Notes and Disclosure,Data,Section,"3. Risk Measures: Historical US 3 Month Treasury Bill rates are used as the risk free rates when calculating Alpha, the Sharpe ratio, the Sortino ratio, and the downside deviation."
Notes and Disclosure,Data,Disclosure,"This portfolio report was generated using Clearing Broker's PortfolioAnalyst tool, which allows Clearing Broker clients to generate analyses of their accounts using market data provided by third parties along with trade and account data contained in Clearing Broker's systems. This report is for information purposes only and is provided AS IS. Clearing Broker makes no warranty of any kind, express or implied, as to this report and its contents. The data provided for use in the PortfolioAnalyst tool is believed to be accurate, but completeness and accuracy of the information is not guaranteed, and Clearing Broker has no liability with respect thereto. The data regarding accounts held outside of Clearing Broker is obtained either directly from your input or from the financial institutions holding those accounts through a third-party service provider and Clearing Broker has NOT reviewed its accuracy.

The material in this report is intended only as a reference and should not be relied upon for the maintenance of your books and records for tax, accounting, financial, or regulatory reporting or for any other purposes. This report is not an offer or a solicitation of an offer to buy or sell any security. This material does not, and is not intended to, take into account the particular financial conditions, investment objectives, or requirements of individual customers. Before acting on any material within this report, you should consider whether it is suitable for your particular circumstances and as necessary, seek professional advice."
