Introduction,Header,Name,Account,Alias,BaseCurrency,AccountType,AnalysisPeriod,PerformanceMeasure
Introduction,Data,Lucila D Garcia de Rivera,U10725564,,USD,Individual (Broker Client),"June 6, 2022 to January 27, 2026 (Daily)",TWR
Key Statistics,MetaInfo,Analysis Period,"June 6, 2022 - January 27, 2026"
Key Statistics,Header,BeginningNAV,EndingNAV,CumulativeReturn,5DayReturn,5DayReturnDateRange,10DayReturn,10DayReturnDateRange,BestReturn,BestReturnDate,WorstReturn,WorstReturnDate,MTM,Deposits & Withdrawals,Dividends,Interest,Fees & Commissions,Other,ChangeInNAV
Key Statistics,Data,0,74894.777819,67.312341923,0.863007743,20260121 - 20260127,-0.712076055,20260114 - 20260127,14.479719368,20250627,-5.722082961,20241106,35346.882684999,29343.22,22164.74,844.51,-9344.241238,-3460.333627999,74894.777819
Historical Performance,MetaInfo,Analysis Period,"June 6, 2022 - January 27, 2026"
Historical Performance,Header,Account,MTD,QTD,YTD,1 Year,3 Year,Since Inception
Historical Performance,Data,U10725564,1.943018563,1.943018563,1.943018563,66.609108871,59.911450772,67.312342141
Historical Performance,Header,Month,Account,AccountReturn
Historical Performance,Data,202501,U10725564,-0.561680759
Historical Performance,Data,202502,U10725564,11.660095897
Historical Performance,Data,202503,U10725564,-2.916135026
Historical Performance,Data,202504,U10725564,1.392569384
Historical Performance,Data,202505,U10725564,4.249589349
Historical Performance,Data,202506,U10725564,18.184453482
Historical Performance,Data,202507,U10725564,-2.772742992
Historical Performance,Data,202508,U10725564,0.985668777
Historical Performance,Data,202509,U10725564,4.745087945
Historical Performance,Data,202510,U10725564,13.450941027
Historical Performance,Data,202511,U10725564,1.200209304
Historical Performance,Data,202512,U10725564,1.312529553
Historical Performance,Data,202401,U10725564,-2.419106088
Historical Performance,Data,202402,U10725564,-0.498572554
Historical Performance,Data,202403,U10725564,3.829111295
Historical Performance,Data,202404,U10725564,4.299469769
Historical Performance,Data,202405,U10725564,4.907503165
Historical Performance,Data,202406,U10725564,-2.182164135
Historical Performance,Data,202407,U10725564,8.161121411
Historical Performance,Data,202408,U10725564,-1.002574926
Historical Performance,Data,202409,U10725564,4.753730249
Historical Performance,Data,202410,U10725564,-4.801484893
Historical Performance,Data,202411,U10725564,-0.393399271
Historical Performance,Data,202412,U10725564,-19.061976368
Historical Performance,Data,202301,U10725564,5.846978856
Historical Performance,Data,202302,U10725564,-2.610995331
Historical Performance,Data,202303,U10725564,2.974498528
Historical Performance,Data,202304,U10725564,1.261563729
Historical Performance,Data,202305,U10725564,-2.171037043
Historical Performance,Data,202306,U10725564,3.031264634
Historical Performance,Data,202307,U10725564,0.901434784
Historical Performance,Data,202308,U10725564,-3.645526681
Historical Performance,Data,202309,U10725564,-7.198003888
Historical Performance,Data,202310,U10725564,-5.188409544
Historical Performance,Data,202311,U10725564,11.460344477
Historical Performance,Data,202312,U10725564,7.198651462
Historical Performance,Data,202201,U10725564,-
Historical Performance,Data,202202,U10725564,-
Historical Performance,Data,202203,U10725564,-
Historical Performance,Data,202204,U10725564,-
Historical Performance,Data,202205,U10725564,-
Historical Performance,Data,202206,U10725564,-
Historical Performance,Data,202207,U10725564,4.126455693
Historical Performance,Data,202208,U10725564,-2.592107773
Historical Performance,Data,202209,U10725564,-5.821650933
Historical Performance,Data,202210,U10725564,1.648583802
Historical Performance,Data,202211,U10725564,7.700582641
Historical Performance,Data,202212,U10725564,-2.14136614
Historical Performance,Header,Quarter,Account,AccountReturn
Historical Performance,Data,2025 Q1,U10725564,7.795052675
Historical Performance,Data,2025 Q2,U10725564,24.922547708
Historical Performance,Data,2025 Q3,U10725564,2.84458859
Historical Performance,Data,2025 Q4,U10725564,16.319538948
Historical Performance,Data,2024 Q1,U10725564,0.812234319
Historical Performance,Data,2024 Q2,U10725564,7.03028986
Historical Performance,Data,2024 Q3,U10725564,12.166863799
Historical Performance,Data,2024 Q4,U10725564,-23.251324551
Historical Performance,Data,2023 Q1,U10725564,6.149530992
Historical Performance,Data,2023 Q2,U10725564,2.066003528
Historical Performance,Data,2023 Q3,U10725564,-9.775072578
Historical Performance,Data,2023 Q4,U10725564,13.284667651
Historical Performance,Data,2022 Q1,U10725564,-
Historical Performance,Data,2022 Q2,U10725564,-
Historical Performance,Data,2022 Q3,U10725564,-4.477362607
Historical Performance,Data,2022 Q4,U10725564,7.1318325
Historical Performance,Header,Year,Account,AccountReturn
Historical Performance,Data,YTD,U10725564,1.943018563
Historical Performance,Data,2025,U10725564,61.09192795
Historical Performance,Data,2024,U10725564,-7.112899186
Historical Performance,Data,2023,U10725564,10.738048514
Open Position Summary,MetaInfo,As Of,"January 27, 2026"
Open Position Summary,Header,Date,FinancialInstrument,Currency,Symbol,Description,Sector,Quantity,ClosePrice,Value,Cost Basis,UnrealizedP&L,FXRateToBase
Open Position Summary,Data,01/27/2026,ETFs,USD,TLTW,ISHARES 20+ BOND BUYWRITE,Broad,2000,22.89,45780,45612.584344,167.415656,1
Open Position Summary,Data,Total,ETFs,USD,,,,,,45780,45612.584344,167.415656
Open Position Summary,Data,01/27/2026,Options,USD,NKE   280121C00070000,NKE 21JAN28 70 C,Consumer Cyclicals,5,10.8798,5439.9,6317.24375,-877.34375,1
Open Position Summary,Data,01/27/2026,Options,USD,NVO   271217C00050000,NVO 17DEC27 50 C,Healthcare,5,21.7199,10859.95,7640.2295,3219.7205,1
Open Position Summary,Data,01/27/2026,Options,USD,NVO   271217C00075000,NVO 17DEC27 75 C,Healthcare,-5,12.0903,-6045.15,-3985.2705,-2059.8795,1
Open Position Summary,Data,Total,Options,USD,,,,,,10254.7,9972.20275,282.49725
Open Position Summary,Data,01/27/2026,Stocks,USD,QIWI,QIWI PLC-SPONSORED ADR,Industrials,1200,5.67,6804,8358.5,-1554.5,1
Open Position Summary,Data,Total,Stocks,USD,,,,,,6804,8358.5,-1554.5
Open Position Summary,Data,01/27/2026,Cash,USD,USD,United States Dollar,Cash,12056.077819,1,12056.077819, , ,1
Performance by Symbol,MetaInfo,Analysis Period,"June 6, 2022 - January 27, 2026"
Performance by Symbol,Header,Symbol,Description,FinancialInstrument,Sector,AvgWeight,Return,Contribution,Unrealized_P&L,Realized_P&L,Open
Performance by Symbol,Data,BGRN,ISHARES USD GREEN BOND ETF,ETFs,Broad,4.071364765,-2.104424509,-0.06371082,0.00,-272.40,No
Performance by Symbol,Data,BND,VANGUARD TOTAL BOND MARKET,ETFs,Broad,1.812877334,-1.196824334,0.035160227,0.00,-366.67,No
Performance by Symbol,Data,BOND,PIMCO ACTIVE BOND EXCHANGE-T,ETFs,Broad,5.8609486,-0.702699878,-0.046827798,0.00,-305.90,No
Performance by Symbol,Data,CEFD,ETRACS 150% CL END FUND ETN,ETFs,Financials,15.968377725,3.777069234,0.679348835,0.00,-610.14,No
Performance by Symbol,Data,EMB,ISHARES J.P. MORGAN USD EMERGI,ETFs,Broad,3.766337656,5.185297278,0.210722195,0.00,235.77,No
Performance by Symbol,Data,EMLC,VANECK JPM EM LOCAL CURR BND,ETFs,Broad,5.35554088,4.344758107,0.230920092,0.00,474.05,No
Performance by Symbol,Data,EWG,ISHARES MSCI GERMANY ETF,ETFs,Broad,2.211464004,7.068650537,0.209849304,0.00,429.32,No
Performance by Symbol,Data,EWZ,ISHARES MSCI BRAZIL ETF,ETFs,Broad,6.081671778,3.779885872,0.253396692,0.00,553.27,No
Performance by Symbol,Data,FXI,ISHARES CHINA LARGE-CAP ETF,ETFs,Broad,1.972189289,3.007951192,0.064399183,0.00,139.44,No
Performance by Symbol,Data,GLD,SPDR GOLD SHARES,ETFs,Basic Materials,19.175649332,26.608757649,7.142994373,0.00,"5,404.06",No
Performance by Symbol,Data,IBND,SPDR BLOOMBERG INT CORP,ETFs,Broad,1.199933337,1.660648759,0.02657931,0.00,42.52,No
Performance by Symbol,Data,IEF,ISHARES 7-10 YEAR TREASURY B,ETFs,Government,49.004125463,-2.661812806,-1.336431462,0.00,"-1,976.85",No
Performance by Symbol,Data,IEI,ISHARES 3-7 YEAR TREASURY BO,ETFs,Government,34.370180053,-2.042130994,-0.781471823,0.00,"-1,894.33",No
Performance by Symbol,Data,IGOV,ISHARES INTERNATIONAL TREASU,ETFs,Broad,2.909090668,6.27273971,0.145382581,0.00,299.65,No
Performance by Symbol,Data,JAAA,JANUS HENDERSON AAA CLO ETF,ETFs,Broad,9.347323101,-0.168890747,-0.012238523,0.00,-28.20,No
Performance by Symbol,Data,JEPI,JPMORGAN EQUITY PREMIUM INCO,ETFs,Broad,5.130842635,1.608538584,0.088657593,0.00,-107.16,No
Performance by Symbol,Data,JEPQ,JPM NASDAQ EQUITY PREMIUM,ETFs,Broad,5.239292271,12.358991418,0.660321968,0.00,"1,209.87",No
Performance by Symbol,Data,KWEB,KRANESH CSI CHINA INTERNET,ETFs,Technology,1.931256511,-2.540092201,-0.06631712,0.00,-196.99,No
Performance by Symbol,Data,LQD,ISHARES IBOXX INVESTMENT GRA,ETFs,Broad,2.170189262,1.595571326,0.160964364,0.00,-562.97,No
Performance by Symbol,Data,NUSI.OLD,NATIONWIDE NASDAQ-100 RISK-M,ETFs,Broad,1.676735705,7.261238371,0.119065544,0.00,227.23,No
Performance by Symbol,Data,PCY,INVESCO EMERGING MARKETS SOV,ETFs,Broad,9.183511796,5.175934424,0.85400756,0.00,"1,227.92",No
Performance by Symbol,Data,PFFL,ETRACS MON PAY 2XLEV PREFER,ETFs,Financials,4.276039847,1.613961238,0.075559213,0.00,-234.68,No
Performance by Symbol,Data,PICB,INVESCO INTERNATIONAL CORPOR,ETFs,Broad,1.784167963,1.978288974,0.068820737,0.00,116.28,No
Performance by Symbol,Data,QYLD,GLOBAL X NASD 100 COV CALL,ETFs,Broad,7.551777593,10.107616759,0.678978515,0.00,699.02,No
Performance by Symbol,Data,RYLD,GLOBAL X RUSSELL 2000 COV CL,ETFs,Broad,4.434942735,-2.256772703,0.098248826,0.00,-22.12,No
Performance by Symbol,Data,SDIV,GLOBAL X SUPERDIVIDEND ETF,ETFs,Broad,5.257419995,3.892991242,0.230637677,0.00,195.47,No
Performance by Symbol,Data,SHV,ISHARES SHORT TREASURY BOND,ETFs,Government,9.752742364,0.322045497,0.032107572,0.00,-51.11,No
Performance by Symbol,Data,SLV,ISHARES SILVER TRUST,ETFs,Basic Materials,1.323593574,3.159103112,0.04908099,0.00,110.09,No
Performance by Symbol,Data,TIP,ISHARES TIPS BOND ETF,ETFs,Broad,2.405581628,-2.990982524,-0.078515618,0.00,-244.80,No
Performance by Symbol,Data,TLH,ISHARES 10-20 YEAR TREASURY,ETFs,Government,47.94354421,2.200848163,0.864137291,0.00,"1,974.63",No
Performance by Symbol,Data,TLT,ISHARES 20+ YEAR TREASURY BD,ETFs,Government,8.647114261,-2.784196251,-0.313107056,0.00,"-1,829.56",No
Performance by Symbol,Data,TLTW,ISHARES 20+ BOND BUYWRITE,ETFs,Broad,35.932204145,0.139602684,0.392811032,167.42,0.00,Yes
Performance by Symbol,Data,TMF,DRX DLY 20+ YR TREAS BULL 3X,ETFs,Broad,7.512883319,-20.307395568,-3.182604735,0.00,"-9,807.05",No
Performance by Symbol,Data,TMF.OLD,DRX DLY 20+ YR TREAS BULL 3X,ETFs,Broad,8.543641215,-25.746982686,-3.31776153,0.00,40.55,No
Performance by Symbol,Data,TOTL,SS DOUBLELINE TR TACT ETF,ETFs,Broad,1.815386647,-2.115431343,-0.04225551,0.00,-176.41,No
Performance by Symbol,Data,TYD,DRX DLY 7-10 Y TREAS BULL 3X,ETFs,Broad,12.272463832,2.377478528,0.290602687,0.00,698.53,No
Performance by Symbol,Data,VCLT,VANGUARD LONG-TERM CORP BOND,ETFs,Broad,6.722213775,-5.04433696,-0.257229016,0.00,-867.47,No
Performance by Symbol,Data,VCSH,VANGUARD S/T CORP BOND ETF,ETFs,Broad,3.100452779,-1.506853365,-0.053838067,0.00,-197.64,No
Performance by Symbol,Data,VGLT,VANGUARD LONG-TERM TREASURY,ETFs,Broad,5.213086007,3.733786803,0.220056659,0.00,278.74,No
Performance by Symbol,Data,WIP,SPDR FTSE INTERNATIONAL GOVE,ETFs,Broad,2.713920287,-1.911730548,-0.014916116,0.00,-200.44,No
Performance by Symbol,Data,XLY,CONSUMER DISCRETIONARY SELT,ETFs,Consumer Cyclicals,12.399123834,0.708443976,0.087840846,0.00,204.04,No
Performance by Symbol,Data,XYLD,GLOBAL X S&P 500 COVE CALL E,ETFs,Broad,5.499873804,4.044328967,0.21192664,0.00,341.22,No
Performance by Symbol,Data,Total ETFs,,,,40.385621009,3.809072923,3.99230552,167.42,"-5,051.22",
Performance by Symbol,Data,AMZN  220617C00110000,AMZN 17JUN22 110 C,Options,Consumer Cyclicals,0.059805936,-100,-0.127159646,0.00,-282.05,No
Performance by Symbol,Data,AMZN  240119C00100000,AMZN 19JAN24 100 C,Options,Consumer Cyclicals,1.065167953,-15.14923212,-0.034337761,0.00,-43.53,No
Performance by Symbol,Data,AMZN  250117C00100000,AMZN 17JAN25 100 C,Options,Consumer Cyclicals,1.081050214,11.92659107,0.135823161,0.00,298.29,No
Performance by Symbol,Data,B     260116C00015000,B 16JAN26 15 C,Options,Basic Materials,6.290851853,9.611831623,0.645456604,0.00,401.44,No
Performance by Symbol,Data,B     270115C00015000,B 15JAN27 15 C,Options,Basic Materials,7.327253938,85.960463862,6.02373569,0.00,"2,833.65",No
Performance by Symbol,Data,B     270115C00020000,B 15JAN27 20 C,Options,Basic Materials,4.607035689,-45.665500471,-2.603956262,0.00,"-1,388.86",No
Performance by Symbol,Data,BABA  240517C00081000,BABA 17MAY24 81 C,Options,Technology,1.798619535,77.711731835,1.004982254,0.00,615.62,No
Performance by Symbol,Data,BABA  240517C00085000,BABA 17MAY24 85 C,Options,Technology,0.548750817,-31.91204825,-0.243780523,0.00,-147.94,No
Performance by Symbol,Data,BABA  240816P00079000,BABA 16AUG24 79 P,Options,Technology,0.428859663,-100,-0.577902253,0.00,-376.90,No
Performance by Symbol,Data,BABA1 250620C00080000,BABA1 20JUN25 80 C,Options,Technology,4.711295904,-13.805173883,4.852861988,0.00,"2,202.43",No
Performance by Symbol,Data,BABA1 250620C00090000,BABA1 20JUN25 90 C,Options,Technology,1.560499314,5.490391551,0.235089411,0.00,557.27,No
Performance by Symbol,Data,BABA1 260116C00100000,BABA1 16JAN26 100 C,Options,Technology,10.505627563,-30.5087957,-4.547301431,0.00,"-2,995.35",No
Performance by Symbol,Data,BABA2 260116C00100000,BABA2 16JAN26 100 C,Options,Technology,13.763583998,8.333022801,1.22337376,0.00,755.00,No
Performance by Symbol,Data,BAC   250117C00028000,BAC 17JAN25 28 C,Options,Financials,0.198605806,10.152762133,0.019188211,0.00,45.57,No
Performance by Symbol,Data,BAC   250117C00030000,BAC 17JAN25 30 C,Options,Financials,0.315925423,13.109414018,0.038549875,0.00,91.16,No
Performance by Symbol,Data,BMY   260116C00025000,BMY 16JAN26 25 C,Options,Healthcare,14.352235335,2.961436922,0.953544261,0.00,603.41,No
Performance by Symbol,Data,C     240119C00050000,C 19JAN24 50 C,Options,Financials,0.696195624,21.314404255,0.345136736,0.00,739.66,No
Performance by Symbol,Data,C     250117C00045000,C 17JAN25 45 C,Options,Financials,0.339683262,7.95470775,0.027266023,0.00,63.32,No
Performance by Symbol,Data,C     260116C00040000,C 16JAN26 40 C,Options,Financials,2.037569026,30.091798576,0.623945349,0.00,"1,268.70",No
Performance by Symbol,Data,CCL   220708C00011500,CCL 08JUL22 11.5 C,Options,Consumer Cyclicals,0.002761577,-100,-0.014155609,0.00,-30.85,No
Performance by Symbol,Data,CCL   240119C00007500,CCL 19JAN24 7.5 C,Options,Consumer Cyclicals,1.146838109,24.853987521,0.253326322,0.00,547.13,No
Performance by Symbol,Data,CNC   270115C00030000,CNC 15JAN27 30 C,Options,Healthcare,5.222479852,6.423673764,0.385202928,0.00,222.50,No
Performance by Symbol,Data,CRM   240119C00170000,CRM 19JAN24 170 C,Options,Technology,1.03887621,5.985180486,0.062996215,0.00,135.95,No
Performance by Symbol,Data,CVS   261218C00060000,CVS 18DEC26 60 C,Options,Healthcare,7.06588019,51.628414905,3.014296906,0.00,"1,841.68",No
Performance by Symbol,Data,DIS   240119C00110000,DIS 19JAN24 110 C,Options,Telecomm,0.965493916,24.515627498,0.223695422,0.00,484.59,No
Performance by Symbol,Data,EWG   250117C00023000,EWG 17JAN25 23 C,Options,Broad,0.123061516,10.490014329,0.01407527,0.00,29.40,No
Performance by Symbol,Data,EWZ   230616C00021000,EWZ 16JUN23 21 C,Options,Broad,0.279637448,5.192000161,0.015142935,0.00,33.26,No
Performance by Symbol,Data,EWZ   240119C00028000,EWZ 19JAN24 28 C,Options,Broad,0.761040855,3.003253081,0.135023453,0.00,310.33,No
Performance by Symbol,Data,EXPE  230616C00110000,EXPE 16JUN23 110 C,Options,Consumer Cyclicals,0.04014282,41.185249125,0.025057677,0.00,58.40,No
Performance by Symbol,Data,F     270115C00007850,F 15JAN27 7.85 C,Options,Consumer Cyclicals,5.114792498,12.98381439,0.65677392,0.00,405.14,No
Performance by Symbol,Data,GOLD  230120C00020000,GOLD 20JAN23 20 C,Options,Basic Materials,0.529046797,-100,-2.064385031,0.00,"-4,650.14",No
Performance by Symbol,Data,GOLD  240119C00010000,GOLD 19JAN24 10 C,Options,Basic Materials,0.611378934,3.643795947,0.022381497,0.00,48.85,No
Performance by Symbol,Data,GOLD  240119C00015000,GOLD 19JAN24 15 C,Options,Basic Materials,0.867480664,10.509193336,0.244534126,0.00,493.40,No
Performance by Symbol,Data,GOLD  240503C00016000,GOLD 03MAY24 16 C,Options,Basic Materials,1.237021844,-48.956055526,-0.631828436,0.00,-388.94,No
Performance by Symbol,Data,INTC  240119C00025000,INTC 19JAN24 25 C,Options,Technology,0.548181414,-52.414050444,-0.457625438,0.00,"-1,080.51",No
Performance by Symbol,Data,INTC  240119C00030000,INTC 19JAN24 30 C,Options,Technology,0.465785998,4.796547194,0.022640017,0.00,48.72,No
Performance by Symbol,Data,INTC  261218C00015000,INTC 18DEC26 15 C,Options,Technology,15.39249739,34.372840784,4.433344943,0.00,"2,759.02",No
Performance by Symbol,Data,INTC  261218C00025000,INTC 18DEC26 25 C,Options,Technology,8.593334254,18.745018503,1.559529037,0.00,"1,015.45",No
Performance by Symbol,Data,INTC  270115C00015000,INTC 15JAN27 15 C,Options,Technology,9.460889185,48.207870222,4.341975199,0.00,"2,117.40",No
Performance by Symbol,Data,KWEB  260116C00025000,KWEB 16JAN26 25 C,Options,Technology,7.0390227,53.37328479,3.793396739,0.00,"2,350.81",No
Performance by Symbol,Data,MSFT  220617C00260000,MSFT 17JUN22 260 C,Options,Technology,0.050786531,-100,-0.121788875,0.00,-270.63,No
Performance by Symbol,Data,NKE   260116C00080000,NKE 16JAN26 80 C,Options,Consumer Cyclicals,8.294809376,10.533140028,0.884727148,0.00,557.96,No
Performance by Symbol,Data,NKE   261218C00090000,NKE 18DEC26 90 C,Options,Consumer Cyclicals,7.081358698,11.569510125,0.810409694,0.00,516.69,No
Performance by Symbol,Data,NKE   270115C00077500,NKE 15JAN27 77.5 C,Options,Consumer Cyclicals,15.474291031,-5.638327139,10.729810456,0.00,"5,762.21",No
Performance by Symbol,Data,NKE   280121C00070000,NKE 21JAN28 70 C,Options,Consumer Cyclicals,8.143510262,-13.888078167,-1.155429505,-877.34,0.00,Yes
Performance by Symbol,Data,NVO   271217C00050000,NVO 17DEC27 50 C,Options,Healthcare,10.109489704,42.141672577,4.281226354,"3,219.72",0.00,Yes
Performance by Symbol,Data,NVO   271217C00075000,NVO 17DEC27 75 C,Options,Healthcare,-5.323151978,51.687319593,-2.790189369,"-2,059.88",0.00,Yes
Performance by Symbol,Data,PBR1  250117C00010000,PBR1 17JAN25 10 C,Options,Energy,0.188176006,12.592267492,0.027437413,0.00,62.53,No
Performance by Symbol,Data,PFE   260116C00020000,PFE 16JAN26 20 C,Options,Healthcare,0.725062001,41.038258972,0.253485708,0.00,595.89,No
Performance by Symbol,Data,QQQ   250117P00399780,QQQ 17JAN25 399.78 P,Options,Broad,1.136561966,-82.95552958,-1.994029146,0.00,"-2,332.19",No
Performance by Symbol,Data,SHOP  220701C00033250,SHOP 01JUL22 33.25 C,Options,Technology,0.061328724,38.2529941,0.023460073,0.00,50.90,No
Performance by Symbol,Data,SPY   220617P00370000,SPY 17JUN22 370 P,Options,Broad,0.206371553,0.229345306,-0.001940829,0.00,1.26,No
Performance by Symbol,Data,SPY   220622P00360000,SPY 22JUN22 360 P,Options,Broad,0.084973194,-100,-0.141922216,0.00,-301.04,No
Performance by Symbol,Data,SPY   230609P00390000,SPY 09JUN23 390 P,Options,Broad,0.081535556,-100,-0.223167521,0.00,-526.50,No
Performance by Symbol,Data,SPY   241220C00370000,SPY 20DEC24 370 C,Options,Broad,2.804602776,3.144412616,0.095504176,0.00,198.13,No
Performance by Symbol,Data,SPY   241220C00380000,SPY 20DEC24 380 C,Options,Broad,2.756973438,15.85754847,0.439185794,0.00,946.25,No
Performance by Symbol,Data,SWK   240119C00110000,SWK 19JAN24 110 C,Options,Industrials,0.480782134,8.107102752,0.044313186,0.00,109.47,No
Performance by Symbol,Data,TLT   230721C00100000,TLT 21JUL23 100 C,Options,Government,0.152758537,27.570928797,0.041532001,0.00,96.20,No
Performance by Symbol,Data,TLT   250117C00090000,TLT 17JAN25 90 C,Options,Government,1.193986196,-7.407312533,0.294384596,0.00,594.76,No
Performance by Symbol,Data,TLT   260116C00085000,TLT 16JAN26 85 C,Options,Government,17.819955829,35.036005259,5.51390009,0.00,"3,413.20",No
Performance by Symbol,Data,TLT   260116C00090000,TLT 16JAN26 90 C,Options,Government,7.682679746,15.297600997,0.709426324,0.00,448.09,No
Performance by Symbol,Data,TLT   270115C00090000,TLT 15JAN27 90 C,Options,Government,14.350652354,-41.229616075,-2.293601012,0.00,"-1,174.13",No
Performance by Symbol,Data,TLT   270115C00095000,TLT 15JAN27 95 C,Options,Government,32.840389517,6.360077976,2.423978413,0.00,"1,191.54",No
Performance by Symbol,Data,TLT   270115C00096000,TLT 15JAN27 96 C,Options,Government,21.838290353,-51.457619762,-13.614842421,0.00,"-7,937.36",No
Performance by Symbol,Data,TLT   270115C00100000,TLT 15JAN27 100 C,Options,Government,10.022788565,17.106705876,1.735692485,0.00,832.35,No
Performance by Symbol,Data,TSLA  220819P00880000,TSLA 19AUG22 880 P,Options,Consumer Cyclicals,0.256703898,6.354804675,0.016411024,0.00,38.19,No
Performance by Symbol,Data,TSLA  221104C00240000,TSLA 04NOV22 240 C,Options,Consumer Cyclicals,0.04056554,-100,-0.084914088,0.00,-180.54,No
Performance by Symbol,Data,TSLA  221104P00210000,TSLA 04NOV22 210 P,Options,Consumer Cyclicals,0.064586612,209.029829694,0.173670415,0.00,360.66,No
Performance by Symbol,Data,UBS1  240119C00002400,UBS1 19JAN24 2.4 C,Options,Financials,0.052783621,-44.633271383,-0.023577365,0.00,-55.92,No
Performance by Symbol,Data,UBS1  240119C00004900,UBS1 19JAN24 4.9 C,Options,Financials,0.57567592,22.452981523,0.13295528,0.00,293.46,No
Performance by Symbol,Data,UNH   271217C00400000,UNH 17DEC27 400 C,Options,Healthcare,4.804260951,20.78494436,1.207355786,0.00,756.89,No
Performance by Symbol,Data,UPS   270115C00090000,UPS 15JAN27 90 C,Options,Industrials,15.835910388,47.666738522,7.654874185,0.00,"5,255.03",No
Performance by Symbol,Data,USB   250117C00030000,USB 17JAN25 30 C,Options,Financials,0.527430757,17.810510901,0.090363654,0.00,214.69,No
Performance by Symbol,Data,USB   250117C00035000,USB 17JAN25 35 C,Options,Financials,0.259741385,24.561670721,0.063442228,0.00,147.44,No
Performance by Symbol,Data,UVXY  220708C00013000,UVXY 08JUL22 13 C,Options,Broad,0.049031246,48.487873094,0.023774209,0.00,51.91,No
Performance by Symbol,Data,XOM   220624P00090000,XOM 24JUN22 90 P,Options,Energy,0.053178893,184.637498601,0.119733347,0.00,254.89,No
Performance by Symbol,Data,XOM   240119P00090000,XOM 19JAN24 90 P,Options,Energy,0.471661949,31.609046948,0.141678968,0.00,316.29,No
Performance by Symbol,Data,Total Options,,,,16.194956962,511.569804079,43.321063454,282.50,"22,281.08",
Performance by Symbol,Data,AAPL,APPLE INC,Stocks,Technology,19.100872315,9.949273772,1.978961238,0.00,885.85,No
Performance by Symbol,Data,ABEV,AMBEV SA-ADR,Stocks,Consumer Non-Cyc,2.074471489,6.950070812,0.2289289,0.00,527.67,No
Performance by Symbol,Data,AMZN,AMAZON.COM INC,Stocks,Consumer Cyclicals,3.233433826,11.82008458,1.843667586,0.00,903.41,No
Performance by Symbol,Data,AVK,ADVENT CONVERT & INCOME,Stocks,Broad,22.178215607,-11.282418997,-5.179979051,0.00,"-2,777.99",No
Performance by Symbol,Data,BA,BOEING CO/THE,Stocks,Industrials,10.871267742,2.404757246,0.258617157,0.00,157.18,No
Performance by Symbol,Data,BABA,ALIBABA GROUP HOLDING-SP ADR,Stocks,Technology,0.87365826,1.335695633,0.045401894,0.00,107.00,No
Performance by Symbol,Data,BAK,BRASKEM SA-CLASS A- ADR,Stocks,Basic Materials,2.255969948,1.059723621,0.023923634,0.00,53.43,No
Performance by Symbol,Data,BAS,BASF SE,Stocks,Basic Materials,1.952136213,-3.621696135,-0.054567727,0.00,115.76,No
Performance by Symbol,Data,BBBYQ,BED BATH & BEYOND INC,Stocks,Consumer Cyclicals,0.231147447,23.271045833,0.056172045,0.00,126.48,No
Performance by Symbol,Data,BBD,BANCO BRADESCO-ADR,Stocks,Financials,1.375508639,19.038626432,0.442223236,0.00,853.54,No
Performance by Symbol,Data,BBN,BLACKROCK TAXABLE MUNI BND,Stocks,Broad,5.265687216,-6.532705707,0.215029805,0.00,-715.80,No
Performance by Symbol,Data,BBVA,BANCO BILBAO VIZCAYA-SP ADR,Stocks,Financials,1.023816198,2.179736449,0.025263409,0.00,49.38,No
Performance by Symbol,Data,BCAT,BLACKROCK CAPITAL ALLOC TR,Stocks,Broad,1.270534109,5.917401672,0.096946146,0.00,154.51,No
Performance by Symbol,Data,BHP,BHP GROUP LTD-SPON ADR,Stocks,Basic Materials,2.289874627,2.973245903,0.067916758,0.00,151.74,No
Performance by Symbol,Data,BLW,BLACKROCK LTD DURAT INC TR,Stocks,Broad,6.098239362,2.249581816,0.142555856,0.00,-59.74,No
Performance by Symbol,Data,BMY,BRISTOL-MYERS SQUIBB CO,Stocks,Healthcare,6.178859478,-1.414348149,-0.189508419,0.00,-121.88,No
Performance by Symbol,Data,BURL,BURLINGTON STORES INC,Stocks,Consumer Cyclicals,1.16379779,1.566595938,0.03539773,0.00,85.45,No
Performance by Symbol,Data,BYND,BEYOND MEAT INC,Stocks,Consumer Non-Cyc,0.266773999,-1.094937079,0.030143626,0.00,41.56,No
Performance by Symbol,Data,C,CITIGROUP INC,Stocks,Financials,1.63564255,-13.264347537,-0.310995356,0.00,-713.13,No
Performance by Symbol,Data,CCI,CROWN CASTLE INC,Stocks,Real Estate,1.37685422,3.073248684,0.042309537,0.00,98.96,No
Performance by Symbol,Data,CCL,CARNIVAL CORP,Stocks,Consumer Cyclicals,2.425707996,-15.18239301,-0.292245566,0.00,-656.01,No
Performance by Symbol,Data,CIG,CIA ENERGETICA DE-SPON ADR,Stocks,Utilities,0.425410415,34.211993048,0.343668462,0.00,773.97,No
Performance by Symbol,Data,CRM,SALESFORCE INC,Stocks,Technology,2.035661483,-9.607697965,-0.073854643,0.00,-172.32,No
Performance by Symbol,Data,CS,CREDIT SUISSE GROUP-SPON ADR,Stocks,Financials,2.355114956,-5.89546377,-0.140655148,0.00,-323.25,No
Performance by Symbol,Data,CVS,CVS HEALTH CORP,Stocks,Healthcare,2.245140256,4.730399358,0.061737139,0.00,98.98,No
Performance by Symbol,Data,DIS,WALT DISNEY CO/THE,Stocks,Telecomm,2.01272339,-17.386409182,-0.343125881,0.00,-885.98,No
Performance by Symbol,Data,DVA,DAVITA INC,Stocks,Healthcare,0.958589746,2.891426216,0.027767371,0.00,61.88,No
Performance by Symbol,Data,EAD,ALLSPRING INCOME OPPORT,Stocks,Broad,5.388968038,4.607781486,0.136102466,0.00,85.47,No
Performance by Symbol,Data,EBAY,EBAY INC,Stocks,Consumer Cyclicals,1.82558152,2.347562691,0.046994001,0.00,99.92,No
Performance by Symbol,Data,ECAT,BLACKROCK ESG CAP ALL TRM TR,Stocks,Broad,0.948054274,11.547481768,0.142798887,0.00,265.36,No
Performance by Symbol,Data,ENIC,ENEL CHILE SA-ADR,Stocks,Utilities,1.685171274,-5.920630873,-0.129531134,0.00,-112.88,No
Performance by Symbol,Data,ETSY,ETSY INC,Stocks,Consumer Cyclicals,4.755532871,6.141272281,0.288602303,0.00,177.95,No
Performance by Symbol,Data,FAX,ABRDN ASIA-PACIFIC INCOME,Stocks,Broad,16.400045421,-1.523882758,-0.027351585,0.00,-255.28,No
Performance by Symbol,Data,GBAB,GUGGENHEIM TAXABLE MUNICIPAL,Stocks,Broad,7.477548249,0.096937538,-0.456722835,0.00,426.68,No
Performance by Symbol,Data,GDO,WESTERN AST GLB CORP OPPRNTY,Stocks,Broad,5.528433415,5.217424362,0.913505845,0.00,"1,137.01",No
Performance by Symbol,Data,GHY,PGIM GLOBAL HIGH YIELD FUND,Stocks,Broad,5.015950937,3.335143625,0.165931559,0.00,304.81,No
Performance by Symbol,Data,GILD,GILEAD SCIENCES INC,Stocks,Healthcare,1.306844864,1.251079593,0.016322882,0.00,37.17,No
Performance by Symbol,Data,GOLD.OLD,BARRICK MINING CORP,Stocks,Basic Materials,5.594922069,8.448263085,3.229594863,0.00,"3,708.94",No
Performance by Symbol,Data,GOOG,ALPHABET INC-CL C,Stocks,Telecomm,1.908107255,10.382111778,0.177096899,0.00,401.03,No
Performance by Symbol,Data,GOOGL,ALPHABET INC-CL A,Stocks,Telecomm,15.703040635,7.416357627,1.204940745,0.00,540.41,No
Performance by Symbol,Data,GRFS,GRIFOLS SA-ADR,Stocks,Healthcare,3.162358403,0.73030445,0.12186536,0.00,248.45,No
Performance by Symbol,Data,HAS,HASBRO INC,Stocks,Consumer Cyclicals,1.323006934,6.151455184,0.081182703,0.00,180.02,No
Performance by Symbol,Data,HIX,WESTERN ASSET HIGH INC II,Stocks,Broad,5.999343253,-2.058218343,-0.108222689,0.00,"-1,488.44",No
Performance by Symbol,Data,HIX RT,WESTERN ASSET HIGH INCOM-W/I,Stocks,Broad,0.02993883,-100,-0.04987149,0.00,0.00,No
Performance by Symbol,Data,HMC,HONDA MOTOR CO LTD-SPONS ADR,Stocks,Consumer Cyclicals,1.679985607,7.520956001,0.128055881,0.00,314.29,No
Performance by Symbol,Data,IFS,INTERCORP FINANCIAL SERVICES,Stocks,Financials,3.322421787,7.611562117,0.32418832,0.00,645.65,No
Performance by Symbol,Data,ING,ING GROEP N.V.-SPONSORED ADR,Stocks,Financials,1.225728522,1.855217015,0.026716313,0.00,51.39,No
Performance by Symbol,Data,INTC,INTEL CORP,Stocks,Technology,4.447753752,-44.275585846,-5.34719109,0.00,"-4,082.87",No
Performance by Symbol,Data,MBT.USD,MOBILE TELESYSTEMS PUBLIC JO,Stocks,Technology,4.675130468,0,0,0.00,0.00,No
Performance by Symbol,Data,META,META PLATFORMS INC-CLASS A,Stocks,Telecomm,6.941132177,0.871910563,0.060520465,0.00,137.62,No
Performance by Symbol,Data,NEM,NEWMONT CORP,Stocks,Basic Materials,5.205211863,16.665842507,4.51681443,0.00,"3,354.37",No
Performance by Symbol,Data,NFLX,NETFLIX INC,Stocks,Telecomm,0.833750165,9.440660937,0.090975089,0.00,76.52,No
Performance by Symbol,Data,NKE,NIKE INC -CL B,Stocks,Consumer Cyclicals,8.547458041,35.708078792,5.199337447,0.00,"3,119.48",No
Performance by Symbol,Data,NU,NU HOLDINGS LTD/CAYMAN ISL-A,Stocks,Financials,1.088621337,1.243308774,0.013655271,0.00,309.20,No
Performance by Symbol,Data,ORANY,ORANGE-SPON ADR,Stocks,Technology,2.992608413,-2.504814907,0.064317395,0.00,102.60,No
Performance by Symbol,Data,PAGS,PAGSEGURO DIGITAL LTD-CL A,Stocks,Industrials,0.760699397,-12.848634339,-0.116395432,0.00,-275.41,No
Performance by Symbol,Data,PBR,PETROLEO BRASILEIRO-SPON ADR,Stocks,Energy,0.533230211,5.967270841,0.031819291,0.00,73.46,No
Performance by Symbol,Data,PFE,PFIZER INC,Stocks,Healthcare,0.805137406,-38.986439681,-0.371151292,0.00,-880.50,No
Performance by Symbol,Data,PHG,KONINKLIJKE PHILIPS NVR- NY,Stocks,Healthcare,1.624684487,-42.1893386,-0.947641668,0.00,"-2,676.95",No
Performance by Symbol,Data,PHT,PIONEER HIGH INCOME FUND,Stocks,Broad,1.645272388,-2.841037849,0.020908454,0.00,-91.90,No
Performance by Symbol,Data,PML,PIMCO MUNICIPAL INCOME FD II,Stocks,Broad,5.268581114,-18.138558502,-0.757907331,0.00,"-1,998.95",No
Performance by Symbol,Data,PYPL,PAYPAL HOLDINGS INC,Stocks,Financials,4.460782779,3.385824479,0.15492091,0.00,104.65,No
Performance by Symbol,Data,QIWI,QIWI PLC-SPONSORED ADR,Stocks,Industrials,7.351128555,0,0,"-1,554.50",0.00,Yes
Performance by Symbol,Data,RIO,RIO TINTO PLC-SPON ADR,Stocks,Basic Materials,2.574320436,3.326668433,0.085361686,0.00,190.65,No
Performance by Symbol,Data,ROKU,ROKU INC,Stocks,Consumer Cyclicals,2.770911926,2.044750517,0.056658236,0.00,128.84,No
Performance by Symbol,Data,SAP,SAP SE-SPONSORED ADR,Stocks,Technology,1.235130857,1.999370373,0.0579277,0.00,109.15,No
Performance by Symbol,Data,SBUX,STARBUCKS CORP,Stocks,Consumer Cyclicals,3.905279803,12.564199286,0.576836175,0.00,369.83,No
Performance by Symbol,Data,SCCO,SOUTHERN COPPER CORP,Stocks,Basic Materials,1.416172175,5.087773552,0.083595533,0.00,188.60,No
Performance by Symbol,Data,SPOT,SPOTIFY TECHNOLOGY SA,Stocks,Technology,1.372471087,0.809131797,0.013754666,0.00,24.93,No
Performance by Symbol,Data,SQM,QUIMICA Y MINERA CHIL-SP ADR,Stocks,Basic Materials,1.617627257,21.575547016,0.90548572,0.00,"1,391.00",No
Performance by Symbol,Data,SWK,STANLEY BLACK & DECKER INC,Stocks,Industrials,1.386456959,-27.275169314,-0.516689338,0.00,"-1,326.28",No
Performance by Symbol,Data,TDOC,TELADOC HEALTH INC,Stocks,Healthcare,1.560363679,17.217275127,0.245021142,0.00,-524.20,No
Performance by Symbol,Data,TGT,TARGET CORP,Stocks,Consumer Cyclicals,0.684643465,6.637496478,0.044657726,0.00,99.66,No
Performance by Symbol,Data,UPS,UNITED PARCEL SERVICE-CL B,Stocks,Industrials,5.928651117,2.358284883,0.138620204,0.00,55.86,No
Performance by Symbol,Data,USB,US BANCORP,Stocks,Financials,2.073815848,4.160276922,0.098322834,0.00,119.68,No
Performance by Symbol,Data,VALE,VALE SA-SP ADR,Stocks,Basic Materials,0.560954314,3.624146647,0.020223137,0.00,44.96,No
Performance by Symbol,Data,VLT,INVESCO HIGH INCOME TRUST II,Stocks,Broad,3.189347538,3.809556584,0.339194164,0.00,-39.70,No
Performance by Symbol,Data,WBA,WALGREENS BOOTS ALLIANCE INC,Stocks,Consumer Non-Cyc,1.782202214,11.534806166,0.20840882,0.00,387.35,No
Performance by Symbol,Data,WDI,WESTERN ASSET DIVERS INC,Stocks,Broad,1.118782894,-1.489451417,0.114655456,0.00,203.67,No
Performance by Symbol,Data,XP,XP INC - CLASS A,Stocks,Financials,3.056103196,11.519668502,0.343003997,0.00,848.98,No
Performance by Symbol,Data,XYZ,BLOCK INC,Stocks,Industrials,3.594654919,-3.821255255,0.191106968,0.00,384.35,No
Performance by Symbol,Data,Total Stocks,,,,36.817473154,25.132918582,10.757525862,"-1,554.50","5,517.24",
Performance by Symbol,Data,EUR,Euro,Cash,Cash,1.364231929,-100,0.183956188,,,No
Performance by Symbol,Data,USD,United States Dollar,Cash,Cash,21.688872016,165.208430786,2.965615403,,,Yes
Performance by Symbol,Data,Fees,Fees,Cash,Cash,-,-,-0.017462374,,,-
Performance by Symbol,Data,Total Cash,,,,22.047144542,96.779727253,3.137013371,,,
Performance by Symbol,Data,Total,,,,100,67.312341923,67.312341923,"-1,104.59","22,747.11",
Projected Income,MetaInfo,As Of,"January 27, 2026"
Projected Income,Header,Financial Instrument,Symbol,Description,Frequency,Quantity,Price,Value,Current Yield %,Principal,Estimated Annual Income,Estimated 2026 Remaining Income
Projected Income,Data,ETFs,TLTW,Ordinary Dividend,12,2000,22.89,45780,9.798621689,-,4485.809009198,4485.809009198
Projected Income,Data,,Total,,,,,45780,9.798621689,,4485.809009198,4485.809009198
Trade Summary,MetaInfo,Analysis Period,"June 6, 2022 - January 27, 2026"
Trade Summary,Header,Financial Instrument,Currency,Symbol,Description,Sector,Quantity Bought,Average Price Bought,Proceeds Bought,Proceeds Bought in Base,Quantity Sold,Average Price Sold,Proceeds Sold,Proceeds Sold in Base
Trade Summary,Data,ETFs,United States Dollar,BGRN,ISHARES USD GREEN BOND ETF,Broad,200,48.053992,-9610.7984,-9610.7984,-200,46.7125,9342.5,9342.5
Trade Summary,Data,ETFs,United States Dollar,BND,VANGUARD TOTAL BOND MARKET,Broad,50,75.115,-3755.75,-3755.75,-540,75.739037037,40899.08,40899.08
Trade Summary,Data,ETFs,United States Dollar,BOND,PIMCO ACTIVE BOND EXCHANGE-T,Broad,150,95.176666667,-14276.5,-14276.5,-150,93.137333333,13970.6,13970.6
Trade Summary,Data,ETFs,United States Dollar,CEFD,ETRACS 150% CL END FUND ETN,Financials,2000,19.615,-39230,-39230,-2000,19.449,38898,38898
Trade Summary,Data,ETFs,United States Dollar,EMB,ISHARES J.P. MORGAN USD EMERGI,Broad,200,85.785,-17157,-17157,-200,86.98535,17397.07,17397.07
Trade Summary,Data,ETFs,United States Dollar,EMLC,VANECK JPM EM LOCAL CURR BND,Broad,500,23.8162,-11908.1,-11908.1,-500,24.775,12387.5,12387.5
Trade Summary,Data,ETFs,United States Dollar,EWG,ISHARES MSCI GERMANY ETF,Broad,900,21.877222222,-19689.5,-19689.5,-900,22.364888889,20128.4,20128.4
Trade Summary,Data,ETFs,United States Dollar,EWZ,ISHARES MSCI BRAZIL ETF,Broad,1700,26.076764706,-44330.5,-44330.5,-1700,26.413541176,44903.02,44903.02
Trade Summary,Data,ETFs,United States Dollar,FXI,ISHARES CHINA LARGE-CAP ETF,Broad,200,23.065,-4613,-4613,-200,23.9913,4798.26,4798.26
Trade Summary,Data,ETFs,United States Dollar,GLD,SPDR GOLD SHARES,Basic Materials,250,284.7476,-71186.9,-71186.9,-250,306.9298,76732.45,76732.45
Trade Summary,Data,ETFs,United States Dollar,IBND,SPDR BLOOMBERG INT CORP,Broad,100,26.9,-2690,-2690,-100,27.346,2734.6,2734.6
Trade Summary,Data,ETFs,United States Dollar,IEF,ISHARES 7-10 YEAR TREASURY B,Government,1639,94.435169005,-154779.242,-154779.242,-1639,93.346244661,152994.495,152994.495
Trade Summary,Data,ETFs,United States Dollar,IEI,ISHARES 3-7 YEAR TREASURY BO,Government,800,115.895625,-92716.5,-92716.5,-800,113.645,90916,90916
Trade Summary,Data,ETFs,United States Dollar,IGOV,ISHARES INTERNATIONAL TREASU,Broad,300,39.37,-11811,-11811,-300,40.386366667,12115.91,12115.91
Trade Summary,Data,ETFs,United States Dollar,JAAA,JANUS HENDERSON AAA CLO ETF,Broad,100,50.675,-5067.5,-5067.5,-100,50.775,5077.5,5077.5
Trade Summary,Data,ETFs,United States Dollar,JEPI,JPMORGAN EQUITY PREMIUM INCO,Broad,280,55.047857143,-15413.4,-15413.4,-280,54.765,15334.2,15334.2
Trade Summary,Data,ETFs,United States Dollar,JEPQ,JPM NASDAQ EQUITY PREMIUM,Broad,330,43.598787879,-14387.6,-14387.6,-330,47.345636364,15624.06,15624.06
Trade Summary,Data,ETFs,United States Dollar,KWEB,KRANESH CSI CHINA INTERNET,Technology,300,26.974566667,-8092.37,-8092.37,-300,26.515,7954.5,7954.5
Trade Summary,Data,ETFs,United States Dollar,LQD,ISHARES IBOXX INVESTMENT GRA,Broad,40,110.645,-4425.8,-4425.8,-540,112.815274074,60920.248,60920.248
Trade Summary,Data,ETFs,United States Dollar,NUSI.OLD,NATIONWIDE NASDAQ-100 RISK-M,Broad,200,19.54,-3908,-3908,-200,20.8,4160,4160
Trade Summary,Data,ETFs,United States Dollar,PCY,INVESCO EMERGING MARKETS SOV,Broad,2000,18.9025,-37805,-37805,-3000,19.84989,59549.67,59549.67
Trade Summary,Data,ETFs,United States Dollar,PFFL,ETRACS MON PAY 2XLEV PREFER,Financials,1000,10.03,-10030,-10030,-1000,9.91,9910,9910
Trade Summary,Data,ETFs,United States Dollar,PICB,INVESCO INTERNATIONAL CORPOR,Broad,200,20.703,-4140.6,-4140.6,-200,21.3,4260,4260
Trade Summary,Data,ETFs,United States Dollar,QYLD,GLOBAL X NASD 100 COV CALL,Broad,1350,16.645362963,-22471.24,-22471.24,-1350,17.250774074,23288.545,23288.545
Trade Summary,Data,ETFs,United States Dollar,RYLD,GLOBAL X RUSSELL 2000 COV CL,Broad,800,18.355625,-14684.5,-14684.5,-800,18.385,14708,14708
Trade Summary,Data,ETFs,United States Dollar,SDIV,GLOBAL X SUPERDIVIDEND ETF,Broad,600,22.700833333,-13620.5,-13620.5,-600,23.111966667,13867.18,13867.18
Trade Summary,Data,ETFs,United States Dollar,SHV,ISHARES SHORT TREASURY BOND,Government,215,110.28,-23710.2,-23710.2,-215,110.164651163,23685.4,23685.4
Trade Summary,Data,ETFs,United States Dollar,SLV,ISHARES SILVER TRUST,Basic Materials,200,17.254,-3450.8,-3450.8,-200,17.82,3564,3564
Trade Summary,Data,ETFs,United States Dollar,TIP,ISHARES TIPS BOND ETF,Broad,50,115.53,-5776.5,-5776.5,-50,110.675,5533.75,5533.75
Trade Summary,Data,ETFs,United States Dollar,TLH,ISHARES 10-20 YEAR TREASURY,Government,3100,103.985622581,-322355.43,-322355.43,-3100,104.74516129,324710,324710
Trade Summary,Data,ETFs,United States Dollar,TLT,ISHARES 20+ YEAR TREASURY BD,Government,2130,99.544032864,-212028.79,-212028.79,-2025,98.812298765,200094.905,200094.905
Trade Summary,Data,ETFs,United States Dollar,TLTW,ISHARES 20+ BOND BUYWRITE,Broad,2000,22.7495624,-45499.1248,-45499.1248,0,0,0,0
Trade Summary,Data,ETFs,United States Dollar,TMF,DRX DLY 20+ YR TREAS BULL 3X,Broad,0,0,0,0,-400,50.028,20011.2,20011.2
Trade Summary,Data,ETFs,United States Dollar,TMF.OLD,DRX DLY 20+ YR TREAS BULL 3X,Broad,5500,7.428181818,-40855,-40855,-1500,7.663333333,11495,11495
Trade Summary,Data,ETFs,United States Dollar,TOTL,SS DOUBLELINE TR TACT ETF,Broad,100,42.4986,-4249.86,-4249.86,-100,40.755,4075.5,4075.5
Trade Summary,Data,ETFs,United States Dollar,TYD,DRX DLY 7-10 Y TREAS BULL 3X,Broad,2000,29.48523,-58970.46,-58970.46,-2000,29.96477785,59929.5557,59929.5557
Trade Summary,Data,ETFs,United States Dollar,VCLT,VANGUARD LONG-TERM CORP BOND,Broad,200,82.8986,-16579.72,-16579.72,-200,78.577,15715.4,15715.4
Trade Summary,Data,ETFs,United States Dollar,VCSH,VANGUARD S/T CORP BOND ETF,Broad,100,77.085,-7708.5,-7708.5,-100,75.1395,7513.95,7513.95
Trade Summary,Data,ETFs,United States Dollar,VGLT,VANGUARD LONG-TERM TREASURY,Broad,200,58.3094,-11661.88,-11661.88,-200,59.934,11986.8,11986.8
Trade Summary,Data,ETFs,United States Dollar,WIP,SPDR FTSE INTERNATIONAL GOVE,Broad,150,43.75,-6562.5,-6562.5,-150,42.1,6315,6315
Trade Summary,Data,ETFs,United States Dollar,XLY,CONSUMER DISCRETIONARY SELT,Consumer Cyclicals,200,144,-28800,-28800,-200,145.0315,29006.3,29006.3
Trade Summary,Data,ETFs,United States Dollar,XYLD,GLOBAL X S&P 500 COVE CALL E,Broad,350,40.184285714,-14064.5,-14064.5,-350,41.240285714,14434.1,14434.1
Trade Summary,Data,Forex,United States Dollar,EUR.USD,EUR.USD,Cash,4550,1.0526,-4789.33,-4789.33,-4667.231,1.07434,5014.19295254,5014.19295254
Trade Summary,Data,Options,United States Dollar,AMZN  220617C00110000,AMZN 17JUN22 110 C,Consumer Cyclicals,1,2.81,-281,-281,-1,0,0,0
Trade Summary,Data,Options,United States Dollar,AMZN  240119C00100000,AMZN 19JAN24 100 C,Consumer Cyclicals,2,18,-3600,-3600,-2,17.8,3560,3560
Trade Summary,Data,Options,United States Dollar,AMZN  250117C00100000,AMZN 17JAN25 100 C,Consumer Cyclicals,1,25,-2500,-2500,-1,28,2800,2800
Trade Summary,Data,Options,United States Dollar,B     260116C00015000,B 16JAN26 15 C,Basic Materials,10,4.15,-4150,-4150,-10,4.6,4600,4600
Trade Summary,Data,Options,United States Dollar,B     270115C00015000,B 15JAN27 15 C,Basic Materials,26,4.742307692,-12330,-12330,-26,5.881538462,15292,15292
Trade Summary,Data,Options,United States Dollar,B     270115C00020000,B 15JAN27 20 C,Basic Materials,10,3.22,-3220,-3220,-10,1.89,1890,1890
Trade Summary,Data,Options,United States Dollar,BABA  240517C00081000,BABA 17MAY24 81 C,Technology,5,1.55,-775,-775,-5,2.85,1425,1425
Trade Summary,Data,Options,United States Dollar,BABA  240517C00085000,BABA 17MAY24 85 C,Technology,3,1.5,-450,-450,-3,1.1,330,330
Trade Summary,Data,Options,United States Dollar,BABA  240816P00079000,BABA 16AUG24 79 P,Technology,2,1.82,-364,-364,-2,0,0,0
Trade Summary,Data,Options,United States Dollar,BABA1 250620C00080000,BABA1 20JUN25 80 C,Technology,18,10.144444444,-18260,-18260,-18,11.433333333,20580,20580
Trade Summary,Data,Options,United States Dollar,BABA1 250620C00090000,BABA1 20JUN25 90 C,Technology,6,8.9,-5340,-5340,-6,9.9,5940,5940
Trade Summary,Data,Options,United States Dollar,BABA1 260116C00100000,BABA1 16JAN26 100 C,Technology,12,9.8875,-11865,-11865,-12,7.45,8940,8940
Trade Summary,Data,Options,United States Dollar,BABA2 260116C00100000,BABA2 16JAN26 100 C,Technology,12,7.53,-9036,-9036,-12,8.2,9840,9840
Trade Summary,Data,Options,United States Dollar,BAC   250117C00028000,BAC 17JAN25 28 C,Financials,1,4.48,-448,-448,-1,4.95,495,495
Trade Summary,Data,Options,United States Dollar,BAC   250117C00030000,BAC 17JAN25 30 C,Financials,2,3.47,-694,-694,-2,3.94,788,788
Trade Summary,Data,Options,United States Dollar,BMY   260116C00025000,BMY 16JAN26 25 C,Healthcare,6,16.215,-9729,-9729,-6,17.3,10380,10380
Trade Summary,Data,Options,United States Dollar,C     240119C00050000,C 19JAN24 50 C,Financials,10,5.399,-5399,-5399,-10,6.15,6150,6150
Trade Summary,Data,Options,United States Dollar,C     250117C00045000,C 17JAN25 45 C,Financials,1,7.95,-795,-795,-1,8.6,860,860
Trade Summary,Data,Options,United States Dollar,C     260116C00040000,C 16JAN26 40 C,Financials,6,7,-4200,-4200,-6,9.17,5502,5502
Trade Summary,Data,Options,United States Dollar,CCL   220708C00011500,CCL 08JUL22 11.5 C,Consumer Cyclicals,1,0.3,-30,-30,-1,0,0,0
Trade Summary,Data,Options,United States Dollar,CCL   240119C00007500,CCL 19JAN24 7.5 C,Consumer Cyclicals,5,4.4,-2200,-2200,-5,5.5,2750,2750
Trade Summary,Data,Options,United States Dollar,CNC   270115C00030000,CNC 15JAN27 30 C,Healthcare,5,6.9,-3450,-3450,-5,7.4,3700,3700
Trade Summary,Data,Options,United States Dollar,CRM   240119C00170000,CRM 19JAN24 170 C,Technology,2,22.5,-4500,-4500,-2,23.2,4640,4640
Trade Summary,Data,Options,United States Dollar,CVS   261218C00060000,CVS 18DEC26 60 C,Healthcare,5,7.1,-3550,-3550,-5,10.85,5425,5425
Trade Summary,Data,Options,United States Dollar,DIS   240119C00110000,DIS 19JAN24 110 C,Telecomm,2,9.875,-1975,-1975,-2,12.315,2463,2463
Trade Summary,Data,Options,United States Dollar,EWG   250117C00023000,EWG 17JAN25 23 C,Broad,1,2.8,-280,-280,-1,3.1,310,310
Trade Summary,Data,Options,United States Dollar,EWZ   230616C00021000,EWZ 16JUN23 21 C,Broad,1,6.4,-640,-640,-1,6.75,675,675
Trade Summary,Data,Options,United States Dollar,EWZ   240119C00028000,EWZ 19JAN24 28 C,Broad,7,3.578571429,-2505,-2505,-7,4.035714286,2825,2825
Trade Summary,Data,Options,United States Dollar,EXPE  230616C00110000,EXPE 16JUN23 110 C,Consumer Cyclicals,1,1.41,-141,-141,-1,2.01,201,201
Trade Summary,Data,Options,United States Dollar,F     270115C00007850,F 15JAN27 7.85 C,Consumer Cyclicals,10,3.1,-3100,-3100,-10,3.55,3550,3550
Trade Summary,Data,Options,United States Dollar,GOLD  230120C00020000,GOLD 20JAN23 20 C,Basic Materials,40,1.2795,-5118,-5118,-40,0.125,500,500
Trade Summary,Data,Options,United States Dollar,GOLD  240119C00010000,GOLD 19JAN24 10 C,Basic Materials,2,6.7,-1340,-1340,-2,6.95,1390,1390
Trade Summary,Data,Options,United States Dollar,GOLD  240119C00015000,GOLD 19JAN24 15 C,Basic Materials,6,4.466666667,-2680,-2680,-6,5.3,3180,3180
Trade Summary,Data,Options,United States Dollar,GOLD  240503C00016000,GOLD 03MAY24 16 C,Basic Materials,10,0.77,-770,-770,-10,0.43,430,430
Trade Summary,Data,Options,United States Dollar,INTC  240119C00025000,INTC 19JAN24 25 C,Technology,2,11.125,-2225,-2225,-2,5.74,1148,1148
Trade Summary,Data,Options,United States Dollar,INTC  240119C00030000,INTC 19JAN24 30 C,Technology,1,10.15,-1015,-1015,-1,10.65,1065,1065
Trade Summary,Data,Options,United States Dollar,INTC  261218C00015000,INTC 18DEC26 15 C,Technology,10,8,-8000,-8000,-10,10.81,10810,10810
Trade Summary,Data,Options,United States Dollar,INTC  261218C00025000,INTC 18DEC26 25 C,Technology,5,10.8,-5400,-5400,-5,12.9,6450,6450
Trade Summary,Data,Options,United States Dollar,INTC  270115C00015000,INTC 15JAN27 15 C,Technology,5,8.75,-4375,-4375,-5,13.05,6525,6525
Trade Summary,Data,Options,United States Dollar,KWEB  260116C00025000,KWEB 16JAN26 25 C,Technology,10,4.38,-4380,-4380,-10,6.78,6780,6780
Trade Summary,Data,Options,United States Dollar,MSFT  220617C00260000,MSFT 17JUN22 260 C,Technology,1,2.7,-270,-270,-1,0,0,0
Trade Summary,Data,Options,United States Dollar,NKE   260116C00080000,NKE 16JAN26 80 C,Consumer Cyclicals,6,8.8,-5280,-5280,-6,9.79,5874,5874
Trade Summary,Data,Options,United States Dollar,NKE   261218C00090000,NKE 18DEC26 90 C,Consumer Cyclicals,5,8.9,-4450,-4450,-5,10,5000,5000
Trade Summary,Data,Options,United States Dollar,NKE   270115C00077500,NKE 15JAN27 77.5 C,Consumer Cyclicals,15,6.914,-10371,-10371,-15,10.8,16200,16200
Trade Summary,Data,Options,United States Dollar,NKE   280121C00070000,NKE 21JAN28 70 C,Consumer Cyclicals,5,12.6,-6300,-6300,0,0,0,0
Trade Summary,Data,Options,United States Dollar,NVO   271217C00050000,NVO 17DEC27 50 C,Healthcare,5,15.25,-7625,-7625,0,0,0,0
Trade Summary,Data,Options,United States Dollar,NVO   271217C00075000,NVO 17DEC27 75 C,Healthcare,0,0,0,0,-5,8,4000,4000
Trade Summary,Data,Options,United States Dollar,PBR1  250117C00010000,PBR1 17JAN25 10 C,Energy,2,2.475,-495,-495,-2,2.8,560,560
Trade Summary,Data,Options,United States Dollar,PFE   260116C00020000,PFE 16JAN26 20 C,Healthcare,2,7.2,-1440,-1440,-2,10.3,2060,2060
Trade Summary,Data,Options,United States Dollar,QQQ   250117P00399780,QQQ 17JAN25 399.78 P,Broad,1,28,-2800,-2800,-1,4.91,491,491
Trade Summary,Data,Options,United States Dollar,SHOP  220701C00033250,SHOP 01JUL22 33.25 C,Technology,1,1.32,-132,-132,-1,1.85,185,185
Trade Summary,Data,Options,United States Dollar,SPY   220617P00370000,SPY 17JUN22 370 P,Broad,1,5.47,-547,-547,-1,5.5,550,550
Trade Summary,Data,Options,United States Dollar,SPY   220622P00360000,SPY 22JUN22 360 P,Broad,1,3,-300,-300,-1,0,0,0
Trade Summary,Data,Options,United States Dollar,SPY   230609P00390000,SPY 09JUN23 390 P,Broad,3,1.75,-525,-525,-3,0,0,0
Trade Summary,Data,Options,United States Dollar,SPY   241220C00370000,SPY 20DEC24 370 C,Broad,1,63,-6300,-6300,-1,65,6500,6500
Trade Summary,Data,Options,United States Dollar,SPY   241220C00380000,SPY 20DEC24 380 C,Broad,2,61.9,-12380,-12380,-2,66.65,13330,13330
Trade Summary,Data,Options,United States Dollar,SWK   240119C00110000,SWK 19JAN24 110 C,Industrials,1,13.5,-1350,-1350,-1,14.6,1460,1460
Trade Summary,Data,Options,United States Dollar,TLT   230721C00100000,TLT 21JUL23 100 C,Government,2,1.68,-336,-336,-2,2.29,458,458
Trade Summary,Data,Options,United States Dollar,TLT   250117C00090000,TLT 17JAN25 90 C,Government,4,8.605,-3442,-3442,-4,10.25,4100,4100
Trade Summary,Data,Options,United States Dollar,TLT   260116C00085000,TLT 16JAN26 85 C,Government,10,9.72,-9720,-9720,-10,13.18,13180,13180
Trade Summary,Data,Options,United States Dollar,TLT   260116C00090000,TLT 16JAN26 90 C,Government,12,9.2,-11040,-11040,-12,9.631666667,11558,11558
Trade Summary,Data,Options,United States Dollar,TLT   270115C00090000,TLT 15JAN27 90 C,Government,35,5.791428571,-20270,-20270,-35,5.502857143,19260,19260
Trade Summary,Data,Options,United States Dollar,TLT   270115C00095000,TLT 15JAN27 95 C,Government,28,6.1,-17080,-17080,-28,6.564285714,18380,18380
Trade Summary,Data,Options,United States Dollar,TLT   270115C00096000,TLT 15JAN27 96 C,Government,20,9.68,-19360,-19360,-20,5.76,11520,11520
Trade Summary,Data,Options,United States Dollar,TLT   270115C00100000,TLT 15JAN27 100 C,Government,11,4.4,-4840,-4840,-11,5.2,5720,5720
Trade Summary,Data,Options,United States Dollar,TSLA  220819P00880000,TSLA 19AUG22 880 P,Consumer Cyclicals,1,6,-600,-600,-1,6.4,640,640
Trade Summary,Data,Options,United States Dollar,TSLA  221104C00240000,TSLA 04NOV22 240 C,Consumer Cyclicals,1,1.79,-179,-179,-1,0,0,0
Trade Summary,Data,Options,United States Dollar,TSLA  221104P00210000,TSLA 04NOV22 210 P,Consumer Cyclicals,1,1.71,-171,-171,-1,5.34,534,534
Trade Summary,Data,Options,United States Dollar,UBS1  240119C00002400,UBS1 19JAN24 2.4 C,Financials,1,1.25,-125,-125,-1,0.7,70,70
Trade Summary,Data,Options,United States Dollar,UBS1  240119C00004900,UBS1 19JAN24 4.9 C,Financials,10,1.3,-1300,-1300,-10,1.6,1600,1600
Trade Summary,Data,Options,United States Dollar,UNH   271217C00400000,UNH 17DEC27 400 C,Healthcare,1,36.3,-3630,-3630,-1,44.1,4410,4410
Trade Summary,Data,Options,United States Dollar,UPS   270115C00090000,UPS 15JAN27 90 C,Industrials,10,11,-11000,-11000,-10,16.3,16300,16300
Trade Summary,Data,Options,United States Dollar,USB   250117C00030000,USB 17JAN25 30 C,Financials,2,6.02,-1204,-1204,-2,7.1,1420,1420
Trade Summary,Data,Options,United States Dollar,USB   250117C00035000,USB 17JAN25 35 C,Financials,1,6,-600,-600,-1,7.48,748,748
Trade Summary,Data,Options,United States Dollar,UVXY  220708C00013000,UVXY 08JUL22 13 C,Broad,1,1.06,-106,-106,-1,1.6,160,160
Trade Summary,Data,Options,United States Dollar,XOM   220624P00090000,XOM 24JUN22 90 P,Energy,1,1.37,-137,-137,-1,3.94,394,394
Trade Summary,Data,Options,United States Dollar,XOM   240119P00090000,XOM 19JAN24 90 P,Energy,1,10,-1000,-1000,-1,13.18,1318,1318
Trade Summary,Data,Stocks,Euro,BAS,BASF SE,Basic Materials,100,45.38,-4538,-4769.438,-100,46.605,4660.5,4601.96412
Trade Summary,Data,Stocks,United States Dollar,AAPL,APPLE INC,Technology,50,177.73,-8886.5,-8886.5,-50,196.14,9807,9807
Trade Summary,Data,Stocks,United States Dollar,ABEV,AMBEV SA-ADR,Consumer Non-Cyc,2000,2.5675,-5135,-5135,-2000,2.841505,5683.01,5683.01
Trade Summary,Data,Stocks,United States Dollar,AMZN,AMAZON.COM INC,Consumer Cyclicals,100,132.94538,-13294.538,-13294.538,-100,142.387,14238.7,14238.7
Trade Summary,Data,Stocks,United States Dollar,AVK,ADVENT CONVERT & INCOME,Broad,2100,11.643380952,-24451.1,-24451.1,-2100,10.439047619,21922,21922
Trade Summary,Data,Stocks,United States Dollar,BA,BOEING CO/THE,Industrials,40,162.98,-6519.2,-6519.2,-40,167.75,6710,6710
Trade Summary,Data,Stocks,United States Dollar,BABA,ALIBABA GROUP HOLDING-SP ADR,Technology,100,73.681,-7368.1,-7368.1,-100,75.285,7528.5,7528.5
Trade Summary,Data,Stocks,United States Dollar,BAK,BRASKEM SA-CLASS A- ADR,Basic Materials,400,12.6,-5040,-5040,-400,12.744,5097.6,5097.6
Trade Summary,Data,Stocks,United States Dollar,BBBYQ,BED BATH & BEYOND INC,Consumer Cyclicals,50,10.85,-542.5,-542.5,-50,13.42,671,671
Trade Summary,Data,Stocks,United States Dollar,BBD,BANCO BRADESCO-ADR,Financials,5500,2.635272727,-14494,-14494,-5500,2.818181818,15500,15500
Trade Summary,Data,Stocks,United States Dollar,BBN,BLACKROCK TAXABLE MUNI BND,Broad,2550,18.157705882,-46302.15,-46302.15,-3550,18.444611268,65478.37,65478.37
Trade Summary,Data,Stocks,United States Dollar,BBVA,BANCO BILBAO VIZCAYA-SP ADR,Financials,500,4.525,-2262.5,-2262.5,-500,4.635,2317.5,2317.5
Trade Summary,Data,Stocks,United States Dollar,BCAT,BLACKROCK CAPITAL ALLOC TR,Broad,200,14.4825,-2896.5,-2896.5,-200,15.195,3039,3039
Trade Summary,Data,Stocks,United States Dollar,BHP,BHP GROUP LTD-SPON ADR,Basic Materials,100,51.024,-5102.4,-5102.4,-100,52.5627,5256.27,5256.27
Trade Summary,Data,Stocks,United States Dollar,BLW,BLACKROCK LTD DURAT INC TR,Broad,1100,13.226,-14548.6,-14548.6,-1100,13.230909091,14554,14554
Trade Summary,Data,Stocks,United States Dollar,BMY,BRISTOL-MYERS SQUIBB CO,Healthcare,170,42.445588235,-7215.75,-7215.75,-170,42.166176471,7168.25,7168.25
Trade Summary,Data,Stocks,United States Dollar,BURL,BURLINGTON STORES INC,Consumer Cyclicals,20,149.6275,-2992.55,-2992.55,-20,156.28,3125.6,3125.6
Trade Summary,Data,Stocks,United States Dollar,BYND,BEYOND MEAT INC,Consumer Non-Cyc,33,22.3,-735.9,-735.9,-50,24.375,1218.75,1218.75
Trade Summary,Data,Stocks,United States Dollar,C,CITIGROUP INC,Financials,270,46.081888889,-12442.11,-12442.11,-270,43.665185185,11789.6,11789.6
Trade Summary,Data,Stocks,United States Dollar,CCI,CROWN CASTLE INC,Real Estate,30,106.78,-3203.4,-3203.4,-30,111.18,3335.4,3335.4
Trade Summary,Data,Stocks,United States Dollar,CCL,CARNIVAL CORP,Consumer Cyclicals,600,10.356666667,-6214,-6214,-600,9.273666667,5564.2,5564.2
Trade Summary,Data,Stocks,United States Dollar,CIG,CIA ENERGETICA DE-SPON ADR,Utilities,8000,1.9582675,-15666.14,-15666.14,-8000,2.0651875,16521.5,16521.5
Trade Summary,Data,Stocks,United States Dollar,CRM,SALESFORCE INC,Technology,70,149.168571429,-10441.8,-10441.8,-70,146.824714286,10277.73,10277.73
Trade Summary,Data,Stocks,United States Dollar,CS,CREDIT SUISSE GROUP-SPON ADR,Financials,1000,5.478,-5478,-5478,-1000,5.165,5165,5165
Trade Summary,Data,Stocks,United States Dollar,CVS,CVS HEALTH CORP,Healthcare,70,62.991428571,-4409.4,-4409.4,-70,65.355714286,4574.9,4574.9
Trade Summary,Data,Stocks,United States Dollar,DIS,WALT DISNEY CO/THE,Telecomm,160,90.991,-14558.56,-14558.56,-210,91.768333333,19271.35,19271.35
Trade Summary,Data,Stocks,United States Dollar,DVA,DAVITA INC,Healthcare,30,71.299,-2138.97,-2138.97,-30,73.43,2202.9,2202.9
Trade Summary,Data,Stocks,United States Dollar,EAD,ALLSPRING INCOME OPPORT,Broad,2300,6.331478261,-14562.4,-14562.4,-2300,6.429043478,14786.8,14786.8
Trade Summary,Data,Stocks,United States Dollar,EBAY,EBAY INC,Consumer Cyclicals,100,42.375,-4237.5,-4237.5,-100,43.755,4375.5,4375.5
Trade Summary,Data,Stocks,United States Dollar,ECAT,BLACKROCK ESG CAP ALL TRM TR,Broad,300,13.653333333,-4096,-4096,-300,14.555,4366.5,4366.5
Trade Summary,Data,Stocks,United States Dollar,ENIC,ENEL CHILE SA-ADR,Utilities,0,0,0,0,-3000,1.397536667,4192.61,4192.61
Trade Summary,Data,Stocks,United States Dollar,ETSY,ETSY INC,Consumer Cyclicals,50,57.61,-2880.5,-2880.5,-50,61.86,3093,3093
Trade Summary,Data,Stocks,United States Dollar,FAX,ABRDN ASIA-PACIFIC INCOME,Broad,1040,15.39875,-16014.7,-16014.7,-1040,15.304711538,15916.9,15916.9
Trade Summary,Data,Stocks,United States Dollar,GBAB,GUGGENHEIM TAXABLE MUNICIPAL,Broad,4273,17.234631407,-73643.58,-73643.58,-4873,17.520849579,85379.1,85379.1
Trade Summary,Data,Stocks,United States Dollar,GDO,WESTERN AST GLB CORP OPPRNTY,Broad,3850,12.524711688,-48220.14,-48220.14,-4850,13.232585567,64178.04,64178.04
Trade Summary,Data,Stocks,United States Dollar,GHY,PGIM GLOBAL HIGH YIELD FUND,Broad,1000,11.29,-11290,-11290,-1000,11.705,11705,11705
Trade Summary,Data,Stocks,United States Dollar,GILD,GILEAD SCIENCES INC,Healthcare,50,59.408,-2970.4,-2970.4,-50,60.193,3009.65,3009.65
Trade Summary,Data,Stocks,United States Dollar,GOLD.OLD,BARRICK MINING CORP,Basic Materials,5300,15.985956604,-84725.57,-84725.57,-6300,17.437484127,109856.15,109856.15
Trade Summary,Data,Stocks,United States Dollar,GOOG,ALPHABET INC-CL C,Telecomm,70,91.738571429,-6421.7,-6421.7,-70,97.526071429,6826.825,6826.825
Trade Summary,Data,Stocks,United States Dollar,GOOGL,ALPHABET INC-CL A,Telecomm,50,145.39,-7269.5,-7269.5,-50,156.89,7844.5,7844.5
Trade Summary,Data,Stocks,United States Dollar,GRFS,GRIFOLS SA-ADR,Healthcare,2000,8.77219,-17544.38,-17544.38,-2000,8.907,17814,17814
Trade Summary,Data,Stocks,United States Dollar,HAS,HASBRO INC,Consumer Cyclicals,50,58.51,-2925.5,-2925.5,-50,62.152,3107.6,3107.6
Trade Summary,Data,Stocks,United States Dollar,HIX,WESTERN ASSET HIGH INC II,Broad,2900,4.93,-14297,-14297,-2900,4.47,12963,12963
Trade Summary,Data,Stocks,United States Dollar,HMC,HONDA MOTOR CO LTD-SPONS ADR,Consumer Cyclicals,0,0,0,0,-149,27.135,4043.115,4043.115
Trade Summary,Data,Stocks,United States Dollar,IFS,INTERCORP FINANCIAL SERVICES,Financials,500,23.238,-11619,-11619,-500,24.548,12274,12274
Trade Summary,Data,Stocks,United States Dollar,ING,ING GROEP N.V.-SPONSORED ADR,Financials,600,9.6315,-5778.9,-5778.9,-600,9.7275,5836.5,5836.5
Trade Summary,Data,Stocks,United States Dollar,INTC,INTEL CORP,Technology,990,31.554717172,-31239.17,-31239.17,-990,27.595505051,27319.55,27319.55
Trade Summary,Data,Stocks,United States Dollar,META,META PLATFORMS INC-CLASS A,Telecomm,100,157.83,-15783,-15783,-100,159.23,15923,15923
Trade Summary,Data,Stocks,United States Dollar,NEM,NEWMONT CORP,Basic Materials,1850,44.187556757,-81746.98,-81746.98,-1850,46.134772973,85349.33,85349.33
Trade Summary,Data,Stocks,United States Dollar,NFLX,NETFLIX INC,Telecomm,0,0,0,0,-10,216.13,2161.3,2161.3
Trade Summary,Data,Stocks,United States Dollar,NKE,NIKE INC -CL B,Consumer Cyclicals,560,62.091614286,-34771.304,-34771.304,-560,67.955892857,38055.3,38055.3
Trade Summary,Data,Stocks,United States Dollar,NU,NU HOLDINGS LTD/CAYMAN ISL-A,Financials,0,0,0,0,-566,4.465,2527.19,2527.19
Trade Summary,Data,Stocks,United States Dollar,ORANY,ORANGE-SPON ADR,Technology,800,10.0746875,-8059.75,-8059.75,-800,10.21455,8171.64,8171.64
Trade Summary,Data,Stocks,United States Dollar,PAGS,PAGSEGURO DIGITAL LTD-CL A,Industrials,400,9.7375,-3895,-3895,-400,9.06675,3626.7,3626.7
Trade Summary,Data,Stocks,United States Dollar,PBR,PETROLEO BRASILEIRO-SPON ADR,Energy,100,12.3,-1230,-1230,-100,13.055,1305.5,1305.5
Trade Summary,Data,Stocks,United States Dollar,PFE,PFIZER INC,Healthcare,50,43.458,-2172.9,-2172.9,-50,26.212,1310.6,1310.6
Trade Summary,Data,Stocks,United States Dollar,PHG,KONINKLIJKE PHILIPS NVR- NY,Healthcare,0,0,0,0,-200,14.62,2924,2924
Trade Summary,Data,Stocks,United States Dollar,PHT,PIONEER HIGH INCOME FUND,Broad,1000,6.9167,-6916.7,-6916.7,-1000,6.835,6835,6835
Trade Summary,Data,Stocks,United States Dollar,PML,PIMCO MUNICIPAL INCOME FD II,Broad,1600,10.264775,-16423.64,-16423.64,-1600,9.002,14403.2,14403.2
Trade Summary,Data,Stocks,United States Dollar,PYPL,PAYPAL HOLDINGS INC,Financials,50,61.47,-3073.5,-3073.5,-50,64.25,3212.5,3212.5
Trade Summary,Data,Stocks,United States Dollar,RIO,RIO TINTO PLC-SPON ADR,Basic Materials,100,57.3,-5730,-5730,-100,59.228,5922.8,5922.8
Trade Summary,Data,Stocks,United States Dollar,ROKU,ROKU INC,Consumer Cyclicals,100,63,-6300,-6300,-100,64.31,6431,6431
Trade Summary,Data,Stocks,United States Dollar,SAP,SAP SE-SPONSORED ADR,Technology,0,0,0,0,-30,103.81,3114.3,3114.3
Trade Summary,Data,Stocks,United States Dollar,SBUX,STARBUCKS CORP,Consumer Cyclicals,80,74.48375,-5958.7,-5958.7,-80,79.9509375,6396.075,6396.075
Trade Summary,Data,Stocks,United States Dollar,SCCO,SOUTHERN COPPER CORP,Basic Materials,150,48.168666667,-7225.3,-7225.3,-150,49.453933333,7418.09,7418.09
Trade Summary,Data,Stocks,United States Dollar,SPOT,SPOTIFY TECHNOLOGY SA,Technology,30,102.689666667,-3080.69,-3080.69,-30,103.59,3107.7,3107.7
Trade Summary,Data,Stocks,United States Dollar,SQM,QUIMICA Y MINERA CHIL-SP ADR,Basic Materials,500,48.288,-24144,-24144,-500,51.418,25709,25709
Trade Summary,Data,Stocks,United States Dollar,SWK,STANLEY BLACK & DECKER INC,Industrials,20,101.8173,-2036.346,-2036.346,-40,79.03,3161.2,3161.2
Trade Summary,Data,Stocks,United States Dollar,TDOC,TELADOC HEALTH INC,Healthcare,50,31.88,-1594,-1594,-150,37.005,5550.75,5550.75
Trade Summary,Data,Stocks,United States Dollar,TGT,TARGET CORP,Consumer Cyclicals,10,150.05,-1500.5,-1500.5,-10,160.22,1602.2,1602.2
Trade Summary,Data,Stocks,United States Dollar,UPS,UNITED PARCEL SERVICE-CL B,Industrials,30,127.895,-3836.85,-3836.85,-30,130.8575,3925.725,3925.725
Trade Summary,Data,Stocks,United States Dollar,USB,US BANCORP,Financials,150,36.06,-5409,-5409,-150,37.005,5550.75,5550.75
Trade Summary,Data,Stocks,United States Dollar,VALE,VALE SA-SP ADR,Basic Materials,100,12.395,-1239.5,-1239.5,-100,12.865,1286.5,1286.5
Trade Summary,Data,Stocks,United States Dollar,VLT,INVESCO HIGH INCOME TRUST II,Broad,1600,10.86125,-17378,-17378,-1600,10.75156875,17202.51,17202.51
Trade Summary,Data,Stocks,United States Dollar,WBA,WALGREENS BOOTS ALLIANCE INC,Consumer Non-Cyc,500,33.47096,-16735.48,-16735.48,-500,34.33414,17167.07,17167.07
Trade Summary,Data,Stocks,United States Dollar,WDI,WESTERN ASSET DIVERS INC,Broad,300,12.970666667,-3891.2,-3891.2,-300,13.665,4099.5,4099.5
Trade Summary,Data,Stocks,United States Dollar,XP,XP INC - CLASS A,Financials,1754,15.632681984,-27419.7242,-27419.7242,-1754,16.129423033,28291.008,28291.008
Trade Summary,Data,Stocks,United States Dollar,XYZ,BLOCK INC,Industrials,250,63.125,-15781.25,-15781.25,-250,64.684,16171,16171
Deposits And Withdrawals,MetaInfo,Analysis Period,"June 6, 2022 - January 27, 2026"
Deposits And Withdrawals,Header,Date,Type,Description,Amount
Deposits And Withdrawals,Data,06/06/22,TRNSFRIN,Walt Disney Co/the (DIS) Quantity: 50,5446
Deposits And Withdrawals,Data,06/06/22,TRNSFRIN,Honda Motor Co Ltd-spons Adr (HMC) Quantity: 149,3759.27
Deposits And Withdrawals,Data,06/06/22,TRNSFRIN,Transfer From U6121490 To U10725564 ,1.63
Deposits And Withdrawals,Data,06/06/22,TRNSFRIN,Nu Holdings Ltd/cayman Isl-a (NU) Quantity: 566,2493.23
Deposits And Withdrawals,Data,06/06/22,TRNSFRIN,Beyond Meat Inc (BYND) Quantity: 17,417.86
Deposits And Withdrawals,Data,06/06/22,TRNSFRIN,"Invesco Emerging Markets Sov (PCY) Quantity: 1,000",20255
Deposits And Withdrawals,Data,06/06/22,TRNSFRIN,"Enel Chile Sa-adr (ENIC) Quantity: 3,000",4440
Deposits And Withdrawals,Data,06/06/22,TRNSFRIN,Teladoc Health Inc (TDOC) Quantity: 100,3441.5
Deposits And Withdrawals,Data,06/06/22,TRNSFRIN,"Qiwi Plc-sponsored Adr (QIWI) Quantity: 1,200",6804
Deposits And Withdrawals,Data,06/06/22,TRNSFRIN,Guggenheim Taxable Municipal (GBAB) Quantity: 600,11280
Deposits And Withdrawals,Data,06/06/22,TRNSFRIN,"Blackrock Taxable Municipal (BBN) Quantity: 1,000",19780
Deposits And Withdrawals,Data,06/06/22,TRNSFRIN,Koninklijke Philips Nvr- Ny (PHG) Quantity: 200,5056
Deposits And Withdrawals,Data,06/06/22,TRNSFRIN,"Barrick Gold Corp (GOLD) Quantity: 1,000",20482
Deposits And Withdrawals,Data,06/06/22,TRNSFRIN,Sap Se-sponsored Adr (SAP) Quantity: 30,3052.2
Deposits And Withdrawals,Data,06/06/22,TRNSFRIN,"Mobile Telesystems Public Jo (MBT) Quantity: 1,200",6600
Deposits And Withdrawals,Data,06/06/22,TRNSFRIN,Netflix Inc (NFLX) Quantity: 10,1973.9
Deposits And Withdrawals,Data,06/06/22,TRNSFRIN,Ishares Iboxx Investment Gra (LQD) Quantity: 500,56202.5
Deposits And Withdrawals,Data,06/06/22,TRNSFRIN,Vanguard Total Bond Market (BND) Quantity: 490,37100.35
Deposits And Withdrawals,Data,06/06/22,TRNSFRIN,"Western Asset Gl Corp Def Op (GDO) Quantity: 1,000",14460
Deposits And Withdrawals,Data,06/06/22,TRNSFRIN,Stanley Black & Decker Inc (SWK) Quantity: 20,2372.8
Deposits And Withdrawals,Data,07/22/22,TRNSFRIN,Transfer From U6121490 To U10725564 ,417.05
Deposits And Withdrawals,Data,10/10/22,TRNSFROUT,Transfer From U10725564 To U6121490 ,-5
Deposits And Withdrawals,Data,07/13/23,ACATOUT,Ishares 20+ Year Treasury Bo (TLT) Quantity: -105,-10587.15
Deposits And Withdrawals,Data,03/19/24,WITHDRAWAL,Disbursement Initiated By Lucila D Garcia De Rivera ,-5100
Deposits And Withdrawals,Data,03/27/24,WITHDRAWAL,Disbursement Initiated By Lucila D Garcia De Rivera ,-170100
Deposits And Withdrawals,Data,09/10/24,WITHDRAWAL,Disbursement Initiated By Lucila D Garcia De Rivera ,-4100
Deposits And Withdrawals,Data,10/15/24,TRNSFROUT,"Mobile Telesystems Public Jo (MBT.USD) Quantity: -1,200",-6600
Deposits And Withdrawals,Data,12/18/24,NA,Adjustment: Commission (consolidated Audit Trail Fee Refund) ,0.08
Corporate Actions,MetaInfo,Analysis Period,"June 6, 2022 - January 27, 2026"
Corporate Actions,Header,Date,Type,Description,Quantity
Corporate Actions,Data,20231201,Split,TMF(US25459W5408) SPLIT 1 FOR 10,-4000
Corporate Actions,Data,20231201,Split,TMF(US25459W5408) SPLIT 1 FOR 10,400
Corporate Actions,Data,20240125,Rights,HIX(US95766J1025) SUBSCRIBABLE RIGHTS ISSUE  1 FOR 1,2900
Corporate Actions,Data,20240125,Rights,HIX(US95766J1025) SUBSCRIBABLE RIGHTS ISSUE  1 FOR 1,1
Corporate Actions,Data,20240307,Delisting,(US95766J1280) DELISTED,-2901
Dividends,MetaInfo,Analysis Period,"June 6, 2022 - January 27, 2026"
Dividends,Header,PayDate,Ex-Date,Symbol,Quantity,DividendPerShare,Amount
Dividends,Data,20220621,20220606,SWK,20,0.79,15.8
Dividends,Data,20220630,20220621,PCY,2000,0.11,228.7
Dividends,Data,20220630,20220614,GBAB,1000,0.13,125.73
Dividends,Data,20220630,20220614,BBN,1000,0.12,122.9
Dividends,Data,20220701,20220622,GDO,1000,0.10,101
Dividends,Data,20220722,20220718,PCY,2000,0.12,230.64
Dividends,Data,20220801,20220721,GDO,2000,0.10,202
Dividends,Data,20220805,20220801,EMLC,500,0.12,60.9
Dividends,Data,20220907,20220901,BND,50,0.16,7.82
Dividends,Data,20220907,20220901,VCLT,200,0.28,56.98
Dividends,Data,20220907,20220901,VCSH,100,0.14,13.62
Dividends,Data,20220907,20220901,BOND,150,0.27,40.5
Dividends,Data,20220908,20220901,BGRN,200,0.10,20.91
Dividends,Data,20220908,20220901,LQD,40,0.30,12.17
Dividends,Data,20220908,20220901,EMB,100,0.31,31.19
Dividends,Data,20220908,20220901,TIP,50,1.44,71.92
Dividends,Data,20220908,20220901,TOTL,100,0.16,15.57
Dividends,Data,20220908,20220901,WIP,100,0.34,34.28
Dividends,Data,20220920,20220902,SWK,40,0.80,32
Dividends,Data,20220922,20220907,NEM,300,0.55,165
Dividends,Data,20220923,20220919,PICB,200,0.03,6.27
Dividends,Data,20220923,20220919,PCY,500,0.09,45.91
Dividends,Data,20220930,20220914,ECAT,100,0.10,10
Dividends,Data,20220930,20220919,PHT,500,0.06,31.25
Dividends,Data,20220930,20220914,BBN,500,0.12,61.45
Dividends,Data,20220930,20220914,BCAT,100,0.10,10.41
Dividends,Data,20220930,20220914,VLT,600,0.10,57.84
Dividends,Data,20221003,20220909,PML,500,0.06,29.5
Dividends,Data,20221003,20220922,GDO,400,0.10,40.4
Dividends,Data,20221003,20220922,WDI,100,0.12,12.5
Dividends,Data,20221006,20221003,BND,50,0.16,7.81
Dividends,Data,20221006,20221003,VCSH,90,0.14,12.99
Dividends,Data,20221006,20221003,VCLT,200,0.28,56.78
Dividends,Data,20221006,20221003,BOND,145,0.27,39.15
Dividends,Data,20221007,20221003,BGRN,200,0.12,23.32
Dividends,Data,20221007,20221003,TOTL,100,0.15,15.4
Dividends,Data,20221007,20221003,IBND,100,0.01,1
Dividends,Data,20221007,20221003,WIP,150,0.25,37.15
Dividends,Data,20221007,20221003,LQD,40,0.34,13.57
Dividends,Data,20221007,20221003,TLT,40,0.24,9.76
Dividends,Data,20221007,20221003,EMB,100,0.37,37.07
Dividends,Data,20221028,20221024,PCY,500,0.09,46.08
Dividends,Data,20221028,20221024,PICB,200,0.03,6.48
Dividends,Data,20221031,20221013,BBN,500,0.12,61.45
Dividends,Data,20221031,20221017,PHT,500,0.06,31.25
Dividends,Data,20221031,20221013,ECAT,200,0.10,20
Dividends,Data,20221031,20221013,BCAT,200,0.10,20.82
Dividends,Data,20221031,20221014,VLT,600,0.10,57.84
Dividends,Data,20221101,20221021,GDO,400,0.10,40.4
Dividends,Data,20221101,20221021,WDI,100,0.12,12.5
Dividends,Data,20221101,20221012,PML,1000,0.06,59
Dividends,Data,20221104,20221101,BND,50,0.16,8.14
Dividends,Data,20221104,20221101,BOND,145,0.27,39.15
Dividends,Data,20221104,20221101,VCLT,200,0.29,57.44
Dividends,Data,20221104,20221101,VCSH,90,0.15,13.33
Dividends,Data,20221107,20221101,LQD,40,0.31,12.28
Dividends,Data,20221107,20221101,TOTL,100,0.15,15.11
Dividends,Data,20221107,20221101,WIP,150,0.23,33.97
Dividends,Data,20221107,20221101,IBND,100,0.02,1.87
Dividends,Data,20221107,20221101,TLT,40,0.24,9.43
Dividends,Data,20221107,20221101,BGRN,200,0.13,25.01
Dividends,Data,20221107,20221101,EMB,100,0.38,38.16
Dividends,Data,20221125,20221121,PCY,500,0.10,50.5
Dividends,Data,20221125,20221121,PICB,200,0.03,6.58
Dividends,Data,20221130,20221114,BCAT,200,0.10,20.82
Dividends,Data,20221130,20221115,PHT,500,0.06,28.75
Dividends,Data,20221130,20221114,VLT,600,0.10,57.84
Dividends,Data,20221130,20221114,ECAT,200,0.10,20
Dividends,Data,20221130,20221114,BBN,500,0.12,61.45
Dividends,Data,20221201,20221110,PML,1500,0.06,88.5
Dividends,Data,20221201,20221121,WDI,300,0.12,37.5
Dividends,Data,20221201,20221121,GDO,700,0.10,70.7
Dividends,Data,20221206,20221201,VCSH,90,0.15,13.46
Dividends,Data,20221206,20221201,VCLT,200,0.29,58.96
Dividends,Data,20221206,20221201,BND,50,0.16,8.23
Dividends,Data,20221206,20221201,BOND,145,0.28,40.6
Dividends,Data,20221207,20221201,TIP,50,0.13,6.54
Dividends,Data,20221207,20221201,TLT,40,0.24,9.77
Dividends,Data,20221207,20221201,LQD,40,0.34,13.76
Dividends,Data,20221207,20221201,EMB,100,0.34,33.94
Dividends,Data,20221207,20221201,BGRN,200,0.14,27.79
Dividends,Data,20221207,20221201,TOTL,100,0.16,16.29
Dividends,Data,20221207,20221201,WIP,150,0.30,45.71
Dividends,Data,20221219,20221212,PHT,500,0.06,28.75
Dividends,Data,20221220,20221130,SWK,40,0.80,32
Dividends,Data,20221221,20221215,TIP,50,0.35,17.46
Dividends,Data,20221221,20221215,LQD,40,0.33,13.26
Dividends,Data,20221221,20221215,EMB,100,0.34,33.99
Dividends,Data,20221221,20221215,BGRN,200,0.13,26.81
Dividends,Data,20221221,20221215,TLT,40,0.26,10.44
Dividends,Data,20221222,20221214,BBN,500,0.10,51.45
Dividends,Data,20221223,20221219,TOTL,100,0.28,27.99
Dividends,Data,20221223,20221219,WIP,150,0.30,45.18
Dividends,Data,20221229,20221223,VCLT,200,0.30,60.4
Dividends,Data,20221229,20221223,BND,50,0.17,8.62
Dividends,Data,20221229,20221223,VCSH,90,0.17,15.24
Dividends,Data,20221230,20221214,GBAB,400,0.13,50.29
Dividends,Data,20221230,20221214,VLT,600,0.10,57.84
Dividends,Data,20221230,20221215,BCAT,200,0.10,20.82
Dividends,Data,20230103,20221209,PML,1600,0.06,94.4
Dividends,Data,20230104,20221229,BOND,145,0.29,42.05
Dividends,Data,20230131,20230112,BBN,500,0.10,51.45
Dividends,Data,20230131,20230112,BCAT,200,0.10,20.82
Dividends,Data,20230131,20230112,ECAT,100,0.10,10
Dividends,Data,20230131,20230118,PHT,500,0.06,28.75
Dividends,Data,20230131,20230112,GBAB,400,0.13,50.29
Dividends,Data,20230131,20230113,VLT,600,0.10,57.84
Dividends,Data,20230201,20230112,PML,1600,0.04,63.2
Dividends,Data,20230206,20230201,VCLT,200,0.31,61.48
Dividends,Data,20230206,20230201,JEPI,180,0.44,79.91
Dividends,Data,20230206,20230201,BOND,145,0.28,40.6
Dividends,Data,20230206,20230201,BND,50,0.18,8.8
Dividends,Data,20230206,20230201,VCSH,90,0.17,15.51
Dividends,Data,20230207,20230201,TLT,40,0.28,11.02
Dividends,Data,20230207,20230201,TOTL,100,0.16,15.98
Dividends,Data,20230207,20230201,LQD,40,0.34,13.68
Dividends,Data,20230207,20230201,EMB,100,0.31,31.18
Dividends,Data,20230207,20230201,BGRN,200,0.13,26.07
Dividends,Data,20230207,20230201,WIP,150,0.26,39.07
Dividends,Data,20230208,20230105,BBD,3000,0.00,11.18
Dividends,Data,20230228,20230214,VLT,600,0.10,57.84
Dividends,Data,20230228,20230216,PHT,500,0.06,28.75
Dividends,Data,20230228,20230214,BBN,500,0.10,51.45
Dividends,Data,20230301,20230210,PML,1600,0.04,63.2
Dividends,Data,20230301,20230221,RYLD,300,0.20,58.74
Dividends,Data,20230301,20230221,QYLD,300,0.17,50.2
Dividends,Data,20230306,20230301,BND,50,0.16,8.21
Dividends,Data,20230306,20230301,VCSH,90,0.16,14.75
Dividends,Data,20230306,20230301,VCLT,200,0.28,56.34
Dividends,Data,20230306,20230301,JEPI,180,0.41,74.01
Dividends,Data,20230306,20230301,JEPQ,230,0.43,99.58
Dividends,Data,20230306,20230301,BOND,145,0.29,42.05
Dividends,Data,20230307,20230301,TOTL,100,0.15,15.22
Dividends,Data,20230307,20230301,EMB,100,0.38,37.88
Dividends,Data,20230307,20230301,BGRN,200,0.13,25.8
Dividends,Data,20230307,20230301,LQD,40,0.37,14.87
Dividends,Data,20230307,20230301,WIP,150,0.14,21.12
Dividends,Data,20230307,20230301,TLT,40,0.25,9.99
Dividends,Data,20230321,20230306,SWK,40,0.80,32
Dividends,Data,20230323,20230308,NEM,100,0.40,40
Dividends,Data,20230324,20230322,NUSI.OLD,200,0.13,25.35
Dividends,Data,20230328,20230320,RYLD,300,0.18,52.8
Dividends,Data,20230328,20230320,QYLD,300,0.17,50.69
Dividends,Data,20230331,20230314,VLT,600,0.10,57.84
Dividends,Data,20230331,20230314,BBN,500,0.10,51.45
Dividends,Data,20230403,20230310,PML,1600,0.04,63.2
Dividends,Data,20230403,20230323,GDO,500,0.10,50.5
Dividends,Data,20230403,20230316,PHT,500,0.06,28.75
Dividends,Data,20230406,20230403,BOND,145,0.30,43.5
Dividends,Data,20230406,20230403,JEPI,180,0.45,80.11
Dividends,Data,20230406,20230403,JEPQ,230,0.45,104.41
Dividends,Data,20230407,20230403,EMB,100,0.36,36.16
Dividends,Data,20230407,20230403,TIP,50,0.13,6.37
Dividends,Data,20230407,20230403,TLT,40,0.27,10.75
Dividends,Data,20230407,20230403,LQD,40,0.34,13.62
Dividends,Data,20230414,20230405,SDIV,500,0.23,115
Dividends,Data,20230417,20230330,USB,150,0.48,72
Dividends,Data,20230428,20230414,VLT,600,0.10,57.84
Dividends,Data,20230428,20230426,NUSI.OLD,200,0.13,25.37
Dividends,Data,20230428,20230413,GBAB,850,0.13,106.87
Dividends,Data,20230428,20230413,BBN,800,0.10,82.32
Dividends,Data,20230428,20230413,BLW,1100,0.10,107.91
Dividends,Data,20230501,20230413,EAD,2300,0.05,114.31
Dividends,Data,20230501,20230420,HIX,2900,0.05,142.1
Dividends,Data,20230501,20230420,GDO,1150,0.10,116.15
Dividends,Data,20230502,20230424,RYLD,800,0.18,145.6
Dividends,Data,20230502,20230424,XYLD,350,0.38,131.59
Dividends,Data,20230502,20230424,QYLD,850,0.17,147.06
Dividends,Data,20230504,20230501,JEPQ,330,0.48,159.74
Dividends,Data,20230504,20230501,JEPI,280,0.42,118.88
Dividends,Data,20230505,20230501,SHV,215,0.40,85.47
Dividends,Data,20230511,20230503,SDIV,600,0.21,129
Dividends,Data,20230526,20230524,NUSI.OLD,200,0.13,26.62
Dividends,Data,20230531,20230512,GBAB,850,0.13,106.87
Dividends,Data,20230531,20230522,QYLD,850,0.17,142.97
Dividends,Data,20230531,20230512,VLT,600,0.10,57.84
Dividends,Data,20230531,20230522,RYLD,800,0.16,128.8
Dividends,Data,20230531,20230522,XYLD,350,0.28,99.4
Dividends,Data,20230531,20230512,BLW,1100,0.10,107.91
Dividends,Data,20230531,20230512,BBN,800,0.10,82.32
Dividends,Data,20230601,20230522,HIX,2900,0.05,142.1
Dividends,Data,20230601,20230522,GDO,1150,0.10,116.15
Dividends,Data,20230601,20230511,EAD,2300,0.05,112.54
Dividends,Data,20230606,20230601,JEPI,280,0.37,102.31
Dividends,Data,20230606,20230601,JEPQ,330,0.36,117.66
Dividends,Data,20230607,20230601,SHV,200,0.48,96.35
Dividends,Data,20230609,20230511,PFE,50,0.41,20.5
Dividends,Data,20230613,20230605,SDIV,600,0.21,129
Dividends,Data,20230615,20230531,NEM,150,0.40,60
Dividends,Data,20230615,20230530,GOLD.OLD,100,0.10,10
Dividends,Data,20230630,20230614,VLT,600,0.10,57.84
Dividends,Data,20230630,20230614,GBAB,850,0.13,106.87
Dividends,Data,20230630,20230614,BLW,1100,0.10,107.91
Dividends,Data,20230630,20230614,BBN,800,0.09,74.32
Dividends,Data,20230703,20230622,GDO,1150,0.10,116.15
Dividends,Data,20230703,20230612,EAD,2300,0.05,111.18
Dividends,Data,20230703,20230622,HIX,2900,0.05,142.1
Dividends,Data,20230710,20230703,IEI,800,0.22,177.71
Dividends,Data,20230710,20221230,CIG,500,0.02,12.19
Dividends,Data,20230710,20221230,CIG,500,0.02,9.42
Dividends,Data,20230714,20230706,SDIV,600,0.21,129
Dividends,Data,20230717,20230629,USB,150,0.48,72
Dividends,Data,20230731,20230714,VLT,600,0.10,57.84
Dividends,Data,20230731,20230713,GBAB,850,0.13,106.87
Dividends,Data,20230731,20230713,BLW,1100,0.10,107.91
Dividends,Data,20230731,20230713,BBN,800,0.09,74.32
Dividends,Data,20230801,20230721,GDO,1150,0.10,116.15
Dividends,Data,20230801,20230721,HIX,2900,0.05,142.1
Dividends,Data,20230807,20230801,TLT,300,0.28,82.58
Dividends,Data,20230821,20230810,PFFL,1000,0.10,104.9
Dividends,Data,20230821,20230810,CEFD,2000,0.21,418.2
Dividends,Data,20230825,20230804,C,50,0.53,26.5
Dividends,Data,20230831,20230814,GBAB,850,0.13,106.87
Dividends,Data,20230831,20230814,BLW,1100,0.10,107.91
Dividends,Data,20230831,20230814,VLT,600,0.10,57.84
Dividends,Data,20230831,20230814,BBN,800,0.09,74.32
Dividends,Data,20230901,20230823,HIX,2900,0.05,142.1
Dividends,Data,20230905,20230727,PFE,50,0.41,20.5
Dividends,Data,20230908,20230901,TLT,400,0.29,115.43
Dividends,Data,20230915,20230830,GOLD.OLD,400,0.10,40
Dividends,Data,20230921,20230906,NEM,300,0.40,120
Dividends,Data,20230921,20230912,PFFL,1000,0.10,103.4
Dividends,Data,20230921,20230912,CEFD,2000,0.21,413
Dividends,Data,20230926,20230919,TMF.OLD,4000,0.05,200.6
Dividends,Data,20230929,20230914,GBAB,850,0.13,106.87
Dividends,Data,20230929,20230914,BBN,800,0.09,74.32
Dividends,Data,20230929,20230914,VLT,600,0.10,57.84
Dividends,Data,20231002,20230921,HIX,2900,0.05,142.1
Dividends,Data,20231005,20231002,VGLT,200,0.18,35.3
Dividends,Data,20231006,20231002,TLT,400,0.28,112.01
Dividends,Data,20231023,20231012,PFFL,1000,0.15,147.5
Dividends,Data,20231023,20231012,CEFD,2000,0.26,522.8
Dividends,Data,20231031,20231013,VLT,600,0.10,57.84
Dividends,Data,20231031,20231013,BBN,800,0.09,74.32
Dividends,Data,20231031,20231012,GBAB,850,0.13,106.87
Dividends,Data,20231101,20231023,HIX,2900,0.05,142.1
Dividends,Data,20231106,20231101,VGLT,200,0.18,35.98
Dividends,Data,20231107,20231101,TLT,300,0.29,85.89
Dividends,Data,20231120,20231109,PFFL,1000,0.06,55.2
Dividends,Data,20231120,20231109,CEFD,2000,0.19,372.4
Dividends,Data,20231130,20231114,GBAB,850,0.13,106.87
Dividends,Data,20231130,20231114,BBN,800,0.09,74.32
Dividends,Data,20231130,20231114,VLT,600,0.10,57.84
Dividends,Data,20231201,20231121,HIX,2900,0.05,142.1
Dividends,Data,20231201,20231121,GDO,1000,0.10,102
Dividends,Data,20231204,20231109,PFE,50,0.41,20.5
Dividends,Data,20231206,20231201,VGLT,200,0.18,35.5
Dividends,Data,20231207,20231201,TLT,300,0.29,86.68
Dividends,Data,20231212,20231113,WBA,100,0.48,48
Dividends,Data,20231215,20231129,GOLD.OLD,900,0.10,90
Dividends,Data,20231220,20231214,TLT,300,0.31,93.16
Dividends,Data,20231220,20231218,KWEB,100,0.42,41.93
Dividends,Data,20231220,20231214,BBN,800,0.09,74.32
Dividends,Data,20231221,20231212,PFFL,1000,0.10,96.4
Dividends,Data,20231221,20231212,CEFD,2000,0.18,365.6
Dividends,Data,20231222,20231129,NEM,400,0.40,160
Dividends,Data,20231228,20231222,VGLT,200,0.19,37.96
Dividends,Data,20231229,20231227,KWEB,100,0.04,4.19
Dividends,Data,20231229,20231214,GBAB,850,0.13,106.87
Dividends,Data,20231229,20231214,VLT,600,0.10,57.84
Dividends,Data,20231229,20231220,HIX,2900,0.05,142.1
Dividends,Data,20231229,20231221,TMF,200,0.50,99.46
Dividends,Data,20231205,20231206,SQM,100,0.50,49.62
Dividends,Data,20240109,20221223,CIG,500,0.02,9.31
Dividends,Data,20240109,20221230,CIG,500,0.02,12.02
Dividends,Data,20240110,20231206,SQM,100,-0.50,-49.62
Dividends,Data,20240110,20231206,SQM,100,0.50,49.62
Dividends,Data,20240118,20231220,BABA,100,1.00,100
Dividends,Data,20240124,20240112,CEFD,2000,0.26,525.6
Dividends,Data,20240131,20240111,GBAB,850,0.13,106.87
Dividends,Data,20240131,20240111,BBN,800,0.09,74.32
Dividends,Data,20240131,20240116,VLT,600,0.10,57.84
Dividends,Data,20240201,20240123,HIX,2900,0.05,142.1
Dividends,Data,20240206,20240201,VGLT,200,0.19,37.58
Dividends,Data,20240207,20240201,TLT,300,0.31,93.04
Dividends,Data,20240221,20240209,CEFD,2000,0.16,324.2
Dividends,Data,20240229,20240215,VLT,600,0.10,57.84
Dividends,Data,20240229,20240215,GHY,1000,0.10,105
Dividends,Data,20240229,20240214,GBAB,850,0.13,106.87
Dividends,Data,20240229,20240214,BBN,800,0.09,74.32
Dividends,Data,20240301,20240221,HIX,2900,0.05,142.1
Dividends,Data,20240306,20240301,VGLT,200,0.18,35.16
Dividends,Data,20240307,20240301,TLT,300,0.30,88.57
Dividends,Data,20240315,20240228,GOLD.OLD,500,0.10,50
Dividends,Data,20240320,20240311,CEFD,2000,0.19,383.6
Dividends,Data,20240326,20240319,TMF,200,0.32,63.96
Dividends,Data,20240328,20240314,BBN,800,0.09,74.32
Dividends,Data,20240328,20240304,NEM,400,0.25,100
Dividends,Data,20240531,20240516,SBUX,30,0.57,17.1
Dividends,Data,20240603,20240506,INTC,100,0.12,12.5
Dividends,Data,20240610,20240503,BBD,1000,0.00,3.62
Dividends,Data,20240731,20240716,VLT,1000,0.10,96.4
Dividends,Data,20240903,20240807,INTC,300,0.12,37.5
Dividends,Data,20240905,20240819,UPS,30,1.63,48.9
Dividends,Data,20241031,20241015,GBAB,500,0.13,62.86
Dividends,Data,20241129,20241115,AVK,500,0.12,58.6
Dividends,Data,20241129,20241115,GBAB,500,0.13,62.86
Dividends,Data,20241206,20241202,JAAA,100,0.28,28.1
Dividends,Data,20241223,20241127,NEM,50,0.25,12.5
Dividends,Data,20241231,20241213,GBAB,720,0.13,90.53
Dividends,Data,20250110,20241230,FAX,500,0.17,82.5
Dividends,Data,20250131,20250115,AVK,830,0.12,97.28
Dividends,Data,20250131,20250124,FAX,540,0.16,89.1
Dividends,Data,20250228,20250214,AVK,830,0.12,97.28
Dividends,Data,20250228,20250221,FAX,540,0.16,89.1
Dividends,Data,20250327,20250304,NEM,50,0.25,12.5
Dividends,Data,20250331,20250314,AVK,1600,0.12,187.52
Dividends,Data,20250428,20250421,QYLD,500,0.16,79.9
Dividends,Data,20250527,20250519,QYLD,500,0.17,82.5
Dividends,Data,20251229,20251223,TLTW,1000,0.19,186.91
Dividends,Data,20260102,20251201,NKE,100,0.41,41
Interest Details,MetaInfo,Analysis Period,"June 6, 2022 - January 27, 2026"
Interest Details,Header,Date,Description,Amount
Interest Details,Data,20220706,USD Credit Interest Received for June 2022,16.12
Interest Details,Data,20220803,USD Credit Interest Received for July 2022,61.29
Interest Details,Data,20220906,USD Credit Interest Received for August 2022,109.2
Interest Details,Data,20221005,USD Credit Interest Received for September 2022,0.95
Interest Details,Data,20221205,USD Credit Interest Received for November 2022,0.84
Interest Details,Data,20221205,USD Debit Interest Paid for November 2022,-2.67
Interest Details,Data,20230105,USD Credit Interest Received for December 2022,107.55
Interest Details,Data,20230203,USD Credit Interest Received for January 2023,163.31
Interest Details,Data,20230303,USD Credit Interest Received for February 2023,123.68
Interest Details,Data,20230405,USD Credit Interest Received for March 2023,115.57
Interest Details,Data,20230503,USD Credit Interest Received for April 2023,51.9
Interest Details,Data,20230503,USD Debit Interest Paid for April 2023,-7.6
Interest Details,Data,20230605,USD Debit Interest Paid for May 2023,-9.39
Interest Details,Data,20230706,USD Credit Interest Received for June 2023,66.38
Interest Details,Data,20230706,USD Debit Interest Paid for June 2023,-3.61
Interest Details,Data,20230803,USD Credit Interest Received for July 2023,56.52
Interest Details,Data,20230803,USD Debit Interest Paid for July 2023,-2.4
Interest Details,Data,20231103,USD Debit Interest Paid for October 2023,-0.04
Interest Details,Data,20231205,USD Debit Interest Paid for November 2023,-0.12
Interest Details,Data,20240403,USD Debit Interest Paid for March 2024,-0.06
Interest Details,Data,20240503,USD Debit Interest Paid for April 2024,-2.76
Interest Details,Data,20240605,USD Debit Interest Paid for May 2024,-0.15
Fee Summary,MetaInfo,Analysis Period,"June 6, 2022 - January 27, 2026"
Fee Summary,Header,Date,Description,Amount
Fee Summary,Data,20240327,Withdrawal Fee ,-10
Notes and Disclosure,Header,Type,Note
Notes and Disclosure,Data,General,"1. The Net Asset Value (NAV) consists of all positions by financial instrument (stock, securities options, warrants, bonds, cash, etc.). All non-base currency amounts are converted to the base currency at the close of period rate."
Notes and Disclosure,Data,General,2. The gain or loss from future contracts settle into cash each night. The notional value is used when computing the contribution to return.
Notes and Disclosure,Data,General,"3. Dividend accruals, interest accruals, and insured deposits are included in cash amounts throughout the report."
Notes and Disclosure,Data,General,4. Price valuations are obtained from outside parties. Clearing Broker shall have no responsibility for the accuracy or timeliness of any such price valuation.
Notes and Disclosure,Data,General,5. Data from Thomson Reuters Business Classifications and Lipper Global is used to derive our sector classifications. Funds with assorted sector allocations are classified as Broad.
Notes and Disclosure,Data,General,"6. Amounts are formatted to two decimal places. If amounts are greater than two decimal places, Clearing Broker uses "half-even" rounding. This means that Clearing Broker rounds such amounts up to the nearest even number."
Notes and Disclosure,Data,General,"7. For accounts opened and funded before 2009, reports with a time period of Since Inception will only include data going back to January 1, 2009. This includes some default reports and both Historical Performance reports."
Notes and Disclosure,Data,General,"8. If you have elected to trade cryptocurrency/digital asset products at Crypto Provider through the Clearing Broker platform, for your convenience your positions in your linked account at Crypto Provider are reflected in PortfolioAnalyst in connection with your Clearing Broker account."
Notes and Disclosure,Data,Section,1. Account Overview: The deposit/withdrawal amount displayed includes internal transfers along with cash and position transfers.
Notes and Disclosure,Data,Section,2. Projected Income: The Estimated Annual Income and Estimated Remaining Income in the Projected Income report assume dividend and bond payments remain constant throughout the year. These positions and interest rates are based on the previous business day.
Notes and Disclosure,Data,Section,"3. Risk Measures: Historical US 3 Month Treasury Bill rates are used as the risk free rates when calculating Alpha, the Sharpe ratio, the Sortino ratio, and the downside deviation."
Notes and Disclosure,Data,Disclosure,"This portfolio report was generated using Clearing Broker's PortfolioAnalyst tool, which allows Clearing Broker clients to generate analyses of their accounts using market data provided by third parties along with trade and account data contained in Clearing Broker's systems. This report is for information purposes only and is provided AS IS. Clearing Broker makes no warranty of any kind, express or implied, as to this report and its contents. The data provided for use in the PortfolioAnalyst tool is believed to be accurate, but completeness and accuracy of the information is not guaranteed, and Clearing Broker has no liability with respect thereto. The data regarding accounts held outside of Clearing Broker is obtained either directly from your input or from the financial institutions holding those accounts through a third-party service provider and Clearing Broker has NOT reviewed its accuracy.

The material in this report is intended only as a reference and should not be relied upon for the maintenance of your books and records for tax, accounting, financial, or regulatory reporting or for any other purposes. This report is not an offer or a solicitation of an offer to buy or sell any security. This material does not, and is not intended to, take into account the particular financial conditions, investment objectives, or requirements of individual customers. Before acting on any material within this report, you should consider whether it is suitable for your particular circumstances and as necessary, seek professional advice."
