Introduction,Header,Name,Account,Alias,BaseCurrency,AccountType,AnalysisPeriod,PerformanceMeasure
Introduction,Data,Luis M Arce Barboza,U12536544,,USD,Individual (Broker Client),"August 25, 2023 to January 27, 2026 (Daily)",TWR
Key Statistics,MetaInfo,Analysis Period,"August 25, 2023 - January 27, 2026"
Key Statistics,Header,BeginningNAV,EndingNAV,CumulativeReturn,5DayReturn,5DayReturnDateRange,10DayReturn,10DayReturnDateRange,BestReturn,BestReturnDate,WorstReturn,WorstReturnDate,MTM,Deposits & Withdrawals,Dividends,Interest,Fees & Commissions,Other,ChangeInNAV
Key Statistics,Data,0,26.328181,7.992044371,0,20260121 - 20260127,0,20260114 - 20260127,26.467249948,20250127,-4.833045252,20240903,-1084.6054,1470,117.07,0,-457.770817,-18.365602,26.328181
Historical Performance,MetaInfo,Analysis Period,"August 25, 2023 - January 27, 2026"
Historical Performance,Header,Account,MTD,QTD,YTD,1 Year,Since Inception
Historical Performance,Data,U12536544,0,0,0,26.46724995,7.992044382
Historical Performance,Header,Month,Account,AccountReturn
Historical Performance,Data,202501,U12536544,26.468559059
Historical Performance,Data,202502,U12536544,0
Historical Performance,Data,202503,U12536544,0
Historical Performance,Data,202504,U12536544,0
Historical Performance,Data,202505,U12536544,0
Historical Performance,Data,202506,U12536544,0
Historical Performance,Data,202507,U12536544,0
Historical Performance,Data,202508,U12536544,0
Historical Performance,Data,202509,U12536544,0
Historical Performance,Data,202510,U12536544,0
Historical Performance,Data,202511,U12536544,0
Historical Performance,Data,202512,U12536544,0
Historical Performance,Data,202401,U12536544,-13.592789435
Historical Performance,Data,202402,U12536544,6.146577046
Historical Performance,Data,202403,U12536544,1.963166355
Historical Performance,Data,202404,U12536544,-11.324798864
Historical Performance,Data,202405,U12536544,3.090486051
Historical Performance,Data,202406,U12536544,4.973587914
Historical Performance,Data,202407,U12536544,-3.498902528
Historical Performance,Data,202408,U12536544,-3.977454169
Historical Performance,Data,202409,U12536544,-3.2175792
Historical Performance,Data,202410,U12536544,-4.727709875
Historical Performance,Data,202411,U12536544,4.436485772
Historical Performance,Data,202412,U12536544,3.032945636
Historical Performance,Data,202301,U12536544,-
Historical Performance,Data,202302,U12536544,-
Historical Performance,Data,202303,U12536544,-
Historical Performance,Data,202304,U12536544,-
Historical Performance,Data,202305,U12536544,-
Historical Performance,Data,202306,U12536544,-
Historical Performance,Data,202307,U12536544,-
Historical Performance,Data,202308,U12536544,-
Historical Performance,Data,202309,U12536544,-4.465156395
Historical Performance,Data,202310,U12536544,-7.931787703
Historical Performance,Data,202311,U12536544,12.519061468
Historical Performance,Data,202312,U12536544,4.571794437
Historical Performance,Header,Quarter,Account,AccountReturn
Historical Performance,Data,2025 Q1,U12536544,26.468559059
Historical Performance,Data,2025 Q2,U12536544,0
Historical Performance,Data,2025 Q3,U12536544,0
Historical Performance,Data,2025 Q4,U12536544,0
Historical Performance,Data,2024 Q1,U12536544,-6.48112093
Historical Performance,Data,2024 Q2,U12536544,-4.037664142
Historical Performance,Data,2024 Q3,U12536544,-10.318688771
Historical Performance,Data,2024 Q4,U12536544,2.516783261
Historical Performance,Data,2023 Q1,U12536544,-
Historical Performance,Data,2023 Q2,U12536544,-
Historical Performance,Data,2023 Q3,U12536544,-
Historical Performance,Data,2023 Q4,U12536544,8.330406301
Historical Performance,Header,Year,Account,AccountReturn
Historical Performance,Data,YTD,U12536544,0
Historical Performance,Data,2025,U12536544,26.468559059
Historical Performance,Data,2024,U12536544,-17.491816945
Open Position Summary,MetaInfo,As Of,"January 27, 2026"
Open Position Summary,Header,Date,FinancialInstrument,Currency,Symbol,Description,Sector,Quantity,ClosePrice,Value,Cost Basis,UnrealizedP&L,FXRateToBase
Open Position Summary,Data,01/27/2026,Cash,USD,USD,United States Dollar,Cash,26.328181,1,26.328181, , ,1
Performance by Symbol,MetaInfo,Analysis Period,"August 25, 2023 - January 27, 2026"
Performance by Symbol,Header,Symbol,Description,FinancialInstrument,Sector,AvgWeight,Return,Contribution,Unrealized_P&L,Realized_P&L,Open
Performance by Symbol,Data,IWM,ISHARES RUSSELL 2000 ETF,ETFs,Broad,32.131264287,1.031542107,0.410470591,0.00,24.70,No
Performance by Symbol,Data,KWEB,KRANESH CSI CHINA INTERNET,ETFs,Technology,26.586781199,-3.299179262,-0.796353964,0.00,-84.56,No
Performance by Symbol,Data,Total ETFs,,,,34.056661641,-3.836181092,-0.404576269,0.00,-59.86,
Performance by Symbol,Data,AAPL,APPLE INC,Stocks,Technology,47.301802101,10.916905009,5.227946879,0.00,473.75,No
Performance by Symbol,Data,ADBE,ADOBE INC,Stocks,Technology,36.296346979,10.243340971,3.512966142,0.00,340.70,No
Performance by Symbol,Data,AMZN,AMAZON.COM INC,Stocks,Consumer Cyclicals,17.797957456,9.203419098,2.149019088,0.00,143.38,No
Performance by Symbol,Data,BA,BOEING CO/THE,Stocks,Industrials,29.626746878,-7.972443092,-2.249401299,0.00,-226.09,No
Performance by Symbol,Data,BABA,ALIBABA GROUP HOLDING-SP ADR,Stocks,Technology,23.17208044,4.756450247,1.151932139,0.00,70.42,No
Performance by Symbol,Data,CCI,CROWN CASTLE INC,Stocks,Real Estate,30.312444493,-13.665386766,-4.259878889,0.00,-428.11,No
Performance by Symbol,Data,CELH,CELSIUS HOLDINGS INC,Stocks,Consumer Non-Cyc,16.288459874,-8.301539632,-1.324755308,0.00,-114.10,No
Performance by Symbol,Data,DIS,WALT DISNEY CO/THE,Stocks,Telecomm,14.623773094,27.819250308,4.177642157,0.00,347.54,No
Performance by Symbol,Data,INTC,INTEL CORP,Stocks,Technology,18.090788527,11.710869419,2.0711743,0.00,170.65,No
Performance by Symbol,Data,NKE,NIKE INC -CL B,Stocks,Consumer Cyclicals,14.154843747,1.788836611,0.324048086,0.00,12.03,No
Performance by Symbol,Data,OKTA,OKTA INC,Stocks,Technology,9.321144697,22.03273581,2.049317536,0.00,192.15,No
Performance by Symbol,Data,PYPL,PAYPAL HOLDINGS INC,Stocks,Financials,5.495492791,6.988809551,0.086877198,0.00,8.80,No
Performance by Symbol,Data,RBLX,ROBLOX CORP -CLASS A,Stocks,Technology,5.772638263,-4.636769069,-0.252319642,0.00,-23.69,No
Performance by Symbol,Data,STM,STMICROELECTRONICS NV-NY SHS,Stocks,Technology,26.35097963,-38.462081535,-12.080852737,0.00,"-1,129.79",No
Performance by Symbol,Data,TSLA,TESLA INC,Stocks,Consumer Cyclicals,36.90129471,-32.218391164,-12.921631506,0.00,"-1,320.15",No
Performance by Symbol,Data,Total Stocks,,,,77.926607317,-14.304194865,-14.091075232,0.00,"-1,482.51",
Performance by Symbol,Data,USD,United States Dollar,Cash,Cash,51.178071982,26.45451272,26.510309421,,,Yes
Performance by Symbol,Data,Total Cash,,,,51.097221947,26.45451272,26.510309421,,,
Performance by Symbol,Data,Total,,,,99.842022117,7.992044371,7.992044371,0.00,"-1,542.37",
Trade Summary,MetaInfo,Analysis Period,"August 25, 2023 - January 27, 2026"
Trade Summary,Header,Financial Instrument,Currency,Symbol,Description,Sector,Quantity Bought,Average Price Bought,Proceeds Bought,Proceeds Bought in Base,Quantity Sold,Average Price Sold,Proceeds Sold,Proceeds Sold in Base
Trade Summary,Data,ETFs,United States Dollar,IWM,ISHARES RUSSELL 2000 ETF,Broad,16,203.055,-3248.88,-3248.88,-16,206.635,3306.16,3306.16
Trade Summary,Data,ETFs,United States Dollar,KWEB,KRANESH CSI CHINA INTERNET,Technology,100,26.04,-2604,-2604,-100,25.475,2547.5,2547.5
Trade Summary,Data,Stocks,United States Dollar,AAPL,APPLE INC,Technology,25,174.969,-4374.225,-4374.225,-25,194.57,4864.25,4864.25
Trade Summary,Data,Stocks,United States Dollar,ADBE,ADOBE INC,Technology,7,473.63,-3315.41,-3315.41,-7,525.37,3677.59,3677.59
Trade Summary,Data,Stocks,United States Dollar,AMZN,AMAZON.COM INC,Consumer Cyclicals,8,193.39,-1547.12,-1547.12,-8,214,1712,1712
Trade Summary,Data,Stocks,United States Dollar,BA,BOEING CO/THE,Industrials,15,188.325,-2824.875,-2824.875,-15,174.7305,2620.9575,2620.9575
Trade Summary,Data,Stocks,United States Dollar,BABA,ALIBABA GROUP HOLDING-SP ADR,Technology,30,72.07,-2162.1,-2162.1,-30,75.2013,2256.039,2256.039
Trade Summary,Data,Stocks,United States Dollar,CCI,CROWN CASTLE INC,Real Estate,27,108.545,-2930.715,-2930.715,-27,93.55,2525.85,2525.85
Trade Summary,Data,Stocks,United States Dollar,CELH,CELSIUS HOLDINGS INC,Consumer Non-Cyc,50,27.23585,-1361.7925,-1361.7925,-50,25.462,1273.1,1273.1
Trade Summary,Data,Stocks,United States Dollar,DIS,WALT DISNEY CO/THE,Telecomm,48,105.069479167,-5043.335,-5043.335,-48,113.698747917,5457.5399,5457.5399
Trade Summary,Data,Stocks,United States Dollar,INTC,INTEL CORP,Technology,75,19.245,-1443.375,-1443.375,-75,21.8905,1641.7875,1641.7875
Trade Summary,Data,Stocks,United States Dollar,NKE,NIKE INC -CL B,Consumer Cyclicals,15,71.51,-1072.65,-1072.65,-15,73.7905,1106.8575,1106.8575
Trade Summary,Data,Stocks,United States Dollar,OKTA,OKTA INC,Technology,10,86.128,-861.28,-861.28,-10,107.51,1075.1,1075.1
Trade Summary,Data,Stocks,United States Dollar,PYPL,PAYPAL HOLDINGS INC,Financials,100,58.899,-5889.9,-5889.9,-100,59.3914,5939.14,5939.14
Trade Summary,Data,Stocks,United States Dollar,RBLX,ROBLOX CORP -CLASS A,Technology,12.426,40.238068566,-499.99824,-499.99824,-12.426,40.09,498.15834,498.15834
Trade Summary,Data,Stocks,United States Dollar,STM,STMICROELECTRONICS NV-NY SHS,Technology,70,41.315,-2892.05,-2892.05,-70,25.565,1789.55,1789.55
Trade Summary,Data,Stocks,United States Dollar,TSLA,TESLA INC,Consumer Cyclicals,15,272.86,-4092.9,-4092.9,-15,185.895,2788.425,2788.425
Deposits And Withdrawals,MetaInfo,Analysis Period,"August 25, 2023 - January 27, 2026"
Deposits And Withdrawals,Header,Date,Type,Description,Amount
Deposits And Withdrawals,Data,08/25/23,DEPOSIT,Cash Receipts / Electronic Fund Transfers ,9920
Deposits And Withdrawals,Data,01/23/25,WITHDRAWAL,Disbursement Initiated By Luis M Arce Barboza ,-8450
Dividends,MetaInfo,Analysis Period,"August 25, 2023 - January 27, 2026"
Dividends,Header,PayDate,Ex-Date,Symbol,Quantity,DividendPerShare,Amount
Dividends,Data,20231116,20231110,AAPL,25,0.24,6
Dividends,Data,20240118,20231220,BABA,30,1.00,30
Dividends,Data,20240327,20240321,IWM,16,0.52,8.35
Dividends,Data,20240328,20240314,CCI,27,1.57,42.26
Dividends,Data,20240703,20240625,STM,70,-0.09,-6.31
Dividends,Data,20240703,20240625,STM,70,0.09,6.31
Dividends,Data,20240703,20240625,STM,70,0.09,6.31
Dividends,Data,20241001,20240924,STM,70,0.09,6.3
Dividends,Data,20241001,20240903,NKE,15,0.37,5.55
Dividends,Data,20241227,20241217,STM,70,0.09,6.3
Dividends,Data,20250102,20241202,NKE,15,0.40,6
Notes and Disclosure,Header,Type,Note
Notes and Disclosure,Data,General,"1. The Net Asset Value (NAV) consists of all positions by financial instrument (stock, securities options, warrants, bonds, cash, etc.). All non-base currency amounts are converted to the base currency at the close of period rate."
Notes and Disclosure,Data,General,2. The gain or loss from future contracts settle into cash each night. The notional value is used when computing the contribution to return.
Notes and Disclosure,Data,General,"3. Dividend accruals, interest accruals, and insured deposits are included in cash amounts throughout the report."
Notes and Disclosure,Data,General,4. Price valuations are obtained from outside parties. Clearing Broker shall have no responsibility for the accuracy or timeliness of any such price valuation.
Notes and Disclosure,Data,General,5. Data from Thomson Reuters Business Classifications and Lipper Global is used to derive our sector classifications. Funds with assorted sector allocations are classified as Broad.
Notes and Disclosure,Data,General,"6. Amounts are formatted to two decimal places. If amounts are greater than two decimal places, Clearing Broker uses "half-even" rounding. This means that Clearing Broker rounds such amounts up to the nearest even number."
Notes and Disclosure,Data,General,"7. For accounts opened and funded before 2009, reports with a time period of Since Inception will only include data going back to January 1, 2009. This includes some default reports and both Historical Performance reports."
Notes and Disclosure,Data,General,"8. If you have elected to trade cryptocurrency/digital asset products at Crypto Provider through the Clearing Broker platform, for your convenience your positions in your linked account at Crypto Provider are reflected in PortfolioAnalyst in connection with your Clearing Broker account."
Notes and Disclosure,Data,Section,1. Account Overview: The deposit/withdrawal amount displayed includes internal transfers along with cash and position transfers.
Notes and Disclosure,Data,Section,"2. Risk Measures: Historical US 3 Month Treasury Bill rates are used as the risk free rates when calculating Alpha, the Sharpe ratio, the Sortino ratio, and the downside deviation."
Notes and Disclosure,Data,Disclosure,"This portfolio report was generated using Clearing Broker's PortfolioAnalyst tool, which allows Clearing Broker clients to generate analyses of their accounts using market data provided by third parties along with trade and account data contained in Clearing Broker's systems. This report is for information purposes only and is provided AS IS. Clearing Broker makes no warranty of any kind, express or implied, as to this report and its contents. The data provided for use in the PortfolioAnalyst tool is believed to be accurate, but completeness and accuracy of the information is not guaranteed, and Clearing Broker has no liability with respect thereto. The data regarding accounts held outside of Clearing Broker is obtained either directly from your input or from the financial institutions holding those accounts through a third-party service provider and Clearing Broker has NOT reviewed its accuracy.

The material in this report is intended only as a reference and should not be relied upon for the maintenance of your books and records for tax, accounting, financial, or regulatory reporting or for any other purposes. This report is not an offer or a solicitation of an offer to buy or sell any security. This material does not, and is not intended to, take into account the particular financial conditions, investment objectives, or requirements of individual customers. Before acting on any material within this report, you should consider whether it is suitable for your particular circumstances and as necessary, seek professional advice."
