Introduction,Header,Name,Account,Alias,BaseCurrency,AccountType,AnalysisPeriod,PerformanceMeasure
Introduction,Data,Luis F Elias Sacio and Maria d Pastorutti Otero,U18249407,,USD,Joint (Broker Client),"August 20, 2025 to January 27, 2026 (Daily)",TWR
Key Statistics,MetaInfo,Analysis Period,"August 20, 2025 - January 27, 2026"
Key Statistics,Header,BeginningNAV,EndingNAV,CumulativeReturn,5DayReturn,5DayReturnDateRange,10DayReturn,10DayReturnDateRange,BestReturn,BestReturnDate,WorstReturn,WorstReturnDate,MTM,Deposits & Withdrawals,Dividends,Interest,Fees & Commissions,Other,ChangeInNAV
Key Statistics,Data,0,326663.434454,0.928973582,1.129539385,20260121 - 20260127,0.18310074,20260114 - 20260127,0.679938546,20251124,-0.75324215,20251113,-7457.0826,323795.99,12002.02,-0.03,-495.672945,-1181.790001,326663.434454
Historical Performance,MetaInfo,Analysis Period,"August 20, 2025 - January 27, 2026"
Historical Performance,Header,Account,MTD,QTD,YTD,Since Inception
Historical Performance,Data,U18249407,1.514118794,1.514118794,1.514118794,0.928973629
Historical Performance,Header,Month,Account,AccountReturn
Historical Performance,Data,202501,U18249407,-
Historical Performance,Data,202502,U18249407,-
Historical Performance,Data,202503,U18249407,-
Historical Performance,Data,202504,U18249407,-
Historical Performance,Data,202505,U18249407,-
Historical Performance,Data,202506,U18249407,-
Historical Performance,Data,202507,U18249407,-
Historical Performance,Data,202508,U18249407,-
Historical Performance,Data,202509,U18249407,0.228391294
Historical Performance,Data,202510,U18249407,-0.418028972
Historical Performance,Data,202511,U18249407,-0.369862048
Historical Performance,Data,202512,U18249407,-0.879281664
Historical Performance,Header,Quarter,Account,AccountReturn
Historical Performance,Data,2025 Q1,U18249407,-
Historical Performance,Data,2025 Q2,U18249407,-
Historical Performance,Data,2025 Q3,U18249407,-
Historical Performance,Data,2025 Q4,U18249407,-1.658712368
Historical Performance,Header,Year,Account,AccountReturn
Historical Performance,Data,YTD,U18249407,1.514118794
Open Position Summary,MetaInfo,As Of,"January 27, 2026"
Open Position Summary,Header,Date,FinancialInstrument,Currency,Symbol,Description,Sector,Quantity,ClosePrice,Value,Cost Basis,UnrealizedP&L,FXRateToBase
Open Position Summary,Data,01/27/2026,ETFs,USD,BINC,ISHARES FLEX I A ETF-USD INC,Broad,480,53.1,25488,25517.227795,-29.227795,1
Open Position Summary,Data,01/27/2026,ETFs,USD,JAAA,JANUS HENDERSON AAA CLO ETF,Broad,70,50.77,3553.9,3598.4,-44.5,1
Open Position Summary,Data,01/27/2026,ETFs,USD,SPHY,SS SPDR P HIGH YIELD ETF,Broad,1230,23.85,29335.5,29351.694224,-16.194224,1
Open Position Summary,Data,01/27/2026,ETFs,USD,TLT,ISHARES 20+ YEAR TREASURY BD,Government,350,87.8,30730,31001.83535,-271.83535,1
Open Position Summary,Data,01/27/2026,ETFs,USD,USIG,ISHARES BROAD USD INVESTMENT,Broad,490,52,25480,25483.940041,-3.940041,1
Open Position Summary,Data,Total,ETFs,USD,,,,,,114587.4,114953.09741,-365.69741
Open Position Summary,Data,01/27/2026,Stocks,USD,ACP,ABRDN INCOME CREDIT STRAT,Broad,4570,5.55,25363.5,27282.9,-1919.4,1
Open Position Summary,Data,01/27/2026,Stocks,USD,APLD,APPLIED DIGITAL CORP,Technology,70,41.35,2894.5,1890.457797,1004.042203,1
Open Position Summary,Data,01/27/2026,Stocks,USD,BTZ,BLACKROCK CREDIT ALLOCATION,Broad,2155,10.62,22886.1,23594.18,-708.08,1
Open Position Summary,Data,01/27/2026,Stocks,USD,BWG,BRANDYWINEGLOBAL GLOBAL INCO,Broad,1946,8.5,16541,16569.66,-28.66,1
Open Position Summary,Data,01/27/2026,Stocks,USD,DSU,BLACKROCK DEBT STRATEGIES,Broad,1546,10.16,15707.36,16605.82,-898.46,1
Open Position Summary,Data,01/27/2026,Stocks,USD,ECAT,BLACKROCK ESG CAP ALL TRM TR,Broad,990,15.53,15374.7,16647.9,-1273.2,1
Open Position Summary,Data,01/27/2026,Stocks,USD,EVV,EATON VANCE LTD DURAT INC,Broad,2550,9.91,25270.5,25831.5,-561,1
Open Position Summary,Data,01/27/2026,Stocks,USD,FAX,ABRDN ASIA-PACIFIC INCOME,Broad,1719,15.55,26730.45,28415.07,-1684.62,1
Open Position Summary,Data,01/27/2026,Stocks,USD,GBAB,GUGGENHEIM TAXABLE MUNICIPAL,Broad,1715,15.02,25759.3,25982.25,-222.95,1
Open Position Summary,Data,01/27/2026,Stocks,USD,LCID,LUCID GROUP INC,Consumer Cyclicals,80,11,880,1955.928017,-1075.928017,1
Open Position Summary,Data,01/27/2026,Stocks,USD,LULU,LULULEMON ATHLETICA INC,Consumer Cyclicals,22,186.39,4100.58,3889.138741,211.441259,1
Open Position Summary,Data,01/27/2026,Stocks,USD,MRVL,MARVELL TECHNOLOGY INC,Technology,20,82.93,1658.6,1750.884697,-92.284697,1
Open Position Summary,Data,01/27/2026,Stocks,USD,WDI,WESTERN ASSET DIVERS INC,Broad,1084,13.75,14905,16578.77,-1673.77,1
Open Position Summary,Data,Total,Stocks,USD,,,,,,198071.59,206994.459252,-8922.869252
Open Position Summary,Data,01/27/2026,Cash,USD,USD,United States Dollar,Cash,14004.444454,1,14004.444454, , ,1
Performance by Symbol,MetaInfo,Analysis Period,"August 20, 2025 - January 27, 2026"
Performance by Symbol,Header,Symbol,Description,FinancialInstrument,Sector,AvgWeight,Return,Contribution,Unrealized_P&L,Realized_P&L,Open
Performance by Symbol,Data,BINC,ISHARES FLEX I A ETF-USD INC,ETFs,Broad,7.877496099,1.008783758,0.079901887,-29.23,0.00,Yes
Performance by Symbol,Data,JAAA,JANUS HENDERSON AAA CLO ETF,ETFs,Broad,1.100452406,1.688090279,0.018479393,-44.50,0.00,Yes
Performance by Symbol,Data,SPHY,SS SPDR P HIGH YIELD ETF,ETFs,Broad,9.04447093,1.629771163,0.149696977,-16.19,0.00,Yes
Performance by Symbol,Data,TLT,ISHARES 20+ YEAR TREASURY BD,ETFs,Government,9.651226451,0.142374374,0.019434573,-271.84,0.00,Yes
Performance by Symbol,Data,USIG,ISHARES BROAD USD INVESTMENT,ETFs,Broad,7.883265097,0.5351716,0.04390422,-3.94,0.00,Yes
Performance by Symbol,Data,Total ETFs,,,,25.657149957,1.332592271,0.310781948,-365.70,0.00,
Performance by Symbol,Data,ACP,ABRDN INCOME CREDIT STRAT,Stocks,Broad,7.981747096,-1.549558417,-0.12953451,"-1,919.40",0.00,Yes
Performance by Symbol,Data,APLD,APPLIED DIGITAL CORP,Stocks,Technology,0.646237022,53.111061469,0.308408831,"1,004.04",0.00,Yes
Performance by Symbol,Data,BBN,BLACKROCK TAXABLE MUNI BND,Stocks,Broad,8.504948526,7.679096388,0.633271682,0.00,"1,796.61",No
Performance by Symbol,Data,BTZ,BLACKROCK CREDIT ALLOCATION,Stocks,Broad,7.32233191,-0.013881555,0.008926385,-708.08,0.00,Yes
Performance by Symbol,Data,BWG,BRANDYWINEGLOBAL GLOBAL INCO,Stocks,Broad,5.168948105,1.976068592,0.106245308,-28.66,0.00,Yes
Performance by Symbol,Data,DSU,BLACKROCK DEBT STRATEGIES,Stocks,Broad,4.979606316,0.238113168,0.017122757,-898.46,0.00,Yes
Performance by Symbol,Data,ECAT,BLACKROCK ESG CAP ALL TRM TR,Stocks,Broad,4.965852479,0.285982211,0.018482994,"-1,273.20",0.00,Yes
Performance by Symbol,Data,EVV,EATON VANCE LTD DURAT INC,Stocks,Broad,7.979892595,0.360600644,0.036318554,-561.00,0.00,Yes
Performance by Symbol,Data,FAX,ABRDN ASIA-PACIFIC INCOME,Stocks,Broad,8.386689051,-1.702663032,-0.143835681,"-1,684.62",0.00,Yes
Performance by Symbol,Data,GBAB,GUGGENHEIM TAXABLE MUNICIPAL,Stocks,Broad,8.187027927,2.026030688,0.166677368,-222.95,0.00,Yes
Performance by Symbol,Data,GDO,WESTERN AST GLB CORP OPPRNTY,Stocks,Broad,8.495785126,-3.156021961,-0.261717231,0.00,"-1,444.05",No
Performance by Symbol,Data,GHY,PGIM GLOBAL HIGH YIELD FUND,Stocks,Broad,9.685893265,0.991725359,0.095899678,0.00,300.53,No
Performance by Symbol,Data,LCID,LUCID GROUP INC,Stocks,Consumer Cyclicals,0.362997101,-55.008569219,-0.330313799,"-1,075.93",0.00,Yes
Performance by Symbol,Data,LULU,LULULEMON ATHLETICA INC,Stocks,Consumer Cyclicals,1.266994246,5.436711643,0.070014433,211.44,0.00,Yes
Performance by Symbol,Data,MRVL,MARVELL TECHNOLOGY INC,Stocks,Technology,0.535568419,-5.17782747,-0.027702016,-92.28,0.00,Yes
Performance by Symbol,Data,VLT,INVESCO HIGH INCOME TRUST II,Stocks,Broad,9.277065259,-0.358121412,-0.033120746,0.00,-104.36,No
Performance by Symbol,Data,WDI,WESTERN ASSET DIVERS INC,Stocks,Broad,4.875553909,-4.9072412,-0.240866216,"-1,673.77",0.00,Yes
Performance by Symbol,Data,Total Stocks,,,,71.258729849,0.362027723,0.267578639,"-8,922.87",548.73,
Performance by Symbol,Data,USD,United States Dollar,Cash,Cash,3.084120193,-100,0.354822644,,,Yes
Performance by Symbol,Data,Total Cash,,,,3.084120193,-100,0.354822644,,,
Performance by Symbol,Data,Total,,,,100,0.928973582,0.928973582,"-9,288.57",548.73,
Projected Income,MetaInfo,As Of,"January 27, 2026"
Projected Income,Header,Financial Instrument,Symbol,Description,Frequency,Quantity,Price,Value,Current Yield %,Principal,Estimated Annual Income,Estimated 2026 Remaining Income
Projected Income,Data,ETFs,BINC,Ordinary Dividend,12,480,53.1,25488,5.567041431,-,1418.92752,1213.37664
Projected Income,Data,ETFs,JAAA,Ordinary Dividend,11,70,50.77,3553.9,5.329919244,-,189.42,189.42
Projected Income,Data,ETFs,SPHY,Ordinary Dividend,11,1230,23.85,29335.5,6.488385744,-,1903.4004,1903.4004
Projected Income,Data,ETFs,TLT,Ordinary Dividend,12,350,87.8,30730,4.443553531,-,1365.504,1365.504
Projected Income,Data,ETFs,USIG,Ordinary Dividend,12,490,52,25480,4.659692308,-,1187.2896,1187.2896
Projected Income,Data,,Total ETFs,,,,,114587.4,5.292502945,,6064.54152,5858.99064
Projected Income,Data,Stocks,ACP,Ordinary Dividend,12,4570,5.55,25363.5,16.756756757,-,4250.1,3895.925
Projected Income,Data,Stocks,BTZ,Ordinary Dividend,12,2155,10.62,22886.1,9.480225989,-,2169.654,1988.8495
Projected Income,Data,Stocks,BWG,Ordinary Dividend,12,1946,8.5,16541,11.294117647,-,1868.16,1712.48
Projected Income,Data,Stocks,DSU,Ordinary Dividend,12,1546,10.16,15707.36,11.661023622,-,1831.63896,1679.00238
Projected Income,Data,Stocks,ECAT,Ordinary Dividend,12,990,15.53,15374.7,21.404507405,-,3290.8788,3016.6389
Projected Income,Data,Stocks,EVV,Ordinary Dividend,12,2550,9.91,25270.5,8.863773966,-,2239.92,2053.26
Projected Income,Data,Stocks,FAX,Ordinary Dividend,12,1719,15.55,26730.45,12.733118971,-,3403.62,3119.985
Projected Income,Data,Stocks,GBAB,Ordinary Dividend,12,1715,15.02,25759.3,10.045006658,-,2587.5234,2371.89645
Projected Income,Data,Stocks,MRVL,Ordinary Dividend,4,20,82.93,1658.6,0.289400699,-,4.8,3.6
Projected Income,Data,Stocks,WDI,Ordinary Dividend,12,1084,13.75,14905,12.96,-,1931.688,1770.714
Projected Income,Data,,Total Stocks,,,,,190196.51,12.396643429,,23577.98316,21612.35123
Projected Income,Data,Cash,USD,Credit Interest,12,12759.15,1,12759.15,0,-,0,0
Projected Income,Data,,Total Cash,,,,,12759.15,0,,0,0
Projected Income,Data,,Total,,,,,317543.06,9.334962219,,29642.52468,27471.34187
Trade Summary,MetaInfo,Analysis Period,"August 20, 2025 - January 27, 2026"
Trade Summary,Header,Financial Instrument,Currency,Symbol,Description,Sector,Quantity Bought,Average Price Bought,Proceeds Bought,Proceeds Bought in Base,Quantity Sold,Average Price Sold,Proceeds Sold,Proceeds Sold in Base
Trade Summary,Data,ETFs,United States Dollar,BINC,ISHARES FLEX I A ETF-USD INC,Broad,480,53.099,-25487.52,-25487.52,0,0,0,0
Trade Summary,Data,ETFs,United States Dollar,SPHY,SS SPDR P HIGH YIELD ETF,Broad,1230,23.826747967,-29306.9,-29306.9,0,0,0,0
Trade Summary,Data,ETFs,United States Dollar,TLT,ISHARES 20+ YEAR TREASURY BD,Government,350,88.4993,-30974.755,-30974.755,0,0,0,0
Trade Summary,Data,ETFs,United States Dollar,USIG,ISHARES BROAD USD INVESTMENT,Broad,490,51.947,-25454.03,-25454.03,0,0,0,0
Trade Summary,Data,Stocks,United States Dollar,APLD,APPLIED DIGITAL CORP,Technology,70,26.6991,-1868.937,-1868.937,0,0,0,0
Trade Summary,Data,Stocks,United States Dollar,BBN,BLACKROCK TAXABLE MUNI BND,Broad,0,0,0,0,-1650,17.14,28281,28281
Trade Summary,Data,Stocks,United States Dollar,GDO,WESTERN AST GLB CORP OPPRNTY,Broad,0,0,0,0,-2296,11.420348432,26221.12,26221.12
Trade Summary,Data,Stocks,United States Dollar,GHY,PGIM GLOBAL HIGH YIELD FUND,Broad,0,0,0,0,-2301,13.33,30672.33,30672.33
Trade Summary,Data,Stocks,United States Dollar,LCID,LUCID GROUP INC,Consumer Cyclicals,80,24.178,-1934.24,-1934.24,0,0,0,0
Trade Summary,Data,Stocks,United States Dollar,LULU,LULULEMON ATHLETICA INC,Consumer Cyclicals,22,175.8373,-3868.4206,-3868.4206,0,0,0,0
Trade Summary,Data,Stocks,United States Dollar,MRVL,MARVELL TECHNOLOGY INC,Technology,20,86.51,-1730.2,-1730.2,0,0,0,0
Trade Summary,Data,Stocks,United States Dollar,VLT,INVESCO HIGH INCOME TRUST II,Broad,0,0,0,0,-2623,11.105783454,29130.47,29130.47
Deposits And Withdrawals,MetaInfo,Analysis Period,"August 20, 2025 - January 27, 2026"
Deposits And Withdrawals,Header,Date,Type,Description,Amount
Deposits And Withdrawals,Data,08/20/25,ACATIN,"Eaton Vance Ltd Durat Inc (EVV) Quantity: 2,550",25831.5
Deposits And Withdrawals,Data,08/20/25,ACATIN,"Blackrock Credit Allocation (BTZ) Quantity: 2,155",23511.05
Deposits And Withdrawals,Data,08/20/25,ACATIN,"Western Ast Glb Corp Opprnty (GDO) Quantity: 2,296",27597.92
Deposits And Withdrawals,Data,08/20/25,ACATIN,"Invesco High Income Trust II (VLT) Quantity: 2,623",29141.53
Deposits And Withdrawals,Data,08/20/25,ACATIN,"Blackrock Taxable Muni Bnd (BBN) Quantity: 1,650",26433
Deposits And Withdrawals,Data,08/20/25,ACATIN,"Guggenheim Taxable Municipal (GBAB) Quantity: 1,715",25982.25
Deposits And Withdrawals,Data,08/20/25,ACATIN,"Blackrock Debt Strategies (DSU) Quantity: 1,546",16202.08
Deposits And Withdrawals,Data,08/20/25,ACATIN,"Abrdn Income Credit Strat (ACP) Quantity: 4,570",27282.9
Deposits And Withdrawals,Data,08/20/25,ACATIN,"Brandywineglobal Global Inco (BWG) Quantity: 1,946",16871.82
Deposits And Withdrawals,Data,08/20/25,ACATIN,"Pgim Global High Yield Fund (GHY) Quantity: 2,301",30304.17
Deposits And Withdrawals,Data,08/20/25,ACATIN,Janus Henderson Aaa Clo Etf (JAAA) Quantity: 70,3549
Deposits And Withdrawals,Data,08/20/25,ACATIN,"Western Asset Divers Inc (WDI) Quantity: 1,084",16368.4
Deposits And Withdrawals,Data,08/20/25,ACATIN,Blackrock Esg Cap All Trm Tr (ECAT) Quantity: 990,16305.3
Deposits And Withdrawals,Data,08/20/25,ACATIN,"Abrdn Asia-pacific Income (FAX) Quantity: 1,719",28415.07
Deposits And Withdrawals,Data,09/24/25,DEPOSIT,Cash Receipts / Electronic Fund Transfers ,10000
Dividends,MetaInfo,Analysis Period,"August 20, 2025 - January 27, 2026"
Dividends,Header,PayDate,Ex-Date,Symbol,Quantity,DividendPerShare,Amount
Dividends,Data,20250829,20250822,FAX,1719,0.17,283.64
Dividends,Data,20250829,20250822,ACP,4570,0.08,354.17
Dividends,Data,20250902,20250822,GDO,2296,0.12,280.11
Dividends,Data,20250902,20250822,BWG,1946,0.08,155.68
Dividends,Data,20250902,20250822,WDI,1084,0.15,160.97
Dividends,Data,20250908,20250902,JAAA,70,0.22,15.58
Dividends,Data,20250924,20250912,EVV,2550,0.07,188.44
Dividends,Data,20250930,20250915,GBAB,1715,0.13,215.63
Dividends,Data,20250930,20250915,ECAT,990,0.29,284.69
Dividends,Data,20250930,20250915,BTZ,2155,0.08,180.8
Dividends,Data,20250930,20250915,DSU,1546,0.10,152.64
Dividends,Data,20250930,20250915,BBN,1650,0.10,162.69
Dividends,Data,20250930,20250923,ACP,4570,0.08,354.18
Dividends,Data,20250930,20250923,FAX,1719,0.17,283.64
Dividends,Data,20251001,20250923,BWG,1946,0.08,155.68
Dividends,Data,20251001,20250923,GDO,2296,0.12,280.11
Dividends,Data,20251001,20250923,WDI,1084,0.15,160.97
Dividends,Data,20251006,20251001,TLT,350,0.31,108.66
Dividends,Data,20251006,20251001,SPHY,1230,0.14,177.21
Dividends,Data,20251007,20251001,JAAA,70,0.23,15.87
Dividends,Data,20251023,20251014,EVV,2550,0.07,187.94
Dividends,Data,20251030,20251010,MRVL,20,0.06,1.2
Dividends,Data,20251031,20251015,GBAB,1715,0.13,215.63
Dividends,Data,20251031,20251024,ACP,4570,0.08,354.18
Dividends,Data,20251031,20251024,FAX,1719,0.17,283.64
Dividends,Data,20251031,20251015,BTZ,2155,0.08,180.8
Dividends,Data,20251031,20251015,DSU,1546,0.10,152.64
Dividends,Data,20251031,20251015,BBN,1650,0.10,162.69
Dividends,Data,20251031,20251015,ECAT,990,0.28,281.95
Dividends,Data,20251103,20251024,WDI,1084,0.15,160.97
Dividends,Data,20251103,20251024,BWG,1946,0.08,155.68
Dividends,Data,20251103,20251024,GDO,2296,0.12,280.11
Dividends,Data,20251106,20251103,SPHY,1230,0.14,175.37
Dividends,Data,20251106,20251103,TLT,350,0.33,113.79
Dividends,Data,20251107,20251103,JAAA,70,0.22,15.54
Dividends,Data,20251126,20251113,EVV,2550,0.07,187.17
Dividends,Data,20251128,20251121,FAX,1719,0.17,283.64
Dividends,Data,20251128,20251121,ACP,4570,0.08,354.18
Dividends,Data,20251128,20251114,DSU,1546,0.10,152.64
Dividends,Data,20251128,20251114,BTZ,2155,0.08,180.8
Dividends,Data,20251128,20251114,ECAT,990,0.28,278.98
Dividends,Data,20251128,20251114,GBAB,1715,0.13,215.63
Dividends,Data,20251201,20251120,BWG,1946,0.08,155.68
Dividends,Data,20251201,20251120,WDI,1084,0.15,160.97
Dividends,Data,20251204,20251201,TLT,350,0.32,112.23
Dividends,Data,20251204,20251201,SPHY,1230,0.14,171.84
Dividends,Data,20251204,20251201,BINC,480,0.22,106.55
Dividends,Data,20251204,20251201,USIG,490,0.20,98.89
Dividends,Data,20251204,20251201,BINC,480,0.00,0.82
Dividends,Data,20251204,20251201,BINC,480,0.14,65.1
Dividends,Data,20251205,20251201,JAAA,70,0.19,13.64
Dividends,Data,20251219,20251210,WDI,1084,0.15,160.97
Dividends,Data,20251223,20251218,SPHY,1230,0.14,173.03
Dividends,Data,20251224,20251212,EVV,2550,0.07,187.17
Dividends,Data,20251224,20251219,TLT,350,0.34,119.85
Dividends,Data,20251224,20251219,BINC,480,0.43,205.55
Dividends,Data,20251224,20251219,USIG,490,0.21,101.03
Dividends,Data,20251229,20251222,JAAA,70,0.25,17.19
Dividends,Data,20251231,20251223,BWG,1946,0.08,155.68
Dividends,Data,20251231,20251215,GBAB,1715,0.13,215.63
Dividends,Data,20251231,20251222,DSU,1546,0.10,152.64
Dividends,Data,20251231,20251222,BTZ,2155,0.08,180.8
Dividends,Data,20251231,20251222,ECAT,990,0.28,275.75
Dividends,Data,20260112,20251231,ACP,4570,0.08,354.18
Dividends,Data,20260112,20251231,FAX,1719,0.17,283.64
Dividends,Data,20260126,20260114,EVV,2550,0.07,186.66
Interest Details,MetaInfo,Analysis Period,"August 20, 2025 - January 27, 2026"
Interest Details,Header,Date,Description,Amount
Interest Details,Data,20250904,USD Debit Interest Paid for August 2025,-0.03
Notes and Disclosure,Header,Type,Note
Notes and Disclosure,Data,General,"1. The Net Asset Value (NAV) consists of all positions by financial instrument (stock, securities options, warrants, bonds, cash, etc.). All non-base currency amounts are converted to the base currency at the close of period rate."
Notes and Disclosure,Data,General,2. The gain or loss from future contracts settle into cash each night. The notional value is used when computing the contribution to return.
Notes and Disclosure,Data,General,"3. Dividend accruals, interest accruals, and insured deposits are included in cash amounts throughout the report."
Notes and Disclosure,Data,General,4. Price valuations are obtained from outside parties. Clearing Broker shall have no responsibility for the accuracy or timeliness of any such price valuation.
Notes and Disclosure,Data,General,5. Data from Thomson Reuters Business Classifications and Lipper Global is used to derive our sector classifications. Funds with assorted sector allocations are classified as Broad.
Notes and Disclosure,Data,General,"6. Amounts are formatted to two decimal places. If amounts are greater than two decimal places, Clearing Broker uses "half-even" rounding. This means that Clearing Broker rounds such amounts up to the nearest even number."
Notes and Disclosure,Data,General,"7. For accounts opened and funded before 2009, reports with a time period of Since Inception will only include data going back to January 1, 2009. This includes some default reports and both Historical Performance reports."
Notes and Disclosure,Data,General,"8. If you have elected to trade cryptocurrency/digital asset products at Crypto Provider through the Clearing Broker platform, for your convenience your positions in your linked account at Crypto Provider are reflected in PortfolioAnalyst in connection with your Clearing Broker account."
Notes and Disclosure,Data,Section,1. Account Overview: The deposit/withdrawal amount displayed includes internal transfers along with cash and position transfers.
Notes and Disclosure,Data,Section,2. Projected Income: The Estimated Annual Income and Estimated Remaining Income in the Projected Income report assume dividend and bond payments remain constant throughout the year. These positions and interest rates are based on the previous business day.
Notes and Disclosure,Data,Section,"3. Risk Measures: Historical US 3 Month Treasury Bill rates are used as the risk free rates when calculating Alpha, the Sharpe ratio, the Sortino ratio, and the downside deviation."
Notes and Disclosure,Data,Disclosure,"This portfolio report was generated using Clearing Broker's PortfolioAnalyst tool, which allows Clearing Broker clients to generate analyses of their accounts using market data provided by third parties along with trade and account data contained in Clearing Broker's systems. This report is for information purposes only and is provided AS IS. Clearing Broker makes no warranty of any kind, express or implied, as to this report and its contents. The data provided for use in the PortfolioAnalyst tool is believed to be accurate, but completeness and accuracy of the information is not guaranteed, and Clearing Broker has no liability with respect thereto. The data regarding accounts held outside of Clearing Broker is obtained either directly from your input or from the financial institutions holding those accounts through a third-party service provider and Clearing Broker has NOT reviewed its accuracy.

The material in this report is intended only as a reference and should not be relied upon for the maintenance of your books and records for tax, accounting, financial, or regulatory reporting or for any other purposes. This report is not an offer or a solicitation of an offer to buy or sell any security. This material does not, and is not intended to, take into account the particular financial conditions, investment objectives, or requirements of individual customers. Before acting on any material within this report, you should consider whether it is suitable for your particular circumstances and as necessary, seek professional advice."
