Introduction,Header,Name,Account,Alias,BaseCurrency,AccountType,AnalysisPeriod,PerformanceMeasure
Introduction,Data,Luz M Aspiazu Mejia,U16758684,,USD,Individual (Broker Client),"January 2, 2025 to January 27, 2026 (Daily)",TWR
Key Statistics,MetaInfo,Analysis Period,"January 2, 2025 - January 27, 2026"
Key Statistics,Header,BeginningNAV,EndingNAV,CumulativeReturn,5DayReturn,5DayReturnDateRange,10DayReturn,10DayReturnDateRange,BestReturn,BestReturnDate,WorstReturn,WorstReturnDate,MTM,Deposits & Withdrawals,Dividends,Interest,Fees & Commissions,Other,ChangeInNAV
Key Statistics,Data,0,291647.671987,9.914188239,2.302528569,20260121 - 20260127,1.603668104,20260114 - 20260127,2.950940128,20250409,-3.656057013,20250404,1035.393,264316,31757.97,0,-1142.66501,-4319.026003,291647.671987
Historical Performance,MetaInfo,Analysis Period,"January 2, 2025 - January 27, 2026"
Historical Performance,Header,Account,MTD,QTD,YTD,1 Year,Since Inception
Historical Performance,Data,U16758684,2.767900218,2.767900218,2.767900218,8.053902487,9.914188295
Historical Performance,Header,Month,Account,AccountReturn
Historical Performance,Data,202501,U16758684,-
Historical Performance,Data,202502,U16758684,1.334498298
Historical Performance,Data,202503,U16758684,-1.138608652
Historical Performance,Data,202504,U16758684,-1.241680047
Historical Performance,Data,202505,U16758684,0.470841673
Historical Performance,Data,202506,U16758684,2.457068792
Historical Performance,Data,202507,U16758684,0.806506971
Historical Performance,Data,202508,U16758684,1.813428335
Historical Performance,Data,202509,U16758684,0.20048027
Historical Performance,Data,202510,U16758684,0.21747361
Historical Performance,Data,202511,U16758684,0.351084533
Historical Performance,Data,202512,U16758684,-1.014595569
Historical Performance,Header,Quarter,Account,AccountReturn
Historical Performance,Data,2025 Q1,U16758684,-
Historical Performance,Data,2025 Q2,U16758684,1.661300393
Historical Performance,Data,2025 Q3,U16758684,2.840322776
Historical Performance,Data,2025 Q4,U16758684,-0.451050222
Historical Performance,Header,Year,Account,AccountReturn
Historical Performance,Data,YTD,U16758684,2.767900218
Open Position Summary,MetaInfo,As Of,"January 27, 2026"
Open Position Summary,Header,Date,FinancialInstrument,Currency,Symbol,Description,Sector,Quantity,ClosePrice,Value,Cost Basis,UnrealizedP&L,FXRateToBase
Open Position Summary,Data,01/27/2026,ETFs,USD,KBWD,INVESCO KBW HIGH DIVIDEND YI,Financials,1380,14.37,19830.6,20103.39285,-272.79285,1
Open Position Summary,Data,01/27/2026,ETFs,USD,LQDW,ISHARES INGR CORP BD B/W ETF,Broad,764,24.71,18878.44,20055.98191,-1177.54191,1
Open Position Summary,Data,01/27/2026,ETFs,USD,RYLD,GLOBAL X RUSSELL 2000 COV CL,Broad,1690,15.62,26397.8,27112.970087,-715.170087,1
Open Position Summary,Data,01/27/2026,ETFs,USD,TLTW,ISHARES 20+ BOND BUYWRITE,Broad,1174,22.89,26872.86,27066.051823,-193.191823,1
Open Position Summary,Data,Total,ETFs,USD,,,,,,91979.7,94338.39667,-2358.69667
Open Position Summary,Data,01/27/2026,Stocks,USD,BHK,BLACKROCK CORE BOND TRUST,Broad,1910,9.55,18240.5,18604.738483,-364.238483,1
Open Position Summary,Data,01/27/2026,Stocks,USD,BKT,BLACKROCK INCOME TRUST,Broad,2650,11.05,29282.5,30232.311767,-949.811767,1
Open Position Summary,Data,01/27/2026,Stocks,USD,BWG,BRANDYWINEGLOBAL GLOBAL INCO,Broad,2340,8.5,19890,20024.478019,-134.478019,1
Open Position Summary,Data,01/27/2026,Stocks,USD,DSU,BLACKROCK DEBT STRATEGIES,Broad,2000,10.16,20320,21567.697145,-1247.697145,1
Open Position Summary,Data,01/27/2026,Stocks,USD,ECAT,BLACKROCK ESG CAP ALL TRM TR,Broad,1270,15.53,19723.1,20084.629926,-361.529926,1
Open Position Summary,Data,01/27/2026,Stocks,USD,FAX,ABRDN ASIA-PACIFIC INCOME,Broad,2030,15.55,31566.5,30635.237477,931.262523,1
Open Position Summary,Data,01/27/2026,Stocks,USD,GBAB,GUGGENHEIM TAXABLE MUNICIPAL,Broad,1300,15.02,19526,20180.578844,-654.578844,1
Open Position Summary,Data,01/27/2026,Stocks,USD,GHY,PGIM GLOBAL HIGH YIELD FUND,Broad,1675,12.88,21574,20941.089309,632.910691,1
Open Position Summary,Data,01/27/2026,Stocks,USD,WDI,WESTERN ASSET DIVERS INC,Broad,1000,13.75,13750,14496.948572,-746.948572,1
Open Position Summary,Data,Total,Stocks,USD,,,,,,193872.6,196767.709542,-2895.109542
Open Position Summary,Data,01/27/2026,Cash,USD,USD,United States Dollar,Cash,5795.371987,1,5795.371987, , ,1
Performance by Symbol,MetaInfo,Analysis Period,"January 2, 2025 - January 27, 2026"
Performance by Symbol,Header,Symbol,Description,FinancialInstrument,Sector,AvgWeight,Return,Contribution,Unrealized_P&L,Realized_P&L,Open
Performance by Symbol,Data,KBWD,INVESCO KBW HIGH DIVIDEND YI,ETFs,Financials,6.743384168,8.418113038,0.564938344,-272.79,0.00,Yes
Performance by Symbol,Data,LQDW,ISHARES INGR CORP BD B/W ETF,ETFs,Broad,6.776589551,4.873047119,0.322131637,"-1,177.54",0.00,Yes
Performance by Symbol,Data,RYLD,GLOBAL X RUSSELL 2000 COV CL,ETFs,Broad,7.926220945,3.514430249,0.499862359,-715.17,0.00,Yes
Performance by Symbol,Data,SDIV,GLOBAL X SUPERDIVIDEND ETF,ETFs,Broad,7.38031566,17.753083349,1.241960643,0.00,"2,758.53",No
Performance by Symbol,Data,TLTW,ISHARES 20+ BOND BUYWRITE,ETFs,Broad,8.42630483,9.228921,0.753793842,-193.19,0.00,Yes
Performance by Symbol,Data,Total ETFs,,,,33.415051012,10.155129134,3.385607794,"-2,358.70","2,758.53",
Performance by Symbol,Data,BBN,BLACKROCK TAXABLE MUNI BND,Stocks,Broad,10.795979455,9.745570941,1.005465198,0.00,"1,530.65",No
Performance by Symbol,Data,BHK,BLACKROCK CORE BOND TRUST,Stocks,Broad,6.351205171,1.800008596,0.117485435,-364.24,0.00,Yes
Performance by Symbol,Data,BKT,BLACKROCK INCOME TRUST,Stocks,Broad,10.558565025,4.99716652,0.534493074,-949.81,0.00,Yes
Performance by Symbol,Data,BKT RT,BLACKROCK INCOME TR-RT,Stocks,Broad,0.086793336,-100,-0.110795234,0.00,0.00,No
Performance by Symbol,Data,BTZ,BLACKROCK CREDIT ALLOCATION,Stocks,Broad,10.874037253,8.81124565,0.972117746,0.00,781.21,No
Performance by Symbol,Data,BWG,BRANDYWINEGLOBAL GLOBAL INCO,Stocks,Broad,6.960199619,-0.017169085,-0.00096295,-134.48,0.00,Yes
Performance by Symbol,Data,DSU,BLACKROCK DEBT STRATEGIES,Stocks,Broad,7.254488269,2.637476506,0.245024783,"-1,247.70",0.00,Yes
Performance by Symbol,Data,ECAT,BLACKROCK ESG CAP ALL TRM TR,Stocks,Broad,6.988026031,-0.573921084,-0.039770796,-361.53,0.00,Yes
Performance by Symbol,Data,FAX,ABRDN ASIA-PACIFIC INCOME,Stocks,Broad,11.335702821,13.260356713,1.483800224,931.26,76.14,Yes
Performance by Symbol,Data,GBAB,GUGGENHEIM TAXABLE MUNICIPAL,Stocks,Broad,6.902463644,4.221812699,0.300024014,-654.58,0.00,Yes
Performance by Symbol,Data,GHY,PGIM GLOBAL HIGH YIELD FUND,Stocks,Broad,7.374389865,3.022338913,0.221630745,632.91,0.00,Yes
Performance by Symbol,Data,WDI,WESTERN ASSET DIVERS INC,Stocks,Broad,5.053621673,4.058052888,0.242925573,-746.95,0.00,Yes
Performance by Symbol,Data,Total Stocks,,,,64.809123854,7.684439045,4.965043259,"-2,895.11","2,388.01",
Performance by Symbol,Data,USD,United States Dollar,Cash,Cash,3.880929331,1253.36600557,1.425456706,,,Yes
Performance by Symbol,Data,Total Cash,,,,3.880929331,1253.36600557,1.425456706,,,
Performance by Symbol,Data,Total,,,,100,9.914188239,9.914188239,"-5,253.81","5,146.54",
Projected Income,MetaInfo,As Of,"January 27, 2026"
Projected Income,Header,Financial Instrument,Symbol,Description,Frequency,Quantity,Price,Value,Current Yield %,Principal,Estimated Annual Income,Estimated 2026 Remaining Income
Projected Income,Data,ETFs,KBWD,Ordinary Dividend,11,1380,14.37,19830.6,11.317675713,-,2244.363,2244.363
Projected Income,Data,ETFs,LQDW,Ordinary Dividend,12,764,24.71,18878.44,12.940914609,-,2443.0428,2443.0428
Projected Income,Data,ETFs,RYLD,Ordinary Dividend,11,1690,15.62,26397.8,11.077464789,-,2924.207,2924.207
Projected Income,Data,ETFs,TLTW,Ordinary Dividend,12,1174,22.89,26872.86,9.798621689,-,2633.169888399,2633.169888399
Projected Income,Data,,Total ETFs,,,,,91979.7,11.138091001,,10244.782688399,10244.782688399
Projected Income,Data,Stocks,BHK,Ordinary Dividend,12,1910,9.55,18240.5,9.37382199,-,1709.832,1567.346
Projected Income,Data,Stocks,BKT,Ordinary Dividend,12,2650,11.05,29282.5,9.578280543,-,2804.76,2571.03
Projected Income,Data,Stocks,BWG,Ordinary Dividend,12,2340,8.5,19890,11.294117647,-,2246.4,2059.2
Projected Income,Data,Stocks,DSU,Ordinary Dividend,12,2000,10.16,20320,11.661023622,-,2369.52,2172.06
Projected Income,Data,Stocks,ECAT,Ordinary Dividend,12,1270,15.53,19723.1,21.404507405,-,4221.6324,3869.8297
Projected Income,Data,Stocks,FAX,Ordinary Dividend,12,2030,15.55,31566.5,12.733118971,-,4019.4,3684.45
Projected Income,Data,Stocks,GBAB,Ordinary Dividend,12,1300,15.02,19526,10.045006658,-,1961.388,1797.939
Projected Income,Data,Stocks,GHY,Ordinary Dividend,12,1675,12.88,21574,9.782608696,-,2110.5,1934.625
Projected Income,Data,Stocks,WDI,Ordinary Dividend,12,1000,13.75,13750,12.96,-,1782,1633.5
Projected Income,Data,,Total Stocks,,,,,193872.6,11.979739478,,23225.4324,21289.9797
Projected Income,Data,,Total,,,,,285852.3,11.708919287,,33470.215088399,31534.762388399
Trade Summary,MetaInfo,Analysis Period,"January 2, 2025 - January 27, 2026"
Trade Summary,Header,Financial Instrument,Currency,Symbol,Description,Sector,Quantity Bought,Average Price Bought,Proceeds Bought,Proceeds Bought in Base,Quantity Sold,Average Price Sold,Proceeds Sold,Proceeds Sold in Base
Trade Summary,Data,ETFs,United States Dollar,KBWD,INVESCO KBW HIGH DIVIDEND YI,Financials,1380,14.53,-20051.4,-20051.4,0,0,0,0
Trade Summary,Data,ETFs,United States Dollar,LQDW,ISHARES INGR CORP BD B/W ETF,Broad,764,26.204858639,-20020.512,-20020.512,0,0,0,0
Trade Summary,Data,ETFs,United States Dollar,RYLD,GLOBAL X RUSSELL 2000 COV CL,Broad,1690,15.999260355,-27038.75,-27038.75,0,0,0,0
Trade Summary,Data,ETFs,United States Dollar,SDIV,GLOBAL X SUPERDIVIDEND ETF,Broad,1000,20.5196,-20519.6,-20519.6,-1000,23.38061,23380.61,23380.61
Trade Summary,Data,ETFs,United States Dollar,TLTW,ISHARES 20+ BOND BUYWRITE,Broad,1174,23.000238501,-27002.28,-27002.28,0,0,0,0
Trade Summary,Data,Stocks,United States Dollar,BBN,BLACKROCK TAXABLE MUNI BND,Broad,1900,16.07,-30533,-30533,-1900,16.935,32176.5,32176.5
Trade Summary,Data,Stocks,United States Dollar,BHK,BLACKROCK CORE BOND TRUST,Broad,1910,9.71,-18546.1,-18546.1,0,0,0,0
Trade Summary,Data,Stocks,United States Dollar,BKT,BLACKROCK INCOME TRUST,Broad,2650,11.38,-30157,-30157,0,0,0,0
Trade Summary,Data,Stocks,United States Dollar,BTZ,BLACKROCK CREDIT ALLOCATION,Broad,2900,10.488172414,-30415.7,-30415.7,-2900,10.81,31349,31349
Trade Summary,Data,Stocks,United States Dollar,BWG,BRANDYWINEGLOBAL GLOBAL INCO,Broad,2340,8.528719658,-19957.204,-19957.204,0,0,0,0
Trade Summary,Data,Stocks,United States Dollar,DSU,BLACKROCK DEBT STRATEGIES,Broad,2000,10.7536,-21507.2,-21507.2,0,0,0,0
Trade Summary,Data,Stocks,United States Dollar,ECAT,BLACKROCK ESG CAP ALL TRM TR,Broad,1270,15.778631496,-20038.862,-20038.862,0,0,0,0
Trade Summary,Data,Stocks,United States Dollar,FAX,ABRDN ASIA-PACIFIC INCOME,Broad,2158,15.05426089,-32487.095,-32487.095,-128,15.88,2032.64,2032.64
Trade Summary,Data,Stocks,United States Dollar,GBAB,GUGGENHEIM TAXABLE MUNICIPAL,Broad,1300,15.49,-20137,-20137,0,0,0,0
Trade Summary,Data,Stocks,United States Dollar,GHY,PGIM GLOBAL HIGH YIELD FUND,Broad,1675,12.47,-20887.25,-20887.25,0,0,0,0
Trade Summary,Data,Stocks,United States Dollar,WDI,WESTERN ASSET DIVERS INC,Broad,1000,14.4567,-14456.7,-14456.7,0,0,0,0
Deposits And Withdrawals,MetaInfo,Analysis Period,"January 2, 2025 - January 27, 2026"
Deposits And Withdrawals,Header,Date,Type,Description,Amount
Deposits And Withdrawals,Data,01/02/25,DEPOSIT,Cash Receipts / Electronic Fund Transfers ,28500
Deposits And Withdrawals,Data,01/02/25,DEPOSIT,Cash Receipts / Electronic Fund Transfers ,25000
Deposits And Withdrawals,Data,01/02/25,DEPOSIT,Cash Receipts / Electronic Fund Transfers ,29000
Deposits And Withdrawals,Data,01/03/25,DEPOSIT,Cash Receipts / Electronic Fund Transfers ,29000
Deposits And Withdrawals,Data,01/06/25,DEPOSIT,Cash Receipts / Electronic Fund Transfers ,29000
Deposits And Withdrawals,Data,01/06/25,DEPOSIT,Cash Receipts / Electronic Fund Transfers ,29000
Deposits And Withdrawals,Data,01/07/25,DEPOSIT,Cash Receipts / Electronic Fund Transfers ,30000
Deposits And Withdrawals,Data,01/10/25,DEPOSIT,Cash Receipts / Electronic Fund Transfers ,29000
Deposits And Withdrawals,Data,01/10/25,DEPOSIT,Cash Receipts / Electronic Fund Transfers ,29000
Deposits And Withdrawals,Data,01/13/25,DEPOSIT,Cash Receipts / Electronic Fund Transfers ,23500
Deposits And Withdrawals,Data,02/18/25,WITHDRAWAL,Disbursement Initiated By Luz M Aspiazu Mejia ,-1900
Deposits And Withdrawals,Data,04/08/25,WITHDRAWAL,Disbursement Initiated By Luz M Aspiazu Mejia ,-3459
Deposits And Withdrawals,Data,05/29/25,DEPOSIT,Cash Receipts / Electronic Fund Transfers ,10000
Deposits And Withdrawals,Data,06/17/25,WITHDRAWAL,Disbursement Initiated By Luz M Aspiazu Mejia ,-3500
Deposits And Withdrawals,Data,07/21/25,WITHDRAWAL,Disbursement Initiated By Luz M Aspiazu Mejia ,-5000
Deposits And Withdrawals,Data,08/19/25,WITHDRAWAL,Disbursement Initiated By Luz M Aspiazu Mejia ,-1950
Deposits And Withdrawals,Data,10/06/25,WITHDRAWAL,Disbursement Initiated By Luz M Aspiazu Mejia ,-3200
Deposits And Withdrawals,Data,12/03/25,WITHDRAWAL,Disbursement Initiated By Luz M Aspiazu Mejia ,-3800
Deposits And Withdrawals,Data,01/06/26,WITHDRAWAL,Disbursement Initiated By Luz M Aspiazu Mejia ,-3875
Corporate Actions,MetaInfo,Analysis Period,"January 2, 2025 - January 27, 2026"
Corporate Actions,Header,Date,Type,Description,Quantity
Corporate Actions,Data,20250926,Rights,BKT(US09247F2092) SUBSCRIBABLE RIGHTS ISSUE  1 FOR 1,2650
Corporate Actions,Data,20251030,Delisting,(US09247F1185) DELISTED,-2650
Dividends,MetaInfo,Analysis Period,"January 2, 2025 - January 27, 2026"
Dividends,Header,PayDate,Ex-Date,Symbol,Quantity,DividendPerShare,Amount
Dividends,Data,20250124,20250121,KBWD,1380,0.15,200.33
Dividends,Data,20250128,20250121,RYLD,1220,0.17,205.2
Dividends,Data,20250131,20250115,BTZ,2900,0.08,243.31
Dividends,Data,20250131,20250124,FAX,2158,0.17,356.07
Dividends,Data,20250131,20250115,BBN,1900,0.09,176.51
Dividends,Data,20250131,20250115,DSU,2000,0.10,197.46
Dividends,Data,20250131,20250115,BKT,2650,0.09,233.73
Dividends,Data,20250131,20250115,GBAB,1300,0.13,163.45
Dividends,Data,20250203,20250124,WDI,1000,0.15,148.5
Dividends,Data,20250207,20250204,LQDW,764,0.43,331.12
Dividends,Data,20250207,20250204,TLTW,865,0.39,335.86
Dividends,Data,20250212,20250205,SDIV,1000,0.19,193
Dividends,Data,20250228,20250214,DSU,2000,0.10,197.46
Dividends,Data,20250228,20250214,BBN,1900,0.09,176.51
Dividends,Data,20250228,20250214,BTZ,2900,0.08,243.31
Dividends,Data,20250228,20250221,FAX,2158,0.17,356.07
Dividends,Data,20250228,20250214,GBAB,1300,0.13,163.45
Dividends,Data,20250228,20250224,KBWD,1380,0.15,201.85
Dividends,Data,20250228,20250214,BKT,2650,0.09,233.73
Dividends,Data,20250303,20250221,WDI,1000,0.15,148.5
Dividends,Data,20250303,20250224,RYLD,1220,0.16,198.49
Dividends,Data,20250307,20250304,LQDW,764,0.26,198.6
Dividends,Data,20250307,20250304,TLTW,865,0.26,223.88
Dividends,Data,20250312,20250305,SDIV,1000,0.20,200
Dividends,Data,20250328,20250324,KBWD,1380,0.14,196.33
Dividends,Data,20250331,20250314,BKT,2650,0.09,233.73
Dividends,Data,20250331,20250325,FAX,2158,0.17,356.07
Dividends,Data,20250331,20250314,GBAB,1300,0.13,163.45
Dividends,Data,20250331,20250314,DSU,2000,0.10,197.46
Dividends,Data,20250331,20250314,BTZ,2900,0.08,243.31
Dividends,Data,20250331,20250314,BBN,1900,0.09,176.51
Dividends,Data,20250331,20250324,RYLD,1220,0.15,187.51
Dividends,Data,20250401,20250324,WDI,1000,0.15,148.5
Dividends,Data,20250407,20250402,TLTW,865,0.26,223.11
Dividends,Data,20250407,20250402,LQDW,764,0.27,210.03
Dividends,Data,20250410,20250403,SDIV,1000,0.20,195
Dividends,Data,20250425,20250421,KBWD,1380,0.14,193.27
Dividends,Data,20250428,20250421,RYLD,1220,0.14,174.58
Dividends,Data,20250430,20250423,FAX,2158,0.17,356.07
Dividends,Data,20250430,20250415,DSU,2000,0.10,197.46
Dividends,Data,20250430,20250415,BBN,1900,0.09,176.51
Dividends,Data,20250430,20250415,GBAB,1300,0.13,163.45
Dividends,Data,20250430,20250415,BTZ,2900,0.08,243.31
Dividends,Data,20250430,20250415,BKT,2650,0.09,233.73
Dividends,Data,20250501,20250423,WDI,1000,0.15,148.5
Dividends,Data,20250507,20250502,LQDW,764,0.56,426.58
Dividends,Data,20250507,20250502,TLTW,865,0.37,324.36
Dividends,Data,20250512,20250505,SDIV,1000,0.20,195
Dividends,Data,20250523,20250519,KBWD,1380,0.15,203.91
Dividends,Data,20250527,20250519,RYLD,1220,0.15,180.68
Dividends,Data,20250530,20250515,GBAB,1300,0.13,163.45
Dividends,Data,20250530,20250515,BKT,2650,0.09,233.73
Dividends,Data,20250530,20250515,BTZ,2900,0.08,243.31
Dividends,Data,20250530,20250515,DSU,2000,0.10,197.46
Dividends,Data,20250530,20250515,BBN,1900,0.09,176.51
Dividends,Data,20250530,20250522,FAX,2158,0.17,356.07
Dividends,Data,20250602,20250522,WDI,1000,0.15,148.5
Dividends,Data,20250606,20250603,LQDW,764,0.45,340.93
Dividends,Data,20250606,20250603,TLTW,865,0.42,362.09
Dividends,Data,20250611,20250604,SDIV,1000,0.19,192
Dividends,Data,20250627,20250623,KBWD,1380,0.15,203.56
Dividends,Data,20250630,20250613,GBAB,1300,0.13,163.45
Dividends,Data,20250630,20250623,RYLD,1690,0.15,250.97
Dividends,Data,20250630,20250623,FAX,2030,0.17,334.95
Dividends,Data,20250630,20250613,BTZ,2900,0.08,243.31
Dividends,Data,20250630,20250613,BBN,1900,0.09,176.51
Dividends,Data,20250630,20250613,BKT,2650,0.09,233.73
Dividends,Data,20250630,20250613,DSU,2000,0.10,197.46
Dividends,Data,20250701,20250623,WDI,1000,0.15,148.5
Dividends,Data,20250708,20250702,TLTW,1174,0.31,368.26
Dividends,Data,20250708,20250702,LQDW,764,0.29,224.5
Dividends,Data,20250711,20250703,SDIV,907,0.19,172.33
Dividends,Data,20250725,20250721,KBWD,1380,0.15,203.21
Dividends,Data,20250728,20250721,RYLD,1690,0.15,253.16
Dividends,Data,20250731,20250715,GBAB,1300,0.13,163.45
Dividends,Data,20250731,20250715,DSU,2000,0.10,197.46
Dividends,Data,20250731,20250715,BKT,2650,0.09,233.73
Dividends,Data,20250731,20250715,BTZ,2900,0.08,243.31
Dividends,Data,20250731,20250715,BHK,1910,0.07,142.49
Dividends,Data,20250731,20250715,BBN,1900,0.09,176.51
Dividends,Data,20250731,20250724,FAX,2030,0.17,334.95
Dividends,Data,20250801,20250724,WDI,1000,0.15,148.5
Dividends,Data,20250807,20250804,LQDW,764,0.31,240.42
Dividends,Data,20250807,20250804,TLTW,1174,0.23,271.3
Dividends,Data,20250822,20250818,KBWD,1380,0.15,202.93
Dividends,Data,20250825,20250818,RYLD,1690,0.15,254.51
Dividends,Data,20250829,20250815,BKT,2650,0.09,233.73
Dividends,Data,20250829,20250815,GBAB,1300,0.13,163.45
Dividends,Data,20250829,20250822,FAX,2030,0.17,334.95
Dividends,Data,20250829,20250815,BHK,1910,0.07,142.49
Dividends,Data,20250829,20250815,DSU,2000,0.10,197.46
Dividends,Data,20250829,20250815,BTZ,2900,0.08,243.31
Dividends,Data,20250829,20250815,BBN,1900,0.10,187.34
Dividends,Data,20250902,20250822,WDI,1000,0.15,148.5
Dividends,Data,20250908,20250903,TLTW,1174,0.22,256.31
Dividends,Data,20250908,20250903,LQDW,764,0.24,186.46
Dividends,Data,20250926,20250922,KBWD,1380,0.15,203.62
Dividends,Data,20250929,20250922,RYLD,1690,0.15,256.37
Dividends,Data,20250930,20250915,BBN,1900,0.10,187.34
Dividends,Data,20250930,20250915,GBAB,1300,0.13,163.45
Dividends,Data,20250930,20250915,BKT,2650,0.09,233.73
Dividends,Data,20250930,20250915,BHK,1910,0.07,142.49
Dividends,Data,20250930,20250915,DSU,2000,0.10,197.46
Dividends,Data,20250930,20250915,BTZ,2900,0.08,243.31
Dividends,Data,20250930,20250923,FAX,2030,0.17,334.95
Dividends,Data,20251001,20250923,WDI,1000,0.15,148.5
Dividends,Data,20251007,20251002,LQDW,764,0.24,180.53
Dividends,Data,20251007,20251002,TLTW,1174,0.14,169.67
Dividends,Data,20251024,20251020,KBWD,1380,0.15,203.48
Dividends,Data,20251027,20251020,RYLD,1690,0.15,257.73
Dividends,Data,20251031,20251024,FAX,2030,0.17,334.95
Dividends,Data,20251031,20251015,DSU,2000,0.10,197.46
Dividends,Data,20251031,20251015,BTZ,2900,0.08,243.31
Dividends,Data,20251031,20251015,BHK,1910,0.07,142.49
Dividends,Data,20251031,20251015,GBAB,1300,0.13,163.45
Dividends,Data,20251031,20251015,BBN,1900,0.10,187.34
Dividends,Data,20251031,20251015,BKT,2650,0.09,233.73
Dividends,Data,20251103,20251024,WDI,1000,0.15,148.5
Dividends,Data,20251107,20251104,TLTW,1174,0.38,444.1
Dividends,Data,20251107,20251104,LQDW,764,0.34,259
Dividends,Data,20251128,20251124,KBWD,1380,0.15,203.76
Dividends,Data,20251128,20251121,FAX,2030,0.17,334.95
Dividends,Data,20251128,20251114,DSU,2000,0.10,197.46
Dividends,Data,20251128,20251114,BHK,1910,0.07,142.49
Dividends,Data,20251128,20251114,BTZ,2900,0.08,243.31
Dividends,Data,20251128,20251114,BKT,2650,0.09,233.73
Dividends,Data,20251128,20251114,BBN,1900,0.10,187.34
Dividends,Data,20251128,20251114,GBAB,1300,0.13,163.45
Dividends,Data,20251201,20251120,WDI,1000,0.15,148.5
Dividends,Data,20251202,20251124,RYLD,1690,0.15,256.54
Dividends,Data,20251205,20251202,TLTW,1174,0.19,220.2
Dividends,Data,20251205,20251202,LQDW,764,0.27,203.4
Dividends,Data,20251219,20251210,WDI,1000,0.15,148.5
Dividends,Data,20251226,20251222,KBWD,1380,0.15,203.96
Dividends,Data,20251229,20251223,TLTW,1174,0.19,219.44
Dividends,Data,20251229,20251223,LQDW,764,0.27,203.59
Dividends,Data,20251230,20251222,RYLD,1690,0.16,262.12
Dividends,Data,20251231,20251222,DSU,2000,0.10,197.46
Dividends,Data,20251231,20251222,BKT,2650,0.09,233.73
Dividends,Data,20251231,20251222,BHK,1910,0.07,142.49
Dividends,Data,20251231,20251215,GBAB,1300,0.13,163.45
Dividends,Data,20260112,20251231,FAX,2030,0.17,334.95
Dividends,Data,20260123,20260120,KBWD,1380,0.15,204.03
Dividends,Data,20260123,20260120,RYLD,1690,0.16,265.84
Notes and Disclosure,Header,Type,Note
Notes and Disclosure,Data,General,"1. The Net Asset Value (NAV) consists of all positions by financial instrument (stock, securities options, warrants, bonds, cash, etc.). All non-base currency amounts are converted to the base currency at the close of period rate."
Notes and Disclosure,Data,General,2. The gain or loss from future contracts settle into cash each night. The notional value is used when computing the contribution to return.
Notes and Disclosure,Data,General,"3. Dividend accruals, interest accruals, and insured deposits are included in cash amounts throughout the report."
Notes and Disclosure,Data,General,4. Price valuations are obtained from outside parties. Clearing Broker shall have no responsibility for the accuracy or timeliness of any such price valuation.
Notes and Disclosure,Data,General,5. Data from Thomson Reuters Business Classifications and Lipper Global is used to derive our sector classifications. Funds with assorted sector allocations are classified as Broad.
Notes and Disclosure,Data,General,"6. Amounts are formatted to two decimal places. If amounts are greater than two decimal places, Clearing Broker uses "half-even" rounding. This means that Clearing Broker rounds such amounts up to the nearest even number."
Notes and Disclosure,Data,General,"7. For accounts opened and funded before 2009, reports with a time period of Since Inception will only include data going back to January 1, 2009. This includes some default reports and both Historical Performance reports."
Notes and Disclosure,Data,General,"8. If you have elected to trade cryptocurrency/digital asset products at Crypto Provider through the Clearing Broker platform, for your convenience your positions in your linked account at Crypto Provider are reflected in PortfolioAnalyst in connection with your Clearing Broker account."
Notes and Disclosure,Data,Section,1. Account Overview: The deposit/withdrawal amount displayed includes internal transfers along with cash and position transfers.
Notes and Disclosure,Data,Section,2. Projected Income: The Estimated Annual Income and Estimated Remaining Income in the Projected Income report assume dividend and bond payments remain constant throughout the year. These positions and interest rates are based on the previous business day.
Notes and Disclosure,Data,Section,"3. Risk Measures: Historical US 3 Month Treasury Bill rates are used as the risk free rates when calculating Alpha, the Sharpe ratio, the Sortino ratio, and the downside deviation."
Notes and Disclosure,Data,Disclosure,"This portfolio report was generated using Clearing Broker's PortfolioAnalyst tool, which allows Clearing Broker clients to generate analyses of their accounts using market data provided by third parties along with trade and account data contained in Clearing Broker's systems. This report is for information purposes only and is provided AS IS. Clearing Broker makes no warranty of any kind, express or implied, as to this report and its contents. The data provided for use in the PortfolioAnalyst tool is believed to be accurate, but completeness and accuracy of the information is not guaranteed, and Clearing Broker has no liability with respect thereto. The data regarding accounts held outside of Clearing Broker is obtained either directly from your input or from the financial institutions holding those accounts through a third-party service provider and Clearing Broker has NOT reviewed its accuracy.

The material in this report is intended only as a reference and should not be relied upon for the maintenance of your books and records for tax, accounting, financial, or regulatory reporting or for any other purposes. This report is not an offer or a solicitation of an offer to buy or sell any security. This material does not, and is not intended to, take into account the particular financial conditions, investment objectives, or requirements of individual customers. Before acting on any material within this report, you should consider whether it is suitable for your particular circumstances and as necessary, seek professional advice."
