Introduction,Header,Name,Account,Alias,BaseCurrency,AccountType,AnalysisPeriod,PerformanceMeasure
Introduction,Data,Maria Cecilia F Gomez,U16502239,,USD,Individual (Broker Client),"October 28, 2024 to January 27, 2026 (Daily)",TWR
Key Statistics,MetaInfo,Analysis Period,"October 28, 2024 - January 27, 2026"
Key Statistics,Header,BeginningNAV,EndingNAV,CumulativeReturn,5DayReturn,5DayReturnDateRange,10DayReturn,10DayReturnDateRange,BestReturn,BestReturnDate,WorstReturn,WorstReturnDate,MTM,Deposits & Withdrawals,Dividends,Interest,Fees & Commissions,Other,ChangeInNAV
Key Statistics,Data,0,8320.130768,66.40261536,3.721188479,20260121 - 20260127,2.923119085,20260114 - 20260127,13.692621784,20250409,-5.467222785,20250404,3451.3388,5000,23.21,0,-150.388026,-4.030006,8320.130768
Historical Performance,MetaInfo,Analysis Period,"October 28, 2024 - January 27, 2026"
Historical Performance,Header,Account,MTD,QTD,YTD,1 Year,Since Inception
Historical Performance,Data,U16502239,11.02832935,11.02832935,11.02832935,69.174237216,66.402615259
Historical Performance,Header,Month,Account,AccountReturn
Historical Performance,Data,202501,U16502239,-2.969217401
Historical Performance,Data,202502,U16502239,1.565407274
Historical Performance,Data,202503,U16502239,-3.168809521
Historical Performance,Data,202504,U16502239,-1.884765732
Historical Performance,Data,202505,U16502239,12.542600498
Historical Performance,Data,202506,U16502239,12.66127118
Historical Performance,Data,202507,U16502239,1.550585595
Historical Performance,Data,202508,U16502239,3.489418151
Historical Performance,Data,202509,U16502239,16.182080026
Historical Performance,Data,202510,U16502239,24.580373379
Historical Performance,Data,202511,U16502239,-10.106401113
Historical Performance,Data,202512,U16502239,-1.903365392
Historical Performance,Data,202401,U16502239,-
Historical Performance,Data,202402,U16502239,-
Historical Performance,Data,202403,U16502239,-
Historical Performance,Data,202404,U16502239,-
Historical Performance,Data,202405,U16502239,-
Historical Performance,Data,202406,U16502239,-
Historical Performance,Data,202407,U16502239,-
Historical Performance,Data,202408,U16502239,-
Historical Performance,Data,202409,U16502239,-
Historical Performance,Data,202410,U16502239,-
Historical Performance,Data,202411,U16502239,-2.03772392
Historical Performance,Data,202412,U16502239,-3.923142806
Historical Performance,Header,Quarter,Account,AccountReturn
Historical Performance,Data,2025 Q1,U16502239,-4.57314305
Historical Performance,Data,2025 Q2,U16502239,24.402193598
Historical Performance,Data,2025 Q3,U16502239,22.10052317
Historical Performance,Data,2025 Q4,U16502239,9.858206402
Historical Performance,Data,2024 Q1,U16502239,-
Historical Performance,Data,2024 Q2,U16502239,-
Historical Performance,Data,2024 Q3,U16502239,-
Historical Performance,Data,2024 Q4,U16502239,-
Historical Performance,Header,Year,Account,AccountReturn
Historical Performance,Data,YTD,U16502239,11.02832935
Historical Performance,Data,2025,U16502239,59.238723401
Open Position Summary,MetaInfo,As Of,"January 27, 2026"
Open Position Summary,Header,Date,FinancialInstrument,Currency,Symbol,Description,Sector,Quantity,ClosePrice,Value,Cost Basis,UnrealizedP&L,FXRateToBase
Open Position Summary,Data,01/27/2026,Stocks,USD,APLD,APPLIED DIGITAL CORP,Technology,40,41.35,1654,1510.977394,143.022606,1
Open Position Summary,Data,01/27/2026,Stocks,USD,CELH,CELSIUS HOLDINGS INC,Consumer Non-Cyc,20,55.51,1110.2,1043.284697,66.915303,1
Open Position Summary,Data,01/27/2026,Stocks,USD,LCID,LUCID GROUP INC,Consumer Cyclicals,25,11,275,523.807393,-248.807393,1
Open Position Summary,Data,01/27/2026,Stocks,USD,MRVL,MARVELL TECHNOLOGY INC,Technology,15,82.93,1243.95,1334.278587,-90.328587,1
Open Position Summary,Data,01/27/2026,Stocks,USD,STLA,STELLANTIS NV,Consumer Cyclicals,20,9.75,195,271.785697,-76.785697,1
Open Position Summary,Data,Total,Stocks,USD,,,,,,4478.15,4684.133768,-205.983768
Open Position Summary,Data,01/27/2026,Cash,USD,USD,United States Dollar,Cash,3841.980768,1,3841.980768, , ,1
Performance by Symbol,MetaInfo,Analysis Period,"October 28, 2024 - January 27, 2026"
Performance by Symbol,Header,Symbol,Description,FinancialInstrument,Sector,AvgWeight,Return,Contribution,Unrealized_P&L,Realized_P&L,Open
Performance by Symbol,Data,AA,ALCOA CORP,Stocks,Basic Materials,13.372643788,0.590990792,0.102405783,0.00,4.71,No
Performance by Symbol,Data,AMD,ADVANCED MICRO DEVICES,Stocks,Technology,20.78196559,41.309413117,10.377826575,0.00,726.86,No
Performance by Symbol,Data,AMZN,AMAZON.COM INC,Stocks,Consumer Cyclicals,12.577295116,3.824081741,0.767087956,0.00,24.16,No
Performance by Symbol,Data,APLD,APPLIED DIGITAL CORP,Stocks,Technology,16.199980451,163.999081186,24.802750028,143.02,"1,463.91",Yes
Performance by Symbol,Data,CELH,CELSIUS HOLDINGS INC,Stocks,Consumer Non-Cyc,13.340827183,74.355851601,8.867811361,66.92,347.79,Yes
Performance by Symbol,Data,INTC,INTEL CORP,Stocks,Technology,15.998690006,25.313303257,5.514497582,0.00,336.87,No
Performance by Symbol,Data,LCID,LUCID GROUP INC,Stocks,Consumer Cyclicals,5.416794636,-44.444444444,-2.412658383,-248.81,0.00,Yes
Performance by Symbol,Data,LCID.OLD,LUCID GROUP INC,Stocks,Consumer Cyclicals,8.690491217,-5.499615604,-0.482997023,0.00,0.00,No
Performance by Symbol,Data,MRVL,MARVELL TECHNOLOGY INC,Stocks,Technology,16.464384244,-6.722628101,-1.01986149,-90.33,0.00,Yes
Performance by Symbol,Data,MSFT,MICROSOFT CORP,Stocks,Technology,26.602959357,18.395887492,5.189806112,0.00,228.67,No
Performance by Symbol,Data,NVDA,NVIDIA CORP,Stocks,Technology,24.764491968,21.806554539,5.962265188,0.00,290.95,No
Performance by Symbol,Data,SOFI,SOFI TECHNOLOGIES INC,Stocks,Financials,11.810071542,8.803359467,1.016225981,0.00,83.00,No
Performance by Symbol,Data,STLA,STELLANTIS NV,Stocks,Consumer Cyclicals,4.001445296,-23.115985531,-1.254619872,-76.79,0.00,Yes
Performance by Symbol,Data,Total Stocks,,,,81.606440688,83.362028933,66.412804485,-205.98,"3,506.93",
Performance by Symbol,Data,USD,United States Dollar,Cash,Cash,21.138730099,-0.322121115,-0.006131382,,,Yes
Performance by Symbol,Data,Total Cash,,,,21.138730099,-0.322121115,-0.006131382,,,
Performance by Symbol,Data,Total,,,,100,66.40261536,66.40261536,-205.98,"3,506.93",
Projected Income,MetaInfo,As Of,"January 27, 2026"
Projected Income,Header,Financial Instrument,Symbol,Description,Frequency,Quantity,Price,Value,Current Yield %,Principal,Estimated Annual Income,Estimated 2026 Remaining Income
Projected Income,Data,Stocks,MRVL,Ordinary Dividend,4,15,82.93,1243.95,0.289400699,-,3.6,2.7
Projected Income,Data,Stocks,STLA,Ordinary Dividend,1,20,9.75,195,7.934698057,-,15.47266121,15.47266121
Projected Income,Data,,Total,,,,,1438.95,1.325456841,,19.07266121,18.17266121
Trade Summary,MetaInfo,Analysis Period,"October 28, 2024 - January 27, 2026"
Trade Summary,Header,Financial Instrument,Currency,Symbol,Description,Sector,Quantity Bought,Average Price Bought,Proceeds Bought,Proceeds Bought in Base,Quantity Sold,Average Price Sold,Proceeds Sold,Proceeds Sold in Base
Trade Summary,Data,Stocks,United States Dollar,AA,ALCOA CORP,Basic Materials,25,31.68,-792,-792,-25,32.31,807.75,807.75
Trade Summary,Data,Stocks,United States Dollar,AMD,ADVANCED MICRO DEVICES,Technology,12,156.9575,-1883.49,-1883.49,-12,218.88,2626.56,2626.56
Trade Summary,Data,Stocks,United States Dollar,AMZN,AMAZON.COM INC,Consumer Cyclicals,3,208.8299,-626.4897,-626.4897,-3,220.4645,661.3935,661.3935
Trade Summary,Data,Stocks,United States Dollar,APLD,APPLIED DIGITAL CORP,Technology,115,24.192913043,-2782.185,-2782.185,-75,36.84,2763,2763
Trade Summary,Data,Stocks,United States Dollar,CELH,CELSIUS HOLDINGS INC,Consumer Non-Cyc,40,39.425,-1577,-1577,-20,44.9,898,898
Trade Summary,Data,Stocks,United States Dollar,INTC,INTEL CORP,Technology,55,24.584723636,-1352.1598,-1352.1598,-55,31.015,1705.825,1705.825
Trade Summary,Data,Stocks,United States Dollar,LCID.OLD,LUCID GROUP INC,Consumer Cyclicals,250,2.065,-516.25,-516.25,0,0,0,0
Trade Summary,Data,Stocks,United States Dollar,MRVL,MARVELL TECHNOLOGY INC,Technology,15,88.5885,-1328.8275,-1328.8275,0,0,0,0
Trade Summary,Data,Stocks,United States Dollar,MSFT,MICROSOFT CORP,Technology,3,423.605,-1270.815,-1270.815,-3,503.41,1510.23,1510.23
Trade Summary,Data,Stocks,United States Dollar,NVDA,NVIDIA CORP,Technology,9,147.769688889,-1329.9272,-1329.9272,-9,181.3,1631.7,1631.7
Trade Summary,Data,Stocks,United States Dollar,SOFI,SOFI TECHNOLOGIES INC,Financials,35,26.7793,-937.2755,-937.2755,-35,29.47,1031.45,1031.45
Trade Summary,Data,Stocks,United States Dollar,STLA,STELLANTIS NV,Consumer Cyclicals,20,13.315,-266.3,-266.3,0,0,0,0
Deposits And Withdrawals,MetaInfo,Analysis Period,"October 28, 2024 - January 27, 2026"
Deposits And Withdrawals,Header,Date,Type,Description,Amount
Deposits And Withdrawals,Data,10/28/24,DEPOSIT,Cash Receipts / Electronic Fund Transfers ,5000
Corporate Actions,MetaInfo,Analysis Period,"October 28, 2024 - January 27, 2026"
Corporate Actions,Header,Date,Type,Description,Quantity
Corporate Actions,Data,20250901,Split,LCID.OLD(US5494981039) SPLIT 1 FOR 10,-250
Corporate Actions,Data,20250901,Split,LCID.OLD(US5494981039) SPLIT 1 FOR 10,25
Dividends,MetaInfo,Analysis Period,"October 28, 2024 - January 27, 2026"
Dividends,Header,PayDate,Ex-Date,Symbol,Quantity,DividendPerShare,Amount
Dividends,Data,20241212,20241121,MSFT,3,0.83,2.49
Dividends,Data,20241227,20241205,NVDA,9,0.01,0.09
Dividends,Data,20250313,20250220,MSFT,3,0.83,2.49
Dividends,Data,20250402,20250312,NVDA,9,0.01,0.09
Dividends,Data,20250505,20250423,STLA,20,0.77,15.47
Dividends,Data,20250612,20250515,MSFT,3,0.83,2.49
Dividends,Data,20250703,20250611,NVDA,9,0.01,0.09
Notes and Disclosure,Header,Type,Note
Notes and Disclosure,Data,General,"1. The Net Asset Value (NAV) consists of all positions by financial instrument (stock, securities options, warrants, bonds, cash, etc.). All non-base currency amounts are converted to the base currency at the close of period rate."
Notes and Disclosure,Data,General,2. The gain or loss from future contracts settle into cash each night. The notional value is used when computing the contribution to return.
Notes and Disclosure,Data,General,"3. Dividend accruals, interest accruals, and insured deposits are included in cash amounts throughout the report."
Notes and Disclosure,Data,General,4. Price valuations are obtained from outside parties. Clearing Broker shall have no responsibility for the accuracy or timeliness of any such price valuation.
Notes and Disclosure,Data,General,5. Data from Thomson Reuters Business Classifications and Lipper Global is used to derive our sector classifications. Funds with assorted sector allocations are classified as Broad.
Notes and Disclosure,Data,General,"6. Amounts are formatted to two decimal places. If amounts are greater than two decimal places, Clearing Broker uses "half-even" rounding. This means that Clearing Broker rounds such amounts up to the nearest even number."
Notes and Disclosure,Data,General,"7. For accounts opened and funded before 2009, reports with a time period of Since Inception will only include data going back to January 1, 2009. This includes some default reports and both Historical Performance reports."
Notes and Disclosure,Data,General,"8. If you have elected to trade cryptocurrency/digital asset products at Crypto Provider through the Clearing Broker platform, for your convenience your positions in your linked account at Crypto Provider are reflected in PortfolioAnalyst in connection with your Clearing Broker account."
Notes and Disclosure,Data,Section,1. Account Overview: The deposit/withdrawal amount displayed includes internal transfers along with cash and position transfers.
Notes and Disclosure,Data,Section,2. Projected Income: The Estimated Annual Income and Estimated Remaining Income in the Projected Income report assume dividend and bond payments remain constant throughout the year. These positions and interest rates are based on the previous business day.
Notes and Disclosure,Data,Section,"3. Risk Measures: Historical US 3 Month Treasury Bill rates are used as the risk free rates when calculating Alpha, the Sharpe ratio, the Sortino ratio, and the downside deviation."
Notes and Disclosure,Data,Disclosure,"This portfolio report was generated using Clearing Broker's PortfolioAnalyst tool, which allows Clearing Broker clients to generate analyses of their accounts using market data provided by third parties along with trade and account data contained in Clearing Broker's systems. This report is for information purposes only and is provided AS IS. Clearing Broker makes no warranty of any kind, express or implied, as to this report and its contents. The data provided for use in the PortfolioAnalyst tool is believed to be accurate, but completeness and accuracy of the information is not guaranteed, and Clearing Broker has no liability with respect thereto. The data regarding accounts held outside of Clearing Broker is obtained either directly from your input or from the financial institutions holding those accounts through a third-party service provider and Clearing Broker has NOT reviewed its accuracy.

The material in this report is intended only as a reference and should not be relied upon for the maintenance of your books and records for tax, accounting, financial, or regulatory reporting or for any other purposes. This report is not an offer or a solicitation of an offer to buy or sell any security. This material does not, and is not intended to, take into account the particular financial conditions, investment objectives, or requirements of individual customers. Before acting on any material within this report, you should consider whether it is suitable for your particular circumstances and as necessary, seek professional advice."
