Introduction,Header,Name,Account,Alias,BaseCurrency,AccountType,AnalysisPeriod,PerformanceMeasure
Introduction,Data,Mario E Rojas Talavera,U4802485,,USD,Individual (Broker Client),"December 18, 2020 to January 27, 2026 (Daily)",TWR
Key Statistics,MetaInfo,Analysis Period,"December 18, 2020 - January 27, 2026"
Key Statistics,Header,BeginningNAV,EndingNAV,CumulativeReturn,5DayReturn,5DayReturnDateRange,10DayReturn,10DayReturnDateRange,BestReturn,BestReturnDate,WorstReturn,WorstReturnDate,MTM,Deposits & Withdrawals,Dividends,Interest,Fees & Commissions,Other,ChangeInNAV
Key Statistics,Data,0,16445.16869,-51.98664562,1.965132499,20260121 - 20260127,0.386041523,20260114 - 20260127,20.140015002,20250409,-8.632480407,20250403,2492.6002,14178.51,62.41,0,-250.031426,-38.320084,16445.16869
Historical Performance,MetaInfo,Analysis Period,"December 18, 2020 - January 27, 2026"
Historical Performance,Header,Account,MTD,QTD,YTD,1 Year,3 Year,5 Year,Since Inception
Historical Performance,Data,U4802485,6.089459905,6.089459905,6.089459905,55.803244686,-36.290563123,-51.986645682,-51.986645682
Historical Performance,Header,Month,Account,AccountReturn
Historical Performance,Data,202501,U4802485,-0.502437336
Historical Performance,Data,202502,U4802485,-2.694934686
Historical Performance,Data,202503,U4802485,-1.935255237
Historical Performance,Data,202504,U4802485,0.178412939
Historical Performance,Data,202505,U4802485,10.448980952
Historical Performance,Data,202506,U4802485,21.487343917
Historical Performance,Data,202507,U4802485,12.334894233
Historical Performance,Data,202508,U4802485,3.822226265
Historical Performance,Data,202509,U4802485,9.634784919
Historical Performance,Data,202510,U4802485,-6.152665979
Historical Performance,Data,202511,U4802485,-3.692270941
Historical Performance,Data,202512,U4802485,-0.487252884
Historical Performance,Data,202401,U4802485,-26.46065243
Historical Performance,Data,202402,U4802485,3.681612385
Historical Performance,Data,202403,U4802485,-0.804866727
Historical Performance,Data,202404,U4802485,4.46554949
Historical Performance,Data,202405,U4802485,0.778540449
Historical Performance,Data,202406,U4802485,-16.631071106
Historical Performance,Data,202407,U4802485,-3.615183332
Historical Performance,Data,202408,U4802485,-16.718282253
Historical Performance,Data,202409,U4802485,27.168690457
Historical Performance,Data,202410,U4802485,-11.464182276
Historical Performance,Data,202411,U4802485,-7.231880972
Historical Performance,Data,202412,U4802485,0
Historical Performance,Data,202301,U4802485,8.545449865
Historical Performance,Data,202302,U4802485,-3.871816154
Historical Performance,Data,202303,U4802485,-2.148140675
Historical Performance,Data,202304,U4802485,-19.044216871
Historical Performance,Data,202305,U4802485,-13.355249075
Historical Performance,Data,202306,U4802485,18.778234147
Historical Performance,Data,202307,U4802485,25.262249045
Historical Performance,Data,202308,U4802485,-24.216761956
Historical Performance,Data,202309,U4802485,-7.182136105
Historical Performance,Data,202310,U4802485,-8.522883734
Historical Performance,Data,202311,U4802485,-0.449502308
Historical Performance,Data,202312,U4802485,13.710152358
Historical Performance,Data,202201,U4802485,-3.133600937
Historical Performance,Data,202202,U4802485,11.624858837
Historical Performance,Data,202203,U4802485,2.332596888
Historical Performance,Data,202204,U4802485,-11.835655748
Historical Performance,Data,202205,U4802485,0.104461784
Historical Performance,Data,202206,U4802485,-1.826173888
Historical Performance,Data,202207,U4802485,-0.850351237
Historical Performance,Data,202208,U4802485,3.21616582
Historical Performance,Data,202209,U4802485,-4.050737138
Historical Performance,Data,202210,U4802485,-1.569624666
Historical Performance,Data,202211,U4802485,1.869595227
Historical Performance,Data,202212,U4802485,-3.670565752
Historical Performance,Data,202101,U4802485,0
Historical Performance,Data,202102,U4802485,-1.66450518
Historical Performance,Data,202103,U4802485,-16.505364998
Historical Performance,Data,202104,U4802485,3.227579851
Historical Performance,Data,202105,U4802485,0.518672309
Historical Performance,Data,202106,U4802485,1.414629613
Historical Performance,Data,202107,U4802485,-0.18449149
Historical Performance,Data,202108,U4802485,-9.66562653
Historical Performance,Data,202109,U4802485,0.744500448
Historical Performance,Data,202110,U4802485,16.996134176
Historical Performance,Data,202111,U4802485,1.045479062
Historical Performance,Data,202112,U4802485,-15.390595518
Historical Performance,Header,Quarter,Account,AccountReturn
Historical Performance,Data,2025 Q1,U4802485,-5.057471632
Historical Performance,Data,2025 Q2,U4802485,34.420930559
Historical Performance,Data,2025 Q3,U4802485,27.86550168
Historical Performance,Data,2025 Q4,U4802485,-10.058153874
Historical Performance,Data,2024 Q1,U4802485,-24.366903675
Historical Performance,Data,2024 Q2,U4802485,-12.230145362
Historical Performance,Data,2024 Q3,U4802485,2.07949173
Historical Performance,Data,2024 Q4,U4802485,-17.866987231
Historical Performance,Data,2023 Q1,U4802485,2.101340127
Historical Performance,Data,2023 Q2,U4802485,-16.684270684
Historical Performance,Data,2023 Q3,U4802485,-11.890054589
Historical Performance,Data,2023 Q4,U4802485,3.551201514
Historical Performance,Data,2022 Q1,U4802485,10.649147814
Historical Performance,Data,2022 Q2,U4802485,-13.355273806
Historical Performance,Data,2022 Q3,U4802485,-1.806996366
Historical Performance,Data,2022 Q4,U4802485,-3.409874286
Historical Performance,Data,2021 Q1,U4802485,-17.895137522
Historical Performance,Data,2021 Q2,U4802485,5.230854746
Historical Performance,Data,2021 Q3,U4802485,-9.160986725
Historical Performance,Data,2021 Q4,U4802485,0.024649318
Historical Performance,Header,Year,Account,AccountReturn
Historical Performance,Data,YTD,U4802485,6.089459905
Historical Performance,Data,2025,U4802485,46.771886059
Historical Performance,Data,2024,U4802485,-44.343804994
Historical Performance,Data,2023,U4802485,-22.386276813
Historical Performance,Data,2022,U4802485,-9.070776304
Historical Performance,Data,2021,U4802485,-21.496065847
Open Position Summary,MetaInfo,As Of,"January 27, 2026"
Open Position Summary,Header,Date,FinancialInstrument,Currency,Symbol,Description,Sector,Quantity,ClosePrice,Value,Cost Basis,UnrealizedP&L,FXRateToBase
Open Position Summary,Data,01/27/2026,Stocks,USD,JD,JD.COM INC-ADR,Consumer Cyclicals,150,29.5,4425,4802.429436,-377.429436,1
Open Position Summary,Data,01/27/2026,Stocks,USD,NOW,SERVICENOW INC,Technology,41,131.8,5403.8,5488.058957,-84.258957,1
Open Position Summary,Data,01/27/2026,Stocks,USD,NVO,NOVO-NORDISK A/S-SPONS ADR,Healthcare,70,62.89,4402.3,3584.058147,818.241853,1
Open Position Summary,Data,01/27/2026,Stocks,USD,VRNS,VARONIS SYSTEMS INC,Technology,50,34.21,1710.5,1750.186357,-39.686357,1
Open Position Summary,Data,Total,Stocks,USD,,,,,,15941.6,15624.732897,316.867103
Open Position Summary,Data,01/27/2026,Cash,USD,USD,United States Dollar,Cash,503.56869,1,503.56869, , ,1
Performance by Symbol,MetaInfo,Analysis Period,"December 18, 2020 - January 27, 2026"
Performance by Symbol,Header,Symbol,Description,FinancialInstrument,Sector,AvgWeight,Return,Contribution,Unrealized_P&L,Realized_P&L,Open
Performance by Symbol,Data,SHY,ISHARES 1-3 YEAR TREASURY BO,ETFs,Government,17.632463453,-0.762295414,-0.134026831,0.00,-13.56,No
Performance by Symbol,Data,Total ETFs,,,,17.632463453,-0.762295414,-0.134026831,0.00,-13.56,
Performance by Symbol,Data,AMD,ADVANCED MICRO DEVICES,Stocks,Technology,42.138378136,49.872243233,28.659074381,0.00,"3,261.86",No
Performance by Symbol,Data,BBIG,VINCO VENTURES INC,Stocks,Technology,45.608071368,-12.85948815,-5.864964533,0.00,-243.19,No
Performance by Symbol,Data,BIDU,BAIDU INC - SPON ADR,Stocks,Technology,17.881014496,10.486368129,1.413578012,0.00,138.56,No
Performance by Symbol,Data,CBDBY,CIA BRASILEIRA DE DIS- ADR,Stocks,Consumer Non-Cyc,30.798398901,2.218711797,1.304856184,0.00,28.95,No
Performance by Symbol,Data,CEMI,CHEMBIO DIAGNOSTICS INC,Stocks,Healthcare,23.015250043,1.585522417,0.364911949,0.00,14.96,No
Performance by Symbol,Data,CNC,CENTENE CORP,Stocks,Healthcare,29.471287252,23.835297885,6.11025948,0.00,961.11,No
Performance by Symbol,Data,COTY,COTY INC-CL A,Stocks,Consumer Non-Cyc,46.190480145,0.709694271,0.327811192,0.00,13.47,No
Performance by Symbol,Data,FCEL,FUELCELL ENERGY INC,Stocks,Energy,1.304925221,-35.533537904,-0.428108547,0.00,"-1,365.33",No
Performance by Symbol,Data,FCEL,FUELCELL ENERGY INC,Stocks,Energy,17.975572083,-96.742553253,-26.737317145,0.00,377.97,No
Performance by Symbol,Data,GEVO,GEVO INC,Stocks,Energy,20.676394972,-39.553454885,-9.104172037,0.00,-467.69,No
Performance by Symbol,Data,HYLN,HYLIION HOLDINGS CORP,Stocks,Industrials,34.529323159,14.106797418,4.5889412,0.00,229.45,No
Performance by Symbol,Data,IQ,IQIYI INC-ADR,Stocks,Technology,36.383422855,-65.298652007,-29.752286091,0.00,-790.77,No
Performance by Symbol,Data,JD,JD.COM INC-ADR,Stocks,Consumer Cyclicals,29.12054859,-7.921603866,-2.143112895,-377.43,0.00,Yes
Performance by Symbol,Data,NIO,NIO INC - ADR,Stocks,Consumer Cyclicals,31.374722944,-68.81048593,-25.698474324,0.00,"-1,125.97",No
Performance by Symbol,Data,NOW,SERVICENOW INC,Stocks,Technology,33.172997001,-1.53531436,-0.498675902,-84.26,0.00,Yes
Performance by Symbol,Data,NVO,NOVO-NORDISK A/S-SPONS ADR,Stocks,Healthcare,23.282719296,23.75807242,5.63003736,818.24,0.00,Yes
Performance by Symbol,Data,PAAS,PAN AMERICAN SILVER CORP,Stocks,Basic Materials,38.780833389,-5.065000071,-1.381524505,0.00,-79.32,No
Performance by Symbol,Data,STM,STMICROELECTRONICS NV-NY SHS,Stocks,Technology,22.752631672,12.46504706,4.826903117,0.00,268.45,No
Performance by Symbol,Data,VALE,VALE SA-SP ADR,Stocks,Basic Materials,20.809257101,-3.638931015,-0.763611723,0.00,-74.38,No
Performance by Symbol,Data,VRNS,VARONIS SYSTEMS INC,Stocks,Technology,10.626418308,-2.267550372,-0.227721266,-39.69,0.00,Yes
Performance by Symbol,Data,WISH,CONTEXTLOGIC INC - A,Stocks,Technology,26.447287507,-7.482928369,-2.003321862,0.00,-83.02,No
Performance by Symbol,Data,XYZ,BLOCK INC,Stocks,Industrials,26.774218306,30.423904663,7.643307306,0.00,902.13,No
Performance by Symbol,Data,Total Stocks,,,,63.624281228,-72.963313625,-51.283663214,316.87,"1,967.23",
Performance by Symbol,Data,USD,United States Dollar,Cash,Cash,42.603782329,-2.465142158,-0.65222423,,,Yes
Performance by Symbol,Data,Fees,Fees,Cash,Cash,-,-,-0.649598709,,,-
Performance by Symbol,Data,Total Cash,,,,42.604271069,-5.618921082,-1.297586099,,,
Performance by Symbol,Data,Total,,,,100,-51.98664562,-51.98664562,316.87,"1,953.67",
Projected Income,MetaInfo,As Of,"January 27, 2026"
Projected Income,Header,Financial Instrument,Symbol,Description,Frequency,Quantity,Price,Value,Current Yield %,Principal,Estimated Annual Income,Estimated 2026 Remaining Income
Projected Income,Data,Stocks,JD,Ordinary Dividend,1,150,29.5,4425,3.389830508,-,150,150
Projected Income,Data,Stocks,NVO,Ordinary Dividend,2,70,62.89,4402.3,2.746700588,-,120.918,120.918
Projected Income,Data,,Total,,,,,8827.3,3.069092474,,270.918,270.918
Trade Summary,MetaInfo,Analysis Period,"December 18, 2020 - January 27, 2026"
Trade Summary,Header,Financial Instrument,Currency,Symbol,Description,Sector,Quantity Bought,Average Price Bought,Proceeds Bought,Proceeds Bought in Base,Quantity Sold,Average Price Sold,Proceeds Sold,Proceeds Sold in Base
Trade Summary,Data,ETFs,United States Dollar,SHY,ISHARES 1-3 YEAR TREASURY BO,Government,0,0,0,0,-87,82.037342529,7137.2488,7137.2488
Trade Summary,Data,Stocks,United States Dollar,AMD,ADVANCED MICRO DEVICES,Technology,49,109.439285714,-5362.525,-5362.525,-49,176.49,8648.01,8648.01
Trade Summary,Data,Stocks,United States Dollar,BBIG,VINCO VENTURES INC,Technology,230,8.217173913,-1889.95,-1889.95,-230,7.17,1649.1,1649.1
Trade Summary,Data,Stocks,United States Dollar,BIDU,BAIDU INC - SPON ADR,Technology,100,100.27125,-10027.125,-10027.125,-100,101.91,10191,10191
Trade Summary,Data,Stocks,United States Dollar,CBDBY,CIA BRASILEIRA DE DIS- ADR,Consumer Non-Cyc,300,4.345,-1303.5,-1303.5,-300,4.451666667,1335.5,1335.5
Trade Summary,Data,Stocks,United States Dollar,CEMI,CHEMBIO DIAGNOSTICS INC,Healthcare,300,3.14,-942,-942,-300,3.2,960,960
Trade Summary,Data,Stocks,United States Dollar,CNC,CENTENE CORP,Healthcare,150,26.815,-4022.25,-4022.25,-150,33.355,5003.25,5003.25
Trade Summary,Data,Stocks,United States Dollar,COTY,COTY INC-CL A,Consumer Non-Cyc,200,9.4825,-1896.5,-1896.5,-200,9.56,1912,1912
Trade Summary,Data,Stocks,United States Dollar,FCEL,FUELCELL ENERGY INC,Energy,0,0,0,0,-6.6667,6.168316674,41.12231677,41.12231677
Trade Summary,Data,Stocks,United States Dollar,FCEL,FUELCELL ENERGY INC,Energy,400,6.91,-2764,-2764,-200,8.73,1746,1746
Trade Summary,Data,Stocks,United States Dollar,GEVO,GEVO INC,Energy,200,11.594,-2318.8,-2318.8,-200,9.275825,1855.165,1855.165
Trade Summary,Data,Stocks,United States Dollar,HYLN,HYLIION HOLDINGS CORP,Industrials,100,16.255,-1625.5,-1625.5,-100,18.57,1857,1857
Trade Summary,Data,Stocks,United States Dollar,IQ,IQIYI INC-ADR,Technology,200,6.05,-1210,-1210,-200,2.155,431,431
Trade Summary,Data,Stocks,United States Dollar,JD,JD.COM INC-ADR,Consumer Cyclicals,150,31.9493,-4792.395,-4792.395,0,0,0,0
Trade Summary,Data,Stocks,United States Dollar,NIO,NIO INC - ADR,Consumer Cyclicals,200,29.075,-5815,-5815,-200,23.5155,4703.1,4703.1
Trade Summary,Data,Stocks,United States Dollar,NOW,SERVICENOW INC,Technology,41,133.659121951,-5480.024,-5480.024,0,0,0,0
Trade Summary,Data,Stocks,United States Dollar,NVO,NOVO-NORDISK A/S-SPONS ADR,Healthcare,70,51.0791,-3575.537,-3575.537,0,0,0,0
Trade Summary,Data,Stocks,United States Dollar,PAAS,PAN AMERICAN SILVER CORP,Basic Materials,50,30.25,-1512.5,-1512.5,-50,28.7038,1435.19,1435.19
Trade Summary,Data,Stocks,United States Dollar,STM,STMICROELECTRONICS NV-NY SHS,Technology,100,22.685,-2268.5,-2268.5,-100,25.55,2555,2555
Trade Summary,Data,Stocks,United States Dollar,VALE,VALE SA-SP ADR,Basic Materials,0,0,0,0,-200,9.90215,1980.43,1980.43
Trade Summary,Data,Stocks,United States Dollar,VRNS,VARONIS SYSTEMS INC,Technology,50,34.84,-1742,-1742,0,0,0,0
Trade Summary,Data,Stocks,United States Dollar,WISH,CONTEXTLOGIC INC - A,Technology,150,7.39,-1108.5,-1108.5,-150,6.85,1027.5,1027.5
Trade Summary,Data,Stocks,United States Dollar,XYZ,BLOCK INC,Industrials,50,59.14,-2957,-2957,-50,77.51,3875.5,3875.5
Deposits And Withdrawals,MetaInfo,Analysis Period,"December 18, 2020 - January 27, 2026"
Deposits And Withdrawals,Header,Date,Type,Description,Amount
Deposits And Withdrawals,Data,12/18/20,DEPOSIT,Cash Receipts / Electronic Fund Transfers ,5000
Deposits And Withdrawals,Data,11/12/24,ACATIN,Ishares 1-3 Year Treasury Bo (SHY) Quantity: 75,6150.75
Deposits And Withdrawals,Data,11/12/24,ACATIN,Vale Sa-sp Adr (VALE) Quantity: 200,2044
Deposits And Withdrawals,Data,01/09/25,ACATIN,Ishares 1-3 Year Treasury Bo (SHY) Quantity: 12,983.76
Corporate Actions,MetaInfo,Analysis Period,"December 18, 2020 - January 27, 2026"
Corporate Actions,Header,Date,Type,Description,Quantity
Corporate Actions,Data,20241108,Split,FCEL(US35952H6018) SPLIT 1 FOR 30,-200
Corporate Actions,Data,20241108,Split,FCEL(US35952H6018) SPLIT 1 FOR 30,6.6667
Dividends,MetaInfo,Analysis Period,"December 18, 2020 - January 27, 2026"
Dividends,Header,PayDate,Ex-Date,Symbol,Quantity,DividendPerShare,Amount
Dividends,Data,20210607,20210524,PAAS,50,0.07,3.51
Dividends,Data,20250401,20250325,STM,100,0.09,9
Dividends,Data,20250701,20250624,STM,100,0.09,9
Dividends,Data,20250826,20250818,NVO,70,0.58,40.9
Fee Summary,MetaInfo,Analysis Period,"December 18, 2020 - January 27, 2026"
Fee Summary,Header,Date,Description,Amount
Fee Summary,Data,20210505,Balance of Monthly Minimum Fee For Apr 2021 ,-10
Fee Summary,Data,20210603,Balance of Monthly Minimum Fee For May 2021 ,-10
Fee Summary,Data,20210705,Balance of Monthly Minimum Fee For Jun 2021 ,-7.97
Notes and Disclosure,Header,Type,Note
Notes and Disclosure,Data,General,"1. The Net Asset Value (NAV) consists of all positions by financial instrument (stock, securities options, warrants, bonds, cash, etc.). All non-base currency amounts are converted to the base currency at the close of period rate."
Notes and Disclosure,Data,General,2. The gain or loss from future contracts settle into cash each night. The notional value is used when computing the contribution to return.
Notes and Disclosure,Data,General,"3. Dividend accruals, interest accruals, and insured deposits are included in cash amounts throughout the report."
Notes and Disclosure,Data,General,4. Price valuations are obtained from outside parties. Clearing Broker shall have no responsibility for the accuracy or timeliness of any such price valuation.
Notes and Disclosure,Data,General,5. Data from Thomson Reuters Business Classifications and Lipper Global is used to derive our sector classifications. Funds with assorted sector allocations are classified as Broad.
Notes and Disclosure,Data,General,"6. Amounts are formatted to two decimal places. If amounts are greater than two decimal places, Clearing Broker uses "half-even" rounding. This means that Clearing Broker rounds such amounts up to the nearest even number."
Notes and Disclosure,Data,General,"7. For accounts opened and funded before 2009, reports with a time period of Since Inception will only include data going back to January 1, 2009. This includes some default reports and both Historical Performance reports."
Notes and Disclosure,Data,General,"8. If you have elected to trade cryptocurrency/digital asset products at Crypto Provider through the Clearing Broker platform, for your convenience your positions in your linked account at Crypto Provider are reflected in PortfolioAnalyst in connection with your Clearing Broker account."
Notes and Disclosure,Data,Section,1. Account Overview: The deposit/withdrawal amount displayed includes internal transfers along with cash and position transfers.
Notes and Disclosure,Data,Section,2. Projected Income: The Estimated Annual Income and Estimated Remaining Income in the Projected Income report assume dividend and bond payments remain constant throughout the year. These positions and interest rates are based on the previous business day.
Notes and Disclosure,Data,Section,"3. Risk Measures: Historical US 3 Month Treasury Bill rates are used as the risk free rates when calculating Alpha, the Sharpe ratio, the Sortino ratio, and the downside deviation."
Notes and Disclosure,Data,Disclosure,"This portfolio report was generated using Clearing Broker's PortfolioAnalyst tool, which allows Clearing Broker clients to generate analyses of their accounts using market data provided by third parties along with trade and account data contained in Clearing Broker's systems. This report is for information purposes only and is provided AS IS. Clearing Broker makes no warranty of any kind, express or implied, as to this report and its contents. The data provided for use in the PortfolioAnalyst tool is believed to be accurate, but completeness and accuracy of the information is not guaranteed, and Clearing Broker has no liability with respect thereto. The data regarding accounts held outside of Clearing Broker is obtained either directly from your input or from the financial institutions holding those accounts through a third-party service provider and Clearing Broker has NOT reviewed its accuracy.

The material in this report is intended only as a reference and should not be relied upon for the maintenance of your books and records for tax, accounting, financial, or regulatory reporting or for any other purposes. This report is not an offer or a solicitation of an offer to buy or sell any security. This material does not, and is not intended to, take into account the particular financial conditions, investment objectives, or requirements of individual customers. Before acting on any material within this report, you should consider whether it is suitable for your particular circumstances and as necessary, seek professional advice."
