Introduction,Header,Name,Account,Alias,BaseCurrency,AccountType,AnalysisPeriod,PerformanceMeasure
Introduction,Data,Maria G Maurtua De Romana De Garcia Yrigoyen,U6524812,,USD,Individual (Broker Client),"July 12, 2021 to January 27, 2026 (Daily)",TWR
Key Statistics,MetaInfo,Analysis Period,"July 12, 2021 - January 27, 2026"
Key Statistics,Header,BeginningNAV,EndingNAV,CumulativeReturn,5DayReturn,5DayReturnDateRange,10DayReturn,10DayReturnDateRange,BestReturn,BestReturnDate,WorstReturn,WorstReturnDate,MTM,Deposits & Withdrawals,Dividends,Interest,Fees & Commissions,Other,ChangeInNAV
Key Statistics,Data,0,37.892656748,4188.275542165,0,20260121 - 20260127,0.000000025,20260114 - 20260127,3124.484294226,20240206,-30.307381316,20240604,-11675.779998001,-13358.35,28131.9549,2192.2290698,-1982.369284096,-3269.792030955,37.892656748
Historical Performance,MetaInfo,Analysis Period,"July 12, 2021 - January 27, 2026"
Historical Performance,Header,Account,MTD,QTD,YTD,1 Year,3 Year,Since Inception
Historical Performance,Data,U6524812,-0.00000023,-0.00000023,-0.00000023,6.312660594,4153.107027442,4188.275545564
Historical Performance,Header,Month,Account,AccountReturn
Historical Performance,Data,202501,U6524812,-0.00000035
Historical Performance,Data,202502,U6524812,6.312660945
Historical Performance,Data,202503,U6524812,-0.00000002
Historical Performance,Data,202504,U6524812,0.00000034
Historical Performance,Data,202505,U6524812,-0.00000114
Historical Performance,Data,202506,U6524812,-0.00000013
Historical Performance,Data,202507,U6524812,0
Historical Performance,Data,202508,U6524812,0.0000007
Historical Performance,Data,202509,U6524812,0.0000002
Historical Performance,Data,202510,U6524812,0.00000016
Historical Performance,Data,202511,U6524812,-0.00000018
Historical Performance,Data,202512,U6524812,0.00000005
Historical Performance,Data,202401,U6524812,0.216768478
Historical Performance,Data,202402,U6524812,7452.166944761
Historical Performance,Data,202403,U6524812,-1.145816711
Historical Performance,Data,202404,U6524812,-4.355072874
Historical Performance,Data,202405,U6524812,-22.089294851
Historical Performance,Data,202406,U6524812,-30.307381292
Historical Performance,Data,202407,U6524812,-0.00000005
Historical Performance,Data,202408,U6524812,0.00000022
Historical Performance,Data,202409,U6524812,0.00000034
Historical Performance,Data,202410,U6524812,0.00000001
Historical Performance,Data,202411,U6524812,-0.00000012
Historical Performance,Data,202412,U6524812,0.00000018
Historical Performance,Data,202301,U6524812,5.175557211
Historical Performance,Data,202302,U6524812,-1.92629642
Historical Performance,Data,202303,U6524812,1.437856298
Historical Performance,Data,202304,U6524812,0.3677893
Historical Performance,Data,202305,U6524812,-3.179578886
Historical Performance,Data,202306,U6524812,2.452530379
Historical Performance,Data,202307,U6524812,1.834864913
Historical Performance,Data,202308,U6524812,-2.472908932
Historical Performance,Data,202309,U6524812,-3.739513347
Historical Performance,Data,202310,U6524812,-3.588424391
Historical Performance,Data,202311,U6524812,6.972257495
Historical Performance,Data,202312,U6524812,5.076865035
Historical Performance,Data,202201,U6524812,2.486507742
Historical Performance,Data,202202,U6524812,-0.544326813
Historical Performance,Data,202203,U6524812,-0.211680896
Historical Performance,Data,202204,U6524812,-1.518306186
Historical Performance,Data,202205,U6524812,1.086711959
Historical Performance,Data,202206,U6524812,-1.585939049
Historical Performance,Data,202207,U6524812,4.610499366
Historical Performance,Data,202208,U6524812,-1.590022283
Historical Performance,Data,202209,U6524812,-10.688867966
Historical Performance,Data,202210,U6524812,0.811862201
Historical Performance,Data,202211,U6524812,7.257168791
Historical Performance,Data,202212,U6524812,-2.399335194
Historical Performance,Data,202101,U6524812,-
Historical Performance,Data,202102,U6524812,-
Historical Performance,Data,202103,U6524812,-
Historical Performance,Data,202104,U6524812,-
Historical Performance,Data,202105,U6524812,-
Historical Performance,Data,202106,U6524812,-
Historical Performance,Data,202107,U6524812,-
Historical Performance,Data,202108,U6524812,0.325999991
Historical Performance,Data,202109,U6524812,0.88706243
Historical Performance,Data,202110,U6524812,-0.401652336
Historical Performance,Data,202111,U6524812,-0.370980366
Historical Performance,Data,202112,U6524812,-0.954291475
Historical Performance,Header,Quarter,Account,AccountReturn
Historical Performance,Data,2025 Q1,U6524812,6.312660552
Historical Performance,Data,2025 Q2,U6524812,-0.00000093
Historical Performance,Data,2025 Q3,U6524812,0.0000009
Historical Performance,Data,2025 Q4,U6524812,0.00000003
Historical Performance,Data,2024 Q1,U6524812,7381.816092769
Historical Performance,Data,2024 Q2,U6524812,-48.066707262
Historical Performance,Data,2024 Q3,U6524812,0.00000051
Historical Performance,Data,2024 Q4,U6524812,0.00000007
Historical Performance,Data,2023 Q1,U6524812,4.632706723
Historical Performance,Data,2023 Q2,U6524812,-0.440200154
Historical Performance,Data,2023 Q3,U6524812,-4.397375377
Historical Performance,Data,2023 Q4,U6524812,8.369594569
Historical Performance,Data,2022 Q1,U6524812,1.71288273
Historical Performance,Data,2022 Q2,U6524812,-2.026926395
Historical Performance,Data,2022 Q3,U6524812,-8.056717866
Historical Performance,Data,2022 Q4,U6524812,5.533597263
Historical Performance,Data,2021 Q1,U6524812,-
Historical Performance,Data,2021 Q2,U6524812,-
Historical Performance,Data,2021 Q3,U6524812,-
Historical Performance,Data,2021 Q4,U6524812,-1.718075177
Historical Performance,Header,Year,Account,AccountReturn
Historical Performance,Data,YTD,U6524812,-0.00000023
Historical Performance,Data,2025,U6524812,6.312660552
Historical Performance,Data,2024,U6524812,3785.553476124
Historical Performance,Data,2023,U6524812,7.926660427
Historical Performance,Data,2022,U6524812,-3.307354885
Open Position Summary,MetaInfo,As Of,"January 27, 2026"
Open Position Summary,Header,Date,FinancialInstrument,Currency,Symbol,Description,Sector,Quantity,ClosePrice,Value,Cost Basis,UnrealizedP&L,FXRateToBase
Open Position Summary,Data,01/27/2026,Cash,USD,USD,United States Dollar,Cash,37.892617,1,37.892617, , ,1
Performance by Symbol,MetaInfo,Analysis Period,"July 12, 2021 - January 27, 2026"
Performance by Symbol,Header,Symbol,Description,FinancialInstrument,Sector,AvgWeight,Return,Contribution,Unrealized_P&L,Realized_P&L,Open
Performance by Symbol,Data,RCL 5 1/2 04/01/28 TAE3,RCL 5 1/2 04/01/28,Bonds,Consumer Cyclicals,89.562563359,2.161274459,1.961036958,0.00,"1,778.10",No
Performance by Symbol,Data,Total Bonds,,,,89.562563359,2.161274459,1.961036958,0.00,"1,778.10",
Performance by Symbol,Data,2828,HANGSENG CHINA ENT INDEX,ETFs,Broad,12.872749432,-12.678045037,-1.726398093,0.00,"-3,544.51",No
Performance by Symbol,Data,3033,CSOP HANG SENG TECH INDE,ETFs,Technology,1.574524777,-20.635519905,-0.359336426,0.00,-807.65,No
Performance by Symbol,Data,BGRN,ISHARES USD GREEN BOND ETF,ETFs,Broad,4.062628907,-1.710332988,-0.061164827,0.00,-238.20,No
Performance by Symbol,Data,BIL,SS SPDR BB 1-3M T-BILL ETF,ETFs,Government,19.555062393,0.815214103,0.158330757,0.00,123.94,No
Performance by Symbol,Data,BND,VANGUARD TOTAL BOND MARKET,ETFs,Broad,3.191521076,0.310042304,-0.004247697,0.00,-60.37,No
Performance by Symbol,Data,BOND,PIMCO ACTIVE BOND EXCHANGE-T,ETFs,Broad,3.98874768,-1.570785379,-0.065964279,0.00,-227.30,No
Performance by Symbol,Data,CEFD,ETRACS 150% CL END FUND ETN,ETFs,Financials,7.652807829,-0.996190975,-0.087209576,0.00,"-1,154.35",No
Performance by Symbol,Data,ECH,ISHARES MSCI CHILE ETF,ETFs,Broad,1.892335101,14.420330602,0.253566071,0.00,496.12,No
Performance by Symbol,Data,EDV,VANGUARD EXTENDED DUR TREAS,ETFs,Government,4.366154219,0.354975426,0.324603011,0.00,955.88,No
Performance by Symbol,Data,EMB,ISHARES J.P. MORGAN USD EMERGI,ETFs,Broad,6.457880223,5.30814996,0.626390857,0.00,"1,044.26",No
Performance by Symbol,Data,EWG,ISHARES MSCI GERMANY ETF,ETFs,Broad,1.041671465,0.670510611,0.018869338,0.00,14.94,No
Performance by Symbol,Data,IGOV,ISHARES INTERNATIONAL TREASU,ETFs,Broad,3.607691765,1.874197189,0.080205781,0.00,148.79,No
Performance by Symbol,Data,JEPI,JPMORGAN EQUITY PREMIUM INCO,ETFs,Broad,6.089558382,3.413802408,0.215240298,0.00,142.18,No
Performance by Symbol,Data,JETS,US GLOBAL JETS ETF,ETFs,Industrials,0.886978339,5.611301197,0.056007079,0.00,109.48,No
Performance by Symbol,Data,KWEB,KRANESH CSI CHINA INTERNET,ETFs,Technology,1.109258205,14.864299179,0.187978636,0.00,375.47,No
Performance by Symbol,Data,LQD,ISHARES IBOXX INVESTMENT GRA,ETFs,Broad,3.643905123,0.884065414,0.069612281,0.00,81.39,No
Performance by Symbol,Data,MJ,ETFMG ALTERNATIVE HARVEST,ETFs,Broad,1.302971714,-36.584728571,-0.342446958,0.00,-784.29,No
Performance by Symbol,Data,NUSI.OLD,NATIONWIDE NASDAQ-100 RISK-M,ETFs,Broad,2.334829151,4.754654217,0.109021341,0.00,189.72,No
Performance by Symbol,Data,QYLD,GLOBAL X NASD 100 COV CALL,ETFs,Broad,3.264354929,7.653209583,0.263712666,0.00,433.53,No
Performance by Symbol,Data,RYLD,GLOBAL X RUSSELL 2000 COV CL,ETFs,Broad,1.731712501,-1.721002179,-0.029166007,0.00,-73.22,No
Performance by Symbol,Data,SDIV,GLOBAL X SUPERDIVIDEND ETF,ETFs,Broad,9.423133283,5.150682236,0.432006852,0.00,81.56,No
Performance by Symbol,Data,SHV,ISHARES SHORT TREASURY BOND,ETFs,Government,8.559033066,1.773413726,0.150700705,0.00,32.40,No
Performance by Symbol,Data,SHY,ISHARES 1-3 YEAR TREASURY BO,ETFs,Government,199.332875482,-1.808902183,-4.57631577,0.00,-13.59,No
Performance by Symbol,Data,SUSB,ISHARES ESG AWARE 1-5 YEAR U,ETFs,Broad,1.039424908,0.962216775,0.008582118,0.00,1.37,No
Performance by Symbol,Data,TAN,INVESCO SOLAR ETF,ETFs,Energy,1.706976553,1.067749628,0.018338506,0.00,44.16,No
Performance by Symbol,Data,TBF,PROSHARES SHORT 20+ TREASURY,ETFs,Broad,0.913878209,7.900054667,0.068204669,0.00,146.94,No
Performance by Symbol,Data,TLT,ISHARES 20+ YEAR TREASURY BD,ETFs,Government,9.873838738,-4.799492358,0.101812526,0.00,-138.93,No
Performance by Symbol,Data,TMV,DRX DLY 20+ YR TREAS BEAR 3X,ETFs,Broad,0.695129606,15.100204298,0.099548387,0.00,217.44,No
Performance by Symbol,Data,VCIT,VANGUARD INT-TERM CORPORATE,ETFs,Broad,1.728001619,-1.189039959,-0.0230919,0.00,-102.69,No
Performance by Symbol,Data,VCLT,VANGUARD LONG-TERM CORP BOND,ETFs,Broad,1.808414839,-2.97290638,-0.058371031,0.00,-186.94,No
Performance by Symbol,Data,XYLD,GLOBAL X S&P 500 COVE CALL E,ETFs,Broad,7.163609237,2.15729587,0.13112891,0.00,617.88,No
Performance by Symbol,Data,Total ETFs,,,,45.874565375,2.713179447,-4.122546384,0.00,"-2,074.61",
Performance by Symbol,Data,ACB   230120C00004000,ACB 20JAN23 4 C,Options,Healthcare,0.020150345,-96.45389722,-0.052406973,0.00,-112.84,No
Performance by Symbol,Data,ATVI  211217C00070000,ATVI 17DEC21 70.0 C,Options,Telecomm,0.688729249,30.03570738,0.201901369,0.00,348.04,No
Performance by Symbol,Data,ATVI  220218C00070000,ATVI 18FEB22 70.0 C,Options,Telecomm,0.11075089,-14.739164941,-0.014956171,0.00,1.22,No
Performance by Symbol,Data,BA    220408C00180000,BA 08APR22 180.0 C,Options,Industrials,0.053484386,-100,-0.087094303,0.00,-189.05,No
Performance by Symbol,Data,BABA  211210P00110000,BABA 10DEC21 110.0 P,Options,Technology,0.023987635,-100,-0.079674228,0.00,-135.02,No
Performance by Symbol,Data,BABA  230616C00200000,BABA 16JUN23 200 C,Options,Technology,0.604668628,-49.376136905,-0.433892245,0.00,-760.75,No
Performance by Symbol,Data,BABA  240119C00080000,BABA 19JAN24 80 C,Options,Technology,0.139265315,23.315533587,0.033160484,0.00,85.21,No
Performance by Symbol,Data,BABA  240119C00200000,BABA 19JAN24 200 C,Options,Technology,0.52263491,-51.841047605,-0.618253515,0.00,"-1,166.80",No
Performance by Symbol,Data,BABA  240216C00080000,BABA 16FEB24 80 C,Options,Technology,0.219519237,-61.03395857,-0.161148475,0.00,-405.84,No
Performance by Symbol,Data,BABA1 250117C00095000,BABA1 17JAN25 95 C,Options,Technology,0.245755627,-14.024083428,-0.035739771,0.00,-87.34,No
Performance by Symbol,Data,BMY   230721C00065000,BMY 21JUL23 65 C,Options,Healthcare,0.110170856,-98.769727091,-0.216008023,0.00,-529.50,No
Performance by Symbol,Data,C     220617C00052500,C 17JUN22 52.5 C,Options,Financials,0.077419504,-9.377817821,-0.012112326,0.00,-27.11,No
Performance by Symbol,Data,C     240119C00045000,C 19JAN24 45 C,Options,Financials,0.380748515,-1.973463556,-0.006134543,0.00,-15.12,No
Performance by Symbol,Data,C     240119C00050000,C 19JAN24 50 C,Options,Financials,0.290131928,-24.362765937,-0.078287467,0.00,-170.69,No
Performance by Symbol,Data,C     250117C00045000,C 17JAN25 45 C,Options,Financials,0.352866515,17.895826798,0.056494022,0.00,140.31,No
Performance by Symbol,Data,DOCU  230310C00075000,DOCU 10MAR23 75 C,Options,Technology,0.029740242,-100.070028101,-0.0302778,0.00,-73.59,No
Performance by Symbol,Data,GOLD  240119C00015000,GOLD 19JAN24 15 C,Options,Basic Materials,0.226260545,-33.05119924,-0.088462264,0.00,-189.05,No
Performance by Symbol,Data,GOOGL 230210C00100000,GOOGL 10FEB23 100 C,Options,Telecomm,0.00691476,-100,-0.017500678,0.00,-43.85,No
Performance by Symbol,Data,INTC  220617C00045000,INTC 17JUN22 45 C,Options,Technology,0.183041896,65.28102138,0.096364586,0.00,203.02,No
Performance by Symbol,Data,INTC  220715C00045000,INTC 15JUL22 45 C,Options,Technology,0.105165678,33.959534943,0.030743877,0.00,65.90,No
Performance by Symbol,Data,JD    220401C00062000,JD 01APR22 62.0 C,Options,Consumer Cyclicals,0.06925223,35.238234016,0.027959162,0.00,60.96,No
Performance by Symbol,Data,JD    220408C00064000,JD 08APR22 64.0 C,Options,Consumer Cyclicals,0.041193322,-100,-0.109888099,0.00,-240.75,No
Performance by Symbol,Data,JETS  230120C00016860,JETS 20JAN23 16.86 C,Options,Industrials,0.101560531,-1.749635888,-0.001677091,0.00,-3.69,No
Performance by Symbol,Data,KWEB  220617C00040000,KWEB 17JUN22 40 C,Options,Technology,0.06290641,62.639256716,0.033109864,0.00,69.33,No
Performance by Symbol,Data,LAZR  211119C00025000,LAZR 19NOV21 25.0 C,Options,Consumer Cyclicals,0.064743328,-86.979605023,-0.094983918,0.00,-164.69,No
Performance by Symbol,Data,MDB   211210P00260000,MDB 10DEC21 260.0 P,Options,Technology,0.118630102,-97.563863719,-0.111564502,0.00,-189.29,No
Performance by Symbol,Data,META  240119C00200000,META 19JAN24 200 C,Options,Telecomm,1.277328164,-5.392461646,-0.07378868,0.00,-166.67,No
Performance by Symbol,Data,OUST1 240119C00002500,OUST1 19JAN24 2.5 C,Options,Technology,0.096422684,16.150270375,0.016323304,0.00,32.90,No
Performance by Symbol,Data,QQQ   211020P00374000,QQQ 20OCT21 374.0 P,Options,Broad,0.042644648,-23.353814407,-0.011596332,0.00,-19.95,No
Performance by Symbol,Data,QQQ   211201P00393000,QQQ 01DEC21 393.0 P,Options,Broad,0.012897575,165.543865386,0.021351144,0.00,36.45,No
Performance by Symbol,Data,QQQ   211215P00385000,QQQ 15DEC21 385.0 P,Options,Broad,0.056416214,-93.794844318,-0.0529155,0.00,-113.16,No
Performance by Symbol,Data,QQQ   220124C00350000,QQQ 24JAN22 350.0 C,Options,Broad,0.000587487,-8752.602011749,-0.051420375,0.00,-113.38,No
Performance by Symbol,Data,QQQ   230207C00303000,QQQ 07FEB23 303 C,Options,Broad,0.044399665,165.700333231,0.073570393,0.00,183.31,No
Performance by Symbol,Data,QQQ   230224C00293000,QQQ 24FEB23 293 C,Options,Broad,0.018114843,-98.97057975,-0.017928366,0.00,-44.08,No
Performance by Symbol,Data,QQQ   230310C00292000,QQQ 10MAR23 292 C,Options,Broad,0.039108344,156.65332794,0.061264523,0.00,148.90,No
Performance by Symbol,Data,QQQ   240920P00419780,QQQ 20SEP24 419.78 P,Options,Broad,1.009799177,-7.046737422,-0.072094903,0.00,-180.59,No
Performance by Symbol,Data,SCHW  230414C00053000,SCHW 14APR23 53 C,Options,Financials,0.010494129,-100,-0.016418876,0.00,-41.04,No
Performance by Symbol,Data,SKLZ1 240119C00002500,SKLZ1 19JAN24 2.5 C,Options,Technology,0.074916991,34.931497687,0.024122943,0.00,50.32,No
Performance by Symbol,Data,SLV   220617C00020000,SLV 17JUN22 20 C,Options,Basic Materials,0.076289582,-100,-0.184834128,0.00,-395.00,No
Performance by Symbol,Data,SOXS  220610C00045500,SOXS 10JUN22 45.5 C,Options,Broad,0.096643142,79.539771991,0.075112031,0.00,163.89,No
Performance by Symbol,Data,SOXS  240202C00006500,SOXS 02FEB24 6.5 C,Options,Broad,0.12091478,151.169341268,0.138294397,0.00,347.80,No
Performance by Symbol,Data,SPY   211210P00460000,SPY 10DEC21 460.0 P,Options,Broad,0.035039086,-100.013221386,-0.059285336,0.00,-101.02,No
Performance by Symbol,Data,SPY   220610P00409000,SPY 10JUN22 409.0 P,Options,Broad,0.09583156,275.894107367,0.264393626,0.00,581.25,No
Performance by Symbol,Data,SPY   221021C00372000,SPY 21OCT22 372 C,Options,Broad,0.125188194,-72.758689327,-0.123804771,0.00,-238.22,No
Performance by Symbol,Data,SPY   221104C00380000,SPY 04NOV22 380 C,Options,Broad,0.027169319,-100.71333705,-0.038108053,0.00,-74.88,No
Performance by Symbol,Data,SPY   230302C00395000,SPY 02MAR23 395 C,Options,Broad,0.026917718,417.06044993,0.112263156,0.00,272.59,No
Performance by Symbol,Data,SPY   230307C00404000,SPY 07MAR23 404 C,Options,Broad,0.01578162,-100,-0.031563241,0.00,-77.05,No
Performance by Symbol,Data,SPY   230307C00408000,SPY 07MAR23 408 C,Options,Broad,0.022956468,-71.52276136,-0.0164191,0.00,-40.08,No
Performance by Symbol,Data,SPY   230307P00397000,SPY 07MAR23 397 P,Options,Broad,0.009847627,12.143724482,0.001195869,0.00,2.92,No
Performance by Symbol,Data,SPY   230310C00395000,SPY 10MAR23 395 C,Options,Broad,0.112261078,-85.464713413,-0.102997194,0.00,-250.40,No
Performance by Symbol,Data,SPY   230414C00415000,SPY 14APR23 415 C,Options,Broad,0.023556985,68.179214997,0.025124143,0.00,62.76,No
Performance by Symbol,Data,SPY   230504C00418000,SPY 04MAY23 418 C,Options,Broad,0.030848356,-100,-0.086483248,0.00,-214.13,No
Performance by Symbol,Data,SPY   230609P00390000,SPY 09JUN23 390 P,Options,Broad,0.052748073,-100,-0.143415254,0.00,-348.06,No
Performance by Symbol,Data,SQ    220225C00115000,SQ 25FEB22 115.0 C,Options,Industrials,0.087834195,20.289659865,0.025302447,0.00,55.20,No
Performance by Symbol,Data,TLRY  220408C00009000,TLRY 08APR22 9.0 C,Options,Healthcare,0.019957793,-90.815912259,-0.042836915,0.00,-93.53,No
Performance by Symbol,Data,TLRY  220408P00007000,TLRY 08APR22 7.0 P,Options,Healthcare,0.014570371,-73.076873503,-0.008041742,0.00,-17.53,No
Performance by Symbol,Data,TSLA  230310C00182500,TSLA 10MAR23 182.5 C,Options,Consumer Cyclicals,0.104415337,-5.382033983,-0.005619669,0.00,-13.67,No
Performance by Symbol,Data,USB   250117C00035000,USB 17JAN25 35 C,Options,Financials,0.217836935,25.71231086,0.065322547,0.00,159.49,No
Performance by Symbol,Data,UVXY  211203C00017000,UVXY 03DEC21 17.0 C,Options,Broad,0.085190263,100.447307576,0.057317944,0.00,99.46,No
Performance by Symbol,Data,UVXY  211217C00015000,UVXY 17DEC21 15.0 C,Options,Broad,0.071306166,-78.358843597,-0.051929851,0.00,-110.49,No
Performance by Symbol,Data,UVXY  211231C00016000,UVXY 31DEC21 16.0 C,Options,Broad,0.021531696,-100,-0.06485225,0.00,-138.48,No
Performance by Symbol,Data,UVXY  220107C00012000,UVXY 07JAN22 12.0 C,Options,Broad,0.056720003,-4.587537866,-0.002602052,0.00,-5.58,No
Performance by Symbol,Data,UVXY  220114C00012000,UVXY 14JAN22 12.0 C,Options,Broad,0.047731851,-22.272080062,-0.016673298,0.00,-34.09,No
Performance by Symbol,Data,UVXY  220121C00012000,UVXY 21JAN22 12.0 C,Options,Broad,0.061405437,74.735951458,0.031299043,0.00,68.41,No
Performance by Symbol,Data,UVXY  220128C00017000,UVXY 28JAN22 17.0 C,Options,Broad,0.100063206,23.341558468,0.021419802,0.00,46.92,No
Performance by Symbol,Data,UVXY  220204C00017000,UVXY 04FEB22 17.0 C,Options,Broad,0.02967585,-95.134510217,-0.076423864,0.00,-166.52,No
Performance by Symbol,Data,UVXY  220211C00014000,UVXY 11FEB22 14.0 C,Options,Broad,0.045206977,-39.011400592,-0.02040349,0.00,-44.10,No
Performance by Symbol,Data,UVXY  220218C00015000,UVXY 18FEB22 15.0 C,Options,Broad,0.07100309,20.593688881,0.010266654,0.00,23.90,No
Performance by Symbol,Data,UVXY  220225C00016000,UVXY 25FEB22 16.0 C,Options,Broad,0.094212307,118.825307593,0.109942139,0.00,238.90,No
Performance by Symbol,Data,UVXY  220304C00017000,UVXY 04MAR22 17.0 C,Options,Broad,0.08822912,-22.004916534,-0.021882318,0.00,-47.10,No
Performance by Symbol,Data,UVXY  220311C00018000,UVXY 11MAR22 18.0 C,Options,Broad,0.100342132,93.490876255,0.0876863,0.00,188.90,No
Performance by Symbol,Data,UVXY  220318C00020000,UVXY 18MAR22 20.0 C,Options,Broad,0.067193007,-99.823646784,-0.100609009,0.00,-208.68,No
Performance by Symbol,Data,UVXY  220325C00015000,UVXY 25MAR22 15.0 C,Options,Broad,0.063654646,-95.275574822,-0.101165597,0.00,-219.76,No
Performance by Symbol,Data,UVXY  220401C00013000,UVXY 01APR22 13.0 C,Options,Broad,0.027490697,-100,-0.050598377,0.00,-109.85,No
Performance by Symbol,Data,UVXY  220422C00012000,UVXY 22APR22 12.0 C,Options,Broad,0.061048976,-56.647465045,-0.041446844,0.00,-89.53,No
Performance by Symbol,Data,UVXY  220429C00012000,UVXY 29APR22 12.0 C,Options,Broad,0.05955743,161.978389341,0.085525116,0.00,183.02,No
Performance by Symbol,Data,UVXY  220708C00013000,UVXY 08JUL22 13 C,Options,Broad,0.060534055,1.788815752,0.000484509,0.00,1.90,No
Performance by Symbol,Data,XOM   220318P00075000,XOM 18MAR22 75.0 P,Options,Energy,0.073312878,4.288624071,0.002792999,0.00,6.91,No
Performance by Symbol,Data,XOM   220715P00085000,XOM 15JUL22 85 P,Options,Energy,0.110274274,58.409604585,0.047917266,0.00,99.90,No
Performance by Symbol,Data,YINN1 230120C00007000,YINN1 20JAN23 7 C,Options,Broad,0.031128355,-87.081582327,-0.059167457,0.00,-131.10,No
Performance by Symbol,Data,ZM    211203P00160000,ZM 03DEC21 160.0 P,Options,Technology,0.03217664,-96.296018442,-0.057358669,0.00,-98.18,No
Performance by Symbol,Data,Total Options,,,,0.701462924,-100,-2.200040289,0.00,"-4,420.91",
Performance by Symbol,Data,9988,ALIBABA GROUP HOLDING LTD,Stocks,Technology,1.284194765,-3.25957392,-0.025236362,0.00,-86.76,No
Performance by Symbol,Data,ABEV,AMBEV SA-ADR,Stocks,Consumer Non-Cyc,1.332806922,7.013072444,0.089424391,0.00,187.28,No
Performance by Symbol,Data,AI,C3.AI INC-A,Stocks,Technology,0.442696514,11.702200441,0.054969631,0.00,114.04,No
Performance by Symbol,Data,AMZN,AMAZON.COM INC,Stocks,Consumer Cyclicals,1.057942236,-10.659315266,-0.117711298,0.00,-269.25,No
Performance by Symbol,Data,AVAL,GRUPO AVAL ACCIONES Y VALORE,Stocks,Financials,2.651910919,-13.638096458,0.142395119,0.00,-87.38,No
Performance by Symbol,Data,BA,BOEING CO/THE,Stocks,Industrials,1.728994413,-17.369283129,0.076978864,0.00,154.60,No
Performance by Symbol,Data,BABA,ALIBABA GROUP HOLDING-SP ADR,Stocks,Technology,1.134261535,-25.89799517,-0.353402699,0.00,-621.81,No
Performance by Symbol,Data,BAC,BANK OF AMERICA CORP,Stocks,Financials,1.714038793,5.513531098,0.084353197,0.00,206.35,No
Performance by Symbol,Data,BAS,BASF SE,Stocks,Basic Materials,0.703069925,-23.246005656,-0.170441439,0.00,-292.12,No
Performance by Symbol,Data,BBN,BLACKROCK TAXABLE MUNI BND,Stocks,Broad,16.005335326,-8.150879652,-0.477177061,0.00,"-4,006.92",No
Performance by Symbol,Data,BBVA,BANCO BILBAO VIZCAYA-SP ADR,Stocks,Financials,0.741920169,6.619525945,0.047511427,0.00,100.16,No
Performance by Symbol,Data,BCS,BARCLAYS PLC-SPONS ADR,Stocks,Financials,1.350554434,2.595093458,0.085579427,0.00,173.37,No
Performance by Symbol,Data,BHP,BHP GROUP LTD-SPON ADR,Stocks,Basic Materials,2.273037561,-14.675897068,0.056148737,0.00,-132.15,No
Performance by Symbol,Data,BLW,BLACKROCK LTD DURAT INC TR,Stocks,Broad,6.912119127,27.228922489,3.517230999,0.00,"6,593.39",No
Performance by Symbol,Data,BMY,BRISTOL-MYERS SQUIBB CO,Stocks,Healthcare,0.828948372,7.134644692,0.053270403,0.00,102.49,No
Performance by Symbol,Data,C,CITIGROUP INC,Stocks,Financials,1.08049866,13.657201708,0.147070917,0.00,336.79,No
Performance by Symbol,Data,CBDBY,CIA BRASILEIRA DE DIS- ADR,Stocks,Consumer Non-Cyc,1.441169053,32.191363076,0.447002802,0.00,806.63,No
Performance by Symbol,Data,CHWY,CHEWY INC - CLASS A,Stocks,Consumer Cyclicals,0.624542373,22.856051919,0.135044157,0.00,292.56,No
Performance by Symbol,Data,CRM,SALESFORCE INC,Stocks,Technology,0.973894132,7.140231887,0.191016031,0.00,412.51,No
Performance by Symbol,Data,DIS,WALT DISNEY CO/THE,Stocks,Telecomm,1.448322692,0.043832376,0.000814339,0.00,1.57,No
Performance by Symbol,Data,EAD,ALLSPRING INCOME OPPORT,Stocks,Broad,5.213396689,9.245027077,0.471740791,0.00,515.02,No
Performance by Symbol,Data,EBR,CENTRAIS ELETRICAS BR-SP ADR,Stocks,Utilities,0.537049095,14.091656735,0.071923605,0.00,157.97,No
Performance by Symbol,Data,GBAB,GUGGENHEIM TAXABLE MUNICIPAL,Stocks,Broad,12.035087754,-1.81535584,-0.578073674,0.00,"-2,772.61",No
Performance by Symbol,Data,GDO,WESTERN AST GLB CORP OPPRNTY,Stocks,Broad,8.538429311,-0.133269963,0.075871908,0.00,-831.58,No
Performance by Symbol,Data,GOLD.OLD,BARRICK MINING CORP,Stocks,Basic Materials,1.73519659,23.968953027,0.409540527,0.00,894.14,No
Performance by Symbol,Data,GRFS,GRIFOLS SA-ADR,Stocks,Healthcare,1.401901995,23.942421155,0.368514894,0.00,793.08,No
Performance by Symbol,Data,HIX,WESTERN ASSET HIGH INC II,Stocks,Broad,7.778045135,7.545829637,0.607386104,0.00,218.82,No
Performance by Symbol,Data,HMC,HONDA MOTOR CO LTD-SPONS ADR,Stocks,Consumer Cyclicals,0.59237269,-10.716146277,-0.064695778,0.00,-140.03,No
Performance by Symbol,Data,HUYA,HUYA INC-ADR,Stocks,Technology,0.780499668,1.811160965,-0.002222122,0.00,30.24,No
Performance by Symbol,Data,ING,ING GROEP N.V.-SPONSORED ADR,Stocks,Financials,0.480901171,-2.385718875,-0.006058844,0.00,-77.03,No
Performance by Symbol,Data,INTC,INTEL CORP,Stocks,Technology,1.212063523,-13.263333156,-0.310187744,0.00,-691.93,No
Performance by Symbol,Data,ITUB,ITAU UNIBANCO H-SPON PRF ADR,Stocks,Financials,1.364670336,-22.374382884,-0.337355665,0.00,29.96,No
Performance by Symbol,Data,JD,JD.COM INC-ADR,Stocks,Consumer Cyclicals,0.974896216,28.592294006,0.208602198,0.00,465.33,No
Performance by Symbol,Data,KMB,KIMBERLY-CLARK CORP,Stocks,Consumer Non-Cyc,1.437278145,15.456431542,0.2187728,0.00,469.35,No
Performance by Symbol,Data,MMM,3M CO,Stocks,Consumer Non-Cyc,1.563208673,-20.223206777,-0.29558459,0.00,-687.84,No
Performance by Symbol,Data,NEM,NEWMONT CORP,Stocks,Basic Materials,2.878190795,-26.093832065,-0.53270698,0.00,"-1,464.87",No
Performance by Symbol,Data,NU,NU HOLDINGS LTD/CAYMAN ISL-A,Stocks,Financials,0.725883649,-35.656296064,-0.023271362,0.00,-65.43,No
Performance by Symbol,Data,OPEN,OPENDOOR TECHNOLOGIES INC,Stocks,Real Estate,0.718191072,-46.377198783,-0.42135891,0.00,-954.78,No
Performance by Symbol,Data,ORANY,ORANGE-SPON ADR,Stocks,Technology,5.251193931,12.46001584,0.605412962,0.00,"1,021.81",No
Performance by Symbol,Data,PAGS,PAGSEGURO DIGITAL LTD-CL A,Stocks,Industrials,1.519171434,-2.049840925,-0.023686272,0.00,-4.69,No
Performance by Symbol,Data,PDD,PDD HOLDINGS INC,Stocks,Technology,0.654731529,-16.757370696,-0.129346748,0.00,-234.94,No
Performance by Symbol,Data,PETS,PETMED EXPRESS INC,Stocks,Consumer Non-Cyc,0.497119773,-3.938382603,-0.019169583,0.00,-44.03,No
Performance by Symbol,Data,PHG,KONINKLIJKE PHILIPS NVR- NY,Stocks,Healthcare,1.106937092,-30.972548067,-0.428684321,0.00,-986.22,No
Performance by Symbol,Data,PHT,PIONEER HIGH INCOME FUND,Stocks,Broad,0.595167246,-5.360906085,-0.034421129,0.00,-135.64,No
Performance by Symbol,Data,PML,PIMCO MUNICIPAL INCOME FD II,Stocks,Broad,8.61334376,-18.133243793,-1.856187563,0.00,"-4,611.81",No
Performance by Symbol,Data,PYPL,PAYPAL HOLDINGS INC,Stocks,Financials,1.501730408,-16.592846429,-0.383285829,0.00,-874.97,No
Performance by Symbol,Data,SAP,SAP SE-SPONSORED ADR,Stocks,Technology,0.72705494,-13.931748076,-0.096362825,0.00,-237.74,No
Performance by Symbol,Data,SKLZ,SKILLZ INC,Stocks,Technology,0.845303072,24.94513778,0.216669759,0.00,444.40,No
Performance by Symbol,Data,SWK,STANLEY BLACK & DECKER INC,Stocks,Industrials,1.3246113,-18.745794071,-0.268660175,0.00,-611.25,No
Performance by Symbol,Data,T,AT&T INC,Stocks,Technology,2.406601961,10.820546073,0.244004149,0.00,592.16,No
Performance by Symbol,Data,TDOC,TELADOC HEALTH INC,Stocks,Healthcare,0.611538967,-20.810843698,-0.11468833,0.00,-260.01,No
Performance by Symbol,Data,TEN,TENNECO INC-CLASS A,Stocks,Consumer Cyclicals,0.941569876,89.085177368,0.853562275,0.00,"1,844.95",No
Performance by Symbol,Data,TLRY,TILRAY BRANDS INC,Stocks,Healthcare,1.256512666,-43.018640856,-0.657673681,0.00,"-1,157.63",No
Performance by Symbol,Data,UL.OLD,UNILEVER PLC-SPONSORED ADR,Stocks,Consumer Non-Cyc,1.375647522,2.41243704,0.036058637,0.00,40.17,No
Performance by Symbol,Data,WBA,WALGREENS BOOTS ALLIANCE INC,Stocks,Consumer Non-Cyc,2.123495674,-10.013019264,-0.326147422,0.00,-765.79,No
Performance by Symbol,Data,WDS,WOODSIDE ENERGY GROUP-ADR,Stocks,Energy,0.077566729,1.817109074,0.001409472,0.00,24.67,No
Performance by Symbol,Data,WMT,WALMART INC,Stocks,Consumer Non-Cyc,1.149149653,3.232846702,0.036878027,0.00,78.94,No
Performance by Symbol,Data,WOOF,PETCO HEALTH AND WELLNESS CO,Stocks,Consumer Cyclicals,0.742559037,-4.268677562,-0.029956593,0.00,-70.05,No
Performance by Symbol,Data,XP,XP INC - CLASS A,Stocks,Financials,1.09432185,4.719750731,0.215871078,0.00,499.10,No
Performance by Symbol,Data,XYZ,BLOCK INC,Stocks,Industrials,1.264264156,27.3837024,0.334130809,0.00,726.08,No
Performance by Symbol,Data,Total Stocks,,,,41.255521169,-4.217888003,1.651612849,0.00,"-4,849.35",
Performance by Symbol,Data,EUR,Euro,Cash,Cash,-0.015728943,-100,0.000677419,,,No
Performance by Symbol,Data,HKD,Hong Kong Dollar,Cash,Cash,-0.11348174,984.862136845,0.222456359,,,Yes
Performance by Symbol,Data,USD,United States Dollar,Cash,Cash,50.961758188,271284.379309425,8772.357416528,,,Yes
Performance by Symbol,Data,Fees,Fees,Cash,Cash,-,-,-50.155102652,,,-
Performance by Symbol,Data,Total Cash,,,,50.866147639,< -2000000,4333.401219291,,,
Performance by Symbol,Data,Total,,,,99.915754002,4188.275542165,4188.275542165,0.00,"-9,566.77",
Trade Summary,MetaInfo,Analysis Period,"July 12, 2021 - January 27, 2026"
Trade Summary,Header,Financial Instrument,Currency,Symbol,Description,Sector,Quantity Bought,Average Price Bought,Proceeds Bought,Proceeds Bought in Base,Quantity Sold,Average Price Sold,Proceeds Sold,Proceeds Sold in Base
Trade Summary,Data,Bonds,United States Dollar,RCL 5 1/2 04/01/28 TAE3,RCL 5 1/2 04/01/28,Consumer Cyclicals,150000,1.0098892,-151483.38,-151483.38,-150000,1.0223932,153358.98,153358.98
Trade Summary,Data,ETFs,Hong Kong Dollar,2828,HANGSENG CHINA ENT INDEX,Broad,3400,84.208235294,-286308,-36722.05596,-3400,76.16,258944,32997.23392
Trade Summary,Data,ETFs,Hong Kong Dollar,3033,CSOP HANG SENG TECH INDE,Technology,5400,5.835,-31509,-4042.6047,-5400,4.67,25218,3213.52974
Trade Summary,Data,ETFs,United States Dollar,BGRN,ISHARES USD GREEN BOND ETF,Broad,200,48.0465,-9609.3,-9609.3,-200,46.876,9375.2,9375.2
Trade Summary,Data,ETFs,United States Dollar,BIL,SS SPDR BB 1-3M T-BILL ETF,Government,683,91.573916545,-62544.985,-62544.985,-683,91.768942899,62678.188,62678.188
Trade Summary,Data,ETFs,United States Dollar,BND,VANGUARD TOTAL BOND MARKET,Broad,100,75.168,-7516.8,-7516.8,-100,74.585,7458.5,7458.5
Trade Summary,Data,ETFs,United States Dollar,BOND,PIMCO ACTIVE BOND EXCHANGE-T,Broad,100,95.755,-9575.5,-9575.5,-100,93.482,9348.2,9348.2
Trade Summary,Data,ETFs,United States Dollar,CEFD,ETRACS 150% CL END FUND ETN,Financials,1000,19.75,-19750,-19750,-1000,18.63,18630,18630
Trade Summary,Data,ETFs,United States Dollar,ECH,ISHARES MSCI CHILE ETF,Broad,300,23.483333333,-7045,-7045,-300,25.150666667,7545.2,7545.2
Trade Summary,Data,ETFs,United States Dollar,EDV,VANGUARD EXTENDED DUR TREAS,Government,300,89.903333333,-26971,-26971,-300,93.108533333,27932.56,27932.56
Trade Summary,Data,ETFs,United States Dollar,EMB,ISHARES J.P. MORGAN USD EMERGI,Broad,574,85.090281533,-48841.8216,-48841.8216,-574,86.923184669,49893.908,49893.908
Trade Summary,Data,ETFs,United States Dollar,EWG,ISHARES MSCI GERMANY ETF,Broad,100,22.265,-2226.5,-2226.5,-100,22.435,2243.5,2243.5
Trade Summary,Data,ETFs,United States Dollar,IGOV,ISHARES INTERNATIONAL TREASU,Broad,200,39.684,-7936.8,-7936.8,-200,40.444,8088.8,8088.8
Trade Summary,Data,ETFs,United States Dollar,JEPI,JPMORGAN EQUITY PREMIUM INCO,Broad,380,54.365,-20658.7,-20658.7,-380,54.75,20805,20805
Trade Summary,Data,ETFs,United States Dollar,JETS,US GLOBAL JETS ETF,Industrials,100,19.5,-1950,-1950,-100,20.615,2061.5,2061.5
Trade Summary,Data,ETFs,United States Dollar,KWEB,KRANESH CSI CHINA INTERNET,Technology,100,25.25,-2525,-2525,-100,29.025,2902.5,2902.5
Trade Summary,Data,ETFs,United States Dollar,LQD,ISHARES IBOXX INVESTMENT GRA,Broad,80,108.4025,-8672.2,-8672.2,-80,109.46,8756.8,8756.8
Trade Summary,Data,ETFs,United States Dollar,MJ,ETFMG ALTERNATIVE HARVEST,Broad,700,9.997471429,-6998.23,-6998.23,-700,8.888685714,6222.08,6222.08
Trade Summary,Data,ETFs,United States Dollar,NUSI.OLD,NATIONWIDE NASDAQ-100 RISK-M,Broad,300,18.9873,-5696.19,-5696.19,-300,19.63,5889,5889
Trade Summary,Data,ETFs,United States Dollar,QYLD,GLOBAL X NASD 100 COV CALL,Broad,600,17.06245,-10237.47,-10237.47,-600,17.785,10671,10671
Trade Summary,Data,ETFs,United States Dollar,RYLD,GLOBAL X RUSSELL 2000 COV CL,Broad,265,16.62,-4404.3,-4404.3,-265,16.422,4351.83,4351.83
Trade Summary,Data,ETFs,United States Dollar,SDIV,GLOBAL X SUPERDIVIDEND ETF,Broad,1050,22.628609524,-23760.04,-23760.04,-1050,22.37502381,23493.775,23493.775
Trade Summary,Data,ETFs,United States Dollar,SHV,ISHARES SHORT TREASURY BOND,Government,573,110.019537522,-63041.195,-63041.195,-534,110.156076779,58823.345,58823.345
Trade Summary,Data,ETFs,United States Dollar,SHY,ISHARES 1-3 YEAR TREASURY BO,Government,3094,81.856895604,-253265.235,-253265.235,-1,81.335,81.335,81.335
Trade Summary,Data,ETFs,United States Dollar,SUSB,ISHARES ESG AWARE 1-5 YEAR U,Broad,100,24.158,-2415.8,-2415.8,-100,24.192,2419.2,2419.2
Trade Summary,Data,ETFs,United States Dollar,TAN,INVESCO SOLAR ETF,Energy,60,68.91,-4134.6,-4134.6,-60,69.68,4180.8,4180.8
Trade Summary,Data,ETFs,United States Dollar,TBF,PROSHARES SHORT 20+ TREASURY,Broad,100,18.59,-1859,-1859,-100,20.08,2008,2008
Trade Summary,Data,ETFs,United States Dollar,TLT,ISHARES 20+ YEAR TREASURY BD,Government,550,101.193818182,-55656.6,-55656.6,-550,100.978,55537.9,55537.9
Trade Summary,Data,ETFs,United States Dollar,TMV,DRX DLY 20+ YR TREAS BEAR 3X,Broad,20,71.95,-1439,-1439,-20,82.9227,1658.454,1658.454
Trade Summary,Data,ETFs,United States Dollar,VCIT,VANGUARD INT-TERM CORPORATE,Broad,50,81.135,-4056.75,-4056.75,-50,79.122,3956.1,3956.1
Trade Summary,Data,ETFs,United States Dollar,VCLT,VANGUARD LONG-TERM CORP BOND,Broad,55,81.659272727,-4491.26,-4491.26,-55,78.33,4308.15,4308.15
Trade Summary,Data,ETFs,United States Dollar,XYLD,GLOBAL X S&P 500 COVE CALL E,Broad,500,40.6582,-20329.1,-20329.1,-500,39.34096,19670.48,19670.48
Trade Summary,Data,Forex,Hong Kong Dollar,USD.HKD,USD.HKD,Cash,39620.6994,7.848146942,-310949.07081857,-39624.085960481,-43852.0064,7.799570946,342026.8350448,43865.612442272
Trade Summary,Data,Forex,United States Dollar,EUR.USD,EUR.USD,Cash,1478.75,1.067000533,-1577.8270375,-1577.8270375,-1191.85,1.016651355,1211.6959175,1211.6959175
Trade Summary,Data,Options,United States Dollar,ACB   230120C00004000,ACB 20JAN23 4 C,Healthcare,1,1.16,-116,-116,-1,0.05,5,5
Trade Summary,Data,Options,United States Dollar,ATVI  211217C00070000,ATVI 17DEC21 70.0 C,Telecomm,10,1.525,-1525,-1525,-10,1.885,1885,1885
Trade Summary,Data,Options,United States Dollar,ATVI  220218C00070000,ATVI 18FEB22 70.0 C,Telecomm,2,3.55,-710,-710,-2,3.575,715,715
Trade Summary,Data,Options,United States Dollar,BA    220408C00180000,BA 08APR22 180.0 C,Industrials,1,1.88,-188,-188,-1,0,0,0
Trade Summary,Data,Options,United States Dollar,BABA  211210P00110000,BABA 10DEC21 110.0 P,Technology,1,1.34,-134,-134,-1,0,0,0
Trade Summary,Data,Options,United States Dollar,BABA  230616C00200000,BABA 16JUN23 200 C,Technology,1,15.4,-1540,-1540,-1,7.81,781,781
Trade Summary,Data,Options,United States Dollar,BABA  240119C00080000,BABA 19JAN24 80 C,Technology,3,1.16,-348,-348,-3,1.56,468,468
Trade Summary,Data,Options,United States Dollar,BABA  240119C00200000,BABA 19JAN24 200 C,Technology,1,22.5,-2250,-2250,-1,10.85,1085,1085
Trade Summary,Data,Options,United States Dollar,BABA  240216C00080000,BABA 16FEB24 80 C,Technology,2,3.25,-650,-650,-2,1.37,274,274
Trade Summary,Data,Options,United States Dollar,BABA1 250117C00095000,BABA1 17JAN25 95 C,Technology,1,6.1,-610,-610,-1,5.48,548,548
Trade Summary,Data,Options,United States Dollar,BMY   230721C00065000,BMY 21JUL23 65 C,Healthcare,3,1.78,-534,-534,-3,0.03,9,9
Trade Summary,Data,Options,United States Dollar,C     220617C00052500,C 17JUN22 52.5 C,Financials,1,2.88,-288,-288,-1,2.63,263,263
Trade Summary,Data,Options,United States Dollar,C     240119C00045000,C 19JAN24 45 C,Financials,1,7.65,-765,-765,-1,7.52,752,752
Trade Summary,Data,Options,United States Dollar,C     240119C00050000,C 19JAN24 50 C,Financials,1,7,-700,-700,-1,5.31,531,531
Trade Summary,Data,Options,United States Dollar,C     250117C00045000,C 17JAN25 45 C,Financials,1,7.83,-783,-783,-1,9.25,925,925
Trade Summary,Data,Options,United States Dollar,DOCU  230310C00075000,DOCU 10MAR23 75 C,Technology,1,0.72,-72,-72,-1,0.01,1,1
Trade Summary,Data,Options,United States Dollar,GOLD  240119C00015000,GOLD 19JAN24 15 C,Basic Materials,1,5.71,-571,-571,-1,3.84,384,384
Trade Summary,Data,Options,United States Dollar,GOOGL 230210C00100000,GOOGL 10FEB23 100 C,Telecomm,1,0.43,-43,-43,-1,0,0,0
Trade Summary,Data,Options,United States Dollar,INTC  220617C00045000,INTC 17JUN22 45 C,Technology,1,3.1,-310,-310,-1,5.15,515,515
Trade Summary,Data,Options,United States Dollar,INTC  220715C00045000,INTC 15JUL22 45 C,Technology,1,1.93,-193,-193,-1,2.61,261,261
Trade Summary,Data,Options,United States Dollar,JD    220401C00062000,JD 01APR22 62.0 C,Consumer Cyclicals,1,1.72,-172,-172,-1,2.35,235,235
Trade Summary,Data,Options,United States Dollar,JD    220408C00064000,JD 08APR22 64.0 C,Consumer Cyclicals,1,2.4,-240,-240,-1,0,0,0
Trade Summary,Data,Options,United States Dollar,JETS  230120C00016860,JETS 20JAN23 16.86 C,Industrials,1,2.1,-210,-210,-1,2.08,208,208
Trade Summary,Data,Options,United States Dollar,KWEB  220617C00040000,KWEB 17JUN22 40 C,Technology,1,1.1,-110,-110,-1,1.81,181,181
Trade Summary,Data,Options,United States Dollar,LAZR  211119C00025000,LAZR 19NOV21 25.0 C,Consumer Cyclicals,2,0.94,-188,-188,-2,0.13,26,26
Trade Summary,Data,Options,United States Dollar,MDB   211210P00260000,MDB 10DEC21 260.0 P,Technology,1,1.93,-193,-193,-1,0.05,5,5
Trade Summary,Data,Options,United States Dollar,META  240119C00200000,META 19JAN24 200 C,Telecomm,1,30.9,-3090,-3090,-1,29.25,2925,2925
Trade Summary,Data,Options,United States Dollar,OUST1 240119C00002500,OUST1 19JAN24 2.5 C,Technology,2,1.02,-204,-204,-2,1.19,238,238
Trade Summary,Data,Options,United States Dollar,QQQ   211020P00374000,QQQ 20OCT21 374.0 P,Broad,1,0.84,-84,-84,-1,0.67,67,67
Trade Summary,Data,Options,United States Dollar,QQQ   211201P00393000,QQQ 01DEC21 393.0 P,Broad,1,0.21,-21,-21,-1,0.6,60,60
Trade Summary,Data,Options,United States Dollar,QQQ   211215P00385000,QQQ 15DEC21 385.0 P,Broad,1,1.2,-120,-120,-1,0.09,9,9
Trade Summary,Data,Options,United States Dollar,QQQ   220124C00350000,QQQ 24JAN22 350.0 C,Broad,2,1.11,-222,-222,-2,0.56,112,112
Trade Summary,Data,Options,United States Dollar,QQQ   230207C00303000,QQQ 07FEB23 303 C,Broad,1,1.1,-110,-110,-1,2.95,295,295
Trade Summary,Data,Options,United States Dollar,QQQ   230224C00293000,QQQ 24FEB23 293 C,Broad,1,0.43,-43,-43,-1,0.02,2,2
Trade Summary,Data,Options,United States Dollar,QQQ   230310C00292000,QQQ 10MAR23 292 C,Broad,1,0.94,-94,-94,-1,2.45,245,245
Trade Summary,Data,Options,United States Dollar,QQQ   240920P00419780,QQQ 20SEP24 419.78 P,Broad,1,25.5,-2550,-2550,-1,23.95,2395,2395
Trade Summary,Data,Options,United States Dollar,SCHW  230414C00053000,SCHW 14APR23 53 C,Financials,3,0.13,-39,-39,-3,0,0,0
Trade Summary,Data,Options,United States Dollar,SKLZ1 240119C00002500,SKLZ1 19JAN24 2.5 C,Technology,1,1.43,-143,-143,-1,1.95,195,195
Trade Summary,Data,Options,United States Dollar,SLV   220617C00020000,SLV 17JUN22 20 C,Basic Materials,2,1.97,-394,-394,-2,0,0,0
Trade Summary,Data,Options,United States Dollar,SOXS  220610C00045500,SOXS 10JUN22 45.5 C,Broad,1,2.05,-205,-205,-1,3.71,371,371
Trade Summary,Data,Options,United States Dollar,SOXS  240202C00006500,SOXS 02FEB24 6.5 C,Broad,7,0.29,-203,-203,-7,0.86,602,602
Trade Summary,Data,Options,United States Dollar,SPY   211210P00460000,SPY 10DEC21 460.0 P,Broad,1,1,-100,-100,-1,0.01,1,1
Trade Summary,Data,Options,United States Dollar,SPY   220610P00409000,SPY 10JUN22 409.0 P,Broad,1,2.1,-210,-210,-1,7.93,793,793
Trade Summary,Data,Options,United States Dollar,SPY   221021C00372000,SPY 21OCT22 372 C,Broad,4,0.81,-324,-324,-4,0.23,92,92
Trade Summary,Data,Options,United States Dollar,SPY   221104C00380000,SPY 04NOV22 380 C,Broad,1,0.73,-73,-73,-1,0.01,1,1
Trade Summary,Data,Options,United States Dollar,SPY   230302C00395000,SPY 02MAR23 395 C,Broad,1,0.64,-64,-64,-1,3.39,339,339
Trade Summary,Data,Options,United States Dollar,SPY   230307C00404000,SPY 07MAR23 404 C,Broad,1,0.76,-76,-76,-1,0,0,0
Trade Summary,Data,Options,United States Dollar,SPY   230307C00408000,SPY 07MAR23 408 C,Broad,1,0.55,-55,-55,-1,0.17,17,17
Trade Summary,Data,Options,United States Dollar,SPY   230307P00397000,SPY 07MAR23 397 P,Broad,1,0.23,-23,-23,-1,0.28,28,28
Trade Summary,Data,Options,United States Dollar,SPY   230310C00395000,SPY 10MAR23 395 C,Broad,2,1.455,-291,-291,-2,0.225,45,45
Trade Summary,Data,Options,United States Dollar,SPY   230414C00415000,SPY 14APR23 415 C,Broad,2,0.445,-89,-89,-2,0.78,156,156
Trade Summary,Data,Options,United States Dollar,SPY   230504C00418000,SPY 04MAY23 418 C,Broad,6,0.35,-210,-210,-6,0,0,0
Trade Summary,Data,Options,United States Dollar,SPY   230609P00390000,SPY 09JUN23 390 P,Broad,2,1.73,-346,-346,-2,0,0,0
Trade Summary,Data,Options,United States Dollar,SQ    220225C00115000,SQ 25FEB22 115.0 C,Industrials,1,2.71,-271,-271,-1,3.28,328,328
Trade Summary,Data,Options,United States Dollar,TLRY  220408C00009000,TLRY 08APR22 9.0 C,Healthcare,1,1.02,-102,-102,-1,0.11,11,11
Trade Summary,Data,Options,United States Dollar,TLRY  220408P00007000,TLRY 08APR22 7.0 P,Healthcare,1,0.23,-23,-23,-1,0.08,8,8
Trade Summary,Data,Options,United States Dollar,TSLA  230310C00182500,TSLA 10MAR23 182.5 C,Consumer Cyclicals,1,2.53,-253,-253,-1,2.41,241,241
Trade Summary,Data,Options,United States Dollar,USB   250117C00035000,USB 17JAN25 35 C,Financials,1,6.2,-620,-620,-1,7.8,780,780
Trade Summary,Data,Options,United States Dollar,UVXY  211203C00017000,UVXY 03DEC21 17.0 C,Broad,1,0.98,-98,-98,-1,2,200,200
Trade Summary,Data,Options,United States Dollar,UVXY  211217C00015000,UVXY 17DEC21 15.0 C,Broad,1,1.4,-140,-140,-1,0.32,32,32
Trade Summary,Data,Options,United States Dollar,UVXY  211231C00016000,UVXY 31DEC21 16.0 C,Broad,1,1.37,-137,-137,-1,0,0,0
Trade Summary,Data,Options,United States Dollar,UVXY  220107C00012000,UVXY 07JAN22 12.0 C,Broad,1,1.2,-120,-120,-1,1.17,117,117
Trade Summary,Data,Options,United States Dollar,UVXY  220114C00012000,UVXY 14JAN22 12.0 C,Broad,1,1.52,-152,-152,-1,1.2,120,120
Trade Summary,Data,Options,United States Dollar,UVXY  220121C00012000,UVXY 21JAN22 12.0 C,Broad,1,0.9,-90,-90,-1,1.61,161,161
Trade Summary,Data,Options,United States Dollar,UVXY  220128C00017000,UVXY 28JAN22 17.0 C,Broad,1,2,-200,-200,-1,2.49,249,249
Trade Summary,Data,Options,United States Dollar,UVXY  220204C00017000,UVXY 04FEB22 17.0 C,Broad,1,1.74,-174,-174,-1,0.1,10,10
Trade Summary,Data,Options,United States Dollar,UVXY  220211C00014000,UVXY 11FEB22 14.0 C,Broad,1,1.12,-112,-112,-1,0.7,70,70
Trade Summary,Data,Options,United States Dollar,UVXY  220218C00015000,UVXY 18FEB22 15.0 C,Broad,1,1.15,-115,-115,-1,1.41,141,141
Trade Summary,Data,Options,United States Dollar,UVXY  220225C00016000,UVXY 25FEB22 16.0 C,Broad,1,2,-200,-200,-1,4.41,441,441
Trade Summary,Data,Options,United States Dollar,UVXY  220304C00017000,UVXY 04MAR22 17.0 C,Broad,1,2.13,-213,-213,-1,1.68,168,168
Trade Summary,Data,Options,United States Dollar,UVXY  220311C00018000,UVXY 11MAR22 18.0 C,Broad,1,2.01,-201,-201,-1,3.92,392,392
Trade Summary,Data,Options,United States Dollar,UVXY  220318C00020000,UVXY 18MAR22 20.0 C,Broad,1,2.08,-208,-208,-1,0.01,1,1
Trade Summary,Data,Options,United States Dollar,UVXY  220325C00015000,UVXY 25MAR22 15.0 C,Broad,2,1.15,-230,-230,-2,0.06,12,12
Trade Summary,Data,Options,United States Dollar,UVXY  220401C00013000,UVXY 01APR22 13.0 C,Broad,1,1.09,-109,-109,-1,0,0,0
Trade Summary,Data,Options,United States Dollar,UVXY  220422C00012000,UVXY 22APR22 12.0 C,Broad,1,1.57,-157,-157,-1,0.7,70,70
Trade Summary,Data,Options,United States Dollar,UVXY  220429C00012000,UVXY 29APR22 12.0 C,Broad,1,1.12,-112,-112,-1,2.97,297,297
Trade Summary,Data,Options,United States Dollar,UVXY  220708C00013000,UVXY 08JUL22 13 C,Broad,1,1.05,-105,-105,-1,1.09,109,109
Trade Summary,Data,Options,United States Dollar,XOM   220318P00075000,XOM 18MAR22 75.0 P,Energy,1,1.6,-160,-160,-1,1.69,169,169
Trade Summary,Data,Options,United States Dollar,XOM   220715P00085000,XOM 15JUL22 85 P,Energy,1,1.7,-170,-170,-1,2.72,272,272
Trade Summary,Data,Options,United States Dollar,YINN1 230120C00007000,YINN1 20JAN23 7 C,Broad,1,1.5,-150,-150,-1,0.2,20,20
Trade Summary,Data,Options,United States Dollar,ZM    211203P00160000,ZM 03DEC21 160.0 P,Technology,1,1.01,-101,-101,-1,0.04,4,4
Trade Summary,Data,Stocks,Euro,BAS,BASF SE,Basic Materials,30,49.25,-1477.5,-1579.743,-30,39.77,1193.1,1214.81442
Trade Summary,Data,Stocks,Hong Kong Dollar,9988,ALIBABA GROUP HOLDING LTD,Technology,200,118.7,-23740,-3045.842,-200,115.8,23160,2951.2788
Trade Summary,Data,Stocks,United States Dollar,ABEV,AMBEV SA-ADR,Consumer Non-Cyc,1500,2.635,-3952.5,-3952.5,-1500,2.77,4155,4155
Trade Summary,Data,Stocks,United States Dollar,AI,C3.AI INC-A,Technology,50,19.47,-973.5,-973.5,-50,21.791,1089.55,1089.55
Trade Summary,Data,Stocks,United States Dollar,AMZN,AMAZON.COM INC,Consumer Cyclicals,1,2525,-2525,-2525,-20,112.89,2257.8,2257.8
Trade Summary,Data,Stocks,United States Dollar,AVAL,GRUPO AVAL ACCIONES Y VALORE,Financials,3500,4.968731429,-17390.56,-17390.56,-3500,4.953937143,17338.78,17338.78
Trade Summary,Data,Stocks,United States Dollar,BA,BOEING CO/THE,Industrials,130,171.634615385,-22312.5,-22312.5,-130,172.879230769,22474.3,22474.3
Trade Summary,Data,Stocks,United States Dollar,BABA,ALIBABA GROUP HOLDING-SP ADR,Technology,15,160,-2400,-2400,-15,118.68,1780.2,1780.2
Trade Summary,Data,Stocks,United States Dollar,BAC,BANK OF AMERICA CORP,Financials,250,28.9802,-7245.05,-7245.05,-250,29.822,7455.5,7455.5
Trade Summary,Data,Stocks,United States Dollar,BBN,BLACKROCK TAXABLE MUNI BND,Broad,3000,18.79797,-56393.91,-56393.91,-3000,17.2054,51616.2,51616.2
Trade Summary,Data,Stocks,United States Dollar,BBVA,BANCO BILBAO VIZCAYA-SP ADR,Financials,300,5.038866667,-1511.66,-1511.66,-300,5.383,1614.9,1614.9
Trade Summary,Data,Stocks,United States Dollar,BCS,BARCLAYS PLC-SPONS ADR,Financials,400,8.00875,-3203.5,-3203.5,-400,8.455,3382,3382
Trade Summary,Data,Stocks,United States Dollar,BHP,BHP GROUP LTD-SPON ADR,Basic Materials,120,65.076466667,-7809.176,-7809.176,-120,64.009166667,7681.1,7681.1
Trade Summary,Data,Stocks,United States Dollar,BLW,BLACKROCK LTD DURAT INC TR,Broad,8728,12.860416705,-112245.717,-112245.717,-8728,13.610607012,118793.378,118793.378
Trade Summary,Data,Stocks,United States Dollar,BMY,BRISTOL-MYERS SQUIBB CO,Healthcare,25,57.42,-1435.5,-1435.5,-25,61.6,1540,1540
Trade Summary,Data,Stocks,United States Dollar,C,CITIGROUP INC,Financials,160,48.11225,-7697.96,-7697.96,-160,50.3396875,8054.35,8054.35
Trade Summary,Data,Stocks,United States Dollar,CBDBY,CIA BRASILEIRA DE DIS- ADR,Consumer Non-Cyc,2500,4.7816,-11954,-11954,-2500,5.1144,12786,12786
Trade Summary,Data,Stocks,United States Dollar,CHWY,CHEWY INC - CLASS A,Consumer Cyclicals,50,25.58,-1279,-1279,-50,31.472,1573.6,1573.6
Trade Summary,Data,Stocks,United States Dollar,CRM,SALESFORCE INC,Technology,20,167.91,-3358.2,-3358.2,-20,188.69,3773.8,3773.8
Trade Summary,Data,Stocks,United States Dollar,DIS,WALT DISNEY CO/THE,Telecomm,40,89.27,-3570.8,-3570.8,-40,89.36,3574.4,3574.4
Trade Summary,Data,Stocks,United States Dollar,EAD,ALLSPRING INCOME OPPORT,Broad,2000,6.30827,-12616.54,-12616.54,-2000,6.5982375,13196.475,13196.475
Trade Summary,Data,Stocks,United States Dollar,EBR,CENTRAIS ELETRICAS BR-SP ADR,Utilities,200,5.6,-1120,-1120,-200,6.4,1280,1280
Trade Summary,Data,Stocks,United States Dollar,GBAB,GUGGENHEIM TAXABLE MUNICIPAL,Broad,2310,18.373840043,-42443.5705,-42443.5705,-2310,16.687463203,38548.04,38548.04
Trade Summary,Data,Stocks,United States Dollar,GDO,WESTERN AST GLB CORP OPPRNTY,Broad,2000,13.55,-27100,-27100,-2000,12.78451,25569.02,25569.02
Trade Summary,Data,Stocks,United States Dollar,GOLD.OLD,BARRICK MINING CORP,Basic Materials,450,18.291666667,-8231.25,-8231.25,-450,20.29,9130.5,9130.5
Trade Summary,Data,Stocks,United States Dollar,GRFS,GRIFOLS SA-ADR,Healthcare,1000,11.06893,-11068.93,-11068.93,-1000,11.8732,11873.2,11873.2
Trade Summary,Data,Stocks,United States Dollar,HIX,WESTERN ASSET HIGH INC II,Broad,4000,4.848615,-19394.46,-19394.46,-4000,4.93,19720,19720
Trade Summary,Data,Stocks,United States Dollar,HMC,HONDA MOTOR CO LTD-SPONS ADR,Consumer Cyclicals,50,26.115,-1305.75,-1305.75,-50,23.355,1167.75,1167.75
Trade Summary,Data,Stocks,United States Dollar,HUYA,HUYA INC-ADR,Technology,423,7.165382979,-3030.957,-3030.957,-423,7.247044917,3065.5,3065.5
Trade Summary,Data,Stocks,United States Dollar,ING,ING GROEP N.V.-SPONSORED ADR,Financials,100,10.075,-1007.5,-1007.5,-100,9.325,932.5,932.5
Trade Summary,Data,Stocks,United States Dollar,INTC,INTEL CORP,Technology,230,41.188913043,-9473.45,-9473.45,-230,38.211830435,8788.721,8788.721
Trade Summary,Data,Stocks,United States Dollar,ITUB,ITAU UNIBANCO H-SPON PRF ADR,Financials,1100,4.754545455,-5230,-5230,-1100,4.35,4785,4785
Trade Summary,Data,Stocks,United States Dollar,JD,JD.COM INC-ADR,Consumer Cyclicals,110,38.797454545,-4267.72,-4267.72,-110,43.064545455,4737.1,4737.1
Trade Summary,Data,Stocks,United States Dollar,KMB,KIMBERLY-CLARK CORP,Consumer Non-Cyc,25,121.425,-3035.625,-3035.625,-25,140.28,3507,3507
Trade Summary,Data,Stocks,United States Dollar,MMM,3M CO,Consumer Non-Cyc,50,153.903,-7695.15,-7695.15,-50,140.268,7013.4,7013.4
Trade Summary,Data,Stocks,United States Dollar,NEM,NEWMONT CORP,Basic Materials,250,49.60746,-12401.865,-12401.865,-250,43.803,10950.75,10950.75
Trade Summary,Data,Stocks,United States Dollar,NU,NU HOLDINGS LTD/CAYMAN ISL-A,Financials,600,4.224666667,-2534.8,-2534.8,-600,4.126666667,2476,2476
Trade Summary,Data,Stocks,United States Dollar,OPEN,OPENDOOR TECHNOLOGIES INC,Real Estate,200,10.28865,-2057.73,-2057.73,-200,5.525,1105,1105
Trade Summary,Data,Stocks,United States Dollar,ORANY,ORANGE-SPON ADR,Technology,1000,10.318,-10318,-10318,-1000,11.35,11350,11350
Trade Summary,Data,Stocks,United States Dollar,PAGS,PAGSEGURO DIGITAL LTD-CL A,Industrials,311,30.503536977,-9486.6,-9486.6,-311,30.508038585,9488,9488
Trade Summary,Data,Stocks,United States Dollar,PDD,PDD HOLDINGS INC,Technology,20,70,-1400,-1400,-20,58.4035,1168.07,1168.07
Trade Summary,Data,Stocks,United States Dollar,PETS,PETMED EXPRESS INC,Consumer Non-Cyc,50,22.34,-1117,-1117,-50,21.5,1075,1075
Trade Summary,Data,Stocks,United States Dollar,PHG,KONINKLIJKE PHILIPS NVR- NY,Healthcare,140,28.1065,-3934.91,-3934.91,-140,21.084142857,2951.78,2951.78
Trade Summary,Data,Stocks,United States Dollar,PHT,PIONEER HIGH INCOME FUND,Broad,200,7.268,-1453.6,-1453.6,-200,6.6,1320,1320
Trade Summary,Data,Stocks,United States Dollar,PML,PIMCO MUNICIPAL INCOME FD II,Broad,5858,10.422589792,-61055.531,-61055.531,-5858,9.628445886,56403.436,56403.436
Trade Summary,Data,Stocks,United States Dollar,PYPL,PAYPAL HOLDINGS INC,Financials,30,146,-4380,-4380,-30,116.935,3508.05,3508.05
Trade Summary,Data,Stocks,United States Dollar,SAP,SAP SE-SPONSORED ADR,Technology,20,101.115,-2022.3,-2022.3,-20,89.38,1787.6,1787.6
Trade Summary,Data,Stocks,United States Dollar,SKLZ,SKILLZ INC,Technology,700,2.54,-1778,-1778,-700,3.185,2229.5,2229.5
Trade Summary,Data,Stocks,United States Dollar,SWK,STANLEY BLACK & DECKER INC,Industrials,40,125.32865,-5013.146,-5013.146,-40,110.15,4406,4406
Trade Summary,Data,Stocks,United States Dollar,T,AT&T INC,Technology,320,23.861875,-7635.8,-7635.8,-320,25.72575,8232.24,8232.24
Trade Summary,Data,Stocks,United States Dollar,TDOC,TELADOC HEALTH INC,Healthcare,20,83.65,-1673,-1673,-20,70.8,1416,1416
Trade Summary,Data,Stocks,United States Dollar,TEN,TENNECO INC-CLASS A,Consumer Cyclicals,200,10.35,-2070,-2070,-200,19.585,3917,3917
Trade Summary,Data,Stocks,United States Dollar,TLRY,TILRAY BRANDS INC,Healthcare,200,13.45,-2690,-2690,-200,7.672,1534.4,1534.4
Trade Summary,Data,Stocks,United States Dollar,UL.OLD,UNILEVER PLC-SPONSORED ADR,Consumer Non-Cyc,65,45.575,-2962.375,-2962.375,-65,46.225,3004.625,3004.625
Trade Summary,Data,Stocks,United States Dollar,WBA,WALGREENS BOOTS ALLIANCE INC,Consumer Non-Cyc,334,39.263652695,-13114.06,-13114.06,-334,36.995479042,12356.49,12356.49
Trade Summary,Data,Stocks,United States Dollar,WDS,WOODSIDE ENERGY GROUP-ADR,Energy,0,0,0,0,-7.228,23.70968456,171.3736,171.3736
Trade Summary,Data,Stocks,United States Dollar,WMT,WALMART INC,Consumer Non-Cyc,20,122.04,-2440.8,-2440.8,-20,126.09,2521.8,2521.8
Trade Summary,Data,Stocks,United States Dollar,WOOF,PETCO HEALTH AND WELLNESS CO,Consumer Cyclicals,100,16.4,-1640,-1640,-100,15.72,1572,1572
Trade Summary,Data,Stocks,United States Dollar,XP,XP INC - CLASS A,Financials,273,28.078571429,-7665.45,-7665.45,-284.5439,30.423342598,8656.776554,8656.776554
Trade Summary,Data,Stocks,United States Dollar,XYZ,BLOCK INC,Industrials,30,88.35,-2650.5,-2650.5,-30,112.62,3378.6,3378.6
Deposits And Withdrawals,MetaInfo,Analysis Period,"July 12, 2021 - January 27, 2026"
Deposits And Withdrawals,Header,Date,Type,Description,Amount
Deposits And Withdrawals,Data,07/12/21,DEPOSIT,Cash Receipts / Electronic Fund Transfers ,170000
Deposits And Withdrawals,Data,12/14/21,DEPOSIT,Cash Receipts / Electronic Fund Transfers ,45000
Deposits And Withdrawals,Data,11/14/22,DEPOSIT,Cash Receipts / Electronic Fund Transfers ,30000
Deposits And Withdrawals,Data,08/09/23,ACATOUT,Ishares Short Treasury Bond (SHV) Quantity: -39,-4293.9
Deposits And Withdrawals,Data,01/31/24,ACATOUT,"Ishares 1-3 Year Treasury Bo (SHY) Quantity: -3,068",-252036.2
Deposits And Withdrawals,Data,02/05/24,ACATOUT,Ishares 1-3 Year Treasury Bo (SHY) Quantity: -1,-81.92
Deposits And Withdrawals,Data,03/11/24,ACATOUTCNCL,Ishares 1-3 Year Treasury Bo (SHY) Quantity: 1,81.92
Deposits And Withdrawals,Data,04/15/24,ACATOUT,Ishares 1-3 Year Treasury Bo (SHY) Quantity: -25,-2030.25
Deposits And Withdrawals,Data,04/17/24,ACATOUTCNCL,Ishares 1-3 Year Treasury Bo (SHY) Quantity: 25,2030.25
Deposits And Withdrawals,Data,04/17/24,ACATOUT,Ishares 1-3 Year Treasury Bo (SHY) Quantity: -25,-2028.25
Corporate Actions,MetaInfo,Analysis Period,"July 12, 2021 - January 27, 2026"
Corporate Actions,Header,Date,Type,Description,Quantity
Corporate Actions,Data,20211001,Spinoff,ITUB(US4655621062) SPINOFF  230878461 FOR 10000000000,11.5439
Corporate Actions,Data,20220601,Spinoff,BHP(US0886061086) SPINOFF  1807 FOR 5000,7.228
Corporate Actions,Data,20220603,Split,AMZN(US0231351067) SPLIT 20 FOR 1,19
Dividends,MetaInfo,Analysis Period,"July 12, 2021 - January 27, 2026"
Dividends,Header,PayDate,Ex-Date,Symbol,Note,Quantity,DividendPerShare,Amount
Dividends,Data,20210921,20210902,BHP,Dividend Payment,100,4.00,400
Dividends,Data,20211112,20211001,ITUB,Dividend Payment,500,0.00,1.32
Dividends,Data,20211213,20211101,ITUB,Dividend Payment,500,0.00,1.57
Dividends,Data,20211230,20211209,ORANY,Dividend Payment,1000,0.34,337.74
Dividends,Data,20220105,20211230,ECH,Dividend Payment,200,0.09,17.7
Dividends,Data,20220110,20211230,AVAL,Dividend Payment,2000,0.02,43.94
Dividends,Data,20220113,20211201,ITUB,Dividend Payment,1100,0.00,3.42
Dividends,Data,20220211,20220103,ITUB,Dividend Payment,1100,0.00,3.66
Dividends,Data,20220301,20220204,INTC,Dividend Payment,30,0.36,10.95
Dividends,Data,20220314,20220217,MMM,Dividend Payment,15,1.49,22.35
Dividends,Data,20220321,20211122,ITUB,Dividend Payment,1100,0.05,57.55
Dividends,Data,20220516,20220427,ING,Dividend Payment,100,0.43,43.14
Dividends,Data,20220525,20220513,ING,Dividend Payment,100,0.24,24.35
Dividends,Data,20220527,20220429,C,Dividend Payment,45,0.51,22.95
Dividends,Data,20220531,20220519,SAP,Dividend Payment,10,2.08,20.77
Dividends,Data,20220531,20220519,SAP,Dividend Payment,10,0.53,5.32
Dividends,Data,20220607,20220601,AVAL,Dividend Payment,1000,0.29,285.49
Dividends,Data,20220608,20220512,PHG,Dividend Payment,70,0.91,63.85
Dividends,Data,20220610,20220519,WBA,Dividend Payment,150,0.48,71.62
Dividends,Data,20220613,20220519,MMM,Dividend Payment,20,1.49,29.8
Dividends,Data,20220616,20220519,UL.OLD,Dividend Payment,65,0.46,29.61
Dividends,Data,20220616,20220601,NEM,Dividend Payment,50,0.55,27.5
Dividends,Data,20220621,20220606,SWK,Dividend Payment,40,0.79,31.6
Dividends,Data,20220624,20220622,MJ,Dividend Payment,200,0.07,14
Dividends,Data,20220630,20220614,BBN,Dividend Payment,500,0.12,61.45
Dividends,Data,20220728,20220623,2828,Dividend Payment,3400,0.15,498.0949
Dividends,Data,20220729,20220714,BBN,Dividend Payment,3000,0.12,368.7
Dividends,Data,20220729,20220714,GBAB,Dividend Payment,2179,0.13,273.97
Dividends,Data,20220729,20220714,BLW,Dividend Payment,4216,0.10,413.59
Dividends,Data,20220801,20220708,PML,Dividend Payment,2000,0.06,118
Dividends,Data,20220805,20220801,EMB,Dividend Payment,474,0.35,163.8
Dividends,Data,20220831,20220812,BLW,Dividend Payment,4216,0.10,413.59
Dividends,Data,20220831,20220812,BBN,Dividend Payment,3000,0.12,368.7
Dividends,Data,20220831,20220812,GBAB,Dividend Payment,2179,0.13,273.97
Dividends,Data,20220901,20220810,PML,Dividend Payment,2000,0.06,118
Dividends,Data,20220907,20220901,VCLT,Dividend Payment,50,0.28,14.24
Dividends,Data,20220907,20220901,BND,Dividend Payment,100,0.16,15.65
Dividends,Data,20220907,20220901,VCIT,Dividend Payment,50,0.21,10.34
Dividends,Data,20220907,20220901,BOND,Dividend Payment,100,0.27,27
Dividends,Data,20220908,20220901,LQD,Dividend Payment,30,0.30,9.13
Dividends,Data,20220908,20220901,TLT,Dividend Payment,50,0.24,11.81
Dividends,Data,20220908,20220901,EMB,Dividend Payment,100,0.31,31.19
Dividends,Data,20220908,20220901,SUSB,Dividend Payment,100,0.04,3.62
Dividends,Data,20220908,20220901,BGRN,Dividend Payment,200,0.10,20.91
Dividends,Data,20220930,20220914,BBN,Dividend Payment,3000,0.12,368.7
Dividends,Data,20220930,20220919,PHT,Dividend Payment,200,0.06,12.5
Dividends,Data,20220930,20220914,GBAB,Dividend Payment,2179,0.13,273.97
Dividends,Data,20221003,20220909,PML,Dividend Payment,2000,0.06,118
Dividends,Data,20221003,20220922,GDO,Dividend Payment,1000,0.10,101
Dividends,Data,20221006,20221003,BOND,Dividend Payment,100,0.27,27
Dividends,Data,20221006,20221003,VCIT,Dividend Payment,50,0.21,10.53
Dividends,Data,20221006,20221003,VCLT,Dividend Payment,51,0.28,14.48
Dividends,Data,20221006,20221003,BND,Dividend Payment,100,0.16,15.61
Dividends,Data,20221006,20221003,EDV,Dividend Payment,100,0.68,68.24
Dividends,Data,20221007,20221003,TLT,Dividend Payment,100,0.24,24.41
Dividends,Data,20221007,20221003,LQD,Dividend Payment,80,0.34,27.14
Dividends,Data,20221007,20221003,SUSB,Dividend Payment,100,0.04,3.94
Dividends,Data,20221007,20221003,BGRN,Dividend Payment,200,0.12,23.32
Dividends,Data,20221007,20221003,EMB,Dividend Payment,100,0.37,37.07
Dividends,Data,20221031,20221013,BBN,Dividend Payment,3000,0.12,368.7
Dividends,Data,20221031,20221013,GBAB,Dividend Payment,2179,0.13,273.97
Dividends,Data,20221031,20221017,PHT,Dividend Payment,200,0.06,12.5
Dividends,Data,20221031,20221013,BLW,Dividend Payment,100,0.10,9.81
Dividends,Data,20221101,20221021,GDO,Dividend Payment,1000,0.10,101
Dividends,Data,20221101,20221012,PML,Dividend Payment,2000,0.06,118
Dividends,Data,20221104,20221101,BND,Dividend Payment,100,0.16,16.29
Dividends,Data,20221104,20221101,BOND,Dividend Payment,100,0.27,27
Dividends,Data,20221104,20221101,VCLT,Dividend Payment,51,0.29,14.65
Dividends,Data,20221104,20221101,VCIT,Dividend Payment,50,0.21,10.43
Dividends,Data,20221107,20221101,SUSB,Dividend Payment,100,0.04,4.12
Dividends,Data,20221107,20221101,TLT,Dividend Payment,100,0.24,23.56
Dividends,Data,20221107,20221101,LQD,Dividend Payment,80,0.31,24.57
Dividends,Data,20221107,20221101,EMB,Dividend Payment,100,0.38,38.16
Dividends,Data,20221107,20221101,BGRN,Dividend Payment,200,0.13,25.01
Dividends,Data,20221130,20221114,BBN,Dividend Payment,3000,0.12,368.7
Dividends,Data,20221130,20221114,BLW,Dividend Payment,332,0.10,32.57
Dividends,Data,20221130,20221114,GBAB,Dividend Payment,2186,0.13,274.85
Dividends,Data,20221130,20221115,PHT,Dividend Payment,200,0.06,11.5
Dividends,Data,20221201,20221110,PML,Dividend Payment,2100,0.06,123.9
Dividends,Data,20221201,20221121,GDO,Dividend Payment,1000,0.10,101
Dividends,Data,20221206,20221201,BOND,Dividend Payment,100,0.28,28
Dividends,Data,20221206,20221201,VCIT,Dividend Payment,50,0.22,10.84
Dividends,Data,20221206,20221201,VCLT,Dividend Payment,55,0.29,16.21
Dividends,Data,20221206,20221201,BND,Dividend Payment,100,0.16,16.46
Dividends,Data,20221207,20221201,SUSB,Dividend Payment,100,0.04,4.34
Dividends,Data,20221207,20221201,TLT,Dividend Payment,200,0.24,48.85
Dividends,Data,20221207,20221201,LQD,Dividend Payment,80,0.34,27.52
Dividends,Data,20221207,20221201,EMB,Dividend Payment,100,0.34,33.94
Dividends,Data,20221207,20221201,BGRN,Dividend Payment,200,0.14,27.79
Dividends,Data,20221219,20221212,PHT,Dividend Payment,200,0.06,11.5
Dividends,Data,20221221,20221215,BGRN,Dividend Payment,200,0.13,26.81
Dividends,Data,20221221,20221215,LQD,Dividend Payment,80,0.33,26.53
Dividends,Data,20221221,20221215,EMB,Dividend Payment,100,0.34,33.99
Dividends,Data,20221221,20221215,SUSB,Dividend Payment,100,0.05,4.7
Dividends,Data,20221222,20221214,BBN,Dividend Payment,3000,0.10,308.7
Dividends,Data,20221222,20221214,BLW,Dividend Payment,332,0.10,32.57
Dividends,Data,20221229,20221223,BND,Dividend Payment,100,0.17,17.23
Dividends,Data,20221229,20221223,VCIT,Dividend Payment,50,0.23,11.52
Dividends,Data,20221229,20221223,VCLT,Dividend Payment,55,0.30,16.61
Dividends,Data,20221229,20221223,EDV,Dividend Payment,100,0.69,69.14
Dividends,Data,20221230,20221214,GBAB,Dividend Payment,2186,0.13,274.85
Dividends,Data,20221230,20221221,GDO,Dividend Payment,1000,0.10,101
Dividends,Data,20230103,20221209,PML,Dividend Payment,2100,0.06,123.9
Dividends,Data,20230104,20221229,BOND,Dividend Payment,100,0.29,29
Dividends,Data,20230127,20230125,NUSI.OLD,Dividend Payment,300,0.12,37.18
Dividends,Data,20230131,20230118,PHT,Dividend Payment,200,0.06,11.5
Dividends,Data,20230131,20230112,BLW,Dividend Payment,332,0.10,32.57
Dividends,Data,20230131,20230112,BBN,Dividend Payment,3000,0.10,308.7
Dividends,Data,20230131,20230112,GBAB,Dividend Payment,2186,0.13,274.85
Dividends,Data,20230201,20230112,PML,Dividend Payment,2100,0.04,82.95
Dividends,Data,20230201,20230123,GDO,Dividend Payment,1000,0.10,101
Dividends,Data,20230206,20230201,BOND,Dividend Payment,100,0.28,28
Dividends,Data,20230206,20230201,JEPI,Dividend Payment,190,0.44,84.34
Dividends,Data,20230206,20230201,BND,Dividend Payment,100,0.18,17.6
Dividends,Data,20230206,20230201,VCLT,Dividend Payment,55,0.31,16.91
Dividends,Data,20230206,20230201,VCIT,Dividend Payment,50,0.24,11.77
Dividends,Data,20230207,20230201,SUSB,Dividend Payment,100,0.05,4.82
Dividends,Data,20230207,20230201,LQD,Dividend Payment,80,0.34,27.36
Dividends,Data,20230207,20230201,EMB,Dividend Payment,100,0.31,31.18
Dividends,Data,20230207,20230201,BGRN,Dividend Payment,200,0.13,26.07
Dividends,Data,20230227,20230223,NUSI.OLD,Dividend Payment,300,0.12,37.29
Dividends,Data,20230228,20230214,GBAB,Dividend Payment,2307,0.13,290.06
Dividends,Data,20230228,20230216,PHT,Dividend Payment,200,0.06,11.5
Dividends,Data,20230228,20230214,BLW,Dividend Payment,332,0.10,32.57
Dividends,Data,20230228,20230214,BBN,Dividend Payment,3000,0.10,308.7
Dividends,Data,20230301,20230221,XYLD,Dividend Payment,130,0.41,53.06
Dividends,Data,20230301,20230217,GDO,Dividend Payment,2000,0.10,202
Dividends,Data,20230301,20230210,PML,Dividend Payment,2100,0.04,82.95
Dividends,Data,20230301,20230221,QYLD,Dividend Payment,300,0.17,50.2
Dividends,Data,20230306,20230301,BND,Dividend Payment,100,0.16,16.42
Dividends,Data,20230306,20230301,VCIT,Dividend Payment,50,0.21,10.65
Dividends,Data,20230306,20230301,VCLT,Dividend Payment,55,0.28,15.49
Dividends,Data,20230306,20230301,JEPI,Dividend Payment,190,0.41,78.12
Dividends,Data,20230306,20230301,BOND,Dividend Payment,100,0.29,29
Dividends,Data,20230307,20230301,EMB,Dividend Payment,100,0.38,37.88
Dividends,Data,20230307,20230301,SUSB,Dividend Payment,100,0.05,5.04
Dividends,Data,20230307,20230301,BGRN,Dividend Payment,200,0.13,25.8
Dividends,Data,20230324,20230322,NUSI.OLD,Dividend Payment,300,0.13,38.03
Dividends,Data,20230328,20230320,XYLD,Dividend Payment,130,0.40,51.86
Dividends,Data,20230328,20230320,QYLD,Dividend Payment,300,0.17,50.69
Dividends,Data,20230331,20230314,GBAB,Dividend Payment,2307,0.13,290.06
Dividends,Data,20230331,20230314,BLW,Dividend Payment,332,0.10,32.57
Dividends,Data,20230331,20230314,BBN,Dividend Payment,3000,0.10,308.7
Dividends,Data,20230403,20230310,PML,Dividend Payment,2100,0.04,82.95
Dividends,Data,20230403,20230323,GDO,Dividend Payment,2000,0.10,202
Dividends,Data,20230403,20230316,PHT,Dividend Payment,200,0.06,11.5
Dividends,Data,20230406,20230403,BOND,Dividend Payment,100,0.30,30
Dividends,Data,20230406,20230403,BND,Dividend Payment,100,0.18,18.28
Dividends,Data,20230406,20230403,JEPI,Dividend Payment,190,0.45,84.56
Dividends,Data,20230407,20230403,SUSB,Dividend Payment,100,0.05,5.11
Dividends,Data,20230414,20230405,SDIV,Dividend Payment,450,0.23,103.5
Dividends,Data,20230428,20230413,BBN,Dividend Payment,1400,0.10,144.06
Dividends,Data,20230428,20230413,GBAB,Dividend Payment,1107,0.13,139.18
Dividends,Data,20230428,20230413,BLW,Dividend Payment,1512,0.10,148.33
Dividends,Data,20230501,20230413,EAD,Dividend Payment,2000,0.05,99.4
Dividends,Data,20230501,20230420,HIX,Dividend Payment,4000,0.05,196
Dividends,Data,20230501,20230420,GDO,Dividend Payment,2000,0.10,202
Dividends,Data,20230502,20230424,QYLD,Dividend Payment,600,0.17,103.81
Dividends,Data,20230502,20230424,XYLD,Dividend Payment,500,0.38,187.98
Dividends,Data,20230504,20230501,JEPI,Dividend Payment,380,0.42,161.34
Dividends,Data,20230505,20230501,BIL,Dividend Payment,545,0.35,192.47
Dividends,Data,20230511,20230503,SDIV,Dividend Payment,1050,0.21,225.75
Dividends,Data,20230531,20230512,GBAB,Dividend Payment,1107,0.13,139.18
Dividends,Data,20230531,20230522,QYLD,Dividend Payment,600,0.17,100.92
Dividends,Data,20230531,20230522,XYLD,Dividend Payment,500,0.28,142
Dividends,Data,20230531,20230512,BLW,Dividend Payment,1512,0.10,148.33
Dividends,Data,20230531,20230512,BBN,Dividend Payment,1400,0.10,144.06
Dividends,Data,20230601,20230522,HIX,Dividend Payment,4000,0.05,196
Dividends,Data,20230601,20230522,GDO,Dividend Payment,2000,0.10,202
Dividends,Data,20230601,20230511,EAD,Dividend Payment,2000,0.05,97.86
Dividends,Data,20230606,20230601,JEPI,Dividend Payment,380,0.37,138.86
Dividends,Data,20230607,20230601,BIL,Dividend Payment,500,0.37,185.35
Dividends,Data,20230613,20230605,SDIV,Dividend Payment,1050,0.21,225.75
Dividends,Data,20230615,20230531,NEM,Dividend Payment,100,0.40,40
Dividends,Data,20230628,20230620,XYLD,Dividend Payment,500,0.33,163.7
Dividends,Data,20230630,20230614,BBN,Dividend Payment,1400,0.09,130.06
Dividends,Data,20230630,20230614,GBAB,Dividend Payment,1107,0.13,139.18
Dividends,Data,20230630,20230614,BLW,Dividend Payment,1512,0.10,148.33
Dividends,Data,20230703,20230622,GDO,Dividend Payment,2000,0.10,202
Dividends,Data,20230703,20230622,HIX,Dividend Payment,4000,0.05,196
Dividends,Data,20230703,20230612,EAD,Dividend Payment,2000,0.05,96.68
Dividends,Data,20230714,20230706,SDIV,Dividend Payment,1050,0.21,225.75
Dividends,Data,20230724,20230713,CEFD,Dividend Payment,1000,0.25,249.7
Dividends,Data,20230731,20230713,BBN,Dividend Payment,1400,0.09,130.06
Dividends,Data,20230731,20230713,GBAB,Dividend Payment,1107,0.13,139.18
Dividends,Data,20230731,20230713,BLW,Dividend Payment,1512,0.10,148.33
Dividends,Data,20230801,20230724,XYLD,Dividend Payment,500,0.29,143.6
Dividends,Data,20230801,20230713,EAD,Dividend Payment,2000,0.05,95.9
Dividends,Data,20230801,20230721,GDO,Dividend Payment,2000,0.10,202
Dividends,Data,20230801,20230721,HIX,Dividend Payment,4000,0.05,196
Dividends,Data,20230807,20230801,TLT,Dividend Payment,200,0.28,55.06
Dividends,Data,20230807,20230801,SHV,Dividend Payment,197,0.47,92.08
Dividends,Data,20230811,20230803,SDIV,Dividend Payment,1050,0.21,220.5
Dividends,Data,20230821,20230810,CEFD,Dividend Payment,1000,0.21,209.1
Dividends,Data,20230829,20230821,XYLD,Dividend Payment,500,0.38,190.15
Dividends,Data,20230831,20230814,GBAB,Dividend Payment,1107,0.13,139.18
Dividends,Data,20230831,20230814,BLW,Dividend Payment,1512,0.10,148.33
Dividends,Data,20230831,20230814,BBN,Dividend Payment,1400,0.09,130.06
Dividends,Data,20230901,20230823,GDO,Dividend Payment,2000,0.10,202
Dividends,Data,20230901,20230823,HIX,Dividend Payment,4000,0.05,196
Dividends,Data,20230901,20230811,EAD,Dividend Payment,2000,0.05,95.52
Dividends,Data,20230908,20230901,TLT,Dividend Payment,350,0.29,101
Dividends,Data,20230908,20230901,SHV,Dividend Payment,158,0.46,72.78
Dividends,Data,20230914,20230906,SDIV,Dividend Payment,1050,0.21,220.5
Dividends,Data,20230921,20230906,NEM,Dividend Payment,200,0.40,80
Dividends,Data,20230921,20230912,CEFD,Dividend Payment,1000,0.21,206.5
Dividends,Data,20230926,20230918,XYLD,Dividend Payment,500,0.33,166.65
Dividends,Data,20230929,20230914,GBAB,Dividend Payment,1107,0.13,139.18
Dividends,Data,20230929,20230914,BLW,Dividend Payment,1512,0.10,148.33
Dividends,Data,20230929,20230914,BBN,Dividend Payment,1400,0.09,130.06
Dividends,Data,20231002,20230921,GDO,Dividend Payment,2000,0.10,204
Dividends,Data,20231002,20230921,HIX,Dividend Payment,4000,0.05,196
Dividends,Data,20231002,20230911,EAD,Dividend Payment,2000,0.05,95.38
Dividends,Data,20231006,20231002,TLT,Dividend Payment,350,0.28,98
Dividends,Data,20231006,20231002,SHV,Dividend Payment,158,0.46,73.45
Dividends,Data,20231013,20231004,SDIV,Dividend Payment,1050,0.21,220.5
Dividends,Data,20231023,20231012,CEFD,Dividend Payment,1000,0.26,261.4
Dividends,Data,20231031,20231012,GBAB,Dividend Payment,1107,0.13,139.18
Dividends,Data,20231031,20231023,XYLD,Dividend Payment,500,0.38,191.75
Dividends,Data,20231031,20231013,BLW,Dividend Payment,1512,0.11,163.14
Dividends,Data,20231031,20231013,BBN,Dividend Payment,1400,0.09,130.06
Dividends,Data,20231101,20231023,GDO,Dividend Payment,2000,0.10,204
Dividends,Data,20231101,20231023,HIX,Dividend Payment,4000,0.05,196
Dividends,Data,20231101,20231012,EAD,Dividend Payment,2000,0.05,94.88
Dividends,Data,20231107,20231101,TLT,Dividend Payment,350,0.29,100.2
Dividends,Data,20231107,20231101,SHV,Dividend Payment,158,0.47,74
Dividends,Data,20231113,20231103,SDIV,Dividend Payment,1050,0.21,220.5
Dividends,Data,20231120,20231109,CEFD,Dividend Payment,1000,0.19,186.2
Dividends,Data,20231122,20231103,C,Dividend Payment,50,0.53,26.5
Dividends,Data,20231129,20231120,XYLD,Dividend Payment,500,0.27,133.4
Dividends,Data,20231130,20231114,BBN,Dividend Payment,1400,0.09,130.06
Dividends,Data,20231130,20231114,BLW,Dividend Payment,1512,0.11,163.14
Dividends,Data,20231130,20231114,GBAB,Dividend Payment,1107,0.13,139.18
Dividends,Data,20231201,20231121,HIX,Dividend Payment,4000,0.05,196
Dividends,Data,20231201,20231121,GDO,Dividend Payment,2000,0.10,204
Dividends,Data,20231201,20231113,EAD,Dividend Payment,2000,0.05,94.76
Dividends,Data,20231207,20231201,TLT,Dividend Payment,350,0.29,101.12
Dividends,Data,20231207,20231201,SHV,Dividend Payment,158,0.49,76.67
Dividends,Data,20231213,20231205,SDIV,Dividend Payment,1050,0.21,220.5
Dividends,Data,20231220,20231214,TLT,Dividend Payment,350,0.31,108.69
Dividends,Data,20231220,20231214,SHV,Dividend Payment,151,0.50,76.09
Dividends,Data,20231220,20231214,BBN,Dividend Payment,1400,0.09,130.06
Dividends,Data,20231220,20231214,BLW,Dividend Payment,1512,0.11,163.14
Dividends,Data,20231221,20231212,CEFD,Dividend Payment,1000,0.18,182.8
Dividends,Data,20231222,20231129,NEM,Dividend Payment,200,0.40,80
Dividends,Data,20231229,20231214,GBAB,Dividend Payment,1107,0.13,139.18
Dividends,Data,20231229,20231220,GDO,Dividend Payment,2000,0.10,204
Dividends,Data,20231229,20231220,HIX,Dividend Payment,4000,0.05,196
Dividends,Data,20240102,20231211,EAD,Dividend Payment,2000,0.05,103.46
Dividends,Data,20240108,20231228,SDIV,Dividend Payment,1050,0.21,220.5
Dividends,Data,20240108,20231228,XYLD,Dividend Payment,500,0.29,144.8
Dividends,Data,20240108,20231228,RYLD,Dividend Payment,265,0.17,44.18
Dividends,Data,20240207,20240201,SHY,Dividend Payment,1,0.24,0.24
Dividends,Data,20240307,20240301,SHY,Payment In Lieu,1,0.24,0.24
Dividends,Data,20240405,20240401,SHY,Dividend Payment,26,0.27,7.03
Interest Details,MetaInfo,Analysis Period,"July 12, 2021 - January 27, 2026"
Interest Details,Header,Date,Description,Amount
Interest Details,Data,20210826,Accrued Interest Paid RCL 5 1/2 04/01/28,-46.14
Interest Details,Data,20210826,Accrued Interest Paid RCL 5 1/2 04/01/28,-3414.28
Interest Details,Data,20211001,Bond Coupon Payment RCL 5 1/2 04/01/28 TAE3,4170.83
Interest Details,Data,20211007,Accrued Interest Received RCL 5 1/2 04/01/28,6.72
Interest Details,Data,20211104,Accrued Interest Received RCL 5 1/2 04/01/28,90.44
Interest Details,Data,20211104,Accrued Interest Received RCL 5 1/2 04/01/28,423.96
Interest Details,Data,20211104,Accrued Interest Received RCL 5 1/2 04/01/28,310.9
Interest Details,Data,20220105,HKD Debit Interest Paid for December 2021,-19.694323
Interest Details,Data,20220203,HKD Debit Interest Paid for January 2022,-0.006416
Interest Details,Data,20220603,USD Credit Interest Received for May 2022,29.98
Interest Details,Data,20220706,USD Credit Interest Received for June 2022,58.26
Interest Details,Data,20220803,HKD Debit Interest Paid for July 2022,-0.0101912
Interest Details,Data,20220803,USD Credit Interest Received for July 2022,20.18
Interest Details,Data,20220906,USD Credit Interest Received for August 2022,21.64
Interest Details,Data,20221005,USD Credit Interest Received for September 2022,4.29
Interest Details,Data,20221005,USD Debit Interest Paid for September 2022,-4.91
Interest Details,Data,20221103,USD Debit Interest Paid for October 2022,-0.03
Interest Details,Data,20221205,USD Credit Interest Received for November 2022,20.99
Interest Details,Data,20230105,USD Credit Interest Received for December 2022,107.01
Interest Details,Data,20230203,USD Credit Interest Received for January 2023,108.79
Interest Details,Data,20230303,USD Credit Interest Received for February 2023,74.69
Interest Details,Data,20230405,USD Credit Interest Received for March 2023,139.75
Interest Details,Data,20230503,USD Credit Interest Received for April 2023,71.86
Interest Details,Data,20230706,USD Credit Interest Received for June 2023,6.28
Interest Details,Data,20230803,USD Credit Interest Received for July 2023,10.91
Interest Details,Data,20240205,USD Debit Interest Paid for January 2024,-0.18
Fee Summary,MetaInfo,Analysis Period,"July 12, 2021 - January 27, 2026"
Fee Summary,Header,Date,Description,Amount
Fee Summary,Data,20220822,G******31:abcopranp For Aug 2022 ,-4.5
Fee Summary,Data,20220822,G******31:cboe One Add-on For Aug 2022 ,-1
Fee Summary,Data,20220822,G******31:snapshotvaluenonpro For Aug 2022 ,-10
Fee Summary,Data,20220905,G******31:abcopranp For Sep 2022 ,-4.5
Fee Summary,Data,20220905,G******31:cboe One Add-on For Aug 2022 ,1
Fee Summary,Data,20220905,G******31:cboe One Add-on For Sep 2022 ,-1
Fee Summary,Data,20220905,G******31:snapshotvaluenonpro For Aug 2022 ,10
Fee Summary,Data,20220905,G******31:snapshotvaluenonpro For Sep 2022 ,-10
Fee Summary,Data,20221004,G******31:abcopranp For Oct 2022 ,-4.5
Fee Summary,Data,20221004,G******31:cboe One Add-on For Oct 2022 ,-1
Fee Summary,Data,20221004,G******31:cboe One Add-on For Sep 2022 ,1
Fee Summary,Data,20221004,G******31:snapshotvaluenonpro For Oct 2022 ,-10
Fee Summary,Data,20221004,G******31:snapshotvaluenonpro For Sep 2022 ,10
Fee Summary,Data,20221103,G******31:abcopranp For Nov 2022 ,-4.5
Fee Summary,Data,20221103,G******31:cboe One Add-on For Nov 2022 ,-1
Fee Summary,Data,20221103,G******31:cboe One Add-on For Oct 2022 ,1
Fee Summary,Data,20221103,G******31:snapshotvaluenonpro For Nov 2022 ,-10
Fee Summary,Data,20221202,G******31:abcopranp For Dec 2022 ,-4.5
Fee Summary,Data,20221202,G******31:cboe One Add-on For Dec 2022 ,-1
Fee Summary,Data,20221202,G******31:cboe One Add-on For Nov 2022 ,1
Fee Summary,Data,20221202,G******31:snapshotvaluenonpro For Dec 2022 ,-10
Fee Summary,Data,20230104,G******31:abcopranp For Jan 2023 ,-4.5
Fee Summary,Data,20230104,G******31:cboe One Add-on For Dec 2022 ,1
Fee Summary,Data,20230104,G******31:cboe One Add-on For Jan 2023 ,-1
Fee Summary,Data,20230104,G******31:snapshotvaluenonpro For Jan 2023 ,-10
Fee Summary,Data,20230202,G******31:abcopranp For Feb 2023 ,-4.5
Fee Summary,Data,20230202,G******31:cboe One Add-on For Feb 2023 ,-1
Fee Summary,Data,20230202,G******31:snapshotvaluenonpro For Feb 2023 ,-10
Fee Summary,Data,20230302,G******31:abcopranp For Mar 2023 ,-4.5
Fee Summary,Data,20230302,G******31:cboe One Add-on For Feb 2023 ,1
Fee Summary,Data,20230302,G******31:cboe One Add-on For Mar 2023 ,-1
Fee Summary,Data,20230302,G******31:snapshotvaluenonpro For Mar 2023 ,-10
Fee Summary,Data,20230404,G******31:abcopranp For Apr 2023 ,-4.5
Fee Summary,Data,20230404,G******31:cboe One Add-on For Apr 2023 ,-1
Fee Summary,Data,20230404,G******31:cboe One Add-on For Mar 2023 ,1
Fee Summary,Data,20230404,G******31:snapshotvaluenonpro For Apr 2023 ,-10
Fee Summary,Data,20230404,G******31:snapshotvaluenonpro For Mar 2023 ,10
Fee Summary,Data,20230502,G******31:abcopranp For May 2023 ,-4.5
Fee Summary,Data,20230502,G******31:cboe One Add-on For Apr 2023 ,1
Fee Summary,Data,20230502,G******31:cboe One Add-on For May 2023 ,-1
Fee Summary,Data,20230502,G******31:snapshotvaluenonpro For Apr 2023 ,10
Fee Summary,Data,20230502,G******31:snapshotvaluenonpro For May 2023 ,-10
Fee Summary,Data,20230602,G******31:abcopranp For Jun 2023 ,-4.5
Fee Summary,Data,20230602,G******31:cboe One Add-on For Jun 2023 ,-1
Fee Summary,Data,20230602,G******31:snapshotvaluenonpro For Jun 2023 ,-10
Fee Summary,Data,20230703,G******31:abcopranp For Jul 2023 ,-4.5
Fee Summary,Data,20230703,G******31:cboe One Add-on For Jul 2023 ,-1
Fee Summary,Data,20230703,G******31:cboe One Add-on For Jun 2023 ,1
Fee Summary,Data,20230703,G******31:snapshotvaluenonpro For Jul 2023 ,-10
Fee Summary,Data,20230802,G******31:abcopranp For Aug 2023 ,-4.5
Fee Summary,Data,20230802,G******31:cboe One Add-on For Aug 2023 ,-1
Fee Summary,Data,20230802,G******31:cboe One Add-on For Jul 2023 ,1
Fee Summary,Data,20230802,G******31:snapshotvaluenonpro For Aug 2023 ,-10
Fee Summary,Data,20230906,G******31:abcopranp For Sep 2023 ,-4.5
Fee Summary,Data,20230906,G******31:cboe One Add-on For Sep 2023 ,-1
Fee Summary,Data,20230906,G******31:snapshotvaluenonpro For Sep 2023 ,-10
Fee Summary,Data,20231004,G******31:abcopranp For Oct 2023 ,-4.5
Fee Summary,Data,20231004,G******31:cboe One Add-on For Oct 2023 ,-1
Fee Summary,Data,20231004,G******31:snapshotvaluenonpro For Oct 2023 ,-10
Fee Summary,Data,20231103,G******31:abcopranp For Nov 2023 ,-4.5
Fee Summary,Data,20231103,G******31:cboe One Add-on For Nov 2023 ,-1
Fee Summary,Data,20231103,G******31:cboe One Add-on For Oct 2023 ,1
Fee Summary,Data,20231103,G******31:snapshotvaluenonpro For Nov 2023 ,-10
Fee Summary,Data,20231205,G******31:abcopranp For Dec 2023 ,-4.5
Fee Summary,Data,20231205,G******31:cboe One Add-on For Dec 2023 ,-1
Fee Summary,Data,20231205,G******31:snapshotvaluenonpro For Dec 2023 ,-10
Fee Summary,Data,20240103,G********************na:abcopranp For Jan 2024 ,-4.5
Fee Summary,Data,20240103,G********************na:cboe One Add-on For Dec 2023 ,1
Fee Summary,Data,20240103,G********************na:cboe One Add-on For Jan 2024 ,-1
Fee Summary,Data,20240103,G********************na:snapshotvaluenonpro For Dec 2023 ,10
Fee Summary,Data,20240103,G********************na:snapshotvaluenonpro For Jan 2024 ,-10
Fee Summary,Data,20240202,G********************na:abcopranp For Feb 2024 ,-4.5
Fee Summary,Data,20240202,G********************na:cboe One Add-on For Jan 2024 ,1
Fee Summary,Data,20240202,G********************na:snapshotvaluenonpro For Feb 2024 ,-10
Fee Summary,Data,20240202,G********************na:snapshotvaluenonpro For Jan 2024 ,10
Fee Summary,Data,20240205,G********************na:cboe One Add-on For Feb 2024 ,-1
Fee Summary,Data,20240305,G********************na:abcopranp For Mar 2024 ,-4.5
Fee Summary,Data,20240305,G********************na:cboe One Add-on For Mar 2024 ,-1
Fee Summary,Data,20240305,G********************na:snapshotvaluenonpro For Mar 2024 ,-10
Fee Summary,Data,20240402,G********************na:abcopranp For Apr 2024 ,-4.5
Fee Summary,Data,20240402,G********************na:snapshotvaluenonpro For Apr 2024 ,-10
Fee Summary,Data,20240403,G********************na:cboe One Add-on For Apr 2024 ,-1
Fee Summary,Data,20240403,G********************na:cboe One Add-on For Mar 2024 ,1
Fee Summary,Data,20240502,G********************na:abcopranp For May 2024 ,-4.5
Fee Summary,Data,20240502,G********************na:cboe One Add-on For Apr 2024 ,1
Fee Summary,Data,20240502,G********************na:cboe One Add-on For May 2024 ,-1
Fee Summary,Data,20240502,G********************na:snapshotvaluenonpro For May 2024 ,-10
Fee Summary,Data,20240604,G********************na:abcopranp For Jun 2024 ,-4.5
Fee Summary,Data,20240604,G********************na:cboe One Add-on For Jun 2024 ,-1
Fee Summary,Data,20240604,G********************na:snapshotvaluenonpro For Jun 2024 ,-10
Notes and Disclosure,Header,Type,Note
Notes and Disclosure,Data,General,"1. The Net Asset Value (NAV) consists of all positions by financial instrument (stock, securities options, warrants, bonds, cash, etc.). All non-base currency amounts are converted to the base currency at the close of period rate."
Notes and Disclosure,Data,General,2. The gain or loss from future contracts settle into cash each night. The notional value is used when computing the contribution to return.
Notes and Disclosure,Data,General,"3. Dividend accruals, interest accruals, and insured deposits are included in cash amounts throughout the report."
Notes and Disclosure,Data,General,4. Price valuations are obtained from outside parties. Clearing Broker shall have no responsibility for the accuracy or timeliness of any such price valuation.
Notes and Disclosure,Data,General,5. Data from Thomson Reuters Business Classifications and Lipper Global is used to derive our sector classifications. Funds with assorted sector allocations are classified as Broad.
Notes and Disclosure,Data,General,"6. Amounts are formatted to two decimal places. If amounts are greater than two decimal places, Clearing Broker uses "half-even" rounding. This means that Clearing Broker rounds such amounts up to the nearest even number."
Notes and Disclosure,Data,General,"7. For accounts opened and funded before 2009, reports with a time period of Since Inception will only include data going back to January 1, 2009. This includes some default reports and both Historical Performance reports."
Notes and Disclosure,Data,General,"8. If you have elected to trade cryptocurrency/digital asset products at Crypto Provider through the Clearing Broker platform, for your convenience your positions in your linked account at Crypto Provider are reflected in PortfolioAnalyst in connection with your Clearing Broker account."
Notes and Disclosure,Data,Section,1. Account Overview: The deposit/withdrawal amount displayed includes internal transfers along with cash and position transfers.
Notes and Disclosure,Data,Section,"2. Risk Measures: Historical US 3 Month Treasury Bill rates are used as the risk free rates when calculating Alpha, the Sharpe ratio, the Sortino ratio, and the downside deviation."
Notes and Disclosure,Data,Disclosure,"This portfolio report was generated using Clearing Broker's PortfolioAnalyst tool, which allows Clearing Broker clients to generate analyses of their accounts using market data provided by third parties along with trade and account data contained in Clearing Broker's systems. This report is for information purposes only and is provided AS IS. Clearing Broker makes no warranty of any kind, express or implied, as to this report and its contents. The data provided for use in the PortfolioAnalyst tool is believed to be accurate, but completeness and accuracy of the information is not guaranteed, and Clearing Broker has no liability with respect thereto. The data regarding accounts held outside of Clearing Broker is obtained either directly from your input or from the financial institutions holding those accounts through a third-party service provider and Clearing Broker has NOT reviewed its accuracy.

The material in this report is intended only as a reference and should not be relied upon for the maintenance of your books and records for tax, accounting, financial, or regulatory reporting or for any other purposes. This report is not an offer or a solicitation of an offer to buy or sell any security. This material does not, and is not intended to, take into account the particular financial conditions, investment objectives, or requirements of individual customers. Before acting on any material within this report, you should consider whether it is suitable for your particular circumstances and as necessary, seek professional advice."
