Introduction,Header,Name,Account,Alias,BaseCurrency,AccountType,AnalysisPeriod,PerformanceMeasure
Introduction,Data,Maria P hurtado miller vda de jauslin,U10424187,,USD,Individual (Broker Client),"September 23, 2022 to January 27, 2026 (Daily)",TWR
Key Statistics,MetaInfo,Analysis Period,"September 23, 2022 - January 27, 2026"
Key Statistics,Header,BeginningNAV,EndingNAV,CumulativeReturn,5DayReturn,5DayReturnDateRange,10DayReturn,10DayReturnDateRange,BestReturn,BestReturnDate,WorstReturn,WorstReturnDate,MTM,Deposits & Withdrawals,Dividends,Interest,Fees & Commissions,Other,ChangeInNAV
Key Statistics,Data,0,1136.028869,845.060090041,687.274964019,20260121 - 20260127,687.274964019,20260114 - 20260127,530.43063217,20260126,-10.416745842,20250702,9631.165,-32114.81,27916.48,2974.99,-3487.391954,-3784.404177,1136.028869
Historical Performance,MetaInfo,Analysis Period,"September 23, 2022 - January 27, 2026"
Historical Performance,Header,Account,MTD,QTD,YTD,1 Year,3 Year,Since Inception
Historical Performance,Data,U10424187,687.274964047,687.274964047,687.274964047,640.707744449,743.277013812,845.06008881
Historical Performance,Header,Month,Account,AccountReturn
Historical Performance,Data,202501,U10424187,1.6575507
Historical Performance,Data,202502,U10424187,2.368898299
Historical Performance,Data,202503,U10424187,-3.147611455
Historical Performance,Data,202504,U10424187,-3.257480101
Historical Performance,Data,202505,U10424187,0.770263615
Historical Performance,Data,202506,U10424187,0.054959748
Historical Performance,Data,202507,U10424187,-3.024216534
Historical Performance,Data,202508,U10424187,0
Historical Performance,Data,202509,U10424187,0
Historical Performance,Data,202510,U10424187,0
Historical Performance,Data,202511,U10424187,0
Historical Performance,Data,202512,U10424187,0
Historical Performance,Data,202401,U10424187,-0.201061142
Historical Performance,Data,202402,U10424187,0.668159553
Historical Performance,Data,202403,U10424187,0.816461296
Historical Performance,Data,202404,U10424187,-3.316068379
Historical Performance,Data,202405,U10424187,3.218166688
Historical Performance,Data,202406,U10424187,1.651825481
Historical Performance,Data,202407,U10424187,2.824229527
Historical Performance,Data,202408,U10424187,2.82059665
Historical Performance,Data,202409,U10424187,1.81522973
Historical Performance,Data,202410,U10424187,-1.374654251
Historical Performance,Data,202411,U10424187,1.906323279
Historical Performance,Data,202412,U10424187,-4.337528993
Historical Performance,Data,202301,U10424187,3.057132014
Historical Performance,Data,202302,U10424187,-0.289835225
Historical Performance,Data,202303,U10424187,0.84563684
Historical Performance,Data,202304,U10424187,0.559513082
Historical Performance,Data,202305,U10424187,-2.490295671
Historical Performance,Data,202306,U10424187,2.378645315
Historical Performance,Data,202307,U10424187,1.801615712
Historical Performance,Data,202308,U10424187,-1.897834451
Historical Performance,Data,202309,U10424187,-3.301215904
Historical Performance,Data,202310,U10424187,-3.6961031
Historical Performance,Data,202311,U10424187,6.976324804
Historical Performance,Data,202312,U10424187,4.888480193
Historical Performance,Data,202201,U10424187,-
Historical Performance,Data,202202,U10424187,-
Historical Performance,Data,202203,U10424187,-
Historical Performance,Data,202204,U10424187,-
Historical Performance,Data,202205,U10424187,-
Historical Performance,Data,202206,U10424187,-
Historical Performance,Data,202207,U10424187,-
Historical Performance,Data,202208,U10424187,-
Historical Performance,Data,202209,U10424187,-
Historical Performance,Data,202210,U10424187,1.876908249
Historical Performance,Data,202211,U10424187,6.060906071
Historical Performance,Data,202212,U10424187,0.094778532
Historical Performance,Header,Quarter,Account,AccountReturn
Historical Performance,Data,2025 Q1,U10424187,0.790130334
Historical Performance,Data,2025 Q2,U10424187,-2.458728681
Historical Performance,Data,2025 Q3,U10424187,-3.024216534
Historical Performance,Data,2025 Q4,U10424187,0
Historical Performance,Data,2024 Q1,U10424187,1.286019007
Historical Performance,Data,2024 Q2,U10424187,1.443827245
Historical Performance,Data,2024 Q3,U10424187,7.643628607
Historical Performance,Data,2024 Q4,U10424187,-3.853989951
Historical Performance,Data,2023 Q1,U10424187,3.627399335
Historical Performance,Data,2023 Q2,U10424187,0.387671297
Historical Performance,Data,2023 Q3,U10424187,-3.427321196
Historical Performance,Data,2023 Q4,U10424187,8.058597676
Historical Performance,Data,2022 Q1,U10424187,-
Historical Performance,Data,2022 Q2,U10424187,-
Historical Performance,Data,2022 Q3,U10424187,-
Historical Performance,Data,2022 Q4,U10424187,8.15398166
Historical Performance,Header,Year,Account,AccountReturn
Historical Performance,Data,YTD,U10424187,687.274964047
Historical Performance,Data,2025,U10424187,-4.661192495
Historical Performance,Data,2024,U10424187,6.33952668
Historical Performance,Data,2023,U10424187,8.559687537
Open Position Summary,MetaInfo,As Of,"January 27, 2026"
Open Position Summary,Header,Date,FinancialInstrument,Currency,Symbol,Description,Sector,Quantity,ClosePrice,Value,Cost Basis,UnrealizedP&L,FXRateToBase
Open Position Summary,Data,01/27/2026,Cash,USD,USD,United States Dollar,Cash,1136.028869,1,1136.028869, , ,1
Performance by Symbol,MetaInfo,Analysis Period,"September 23, 2022 - January 27, 2026"
Performance by Symbol,Header,Symbol,Description,FinancialInstrument,Sector,AvgWeight,Return,Contribution,Unrealized_P&L,Realized_P&L,Open
Performance by Symbol,Data,GNBSUD 7.051 04/03/27,GNBSUD 7.051 04/03/27,Bonds,Financials,39.507664558,-2.234212254,0.810745447,0.00,"-1,815.82",No
Performance by Symbol,Data,Total Bonds,,,,39.507664558,-2.234212254,0.810745447,0.00,"-1,815.82",
Performance by Symbol,Data,BIL,SS SPDR BB 1-3M T-BILL ETF,ETFs,Government,7.442862463,0.126949206,0.009375558,0.00,0.00,No
Performance by Symbol,Data,EMB,ISHARES J.P. MORGAN USD EMERGI,ETFs,Broad,7.515604048,9.24511502,0.677137148,0.00,"1,044.90",No
Performance by Symbol,Data,EMLC,VANECK JPM EM LOCAL CURR BND,ETFs,Broad,4.977805406,8.200954531,0.491563218,0.00,713.99,No
Performance by Symbol,Data,IGOV,ISHARES INTERNATIONAL TREASU,ETFs,Broad,6.966799279,7.996614642,0.546916096,0.00,868.19,No
Performance by Symbol,Data,JAAA,JANUS HENDERSON AAA CLO ETF,ETFs,Broad,31.145508221,1.554995036,0.484746467,0.00,182.06,No
Performance by Symbol,Data,JEPI,JPMORGAN EQUITY PREMIUM INCO,ETFs,Broad,6.853252503,15.747874832,1.014244864,0.00,792.49,No
Performance by Symbol,Data,KWEB,KRANESH CSI CHINA INTERNET,ETFs,Technology,3.324497529,14.705786811,0.50760995,0.00,769.46,No
Performance by Symbol,Data,QYLD,GLOBAL X NASD 100 COV CALL,ETFs,Broad,8.540735199,29.43716549,2.688981873,0.00,"2,570.33",No
Performance by Symbol,Data,RYLD,GLOBAL X RUSSELL 2000 COV CL,ETFs,Broad,7.427171532,-12.030685277,-0.901980138,0.00,"-2,829.50",No
Performance by Symbol,Data,SDIV,GLOBAL X SUPERDIVIDEND ETF,ETFs,Broad,6.939256062,4.694492278,0.530975818,0.00,-416.43,No
Performance by Symbol,Data,SHV,ISHARES SHORT TREASURY BOND,ETFs,Government,18.326236707,0.197508978,0.13366428,0.00,-134.21,No
Performance by Symbol,Data,SHY,ISHARES 1-3 YEAR TREASURY BO,ETFs,Government,2.66532057,-0.188672887,0.008620562,0.00,0.00,No
Performance by Symbol,Data,TIP,ISHARES TIPS BOND ETF,ETFs,Broad,3.381662747,2.233103613,0.075116307,0.00,118.87,No
Performance by Symbol,Data,TLH,ISHARES 10-20 YEAR TREASURY,ETFs,Government,6.573982449,-1.774352014,-0.114035748,0.00,-232.32,No
Performance by Symbol,Data,TLT,ISHARES 20+ YEAR TREASURY BD,ETFs,Government,17.607722527,-8.530004054,-1.078518918,0.00,"-2,386.32",No
Performance by Symbol,Data,WIP,SPDR FTSE INTERNATIONAL GOVE,ETFs,Broad,5.475271607,15.148586482,0.927971748,0.00,"1,418.51",No
Performance by Symbol,Data,Total ETFs,,,,34.576527575,4.750457195,6.039593418,0.00,"2,480.03",
Performance by Symbol,Data,BABA1 250620C00080000,BABA1 20JUN25 80 C,Options,Technology,1.533013965,19.433457797,0.358105701,0.00,519.05,No
Performance by Symbol,Data,C     250117C00045000,C 17JAN25 45 C,Options,Financials,0.548388701,19.000320319,0.093474191,0.00,148.32,No
Performance by Symbol,Data,DIS   250321C00105000,DIS 21MAR25 105 C,Options,Telecomm,-1.702630323,66.166126866,-0.922027315,0.00,"-1,527.32",No
Performance by Symbol,Data,DIS   250321P00090000,DIS 21MAR25 90 P,Options,Telecomm,2.523714961,-38.196870253,-1.157453696,0.00,"-1,917.34",No
Performance by Symbol,Data,NKE   250321C00087500,NKE 21MAR25 87.5 C,Options,Consumer Cyclicals,-3.074282862,78.100619925,-2.170746239,0.00,"-3,582.72",No
Performance by Symbol,Data,NKE   250321C00100000,NKE 21MAR25 100 C,Options,Consumer Cyclicals,-0.82262949,-32.956975236,0.33459978,0.00,561.10,No
Performance by Symbol,Data,NKE   250321P00077500,NKE 21MAR25 77.5 P,Options,Consumer Cyclicals,3.487096751,-45.154505367,-1.68479171,0.00,"-2,782.66",No
Performance by Symbol,Data,NKE   250321P00082500,NKE 21MAR25 82.5 P,Options,Consumer Cyclicals,4.843872134,39.026070372,1.660426411,0.00,"2,744.87",No
Performance by Symbol,Data,SPY   230609P00390000,SPY 09JUN23 390 P,Options,Broad,0.081508371,-100,-0.223597388,0.00,-352.06,No
Performance by Symbol,Data,TLT   260116C00075000,TLT 16JAN26 75 C,Options,Government,2.633476428,21.142526976,0.529856102,0.00,858.58,No
Performance by Symbol,Data,TLT   260116C00090000,TLT 16JAN26 90 C,Options,Government,6.00367231,16.687194855,0.946470948,0.00,"1,463.18",No
Performance by Symbol,Data,TLT   270115C00080000,TLT 15JAN27 80 C,Options,Government,5.036256807,-40.530173368,-2.658775883,0.00,"-4,224.95",No
Performance by Symbol,Data,TLT   270115C00090000,TLT 15JAN27 90 C,Options,Government,2.619961507,-19.948772936,-0.602278214,0.00,-950.60,No
Performance by Symbol,Data,USB   250117C00035000,USB 17JAN25 35 C,Options,Financials,0.337565965,26.944192565,0.105863,0.00,161.75,No
Performance by Symbol,Data,Total Options,,,,4.107711741,-55.031991696,-5.402242282,0.00,"-8,880.80",
Performance by Symbol,Data,ADBE,ADOBE INC,Stocks,Technology,4.191461166,10.03359667,0.273418796,0.00,441.89,No
Performance by Symbol,Data,AMZN,AMAZON.COM INC,Stocks,Consumer Cyclicals,3.043832245,20.581821191,0.567377123,0.00,830.62,No
Performance by Symbol,Data,AVK,ADVENT CONVERT & INCOME,Stocks,Broad,7.966826028,7.600869679,0.433770102,0.00,-115.23,No
Performance by Symbol,Data,BABA,ALIBABA GROUP HOLDING-SP ADR,Stocks,Technology,2.437984781,4.985926828,0.121471083,0.00,120.27,No
Performance by Symbol,Data,BAC,BANK OF AMERICA CORP,Stocks,Financials,1.815032717,4.308421005,0.081913285,0.00,113.61,No
Performance by Symbol,Data,BBN,BLACKROCK TAXABLE MUNI BND,Stocks,Broad,7.126353308,19.880328714,1.845294573,0.00,"2,163.18",No
Performance by Symbol,Data,BCAT,BLACKROCK CAPITAL ALLOC TR,Stocks,Broad,9.185989674,-0.455921621,0.051560963,0.00,-667.84,No
Performance by Symbol,Data,BLW,BLACKROCK LTD DURAT INC TR,Stocks,Broad,7.645483969,39.006472201,2.344199108,0.00,"2,510.93",No
Performance by Symbol,Data,BPCR,BIOPHARMA CREDIT PLC,Stocks,Broad,14.795073972,-0.262208068,-0.036982372,0.00,-61.75,No
Performance by Symbol,Data,BWG,BRANDYWINEGLOBAL GLOBAL INCO,Stocks,Broad,7.785070719,-5.36842558,-0.596707707,0.00,"-1,200.91",No
Performance by Symbol,Data,C,CITIGROUP INC,Stocks,Financials,1.415171637,8.508060058,0.135814206,0.00,158.86,No
Performance by Symbol,Data,CIG,CIA ENERGETICA DE-SPON ADR,Stocks,Utilities,0.067640746,14.505565686,0.092508718,0.00,145.42,No
Performance by Symbol,Data,CVS,CVS HEALTH CORP,Stocks,Healthcare,2.201864155,9.756964309,0.213091318,0.00,327.69,No
Performance by Symbol,Data,DIS,WALT DISNEY CO/THE,Stocks,Telecomm,45.076267898,7.000649526,3.111675852,0.00,"5,067.84",No
Performance by Symbol,Data,DSL,DOUBLELINE INCOME SOLUTIONS,Stocks,Broad,7.691710873,-1.779290929,-0.088777253,0.00,-754.51,No
Performance by Symbol,Data,EAD,ALLSPRING INCOME OPPORT,Stocks,Broad,6.721192685,10.060906243,0.377280922,0.00,-737.47,No
Performance by Symbol,Data,ETY,EATON VANCE TAX-MGD DIV EQTY,Stocks,Broad,7.174742993,-8.826144488,-1.024583601,0.00,"-2,008.13",No
Performance by Symbol,Data,EXG,EATON VANCE TAX-MANAGED GLOB,Stocks,Broad,3.901504193,5.964904527,0.226076561,0.00,327.74,No
Performance by Symbol,Data,FAX,ABRDN ASIA-PACIFIC INCOME,Stocks,Broad,8.965908534,8.74193988,0.682430158,0.00,465.91,No
Performance by Symbol,Data,GBAB,GUGGENHEIM TAXABLE MUNICIPAL,Stocks,Broad,6.739804766,16.556967199,1.108189087,0.00,715.93,No
Performance by Symbol,Data,GDO,WESTERN AST GLB CORP OPPRNTY,Stocks,Broad,8.460901745,21.119866897,1.850380671,0.00,"1,509.13",No
Performance by Symbol,Data,GHY,PGIM GLOBAL HIGH YIELD FUND,Stocks,Broad,4.003953091,12.233437984,0.414614167,0.00,363.76,No
Performance by Symbol,Data,GOOGL,ALPHABET INC-CL A,Stocks,Telecomm,0.903906392,25.283413389,0.261181092,0.00,409.99,No
Performance by Symbol,Data,HIX,WESTERN ASSET HIGH INC II,Stocks,Broad,5.483464486,-0.488851136,0.821757246,0.00,515.60,No
Performance by Symbol,Data,HIX RT,WESTERN ASSET HIGH INCOM-W/I,Stocks,Broad,0.019688553,-100,-0.03299039,0.00,0.00,No
Performance by Symbol,Data,INTC,INTEL CORP,Stocks,Technology,1.965144887,7.543426726,0.146888304,0.00,234.87,No
Performance by Symbol,Data,NAD,NUVEEN QUALITY MUNICIPAL INC,Stocks,Broad,6.811083283,7.745325959,0.507284925,0.00,851.60,No
Performance by Symbol,Data,NKE,NIKE INC -CL B,Stocks,Consumer Cyclicals,24.521004453,15.747810156,2.134153349,0.00,"3,573.20",No
Performance by Symbol,Data,NUV,NUVEEN MUNICIPAL VALUE,Stocks,Broad,6.148801303,2.795741407,0.22245174,0.00,367.51,No
Performance by Symbol,Data,PML,PIMCO MUNICIPAL INCOME FD II,Stocks,Broad,4.098620261,8.050822183,0.977327697,0.00,"1,540.29",No
Performance by Symbol,Data,VLT,INVESCO HIGH INCOME TRUST II,Stocks,Broad,5.32683994,-4.757298646,-0.291051027,0.00,-556.87,No
Performance by Symbol,Data,WDI,WESTERN ASSET DIVERS INC,Stocks,Broad,8.857167863,-2.243858678,-0.109726099,0.00,-633.07,No
Performance by Symbol,Data,XP,XP INC - CLASS A,Stocks,Financials,1.80980646,-17.236961112,0.22141155,0.00,343.76,No
Performance by Symbol,Data,Total Stocks,,,,47.157190843,31.798348877,17.911800974,0.00,"16,363.80",
Performance by Symbol,Data,GBP,Great British Pound,Cash,Cash,-0.000361312,-100,-0.000724482,,,No
Performance by Symbol,Data,USD,United States Dollar,Cash,Cash,34.064908815,> 2000000,719.358907484,,,Yes
Performance by Symbol,Data,Fees,Fees,Cash,Cash,-,-,-3.037161233,,,-
Performance by Symbol,Data,Total Cash,,,,34.028381446,> 2000000,694.467900833,,,
Performance by Symbol,Data,Total,,,,99.885452463,845.060090069,845.060090069,0.00,"8,147.21",
Trade Summary,MetaInfo,Analysis Period,"September 23, 2022 - January 27, 2026"
Trade Summary,Header,Financial Instrument,Currency,Symbol,Description,Sector,Quantity Bought,Average Price Bought,Proceeds Bought,Proceeds Bought in Base,Quantity Sold,Average Price Sold,Proceeds Sold,Proceeds Sold in Base
Trade Summary,Data,Bonds,United States Dollar,GNBSUD 7.051 04/03/27,GNBSUD 7.051 04/03/27,Financials,0,0,0,0,-30000,0.85,25500,25500
Trade Summary,Data,ETFs,United States Dollar,BIL,SS SPDR BB 1-3M T-BILL ETF,Government,137,91.439927007,-12527.27,-12527.27,0,0,0,0
Trade Summary,Data,ETFs,United States Dollar,EMB,ISHARES J.P. MORGAN USD EMERGI,Broad,150,78.409533333,-11761.43,-11761.43,-150,85.390933333,12808.64,12808.64
Trade Summary,Data,ETFs,United States Dollar,EMLC,VANECK JPM EM LOCAL CURR BND,Broad,700,23.254428571,-16278.1,-16278.1,-700,24.285,16999.5,16999.5
Trade Summary,Data,ETFs,United States Dollar,IGOV,ISHARES INTERNATIONAL TREASU,Broad,300,36.185,-10855.5,-10855.5,-300,39.09,11727,11727
Trade Summary,Data,ETFs,United States Dollar,JAAA,JANUS HENDERSON AAA CLO ETF,Broad,1000,50.675,-50675,-50675,-1000,50.915,50915,50915
Trade Summary,Data,ETFs,United States Dollar,JEPI,JPMORGAN EQUITY PREMIUM INCO,Broad,300,54.677666667,-16403.3,-16403.3,-300,57.37,17211,17211
Trade Summary,Data,ETFs,United States Dollar,KWEB,KRANESH CSI CHINA INTERNET,Technology,200,26.04,-5208,-5208,-200,30,6000,6000
Trade Summary,Data,ETFs,United States Dollar,QYLD,GLOBAL X NASD 100 COV CALL,Broad,5223,16.1702305,-84457.1139,-84457.1139,-5223,16.691303102,87178.6761,87178.6761
Trade Summary,Data,ETFs,United States Dollar,RYLD,GLOBAL X RUSSELL 2000 COV CL,Broad,2931,17.011384852,-49860.369,-49860.369,-2735,15.770517185,43132.3645,43132.3645
Trade Summary,Data,ETFs,United States Dollar,SDIV,GLOBAL X SUPERDIVIDEND ETF,Broad,1702,22.923325499,-39015.5,-39015.5,-1702,22.597613984,38461.139,38461.139
Trade Summary,Data,ETFs,United States Dollar,SHV,ISHARES SHORT TREASURY BOND,Government,3944,110.192551268,-434599.4222,-434599.4222,-2484,110.279747907,273934.8938,273934.8938
Trade Summary,Data,ETFs,United States Dollar,SHY,ISHARES 1-3 YEAR TREASURY BO,Government,151,82.12311457,-12400.5903,-12400.5903,0,0,0,0
Trade Summary,Data,ETFs,United States Dollar,TIP,ISHARES TIPS BOND ETF,Broad,50,106.44,-5322,-5322,-50,108.86,5443,5443
Trade Summary,Data,ETFs,United States Dollar,TLH,ISHARES 10-20 YEAR TREASURY,Government,100,103.117,-10311.7,-10311.7,-100,100.995,10099.5,10099.5
Trade Summary,Data,ETFs,United States Dollar,TLT,ISHARES 20+ YEAR TREASURY BD,Government,300,97.810433333,-29343.13,-29343.13,-300,90.005,27001.5,27001.5
Trade Summary,Data,ETFs,United States Dollar,WIP,SPDR FTSE INTERNATIONAL GOVE,Broad,440,39.131818182,-17218,-17218,-440,42.368181818,18642,18642
Trade Summary,Data,Forex,United States Dollar,GBP.USD,GBP.USD,Cash,1,1.13225,-1.13225,-1.13225,0,0,0,0
Trade Summary,Data,Options,United States Dollar,BABA1 250620C00080000,BABA1 20JUN25 80 C,Technology,2,13.3,-2660,-2660,-2,16,3200,3200
Trade Summary,Data,Options,United States Dollar,C     250117C00045000,C 17JAN25 45 C,Financials,1,7.8,-780,-780,-1,9.3,930,930
Trade Summary,Data,Options,United States Dollar,DIS   250321C00105000,DIS 21MAR25 105 C,Telecomm,8,4.77,-3816,-3816,-8,2.91,2328,2328
Trade Summary,Data,Options,United States Dollar,DIS   250321P00090000,DIS 21MAR25 90 P,Telecomm,8,6.25,-5000,-5000,-8,3.9,3120,3120
Trade Summary,Data,Options,United States Dollar,NKE   250321C00087500,NKE 21MAR25 87.5 C,Consumer Cyclicals,10,8.15,-8150,-8150,-10,4.61,4610,4610
Trade Summary,Data,Options,United States Dollar,NKE   250321C00100000,NKE 21MAR25 100 C,Consumer Cyclicals,12,0.93,-1116,-1116,-12,1.44,1728,1728
Trade Summary,Data,Options,United States Dollar,NKE   250321P00077500,NKE 21MAR25 77.5 P,Consumer Cyclicals,10,6.14,-6140,-6140,-10,3.4,3400,3400
Trade Summary,Data,Options,United States Dollar,NKE   250321P00082500,NKE 21MAR25 82.5 P,Consumer Cyclicals,12,5.84,-7008,-7008,-12,8.17,9804,9804
Trade Summary,Data,Options,United States Dollar,SPY   230609P00390000,SPY 09JUN23 390 P,Broad,2,1.75,-350,-350,-2,0,0,0
Trade Summary,Data,Options,United States Dollar,TLT   260116C00075000,TLT 16JAN26 75 C,Government,2,20.25,-4050,-4050,-2,24.65,4930,4930
Trade Summary,Data,Options,United States Dollar,TLT   260116C00090000,TLT 16JAN26 90 C,Government,10,8.75,-8750,-8750,-10,10.25,10250,10250
Trade Summary,Data,Options,United States Dollar,TLT   270115C00080000,TLT 15JAN27 80 C,Government,6,17.35,-10410,-10410,-6,10.36,6216,6216
Trade Summary,Data,Options,United States Dollar,TLT   270115C00090000,TLT 15JAN27 90 C,Government,5,9.5,-4750,-4750,-5,7.66,3830,3830
Trade Summary,Data,Options,United States Dollar,USB   250117C00035000,USB 17JAN25 35 C,Financials,1,6,-600,-600,-1,7.71,771,771
Trade Summary,Data,Stocks,United States Dollar,ADBE,ADOBE INC,Technology,100,471.55,-47155,-47155,-100,476.258,47625.8,47625.8
Trade Summary,Data,Stocks,United States Dollar,AMZN,AMAZON.COM INC,Consumer Cyclicals,70,115.061428571,-8054.3,-8054.3,-70,127.2164,8905.148,8905.148
Trade Summary,Data,Stocks,United States Dollar,AVK,ADVENT CONVERT & INCOME,Broad,1310,11.629641221,-15234.83,-15234.83,-1310,11.600176336,15196.231,15196.231
Trade Summary,Data,Stocks,United States Dollar,BABA,ALIBABA GROUP HOLDING-SP ADR,Technology,50,78.495,-3924.75,-3924.75,-50,81.27,4063.5,4063.5
Trade Summary,Data,Stocks,United States Dollar,BAC,BANK OF AMERICA CORP,Financials,100,30.275,-3027.5,-3027.5,-100,31.52,3152,3152
Trade Summary,Data,Stocks,United States Dollar,BBN,BLACKROCK TAXABLE MUNI BND,Broad,3330,17.022309309,-56684.29,-56684.29,-3330,17.655663664,58793.36,58793.36
Trade Summary,Data,Stocks,United States Dollar,BCAT,BLACKROCK CAPITAL ALLOC TR,Broad,970,15.515,-15049.55,-15049.55,-970,14.882,14435.54,14435.54
Trade Summary,Data,Stocks,United States Dollar,BLW,BLACKROCK LTD DURAT INC TR,Broad,2228,12.739030521,-28382.56,-28382.56,-2228,13.83747307,30829.89,30829.89
Trade Summary,Data,Stocks,United States Dollar,BPCR,BIOPHARMA CREDIT PLC,Broad,0,0,0,0,-25000,0.94,23500,23500
Trade Summary,Data,Stocks,United States Dollar,BWG,BRANDYWINEGLOBAL GLOBAL INCO,Broad,1785,8.197434174,-14632.42,-14632.42,-1785,7.583792717,13537.07,13537.07
Trade Summary,Data,Stocks,United States Dollar,C,CITIGROUP INC,Financials,50,47.51,-2375.5,-2375.5,-50,51.055,2552.75,2552.75
Trade Summary,Data,Stocks,United States Dollar,CIG,CIA ENERGETICA DE-SPON ADR,Utilities,500,2,-1000,-1000,-500,2.301,1150.5,1150.5
Trade Summary,Data,Stocks,United States Dollar,CVS,CVS HEALTH CORP,Healthcare,60,55.82,-3349.2,-3349.2,-60,61.595,3695.7,3695.7
Trade Summary,Data,Stocks,United States Dollar,DIS,WALT DISNEY CO/THE,Telecomm,800,90.46,-72368,-72368,-800,96.855,77484,77484
Trade Summary,Data,Stocks,United States Dollar,DSL,DOUBLELINE INCOME SOLUTIONS,Broad,2400,12.688711667,-30452.908,-30452.908,-2400,12.437933333,29851.04,29851.04
Trade Summary,Data,Stocks,United States Dollar,EAD,ALLSPRING INCOME OPPORT,Broad,3810,6.714934383,-25583.9,-25583.9,-3810,6.568961155,25027.742,25027.742
Trade Summary,Data,Stocks,United States Dollar,ETY,EATON VANCE TAX-MGD DIV EQTY,Broad,1024,14.921054687,-15279.16,-15279.16,-1024,13.027099609,13339.75,13339.75
Trade Summary,Data,Stocks,United States Dollar,EXG,EATON VANCE TAX-MANAGED GLOB,Broad,800,7.51,-6008,-6008,-800,7.93,6344,6344
Trade Summary,Data,Stocks,United States Dollar,FAX,ABRDN ASIA-PACIFIC INCOME,Broad,1003,15.051445663,-15096.6,-15096.6,-1003,15.58,15626.74,15626.74
Trade Summary,Data,Stocks,United States Dollar,GBAB,GUGGENHEIM TAXABLE MUNICIPAL,Broad,4373,16.147672079,-70613.77,-70613.77,-4373,16.270900983,71152.65,71152.65
Trade Summary,Data,Stocks,United States Dollar,GDO,WESTERN AST GLB CORP OPPRNTY,Broad,4970,11.937905433,-59331.39,-59331.39,-4970,12.208118712,60674.35,60674.35
Trade Summary,Data,Stocks,United States Dollar,GHY,PGIM GLOBAL HIGH YIELD FUND,Broad,1235,12.137676113,-14990.03,-14990.03,-1235,12.4968583,15433.62,15433.62
Trade Summary,Data,Stocks,United States Dollar,GOOGL,ALPHABET INC-CL A,Telecomm,35,97.014942857,-3395.523,-3395.523,-35,108.872857143,3810.55,3810.55
Trade Summary,Data,Stocks,United States Dollar,HIX,WESTERN ASSET HIGH INC II,Broad,5700,4.698982456,-26784.2,-26784.2,-5700,4.812459649,27431.02,27431.02
Trade Summary,Data,Stocks,United States Dollar,INTC,INTEL CORP,Technology,100,31.035,-3103.5,-3103.5,-100,33.585,3358.5,3358.5
Trade Summary,Data,Stocks,United States Dollar,NAD,NUVEEN QUALITY MUNICIPAL INC,Broad,1000,10.99,-10990,-10990,-1000,11.852,11852,11852
Trade Summary,Data,Stocks,United States Dollar,NKE,NIKE INC -CL B,Consumer Cyclicals,2300,80.522895652,-185202.66,-185202.66,-2300,82.138430435,188918.39,188918.39
Trade Summary,Data,Stocks,United States Dollar,NUV,NUVEEN MUNICIPAL VALUE,Broad,1500,8.442333333,-12663.5,-12663.5,-1500,8.697666667,13046.5,13046.5
Trade Summary,Data,Stocks,United States Dollar,PML,PIMCO MUNICIPAL INCOME FD II,Broad,3000,8.986353333,-26959.06,-26959.06,-3000,9.510466667,28531.4,28531.4
Trade Summary,Data,Stocks,United States Dollar,VLT,INVESCO HIGH INCOME TRUST II,Broad,2175,11.157885057,-24268.4,-24268.4,-2175,10.953871264,23824.67,23824.67
Trade Summary,Data,Stocks,United States Dollar,WDI,WESTERN ASSET DIVERS INC,Broad,960,15.22,-14611.2,-14611.2,-960,14.625597917,14040.574,14040.574
Trade Summary,Data,Stocks,United States Dollar,XP,XP INC - CLASS A,Financials,380,12.348157895,-4692.3,-4692.3,-380,13.264368421,5040.46,5040.46
Deposits And Withdrawals,MetaInfo,Analysis Period,"September 23, 2022 - January 27, 2026"
Deposits And Withdrawals,Header,Date,Type,Description,Amount
Deposits And Withdrawals,Data,09/23/22,ACATIN,"Gnbsud 7.051 04/03/27 (GNBSUD 6 1/2 04/03/27) Quantity: 30,000",27300
Deposits And Withdrawals,Data,10/05/22,DEPOSIT,Cash Receipts / Electronic Fund Transfers ,106200
Deposits And Withdrawals,Data,10/06/22,ACATIN,"Biopharma Credit Plc (BPCR) Quantity: 25,000",23550
Deposits And Withdrawals,Data,12/15/22,ACATOUT,Spdr Bloomberg 1-3 Month T-b (BIL) Quantity: -137,-12545.09
Deposits And Withdrawals,Data,03/08/23,ACATOUT,Ishares Short Treasury Bond (SHV) Quantity: -28,-3080.28
Deposits And Withdrawals,Data,06/08/23,ACATOUT,Ishares Short Treasury Bond (SHV) Quantity: -30,-3301.5
Deposits And Withdrawals,Data,10/16/23,ACATOUT,Ishares Short Treasury Bond (SHV) Quantity: -29,-3197.54
Deposits And Withdrawals,Data,12/28/23,ACATOUT,Global X Russell 2000 Cov Cl (RYLD) Quantity: -196,-3328.08
Deposits And Withdrawals,Data,04/12/24,ACATOUT,Ishares 1-3 Year Treasury Bo (SHY) Quantity: -40,-3246.4
Deposits And Withdrawals,Data,07/24/24,ACATOUT,Ishares 1-3 Year Treasury Bo (SHY) Quantity: -40,-3278.8
Deposits And Withdrawals,Data,07/26/24,ACATIN,Ishares 1-3 Year Treasury Bo (SHY) Quantity: 40,3280.8
Deposits And Withdrawals,Data,07/26/24,ACATOUTCNCL,Ishares 1-3 Year Treasury Bo (SHY) Quantity: 40,3278.8
Deposits And Withdrawals,Data,07/26/24,ACATOUT,Ishares 1-3 Year Treasury Bo (SHY) Quantity: -40,-3280.8
Deposits And Withdrawals,Data,07/31/24,ACATOUTCNCL,Ishares 1-3 Year Treasury Bo (SHY) Quantity: 40,3280.8
Deposits And Withdrawals,Data,07/31/24,ACATOUT,Ishares 1-3 Year Treasury Bo (SHY) Quantity: -40,-3286.8
Deposits And Withdrawals,Data,08/02/24,ACATOUT,Ishares 1-3 Year Treasury Bo (SHY) Quantity: -40,-3288.4
Deposits And Withdrawals,Data,08/02/24,ACATOUTCNCL,Ishares 1-3 Year Treasury Bo (SHY) Quantity: 40,3286.8
Deposits And Withdrawals,Data,08/06/24,ACATOUTCNCL,Ishares 1-3 Year Treasury Bo (SHY) Quantity: 40,3288.4
Deposits And Withdrawals,Data,08/06/24,ACATOUT,Ishares 1-3 Year Treasury Bo (SHY) Quantity: -40,-3306
Deposits And Withdrawals,Data,08/09/24,ACATOUT,Ishares 1-3 Year Treasury Bo (SHY) Quantity: -40,-3298.4
Deposits And Withdrawals,Data,12/18/24,NA,Adjustment: Commission (consolidated Audit Trail Fee Refund) ,0.13
Deposits And Withdrawals,Data,04/15/25,ACATOUT,Ishares 1-3 Year Treasury Bo (SHY) Quantity: -71,-5863.89
Deposits And Withdrawals,Data,04/16/25,ACATOUT,Ishares 1-3 Year Treasury Bo (SHY) Quantity: -71,-5865.31
Deposits And Withdrawals,Data,04/16/25,ACATOUTCNCL,Ishares 1-3 Year Treasury Bo (SHY) Quantity: 71,5863.89
Deposits And Withdrawals,Data,06/12/25,ACATOUT,"Ishares Short Treasury Bond (SHV) Quantity: -1,373",-151277.14
Corporate Actions,MetaInfo,Analysis Period,"September 23, 2022 - January 27, 2026"
Corporate Actions,Header,Date,Type,Description,Quantity
Corporate Actions,Data,20240125,Rights,HIX(US95766J1025) SUBSCRIBABLE RIGHTS ISSUE  1 FOR 1,1300
Corporate Actions,Data,20240125,Rights,HIX(US95766J1025) SUBSCRIBABLE RIGHTS ISSUE  1 FOR 1,2
Corporate Actions,Data,20240307,Delisting,(US95766J1280) DELISTED,-1302
Dividends,MetaInfo,Analysis Period,"September 23, 2022 - January 27, 2026"
Dividends,Header,PayDate,Ex-Date,Symbol,Note,Quantity,DividendPerShare,Amount
Dividends,Data,20221101,20221021,HIX,Dividend Payment,2300,0.05,112.7
Dividends,Data,20221101,20221021,GDO,Dividend Payment,1200,0.10,121.2
Dividends,Data,20221107,20221101,EMLC,Dividend Payment,500,0.12,59
Dividends,Data,20221107,20221101,WIP,Dividend Payment,300,0.23,67.95
Dividends,Data,20221107,20221101,EMB,Dividend Payment,150,0.38,57.23
Dividends,Data,20221130,20221114,BBN,Dividend Payment,1000,0.12,122.9
Dividends,Data,20221130,20221114,BLW,Dividend Payment,800,0.10,78.48
Dividends,Data,20221130,20221114,GBAB,Dividend Payment,700,0.13,88.01
Dividends,Data,20221201,20221121,GDO,Dividend Payment,1200,0.10,121.2
Dividends,Data,20221201,20221110,PML,Dividend Payment,1100,0.06,64.9
Dividends,Data,20221201,20221114,NAD,Dividend Payment,1000,0.05,46.5
Dividends,Data,20221201,20221114,NUV,Dividend Payment,1000,0.03,28
Dividends,Data,20230131,20230112,GBAB,Dividend Payment,780,0.13,98.07
Dividends,Data,20230131,20230123,QYLD,Dividend Payment,500,0.17,84.8
Dividends,Data,20230131,20230112,BLW,Dividend Payment,450,0.10,44.15
Dividends,Data,20230131,20230112,BBN,Dividend Payment,1000,0.10,102.9
Dividends,Data,20230131,20230123,EXG,Dividend Payment,800,0.06,44.24
Dividends,Data,20230201,20230112,PML,Dividend Payment,1200,0.04,47.4
Dividends,Data,20230201,20230123,GDO,Dividend Payment,500,0.10,50.5
Dividends,Data,20230206,20230201,JEPI,Dividend Payment,100,0.44,44.39
Dividends,Data,20230207,20230201,WIP,Dividend Payment,140,0.26,36.47
Dividends,Data,20230228,20230214,BBN,Dividend Payment,300,0.10,30.87
Dividends,Data,20230301,20230217,GDO,Dividend Payment,500,0.10,50.5
Dividends,Data,20230307,20230301,EMLC,Dividend Payment,200,0.11,21.92
Dividends,Data,20230313,20230303,SDIV,Dividend Payment,232,0.26,59.16
Dividends,Data,20230328,20230320,RYLD,Dividend Payment,500,0.18,88
Dividends,Data,20230328,20230320,QYLD,Dividend Payment,700,0.17,118.27
Dividends,Data,20230331,20230314,GBAB,Dividend Payment,300,0.13,37.72
Dividends,Data,20230331,20230314,BLW,Dividend Payment,478,0.10,46.89
Dividends,Data,20230331,20230314,BBN,Dividend Payment,665,0.10,68.43
Dividends,Data,20230403,20230310,PML,Dividend Payment,100,0.04,3.95
Dividends,Data,20230403,20230323,GDO,Dividend Payment,1200,0.10,121.2
Dividends,Data,20230403,20230323,HIX,Dividend Payment,900,0.05,44.1
Dividends,Data,20230410,20230403,EMLC,Dividend Payment,200,0.12,24.92
Dividends,Data,20230414,20230405,SDIV,Dividend Payment,532,0.23,122.36
Dividends,Data,20230428,20230413,BLW,Dividend Payment,978,0.10,95.94
Dividends,Data,20230428,20230413,GBAB,Dividend Payment,700,0.13,88.01
Dividends,Data,20230428,20230413,BBN,Dividend Payment,665,0.10,68.43
Dividends,Data,20230501,20230413,EAD,Dividend Payment,1600,0.05,79.52
Dividends,Data,20230501,20230420,GDO,Dividend Payment,1200,0.10,121.2
Dividends,Data,20230501,20230420,HIX,Dividend Payment,2100,0.05,102.9
Dividends,Data,20230502,20230424,RYLD,Dividend Payment,500,0.18,91
Dividends,Data,20230502,20230424,QYLD,Dividend Payment,700,0.17,121.11
Dividends,Data,20230504,20230501,JEPI,Dividend Payment,200,0.42,84.92
Dividends,Data,20230505,20230501,SHV,Dividend Payment,280,0.40,111.31
Dividends,Data,20230511,20230503,SDIV,Dividend Payment,532,0.21,114.38
Dividends,Data,20230531,20230512,GBAB,Dividend Payment,700,0.13,88.01
Dividends,Data,20230531,20230522,RYLD,Dividend Payment,500,0.16,80.5
Dividends,Data,20230531,20230522,QYLD,Dividend Payment,700,0.17,117.74
Dividends,Data,20230531,20230512,BLW,Dividend Payment,978,0.10,95.94
Dividends,Data,20230531,20230512,BBN,Dividend Payment,665,0.10,68.43
Dividends,Data,20230601,20230522,GDO,Dividend Payment,1200,0.10,121.2
Dividends,Data,20230601,20230522,HIX,Dividend Payment,2100,0.05,102.9
Dividends,Data,20230601,20230511,EAD,Dividend Payment,1600,0.05,78.29
Dividends,Data,20230606,20230601,JEPI,Dividend Payment,200,0.37,73.08
Dividends,Data,20230607,20230601,SHV,Dividend Payment,280,0.48,134.89
Dividends,Data,20230613,20230605,SDIV,Dividend Payment,532,0.21,114.38
Dividends,Data,20230628,20230620,RYLD,Dividend Payment,500,0.18,91.45
Dividends,Data,20230630,20230601,BAC,Dividend Payment,100,0.22,22
Dividends,Data,20230630,20230614,GBAB,Dividend Payment,700,0.13,88.01
Dividends,Data,20230630,20230614,BBN,Dividend Payment,665,0.09,61.78
Dividends,Data,20230630,20230614,BLW,Dividend Payment,978,0.10,95.94
Dividends,Data,20230703,20230622,GDO,Dividend Payment,1200,0.10,121.2
Dividends,Data,20230703,20230622,HIX,Dividend Payment,2100,0.05,102.9
Dividends,Data,20230703,20230612,EAD,Dividend Payment,1600,0.05,77.34
Dividends,Data,20230707,20230703,JEPI,Dividend Payment,200,0.36,71.86
Dividends,Data,20230714,20230706,SDIV,Dividend Payment,532,0.21,114.38
Dividends,Data,20230731,20230713,BBN,Dividend Payment,665,0.09,61.78
Dividends,Data,20230731,20230713,GBAB,Dividend Payment,700,0.13,88.01
Dividends,Data,20230731,20230713,BLW,Dividend Payment,978,0.10,95.94
Dividends,Data,20230801,20230724,RYLD,Dividend Payment,500,0.18,89.85
Dividends,Data,20230801,20230713,EAD,Dividend Payment,1600,0.05,76.72
Dividends,Data,20230801,20230721,GDO,Dividend Payment,1200,0.10,121.2
Dividends,Data,20230801,20230721,HIX,Dividend Payment,2100,0.05,102.9
Dividends,Data,20230804,20230801,JEPI,Dividend Payment,200,0.29,58.07
Dividends,Data,20230807,20230801,TLT,Dividend Payment,100,0.28,27.53
Dividends,Data,20230811,20230803,SDIV,Dividend Payment,532,0.21,111.72
Dividends,Data,20230825,20230804,C,Dividend Payment,50,0.53,26.5
Dividends,Data,20230829,20230821,RYLD,Dividend Payment,500,0.17,87.05
Dividends,Data,20230831,20230814,GBAB,Dividend Payment,700,0.13,88.01
Dividends,Data,20230831,20230814,BBN,Dividend Payment,665,0.09,61.78
Dividends,Data,20230831,20230814,BLW,Dividend Payment,978,0.10,95.94
Dividends,Data,20230901,20230823,GDO,Dividend Payment,1200,0.10,121.2
Dividends,Data,20230901,20230823,HIX,Dividend Payment,2100,0.05,102.9
Dividends,Data,20230901,20230811,EAD,Dividend Payment,1600,0.05,76.42
Dividends,Data,20230907,20230901,JEPI,Dividend Payment,200,0.34,67.63
Dividends,Data,20230908,20230901,TLT,Dividend Payment,300,0.29,86.57
Dividends,Data,20230914,20230906,SDIV,Dividend Payment,532,0.21,111.72
Dividends,Data,20230926,20230918,RYLD,Dividend Payment,500,0.17,86.31
Dividends,Data,20230929,20230914,GBAB,Dividend Payment,700,0.13,88.01
Dividends,Data,20230929,20230914,BBN,Dividend Payment,665,0.09,61.78
Dividends,Data,20230929,20230914,BLW,Dividend Payment,978,0.10,95.94
Dividends,Data,20231002,20230921,GDO,Dividend Payment,1200,0.10,122.4
Dividends,Data,20231002,20230921,HIX,Dividend Payment,2100,0.05,102.9
Dividends,Data,20231002,20230911,EAD,Dividend Payment,1600,0.05,76.3
Dividends,Data,20231005,20231002,JEPI,Dividend Payment,200,0.36,72.67
Dividends,Data,20231006,20231002,TLT,Dividend Payment,300,0.28,84
Dividends,Data,20231006,20231002,SHV,Dividend Payment,29,0.46,13.48
Dividends,Data,20231013,20231004,SDIV,Dividend Payment,532,0.21,111.72
Dividends,Data,20231031,20231012,GBAB,Dividend Payment,700,0.13,88.01
Dividends,Data,20231031,20231023,QYLD,Dividend Payment,300,0.17,50.04
Dividends,Data,20231031,20231023,RYLD,Dividend Payment,900,0.16,145.44
Dividends,Data,20231031,20231013,BLW,Dividend Payment,978,0.11,105.53
Dividends,Data,20231031,20231013,BBN,Dividend Payment,665,0.09,61.78
Dividends,Data,20231101,20231023,GDO,Dividend Payment,1200,0.10,122.4
Dividends,Data,20231101,20231023,HIX,Dividend Payment,2100,0.05,102.9
Dividends,Data,20231101,20231012,EAD,Dividend Payment,1600,0.05,75.9
Dividends,Data,20231106,20231101,JEPI,Dividend Payment,200,0.36,71.78
Dividends,Data,20231107,20231101,TLT,Dividend Payment,300,0.29,85.89
Dividends,Data,20231113,20231103,SDIV,Dividend Payment,532,0.21,111.72
Dividends,Data,20231122,20231103,C,Dividend Payment,50,0.53,26.5
Dividends,Data,20231129,20231120,RYLD,Dividend Payment,900,0.17,151.02
Dividends,Data,20231129,20231120,QYLD,Dividend Payment,300,0.16,48.33
Dividends,Data,20231130,20231114,GBAB,Dividend Payment,700,0.13,88.01
Dividends,Data,20231130,20231114,BBN,Dividend Payment,665,0.09,61.78
Dividends,Data,20231130,20231114,BLW,Dividend Payment,978,0.11,105.53
Dividends,Data,20231201,20231121,HIX,Dividend Payment,2100,0.05,102.9
Dividends,Data,20231201,20231121,GDO,Dividend Payment,1200,0.10,122.4
Dividends,Data,20231201,20231113,EAD,Dividend Payment,1600,0.05,75.81
Dividends,Data,20231206,20231201,JEPI,Dividend Payment,200,0.39,78.05
Dividends,Data,20231207,20231201,TLT,Dividend Payment,300,0.29,86.68
Dividends,Data,20231213,20231205,SDIV,Dividend Payment,532,0.21,111.72
Dividends,Data,20231220,20231214,TLT,Dividend Payment,300,0.31,93.16
Dividends,Data,20231220,20231214,BBN,Dividend Payment,665,0.09,61.78
Dividends,Data,20231220,20231214,BLW,Dividend Payment,978,0.11,105.53
Dividends,Data,20231229,20231214,GBAB,Dividend Payment,700,0.13,88.01
Dividends,Data,20231229,20231220,GDO,Dividend Payment,1200,0.10,122.4
Dividends,Data,20231229,20231220,HIX,Dividend Payment,2100,0.05,102.9
Dividends,Data,20240102,20231211,EAD,Dividend Payment,1600,0.05,82.77
Dividends,Data,20240103,20231228,JEPI,Dividend Payment,200,0.43,85.56
Dividends,Data,20240108,20231228,QYLD,Dividend Payment,300,0.17,49.77
Dividends,Data,20240108,20231228,RYLD,Dividend Payment,4,0.17,0.67
Dividends,Data,20240130,20240122,RYLD,Dividend Payment,554,0.17,91.63
Dividends,Data,20240130,20240122,QYLD,Dividend Payment,300,0.18,53.7
Dividends,Data,20240131,20240111,BLW,Dividend Payment,978,0.11,105.53
Dividends,Data,20240131,20240111,GBAB,Dividend Payment,500,0.13,62.86
Dividends,Data,20240131,20240111,BBN,Dividend Payment,665,0.09,61.78
Dividends,Data,20240201,20240112,EAD,Dividend Payment,1600,0.05,82.64
Dividends,Data,20240201,20240123,GDO,Dividend Payment,1200,0.10,122.4
Dividends,Data,20240201,20240123,HIX,Dividend Payment,600,0.05,29.4
Dividends,Data,20240206,20240201,JEPI,Dividend Payment,200,0.30,60.12
Dividends,Data,20240207,20240201,TLT,Dividend Payment,300,0.31,93.04
Dividends,Data,20240213,20240205,SDIV,Dividend Payment,530,0.21,111.3
Dividends,Data,20240228,20240220,QYLD,Dividend Payment,300,0.18,53.16
Dividends,Data,20240228,20240220,RYLD,Dividend Payment,554,0.16,90.41
Dividends,Data,20240229,20240214,BLW,Dividend Payment,978,0.11,105.53
Dividends,Data,20240229,20240215,GHY,Dividend Payment,500,0.10,52.5
Dividends,Data,20240229,20240214,GBAB,Dividend Payment,700,0.13,88.01
Dividends,Data,20240229,20240214,BBN,Dividend Payment,665,0.09,61.78
Dividends,Data,20240301,20240212,EAD,Dividend Payment,1600,0.05,82.72
Dividends,Data,20240301,20240221,GDO,Dividend Payment,1200,0.10,122.4
Dividends,Data,20240301,20240221,HIX,Dividend Payment,1300,0.05,63.7
Dividends,Data,20240306,20240301,JEPI,Dividend Payment,200,0.30,60.17
Dividends,Data,20240307,20240301,TLT,Dividend Payment,300,0.30,88.57
Dividends,Data,20240313,20240305,SDIV,Dividend Payment,530,0.21,111.3
Dividends,Data,20240326,20240318,QYLD,Dividend Payment,300,0.18,53.4
Dividends,Data,20240326,20240318,RYLD,Dividend Payment,554,0.17,92.74
Dividends,Data,20240328,20240314,GHY,Dividend Payment,500,0.10,52.5
Dividends,Data,20240328,20240314,BLW,Dividend Payment,978,0.11,105.53
Dividends,Data,20240328,20240314,BBN,Dividend Payment,665,0.09,61.78
Dividends,Data,20240329,20240314,GBAB,Dividend Payment,700,0.13,88.01
Dividends,Data,20240401,20240320,GDO,Dividend Payment,1200,0.10,122.4
Dividends,Data,20240401,20240311,EAD,Dividend Payment,1600,0.05,82.74
Dividends,Data,20240404,20240401,JEPI,Dividend Payment,200,0.35,69.04
Dividends,Data,20240405,20240401,TLT,Dividend Payment,300,0.31,93.73
Dividends,Data,20240405,20240401,TLH,Dividend Payment,100,0.36,35.9
Dividends,Data,20240411,20240403,SDIV,Dividend Payment,530,0.19,100.7
Dividends,Data,20240430,20240412,GBAB,Dividend Payment,700,0.13,88.01
Dividends,Data,20240430,20240411,GHY,Dividend Payment,500,0.10,52.5
Dividends,Data,20240430,20240422,QYLD,Dividend Payment,300,0.17,51.69
Dividends,Data,20240430,20240422,RYLD,Dividend Payment,554,0.16,90.19
Dividends,Data,20240430,20240412,BLW,Dividend Payment,978,0.11,105.53
Dividends,Data,20240430,20240412,BBN,Dividend Payment,665,0.09,61.78
Dividends,Data,20240501,20240422,GDO,Dividend Payment,1200,0.10,122.4
Dividends,Data,20240501,20240411,EAD,Dividend Payment,1600,0.05,82.78
Dividends,Data,20240506,20240501,JEPI,Dividend Payment,200,0.33,65.22
Dividends,Data,20240507,20240501,TLT,Dividend Payment,300,0.31,92.32
Dividends,Data,20240507,20240501,TLH,Dividend Payment,100,0.35,34.91
Dividends,Data,20240513,20240503,SDIV,Dividend Payment,530,0.19,100.7
Dividends,Data,20240529,20240520,RYLD,Dividend Payment,1100,0.17,181.94
Dividends,Data,20240529,20240520,QYLD,Dividend Payment,600,0.16,97.68
Dividends,Data,20240531,20240514,GBAB,Dividend Payment,700,0.13,88.01
Dividends,Data,20240531,20240509,GHY,Dividend Payment,500,0.10,52.5
Dividends,Data,20240531,20240514,BLW,Dividend Payment,978,0.11,105.53
Dividends,Data,20240531,20240514,BBN,Dividend Payment,665,0.09,61.78
Dividends,Data,20240603,20240522,GDO,Dividend Payment,1200,0.10,122.4
Dividends,Data,20240603,20240510,EAD,Dividend Payment,1600,0.05,83.07
Dividends,Data,20240605,20240603,JEPI,Dividend Payment,200,0.36,72.05
Dividends,Data,20240612,20240605,SDIV,Dividend Payment,530,0.19,100.7
Dividends,Data,20240628,20240614,GBAB,Dividend Payment,700,0.13,88.01
Dividends,Data,20240628,20240613,GHY,Dividend Payment,500,0.10,52.5
Dividends,Data,20240628,20240614,BBN,Dividend Payment,665,0.09,61.78
Dividends,Data,20240628,20240614,BLW,Dividend Payment,978,0.11,105.53
Dividends,Data,20240701,20240621,GDO,Dividend Payment,1200,0.12,146.4
Dividends,Data,20240701,20240613,EAD,Dividend Payment,1600,0.05,83.15
Dividends,Data,20240701,20240624,RYLD,Dividend Payment,1100,0.16,176.88
Dividends,Data,20240701,20240624,QYLD,Dividend Payment,600,0.17,101.16
Dividends,Data,20240703,20240701,JEPI,Dividend Payment,200,0.33,66.02
Dividends,Data,20240708,20230331,CIG,Dividend Payment,500,0.02,8.61
Dividends,Data,20240711,20240703,SDIV,Dividend Payment,530,0.19,100.7
Dividends,Data,20240712,20240613,BABA,Dividend Payment,50,1.00,50
Dividends,Data,20240712,20240613,BABA,Dividend Payment,50,0.66,33
Dividends,Data,20240729,20240722,QYLD,Dividend Payment,600,0.18,106.44
Dividends,Data,20240729,20240722,RYLD,Dividend Payment,1100,0.16,176.55
Dividends,Data,20240731,20240715,GBAB,Dividend Payment,700,0.13,88.01
Dividends,Data,20240731,20240715,BLW,Dividend Payment,978,0.11,110.71
Dividends,Data,20240731,20240715,BBN,Dividend Payment,665,0.09,61.78
Dividends,Data,20240731,20240711,GHY,Dividend Payment,500,0.10,52.5
Dividends,Data,20240801,20240724,GDO,Dividend Payment,1200,0.12,146.4
Dividends,Data,20240801,20240711,EAD,Dividend Payment,1600,0.05,83.36
Dividends,Data,20240805,20240801,JEPI,Dividend Payment,200,0.29,57.9
Dividends,Data,20240806,20240801,SHY,Dividend Payment,80,0.14,10.9
Dividends,Data,20240806,20240801,SHY,Payment In Lieu,80,0.14,10.9
Dividends,Data,20240812,20240805,SDIV,Dividend Payment,530,0.19,100.7
Dividends,Data,20240826,20240819,QYLD,Dividend Payment,600,0.18,107.46
Dividends,Data,20240826,20240819,RYLD,Dividend Payment,1100,0.16,176.88
Dividends,Data,20240830,20240815,BBN,Dividend Payment,665,0.09,61.78
Dividends,Data,20240830,20240815,GBAB,Dividend Payment,700,0.13,88.01
Dividends,Data,20240830,20240808,GHY,Dividend Payment,500,0.10,52.5
Dividends,Data,20240830,20240815,BLW,Dividend Payment,978,0.11,110.71
Dividends,Data,20240903,20240812,EAD,Dividend Payment,1600,0.05,83.54
Dividends,Data,20240903,20240823,GDO,Dividend Payment,1200,0.12,146.4
Dividends,Data,20240906,20240903,SHV,Dividend Payment,60,0.48,28.53
Dividends,Data,20241004,20241001,SHV,Dividend Payment,90,0.45,40.9
Dividends,Data,20241106,20241101,SHV,Dividend Payment,90,0.47,42.02
Dividends,Data,20241113,20241105,SDIV,Dividend Payment,420,0.19,80.64
Dividends,Data,20241125,20241118,RYLD,Dividend Payment,575,0.17,95.34
Dividends,Data,20241129,20241121,ETY,Dividend Payment,640,0.10,63.49
Dividends,Data,20241129,20241113,DSL,Dividend Payment,735,0.11,80.85
Dividends,Data,20241129,20241115,VLT,Dividend Payment,820,0.10,79.05
Dividends,Data,20241129,20241115,AVK,Dividend Payment,825,0.12,96.69
Dividends,Data,20241129,20241115,GBAB,Dividend Payment,560,0.13,70.41
Dividends,Data,20241129,20241114,GHY,Dividend Payment,735,0.11,77.18
Dividends,Data,20241202,20241112,EAD,Dividend Payment,1360,0.05,71.67
Dividends,Data,20241202,20241121,GDO,Dividend Payment,775,0.12,94.55
Dividends,Data,20241206,20241202,JAAA,Dividend Payment,1000,0.28,280.98
Dividends,Data,20241211,20241204,SDIV,Dividend Payment,420,0.20,82.32
Dividends,Data,20241230,20241223,JAAA,Short Term Capital Gain,1000,0.01,6.48
Dividends,Data,20241230,20241223,JAAA,Dividend Payment,1000,0.26,255.37
Dividends,Data,20241231,20241213,AVK,Dividend Payment,825,0.12,96.69
Dividends,Data,20241231,20241223,ETY,Dividend Payment,640,0.10,63.49
Dividends,Data,20241231,20241218,DSL,Dividend Payment,735,0.11,80.85
Dividends,Data,20241231,20241213,GBAB,Dividend Payment,560,0.13,70.41
Dividends,Data,20241231,20241217,VLT,Dividend Payment,820,0.10,79.05
Dividends,Data,20241231,20241223,GDO,Dividend Payment,775,0.12,94.55
Dividends,Data,20241231,20241212,GHY,Dividend Payment,735,0.11,77.18
Dividends,Data,20250102,20241212,EAD,Dividend Payment,1360,0.05,72.16
Dividends,Data,20250107,20230331,CIG,Dividend Payment,500,0.02,7.76
Dividends,Data,20250107,20241230,RYLD,Dividend Payment,575,0.17,95.68
Dividends,Data,20250109,20241226,GHY,Dividend Payment,735,0.11,77.18
Dividends,Data,20250128,20250121,RYLD,Dividend Payment,575,0.17,96.71
Dividends,Data,20250131,20250115,GBAB,Dividend Payment,550,0.13,69.15
Dividends,Data,20250131,20250115,DSL,Dividend Payment,725,0.11,79.75
Dividends,Data,20250131,20250115,ETY,Dividend Payment,640,0.10,63.49
Dividends,Data,20250131,20250124,FAX,Dividend Payment,615,0.17,101.48
Dividends,Data,20250131,20250117,VLT,Dividend Payment,810,0.10,78.08
Dividends,Data,20250131,20250115,AVK,Dividend Payment,825,0.12,96.69
Dividends,Data,20250203,20250113,EAD,Dividend Payment,1360,0.05,72.5
Dividends,Data,20250203,20250124,GDO,Dividend Payment,770,0.12,93.94
Dividends,Data,20250203,20250124,BWG,Dividend Payment,1070,0.08,85.6
Dividends,Data,20250207,20250203,JAAA,Dividend Payment,1000,0.21,205.88
Dividends,Data,20250228,20250218,VLT,Dividend Payment,1355,0.10,130.62
Dividends,Data,20250228,20250221,FAX,Dividend Payment,1003,0.17,165.5
Dividends,Data,20250228,20250214,GBAB,Dividend Payment,933,0.13,117.31
Dividends,Data,20250228,20250214,AVK,Dividend Payment,1310,0.12,153.53
Dividends,Data,20250228,20250219,DSL,Dividend Payment,1195,0.11,131.45
Dividends,Data,20250228,20250214,ETY,Dividend Payment,1024,0.10,101.58
Dividends,Data,20250303,20250213,EAD,Dividend Payment,2210,0.05,118.01
Dividends,Data,20250303,20250221,WDI,Dividend Payment,960,0.15,142.56
Dividends,Data,20250303,20250221,BWG,Dividend Payment,1785,0.08,142.8
Dividends,Data,20250303,20250224,RYLD,Dividend Payment,935,0.16,152.12
Dividends,Data,20250331,20250314,AVK,Dividend Payment,1310,0.12,153.53
Dividends,Data,20250331,20250325,FAX,Dividend Payment,1003,0.17,165.5
Dividends,Data,20250331,20250314,ETY,Dividend Payment,1024,0.10,101.58
Dividends,Data,20250331,20250314,GBAB,Dividend Payment,933,0.13,117.31
Dividends,Data,20250331,20250314,BCAT,Dividend Payment,970,0.29,278.61
Dividends,Data,20250331,20250324,RYLD,Dividend Payment,935,0.15,143.71
Dividends,Data,20250331,20250319,DSL,Dividend Payment,1195,0.11,131.45
Dividends,Data,20250401,20250313,EAD,Dividend Payment,2210,0.05,118.15
Dividends,Data,20250401,20250324,WDI,Dividend Payment,960,0.15,142.56
Dividends,Data,20250401,20250324,BWG,Dividend Payment,1785,0.08,142.8
Dividends,Data,20250428,20250421,RYLD,Dividend Payment,935,0.14,133.8
Dividends,Data,20250428,20250421,QYLD,Dividend Payment,3423,0.16,547
Dividends,Data,20250430,20250416,DSL,Dividend Payment,1195,0.11,131.45
Dividends,Data,20250430,20250423,FAX,Dividend Payment,1003,0.17,165.5
Dividends,Data,20250430,20250415,AVK,Dividend Payment,1310,0.12,153.53
Dividends,Data,20250430,20250415,BCAT,Dividend Payment,970,0.28,276.21
Dividends,Data,20250501,20250423,WDI,Dividend Payment,960,0.15,142.56
Dividends,Data,20250527,20250519,RYLD,Dividend Payment,935,0.15,138.47
Dividends,Data,20250527,20250519,QYLD,Dividend Payment,3423,0.17,564.8
Dividends,Data,20250530,20250514,DSL,Dividend Payment,1195,0.11,131.45
Dividends,Data,20250530,20250515,BCAT,Dividend Payment,970,0.28,272.88
Dividends,Data,20250530,20250522,FAX,Dividend Payment,1003,0.17,165.5
Dividends,Data,20250530,20250515,AVK,Dividend Payment,1310,0.12,153.53
Dividends,Data,20250602,20250522,WDI,Dividend Payment,960,0.15,142.56
Interest Details,MetaInfo,Analysis Period,"September 23, 2022 - January 27, 2026"
Interest Details,Header,Date,Description,Amount
Interest Details,Data,20221003,Bond Coupon Payment GNBSUD 6 1/2 04/03/27,975
Interest Details,Data,20221003,Bond Coupon Payment GNBSUD 6 1/2 04/03/27,-975
Interest Details,Data,20221003,Bond Coupon Payment GNBSUD 6 1/2 04/03/27,1057.65
Interest Details,Data,20221102,Accrued Interest Received GNBSUD 7.051 04/03/27,182.15
Interest Details,Data,20221103,USD Credit Interest Received for October 2022,88.86
Interest Details,Data,20221205,USD Credit Interest Received for November 2022,56.44
Interest Details,Data,20230105,USD Credit Interest Received for December 2022,445.26
Interest Details,Data,20230203,USD Credit Interest Received for January 2023,251.83
Interest Details,Data,20230303,USD Credit Interest Received for February 2023,427.23
Interest Details,Data,20230405,USD Credit Interest Received for March 2023,251.02
Interest Details,Data,20230503,USD Credit Interest Received for April 2023,81.11
Interest Details,Data,20230605,USD Credit Interest Received for May 2023,0.02
Interest Details,Data,20230706,USD Credit Interest Received for June 2023,28.84
Interest Details,Data,20230803,USD Credit Interest Received for July 2023,106.81
Interest Details,Data,20240605,USD Debit Interest Paid for May 2024,-2.19
Interest Details,Data,20241105,USD Debit Interest Paid for October 2024,-0.01
Interest Details,Data,20250505,USD Debit Interest Paid for April 2025,-0.03
Fee Summary,MetaInfo,Analysis Period,"September 23, 2022 - January 27, 2026"
Fee Summary,Header,Date,Description,Amount
Fee Summary,Data,20250523,P***************er:abcopranp For May 2025 ,-4.5
Fee Summary,Data,20250523,P***************er:cboe One Add-on For May 2025 ,-1
Fee Summary,Data,20250523,P***************er:snapshotvaluenonpro For May 2025 ,-10
Fee Summary,Data,20250603,P***************er:abcopranp For Jun 2025 ,-4.5
Fee Summary,Data,20250603,P***************er:cboe One Add-on For Jun 2025 ,-1
Fee Summary,Data,20250603,P***************er:cboe One Add-on For May 2025 ,1
Fee Summary,Data,20250603,P***************er:snapshotvaluenonpro For Jun 2025 ,-10
Fee Summary,Data,20250603,P***************er:snapshotvaluenonpro For May 2025 ,10
Fee Summary,Data,20250702,P***************er:abcopranp For Jul 2025 ,-4.5
Fee Summary,Data,20250702,P***************er:cboe One Add-on For Jul 2025 ,-1
Fee Summary,Data,20250702,P***************er:snapshotvaluenonpro For Jul 2025 ,-10
Fee Summary,Data,20250703,P***************er:cboe One Add-on For Jun 2025 ,1
Fee Summary,Data,20250703,P***************er:snapshotvaluenonpro For Jun 2025 ,10
Notes and Disclosure,Header,Type,Note
Notes and Disclosure,Data,General,"1. The Net Asset Value (NAV) consists of all positions by financial instrument (stock, securities options, warrants, bonds, cash, etc.). All non-base currency amounts are converted to the base currency at the close of period rate."
Notes and Disclosure,Data,General,2. The gain or loss from future contracts settle into cash each night. The notional value is used when computing the contribution to return.
Notes and Disclosure,Data,General,"3. Dividend accruals, interest accruals, and insured deposits are included in cash amounts throughout the report."
Notes and Disclosure,Data,General,4. Price valuations are obtained from outside parties. Clearing Broker shall have no responsibility for the accuracy or timeliness of any such price valuation.
Notes and Disclosure,Data,General,5. Data from Thomson Reuters Business Classifications and Lipper Global is used to derive our sector classifications. Funds with assorted sector allocations are classified as Broad.
Notes and Disclosure,Data,General,"6. Amounts are formatted to two decimal places. If amounts are greater than two decimal places, Clearing Broker uses "half-even" rounding. This means that Clearing Broker rounds such amounts up to the nearest even number."
Notes and Disclosure,Data,General,"7. For accounts opened and funded before 2009, reports with a time period of Since Inception will only include data going back to January 1, 2009. This includes some default reports and both Historical Performance reports."
Notes and Disclosure,Data,General,"8. If you have elected to trade cryptocurrency/digital asset products at Crypto Provider through the Clearing Broker platform, for your convenience your positions in your linked account at Crypto Provider are reflected in PortfolioAnalyst in connection with your Clearing Broker account."
Notes and Disclosure,Data,Section,1. Account Overview: The deposit/withdrawal amount displayed includes internal transfers along with cash and position transfers.
Notes and Disclosure,Data,Section,"2. Risk Measures: Historical US 3 Month Treasury Bill rates are used as the risk free rates when calculating Alpha, the Sharpe ratio, the Sortino ratio, and the downside deviation."
Notes and Disclosure,Data,Disclosure,"This portfolio report was generated using Clearing Broker's PortfolioAnalyst tool, which allows Clearing Broker clients to generate analyses of their accounts using market data provided by third parties along with trade and account data contained in Clearing Broker's systems. This report is for information purposes only and is provided AS IS. Clearing Broker makes no warranty of any kind, express or implied, as to this report and its contents. The data provided for use in the PortfolioAnalyst tool is believed to be accurate, but completeness and accuracy of the information is not guaranteed, and Clearing Broker has no liability with respect thereto. The data regarding accounts held outside of Clearing Broker is obtained either directly from your input or from the financial institutions holding those accounts through a third-party service provider and Clearing Broker has NOT reviewed its accuracy.

The material in this report is intended only as a reference and should not be relied upon for the maintenance of your books and records for tax, accounting, financial, or regulatory reporting or for any other purposes. This report is not an offer or a solicitation of an offer to buy or sell any security. This material does not, and is not intended to, take into account the particular financial conditions, investment objectives, or requirements of individual customers. Before acting on any material within this report, you should consider whether it is suitable for your particular circumstances and as necessary, seek professional advice."
