Introduction,Header,Name,Account,Alias,BaseCurrency,AccountType,AnalysisPeriod,PerformanceMeasure
Introduction,Data,Mikhail V Lazarte Viza,U19610358,,USD,Individual (Broker Client),"May 28, 2024 to January 27, 2026 (Daily)",TWR
Key Statistics,MetaInfo,Analysis Period,"May 28, 2024 - January 27, 2026"
Key Statistics,Header,BeginningNAV,EndingNAV,CumulativeReturn,5DayReturn,5DayReturnDateRange,10DayReturn,10DayReturnDateRange,BestReturn,BestReturnDate,WorstReturn,WorstReturnDate,MTM,Deposits & Withdrawals,Dividends,Interest,Fees & Commissions,Other,ChangeInNAV
Key Statistics,Data,0,522697.72709,12.8807368,1.217283771,20260121 - 20260127,0.191163445,20260114 - 20260127,9.569848335,20250409,-5.606576852,20250410,4920.3478,509571.652,9240.41,-543.87,-559.817704,69.004994,522697.72709
Historical Performance,MetaInfo,Analysis Period,"May 28, 2024 - January 27, 2026"
Historical Performance,Header,Account,MTD,QTD,YTD,1 Year,Since Inception
Historical Performance,Data,U19610358,1.357740163,1.357740163,1.357740163,18.792363497,12.880736781
Historical Performance,Header,Month,Account,AccountReturn
Historical Performance,Data,202501,U19610358,0.821919639
Historical Performance,Data,202502,U19610358,-0.135865169
Historical Performance,Data,202503,U19610358,-1.704548863
Historical Performance,Data,202504,U19610358,-0.944008557
Historical Performance,Data,202505,U19610358,2.574349849
Historical Performance,Data,202506,U19610358,7.827109995
Historical Performance,Data,202507,U19610358,-1.254096357
Historical Performance,Data,202508,U19610358,7.380671628
Historical Performance,Data,202509,U19610358,4.612727156
Historical Performance,Data,202510,U19610358,0
Historical Performance,Data,202511,U19610358,0
Historical Performance,Data,202512,U19610358,-0.319012988
Historical Performance,Data,202401,U19610358,-
Historical Performance,Data,202402,U19610358,-
Historical Performance,Data,202403,U19610358,-
Historical Performance,Data,202404,U19610358,-
Historical Performance,Data,202405,U19610358,-
Historical Performance,Data,202406,U19610358,-1.027137682
Historical Performance,Data,202407,U19610358,-4.325343859
Historical Performance,Data,202408,U19610358,1.93415929
Historical Performance,Data,202409,U19610358,-1.396061592
Historical Performance,Data,202410,U19610358,-4.472804873
Historical Performance,Data,202411,U19610358,1.521355536
Historical Performance,Data,202412,U19610358,0.29794474
Historical Performance,Header,Quarter,Account,AccountReturn
Historical Performance,Data,2025 Q1,U19610358,-1.031286194
Historical Performance,Data,2025 Q2,U19610358,9.55885566
Historical Performance,Data,2025 Q3,U19610358,10.925074321
Historical Performance,Data,2025 Q4,U19610358,-0.319012988
Historical Performance,Data,2024 Q1,U19610358,-
Historical Performance,Data,2024 Q2,U19610358,-
Historical Performance,Data,2024 Q3,U19610358,-3.83635486
Historical Performance,Data,2024 Q4,U19610358,-2.730548293
Historical Performance,Header,Year,Account,AccountReturn
Historical Performance,Data,YTD,U19610358,1.357740163
Historical Performance,Data,2025,U19610358,19.891245409
Open Position Summary,MetaInfo,As Of,"January 27, 2026"
Open Position Summary,Header,Date,FinancialInstrument,Currency,Symbol,Description,Sector,Quantity,ClosePrice,Value,Cost Basis,UnrealizedP&L,FXRateToBase
Open Position Summary,Data,01/27/2026,ETFs,USD,AGGH,SIMPLIFY AGGREGATE BOND ETF,Broad,1445,20.68,29882.6,29984.262717,-101.662717,1
Open Position Summary,Data,01/27/2026,ETFs,USD,BRKC,YIELDMAX BO INCOME STRAY ETF,Broad,710,42.6484,30280.36,35156.1,-4875.74,1
Open Position Summary,Data,01/27/2026,ETFs,USD,FEPI,REX FANG INNOV PREM INC ETF,Broad,740,45.49,33662.6,37115.08,-3452.48,1
Open Position Summary,Data,01/27/2026,ETFs,USD,IGLB,ISHARES 10+ YEAR INV GR CORP,Broad,400,50.93,20372,20400.081029,-28.081029,1
Open Position Summary,Data,01/27/2026,ETFs,USD,JCPB,JPMORGAN CORE PLUS BOND ETF,Broad,430,47.53,20437.9,20416.037106,21.862894,1
Open Position Summary,Data,01/27/2026,ETFs,USD,JPIE,JPMORGAN INCOME ETF,Broad,1295,46.42,60113.9,60213.877106,-99.977106,1
Open Position Summary,Data,01/27/2026,ETFs,USD,LQDW,ISHARES INGR CORP BD B/W ETF,Broad,600,24.71,14826,14793.135943,32.864057,1
Open Position Summary,Data,01/27/2026,ETFs,USD,PCEF,INVESCO CEF INCOME COMPOSITE,Broad,1500,20.1,30150,29940.573858,209.426142,1
Open Position Summary,Data,01/27/2026,ETFs,USD,RYLD,GLOBAL X RUSSELL 2000 COV CL,Broad,2100,15.62,32802,31631.15,1170.85,1
Open Position Summary,Data,01/27/2026,ETFs,USD,TLTW,ISHARES 20+ BOND BUYWRITE,Broad,1100,22.89,25179,25231.42743,-52.42743,1
Open Position Summary,Data,Total,ETFs,USD,,,,,,297706.36,304881.725189,-7175.365189
Open Position Summary,Data,01/27/2026,Stocks,USD,AUNA,AUNA SA-CLASS A,Healthcare,2000,5.45,10900,13757.4,-2857.4,1
Open Position Summary,Data,01/27/2026,Stocks,USD,BCAT,BLACKROCK CAPITAL ALLOC TR,Broad,1380,14.68,20258.4,19984.769549,273.630451,1
Open Position Summary,Data,01/27/2026,Stocks,USD,BHK,BLACKROCK CORE BOND TRUST,Broad,3600,9.55,34380,34960.43,-580.43,1
Open Position Summary,Data,01/27/2026,Stocks,USD,BWG,BRANDYWINEGLOBAL GLOBAL INCO,Broad,4358,8.5,37043,37045.78,-2.78,1
Open Position Summary,Data,01/27/2026,Stocks,USD,DMO,WESTERN ASSET MORT DEF OPP,Broad,2245,10.92,24515.4,26281.55,-1766.15,1
Open Position Summary,Data,01/27/2026,Stocks,USD,DSU,BLACKROCK DEBT STRATEGIES,Broad,4582,10.16,46553.12,49270.23,-2717.11,1
Open Position Summary,Data,01/27/2026,Stocks,USD,FAX,ABRDN ASIA-PACIFIC INCOME,Broad,2185,15.55,33976.75,32938.49,1038.26,1
Open Position Summary,Data,01/27/2026,Stocks,USD,GBAB,GUGGENHEIM TAXABLE MUNICIPAL,Broad,3859,15.02,57962.18,58995.26,-1033.08,1
Open Position Summary,Data,01/27/2026,Stocks,USD,GDO,WESTERN AST GLB CORP OPPRNTY,Broad,5093,11.62,59180.66,59412.34,-231.68,1
Open Position Summary,Data,01/27/2026,Stocks,USD,GHY,PGIM GLOBAL HIGH YIELD FUND,Broad,3125,12.88,40250,38961.04,1288.96,1
Open Position Summary,Data,01/27/2026,Stocks,USD,LULU,LULULEMON ATHLETICA INC,Consumer Cyclicals,11,186.39,2050.29,2066.919757,-16.629757,1
Open Position Summary,Data,01/27/2026,Stocks,USD,OBDC,BLUE OWL CAPITAL CORP,Financials,1737,12.27,21312.99,25945.66,-4632.67,1
Open Position Summary,Data,01/27/2026,Stocks,USD,ORCL,ORACLE CORP,Technology,12,174.9,2098.8,2104.217257,-5.417257,1
Open Position Summary,Data,01/27/2026,Stocks,USD,UNH,UNITEDHEALTH GROUP INC,Healthcare,14,282.7,3957.8,3948.547257,9.252743,1
Open Position Summary,Data,01/27/2026,Stocks,USD,XYZ,BLOCK INC,Industrials,50,64.59,3229.5,3072.135257,157.364743,1
Open Position Summary,Data,Total,Stocks,USD,,,,,,397668.89,408744.769077,-11075.879077
Open Position Summary,Data,01/27/2026,Cash,USD,USD,United States Dollar,Cash,-172677.52291,1,-172677.52291, , ,1
Performance by Symbol,MetaInfo,Analysis Period,"May 28, 2024 - January 27, 2026"
Performance by Symbol,Header,Symbol,Description,FinancialInstrument,Sector,AvgWeight,Return,Contribution,Unrealized_P&L,Realized_P&L,Open
Performance by Symbol,Data,AGGH,SIMPLIFY AGGREGATE BOND ETF,ETFs,Broad,5.760114099,0.099476459,0.005706627,-101.66,0.00,Yes
Performance by Symbol,Data,BRKC,YIELDMAX BO INCOME STRAY ETF,ETFs,Broad,6.023325983,-5.307776133,-0.300178203,"-4,875.74",0.00,Yes
Performance by Symbol,Data,COPX,GLOBAL X COPPER MINERS ETF,ETFs,Basic Materials,12.889387407,-15.082542962,-1.983388622,0.00,0.00,No
Performance by Symbol,Data,FEPI,REX FANG INNOV PREM INC ETF,ETFs,Broad,6.413665401,-0.038124749,-0.014468911,"-3,452.48",0.00,Yes
Performance by Symbol,Data,IGLB,ISHARES 10+ YEAR INV GR CORP,ETFs,Broad,3.985606937,0.161375458,0.014921498,-28.08,0.00,Yes
Performance by Symbol,Data,JAAA,JANUS HENDERSON AAA CLO ETF,ETFs,Broad,41.813530034,-0.309109266,0.083783951,0.00,-404.05,No
Performance by Symbol,Data,JCPB,JPMORGAN CORE PLUS BOND ETF,ETFs,Broad,4.006937521,0.388105061,0.020140078,21.86,0.00,Yes
Performance by Symbol,Data,JPIE,JPMORGAN INCOME ETF,ETFs,Broad,11.319697178,0.563571933,0.070516986,-99.98,0.00,Yes
Performance by Symbol,Data,LQDW,ISHARES INGR CORP BD B/W ETF,ETFs,Broad,2.839887994,0.22215747,0.006259648,32.86,0.00,Yes
Performance by Symbol,Data,PCEF,INVESCO CEF INCOME COMPOSITE,ETFs,Broad,2.450287395,1.050003949,0.046627699,209.43,0.00,Yes
Performance by Symbol,Data,RYLD,GLOBAL X RUSSELL 2000 COV CL,ETFs,Broad,6.182568517,3.133428576,0.193185434,"1,170.85",0.00,Yes
Performance by Symbol,Data,TLTW,ISHARES 20+ BOND BUYWRITE,ETFs,Broad,3.171134316,-0.527118299,0.01383206,-52.43,0.00,Yes
Performance by Symbol,Data,Total ETFs,,,,27.637901317,-15.089885344,-1.847599511,"-7,175.37",-404.05,
Performance by Symbol,Data,STLA  270617C00008000,STLA 17JUN27 8 C,Options,Consumer Cyclicals,5.078059731,-7.083647325,-0.406714951,0.00,-235.00,No
Performance by Symbol,Data,Total Options,,,,5.078059731,-7.083647325,-0.406714951,0.00,-235.00,
Performance by Symbol,Data,AAPL,APPLE INC,Stocks,Technology,9.425494383,15.828435246,1.446297185,0.00,786.24,No
Performance by Symbol,Data,APTV,APTIV PLC,Stocks,Consumer Cyclicals,4.309613631,42.675150499,1.660853132,0.00,354.66,No
Performance by Symbol,Data,APTV,APTIV PLC,Stocks,Consumer Cyclicals,3.907927184,3.691756272,0.140772454,0.00,0.00,No
Performance by Symbol,Data,AUNA,AUNA SA-CLASS A,Stocks,Healthcare,5.984483153,35.839073757,1.824858567,"-2,857.40",509.80,Yes
Performance by Symbol,Data,BA,BOEING CO/THE,Stocks,Industrials,9.715078049,-9.24706556,-1.058965386,0.00,0.00,No
Performance by Symbol,Data,BBAR,BBVA ARGENTINA SA-ADR,Stocks,Financials,8.298265716,21.25051003,1.839007474,0.00,102.93,No
Performance by Symbol,Data,BCAT,BLACKROCK CAPITAL ALLOC TR,Stocks,Broad,6.150838981,4.296707797,0.185963125,273.63,"4,387.22",Yes
Performance by Symbol,Data,BHK,BLACKROCK CORE BOND TRUST,Stocks,Broad,6.541137033,1.519510265,0.096872024,-580.43,0.00,Yes
Performance by Symbol,Data,BIDU,BAIDU INC - SPON ADR,Stocks,Technology,16.760500491,37.997635967,5.962075275,0.00,"3,426.17",No
Performance by Symbol,Data,BMY,BRISTOL-MYERS SQUIBB CO,Stocks,Healthcare,-28.984033153,0.01230136,-0.00356543,0.00,-0.60,No
Performance by Symbol,Data,BWG,BRANDYWINEGLOBAL GLOBAL INCO,Stocks,Broad,7.003180901,0.975912961,0.111040322,-2.78,0.00,Yes
Performance by Symbol,Data,CELH,CELSIUS HOLDINGS INC,Stocks,Consumer Non-Cyc,4.271164569,23.469750296,0.984509448,0.00,-245.81,No
Performance by Symbol,Data,DEO,DIAGEO PLC-SPONSORED ADR,Stocks,Consumer Non-Cyc,4.238273218,-14.578185434,-0.582012773,0.00,-603.88,No
Performance by Symbol,Data,DG,DOLLAR GENERAL CORP,Stocks,Consumer Cyclicals,3.456378999,15.676352122,0.547275614,0.00,213.60,No
Performance by Symbol,Data,DMO,WESTERN ASSET MORT DEF OPP,Stocks,Broad,4.739913675,-3.837166665,-0.173392607,"-1,766.15",0.00,Yes
Performance by Symbol,Data,DSL,DOUBLELINE INCOME SOLUTIONS,Stocks,Broad,9.318364447,0.654398275,0.093600655,0.00,"-3,817.81",No
Performance by Symbol,Data,DSU,BLACKROCK DEBT STRATEGIES,Stocks,Broad,8.903224714,-0.014010665,0.009674601,"-2,717.11",0.00,Yes
Performance by Symbol,Data,FAX,ABRDN ASIA-PACIFIC INCOME,Stocks,Broad,6.367877268,3.639048476,0.233091295,"1,038.26",0.00,Yes
Performance by Symbol,Data,FLR,FLUOR CORP,Stocks,Industrials,3.2050015,3.176603496,0.155277358,0.00,62.20,No
Performance by Symbol,Data,GBAB,GUGGENHEIM TAXABLE MUNICIPAL,Stocks,Broad,11.064888903,-1.573000495,-0.122635807,"-1,033.08",0.00,Yes
Performance by Symbol,Data,GDO,WESTERN AST GLB CORP OPPRNTY,Stocks,Broad,11.329565061,0.459639556,0.074407486,-231.68,0.00,Yes
Performance by Symbol,Data,GHY,PGIM GLOBAL HIGH YIELD FUND,Stocks,Broad,7.395567173,4.762432593,0.38283567,"1,288.96",0.00,Yes
Performance by Symbol,Data,GOOG,ALPHABET INC-CL C,Stocks,Telecomm,9.079189076,16.80382749,1.438656983,0.00,693.96,No
Performance by Symbol,Data,IBKR,INTERACTIVE BROKERS GRO-CL A,Stocks,Financials,8.907781138,8.49116473,0.91632806,0.00,150.87,No
Performance by Symbol,Data,INTC,INTEL CORP,Stocks,Technology,8.240712328,20.827571163,3.829244695,0.00,60.50,No
Performance by Symbol,Data,LULU,LULULEMON ATHLETICA INC,Stocks,Consumer Cyclicals,0.395024552,-0.804567144,-0.003178238,-16.63,0.00,Yes
Performance by Symbol,Data,MRK,MERCK & CO INC,Stocks,Healthcare,5.334904546,4.272665055,0.307698543,0.00,110.56,No
Performance by Symbol,Data,MSFT,MICROSOFT CORP,Stocks,Technology,11.837049176,-0.471034366,-0.068461746,0.00,0.00,No
Performance by Symbol,Data,NKE,NIKE INC -CL B,Stocks,Consumer Cyclicals,15.083773628,1.153480841,3.297386702,0.00,"1,616.66",No
Performance by Symbol,Data,NVO,NOVO-NORDISK A/S-SPONS ADR,Stocks,Healthcare,0.640887893,28.379589934,0.167383109,0.00,846.41,No
Performance by Symbol,Data,OBDC,BLUE OWL CAPITAL CORP,Stocks,Financials,4.213622939,-6.917179622,-0.289827311,"-4,632.67",0.00,Yes
Performance by Symbol,Data,ORCL,ORACLE CORP,Stocks,Technology,0.402152758,-0.25744762,-0.001035333,-5.42,0.00,Yes
Performance by Symbol,Data,QCOM,QUALCOMM INC,Stocks,Technology,10.026015618,-16.54556419,-1.874516156,0.00,0.00,No
Performance by Symbol,Data,STLA,STELLANTIS NV,Stocks,Consumer Cyclicals,10.408107676,-46.619612021,-7.501803696,0.00,"-2,388.24",No
Performance by Symbol,Data,STM,STMICROELECTRONICS NV-NY SHS,Stocks,Technology,5.658446092,-9.854151467,-0.790945788,0.00,-180.68,No
Performance by Symbol,Data,TM,TOYOTA MOTOR CORP -SPON ADR,Stocks,Consumer Cyclicals,4.991144053,10.645788865,0.510436565,0.00,253.96,No
Performance by Symbol,Data,UNH,UNITEDHEALTH GROUP INC,Stocks,Healthcare,0.75463651,0.234332836,0.001768361,9.25,0.00,Yes
Performance by Symbol,Data,UPS,UNITED PARCEL SERVICE-CL B,Stocks,Industrials,3.799345085,-20.791851768,-0.783272409,0.00,-521.16,No
Performance by Symbol,Data,XYZ,BLOCK INC,Stocks,Industrials,5.511539073,67.629445807,4.09745614,157.36,"2,041.29",Yes
Performance by Symbol,Data,Total Stocks,,,,65.965727704,20.68464729,15.646664861,"-11,075.88","7,858.85",
Performance by Symbol,Data,USD,United States Dollar,Cash,Cash,23.294175091,-3.74053586,0.061064993,,,Yes
Performance by Symbol,Data,Total Cash,,,,23.294175091,-3.74053586,0.061064993,,,
Performance by Symbol,Data,Total,,,,100,12.8807368,12.8807368,"-18,251.24","7,219.80",
Projected Income,MetaInfo,As Of,"January 27, 2026"
Projected Income,Header,Financial Instrument,Symbol,Description,Frequency,Quantity,Price,Value,Current Yield %,Principal,Estimated Annual Income,Estimated 2026 Remaining Income
Projected Income,Data,ETFs,AGGH,Ordinary Dividend,12,1445,20.68,29882.6,7.543520309,-,2254.2,2066.35
Projected Income,Data,ETFs,BRKC,Ordinary Dividend,52,710,42.6484,30280.36,14.956405186,-,4528.853333333,4180.48
Projected Income,Data,ETFs,FEPI,Ordinary Dividend,13,740,45.49,33662.6,28.056429985,-,9444.5238,8716.3638
Projected Income,Data,ETFs,IGLB,Ordinary Dividend,12,400,50.93,20372,5.05305321,-,1029.408,1029.408
Projected Income,Data,ETFs,JCPB,Ordinary Dividend,12,430,47.53,20437.9,4.884472964,-,998.2837,916.5149
Projected Income,Data,ETFs,JPIE,Ordinary Dividend,12,1295,46.42,60113.9,5.638151659,-,3389.31285,3111.9627
Projected Income,Data,ETFs,LQDW,Ordinary Dividend,12,600,24.71,14826,12.940914609,-,1918.62,1918.62
Projected Income,Data,ETFs,PCEF,Ordinary Dividend,11,1500,20.1,30150,7.119900498,-,2146.65,2146.65
Projected Income,Data,ETFs,RYLD,Ordinary Dividend,11,2100,15.62,32802,11.077464789,-,3633.63,3633.63
Projected Income,Data,ETFs,TLTW,Ordinary Dividend,12,1100,22.89,25179,9.798621689,-,2467.194955059,2467.194955059
Projected Income,Data,,Total ETFs,,,,,297706.36,10.685252622,,31810.676638392,30187.174355059
Projected Income,Data,Stocks,BCAT,Ordinary Dividend,12,1380,14.68,20258.4,21.313079019,-,4317.6888,3957.8814
Projected Income,Data,Stocks,BHK,Ordinary Dividend,12,3600,9.55,34380,9.37382199,-,3222.72,2954.16
Projected Income,Data,Stocks,BWG,Ordinary Dividend,12,4358,8.5,37043,11.294117647,-,4183.68,3835.04
Projected Income,Data,Stocks,DMO,Ordinary Dividend,12,2245,10.92,24515.4,13.186813187,-,3232.8,2963.4
Projected Income,Data,Stocks,DSL,Ordinary Dividend,1,-,-,0,N/A,-,386.46,386.46
Projected Income,Data,Stocks,DSU,Ordinary Dividend,12,4582,10.16,46553.12,11.661023622,-,5428.57032,4976.18946
Projected Income,Data,Stocks,FAX,Ordinary Dividend,12,2185,15.55,33976.75,12.733118971,-,4326.3,3965.775
Projected Income,Data,Stocks,GBAB,Ordinary Dividend,12,3859,15.02,57962.18,10.045006658,-,5822.30484,5337.11277
Projected Income,Data,Stocks,GDO,Ordinary Dividend,12,5093,11.62,59180.66,12.598967298,-,7456.152,6834.806
Projected Income,Data,Stocks,GHY,Ordinary Dividend,12,3125,12.88,40250,9.782608696,-,3937.5,3609.375
Projected Income,Data,Stocks,OBDC,Ordinary Dividend,4,1737,12.27,21312.99,12.06193969,-,2570.76,2570.76
Projected Income,Data,Stocks,ORCL,Ordinary Dividend,4,12,174.9,2098.8,1.143510577,-,24,18
Projected Income,Data,Stocks,UNH,Ordinary Dividend,4,14,282.7,3957.8,3.126989742,-,123.76,123.76
Projected Income,Data,,Total Stocks,,,,,381489.1,11.804451545,,45032.69596,41532.71963
Projected Income,Data,Cash,USD,Debit Interest,12,-166888.5,1,-166888.5,-4.939825093,-,-8244,-8244
Projected Income,Data,,Total Cash,,,,,-166888.5,-4.939825093,,-8244,-8244
Projected Income,Data,,Total,,,,,512306.96,13.390287065,,68599.372598392,63475.893985059
Trade Summary,MetaInfo,Analysis Period,"May 28, 2024 - January 27, 2026"
Trade Summary,Header,Financial Instrument,Currency,Symbol,Description,Sector,Quantity Bought,Average Price Bought,Proceeds Bought,Proceeds Bought in Base,Quantity Sold,Average Price Sold,Proceeds Sold,Proceeds Sold in Base
Trade Summary,Data,ETFs,United States Dollar,AGGH,SIMPLIFY AGGREGATE BOND ETF,Broad,1445,20.736,-29963.52,-29963.52,0,0,0,0
Trade Summary,Data,ETFs,United States Dollar,IGLB,ISHARES 10+ YEAR INV GR CORP,Broad,400,50.975,-20390,-20390,0,0,0,0
Trade Summary,Data,ETFs,United States Dollar,JAAA,JANUS HENDERSON AAA CLO ETF,Broad,0,0,0,0,-495,50.255616162,24876.53,24876.53
Trade Summary,Data,ETFs,United States Dollar,JCPB,JPMORGAN CORE PLUS BOND ETF,Broad,430,47.455,-20405.65,-20405.65,0,0,0,0
Trade Summary,Data,ETFs,United States Dollar,JPIE,JPMORGAN INCOME ETF,Broad,430,46.285,-19902.55,-19902.55,0,0,0,0
Trade Summary,Data,ETFs,United States Dollar,LQDW,ISHARES INGR CORP BD B/W ETF,Broad,600,24.624466667,-14774.68,-14774.68,0,0,0,0
Trade Summary,Data,ETFs,United States Dollar,PCEF,INVESCO CEF INCOME COMPOSITE,Broad,1500,19.935246667,-29902.87,-29902.87,0,0,0,0
Trade Summary,Data,ETFs,United States Dollar,TLTW,ISHARES 20+ BOND BUYWRITE,Broad,1100,22.916590909,-25208.25,-25208.25,0,0,0,0
Trade Summary,Data,Options,United States Dollar,STLA  270617C00008000,STLA 17JUN27 8 C,Consumer Cyclicals,10,3.3,-3300,-3300,-10,3.1,3100,3100
Trade Summary,Data,Stocks,United States Dollar,AAPL,APPLE INC,Technology,25,199.579,-4989.475,-4989.475,-25,231.55,5788.75,5788.75
Trade Summary,Data,Stocks,United States Dollar,APTV,APTIV PLC,Consumer Cyclicals,0,0,0,0,-35,82.74,2895.9,2895.9
Trade Summary,Data,Stocks,United States Dollar,AUNA,AUNA SA-CLASS A,Healthcare,200,6.65,-1330,-1330,-500,8.146,4073,4073
Trade Summary,Data,Stocks,United States Dollar,BBAR,BBVA ARGENTINA SA-ADR,Financials,0,0,0,0,-150,10.56,1584,1584
Trade Summary,Data,Stocks,United States Dollar,BCAT,BLACKROCK CAPITAL ALLOC TR,Broad,1380,14.467166667,-19964.69,-19964.69,-2375,14.442126316,34300.05,34300.05
Trade Summary,Data,Stocks,United States Dollar,BIDU,BAIDU INC - SPON ADR,Technology,100,90.0978,-9009.78,-9009.78,-100,124.5,12450,12450
Trade Summary,Data,Stocks,United States Dollar,BMY,BRISTOL-MYERS SQUIBB CO,Healthcare,100,49.005,-4900.5,-4900.5,-100,49.0205,4902.05,4902.05
Trade Summary,Data,Stocks,United States Dollar,CELH,CELSIUS HOLDINGS INC,Consumer Non-Cyc,0,0,0,0,-78,35.32,2754.96,2754.96
Trade Summary,Data,Stocks,United States Dollar,DEO,DIAGEO PLC-SPONSORED ADR,Consumer Non-Cyc,0,0,0,0,-20,100.48,2009.6,2009.6
Trade Summary,Data,Stocks,United States Dollar,DG,DOLLAR GENERAL CORP,Consumer Cyclicals,0,0,0,0,-25,88.1,2202.5,2202.5
Trade Summary,Data,Stocks,United States Dollar,DSL,DOUBLELINE INCOME SOLUTIONS,Broad,0,0,0,0,-5019,11.330136123,56865.9532,56865.9532
Trade Summary,Data,Stocks,United States Dollar,FLR,FLUOR CORP,Industrials,40,48.786,-1951.44,-1951.44,-40,50.672,2026.88,2026.88
Trade Summary,Data,Stocks,United States Dollar,GOOG,ALPHABET INC-CL C,Telecomm,28,148.11,-4147.08,-4147.08,-28,173.36,4854.08,4854.08
Trade Summary,Data,Stocks,United States Dollar,IBKR,INTERACTIVE BROKERS GRO-CL A,Financials,15,118.385,-1775.775,-1775.775,-15,128.58,1928.7,1928.7
Trade Summary,Data,Stocks,United States Dollar,INTC,INTEL CORP,Technology,200,19.68965,-3937.93,-3937.93,-200,25.125,5025,5025
Trade Summary,Data,Stocks,United States Dollar,LULU,LULULEMON ATHLETICA INC,Consumer Cyclicals,11,187.3178,-2060.4958,-2060.4958,0,0,0,0
Trade Summary,Data,Stocks,United States Dollar,MRK,MERCK & CO INC,Healthcare,40,77.67,-3106.8,-3106.8,-40,80.765,3230.6,3230.6
Trade Summary,Data,Stocks,United States Dollar,NKE,NIKE INC -CL B,Consumer Cyclicals,140,64.4825,-9027.55,-9027.55,-140,76.18,10665.2,10665.2
Trade Summary,Data,Stocks,United States Dollar,NVO,NOVO-NORDISK A/S-SPONS ADR,Healthcare,62,47.995,-2975.69,-2975.69,-62,61.865,3835.63,3835.63
Trade Summary,Data,Stocks,United States Dollar,ORCL,ORACLE CORP,Technology,12,174.81555,-2097.7866,-2097.7866,0,0,0,0
Trade Summary,Data,Stocks,United States Dollar,QCOM,QUALCOMM INC,Technology,10,194.26,-1942.6,-1942.6,0,0,0,0
Trade Summary,Data,Stocks,United States Dollar,STLA,STELLANTIS NV,Consumer Cyclicals,500,13.065,-6532.5,-6532.5,-700,9.845,6891.5,6891.5
Trade Summary,Data,Stocks,United States Dollar,STM,STMICROELECTRONICS NV-NY SHS,Technology,50,30.075,-1503.75,-1503.75,-100,27.195,2719.5,2719.5
Trade Summary,Data,Stocks,United States Dollar,TM,TOYOTA MOTOR CORP -SPON ADR,Consumer Cyclicals,0,0,0,0,-14,192.76,2698.64,2698.64
Trade Summary,Data,Stocks,United States Dollar,UNH,UNITEDHEALTH GROUP INC,Healthcare,14,281.58,-3942.12,-3942.12,0,0,0,0
Trade Summary,Data,Stocks,United States Dollar,UPS,UNITED PARCEL SERVICE-CL B,Industrials,20,110.57,-2211.4,-2211.4,-20,85.1607,1703.214,1703.214
Trade Summary,Data,Stocks,United States Dollar,XYZ,BLOCK INC,Industrials,120,54.096666667,-6491.6,-6491.6,-70,78.3,5481,5481
Deposits And Withdrawals,MetaInfo,Analysis Period,"May 28, 2024 - January 27, 2026"
Deposits And Withdrawals,Header,Date,Type,Description,Amount
Deposits And Withdrawals,Data,05/28/24,TRNSFRIN,Transfer From U10029480 To U19610358 ,10000
Deposits And Withdrawals,Data,05/28/24,TRNSFRIN,Bbva Argentina Sa-adr (BBAR) Quantity: 150,1494
Deposits And Withdrawals,Data,05/28/24,TRNSFRIN,Global X Copper Miners Etf (COPX) Quantity: 50,2503.5
Deposits And Withdrawals,Data,05/28/24,TRNSFRIN,Microsoft Corp (MSFT) Quantity: 5,2150
Deposits And Withdrawals,Data,05/28/24,TRNSFRIN,Boeing Co/the (BA) Quantity: 10,1746.5
Deposits And Withdrawals,Data,12/02/24,TRNSFROUT,Intel Corp (INTC) Quantity: -100,-2464
Deposits And Withdrawals,Data,12/02/24,TRNSFROUT,Microsoft Corp (MSFT) Quantity: -5,-2137.25
Deposits And Withdrawals,Data,12/02/24,TRNSFROUT,Qualcomm Inc (QCOM) Quantity: -10,-1616.45
Deposits And Withdrawals,Data,12/02/24,TRNSFRIN,Toyota Motor Corp -spon Adr (TM) Quantity: 14,2433.06
Deposits And Withdrawals,Data,12/02/24,TRNSFRIN,Dollar General Corp (DG) Quantity: 25,1909.25
Deposits And Withdrawals,Data,12/02/24,TRNSFRIN,Celsius Holdings Inc (CELH) Quantity: 78,2225.652
Deposits And Withdrawals,Data,12/02/24,TRNSFROUT,Global X Copper Miners Etf (COPX) Quantity: -50,-2121
Deposits And Withdrawals,Data,12/02/24,TRNSFRIN,Aptiv Plc (APTV) Quantity: 35,1953
Deposits And Withdrawals,Data,12/02/24,TRNSFRIN,Janus Henderson Aaa Clo Etf (JAAA) Quantity: 495,25096.5
Deposits And Withdrawals,Data,12/02/24,TRNSFRIN,Stellantis Nv (STLA) Quantity: 200,2447.54
Deposits And Withdrawals,Data,12/02/24,TRNSFRIN,Intel Corp (INTC) Quantity: 100,2457
Deposits And Withdrawals,Data,12/02/24,TRNSFROUT,Stmicroelectronics Nv-ny Shs (STM) Quantity: -50,-1283.9
Deposits And Withdrawals,Data,12/02/24,TRNSFRIN,Stmicroelectronics Nv-ny Shs (STM) Quantity: 100,2572.5
Deposits And Withdrawals,Data,12/02/24,TRNSFRIN,Diageo Plc-sponsored Adr (DEO) Quantity: 20,2379
Deposits And Withdrawals,Data,12/02/24,TRNSFROUT,Boeing Co/the (BA) Quantity: -10,-1585
Deposits And Withdrawals,Data,12/02/24,TRNSFRIN,Auna Sa-class A (AUNA) Quantity: 500,3550
Deposits And Withdrawals,Data,12/02/24,TRNSFROUT,Auna Sa-class A (AUNA) Quantity: -200,-1420
Deposits And Withdrawals,Data,11/14/25,DEPOSIT,Cash Receipts / Electronic Fund Transfers ,48000
Deposits And Withdrawals,Data,12/04/25,DEPOSIT,Cash Receipts / Electronic Fund Transfers ,110000
Deposits And Withdrawals,Data,12/05/25,ACATIN,"Western Asset Mort Def Opp (DMO) Quantity: 2,245",25884.85
Deposits And Withdrawals,Data,12/05/25,ACATIN,"Guggenheim Taxable Municipal (GBAB) Quantity: 3,859",59582.96
Deposits And Withdrawals,Data,12/05/25,ACATIN,"Doubleline Income Solutions (DSL) Quantity: 5,019",56815.08
Deposits And Withdrawals,Data,12/05/25,ACATIN,"Blackrock Debt Strategies (DSU) Quantity: 4,582",47194.6
Deposits And Withdrawals,Data,12/05/25,ACATIN,"Brandywineglobal Global Inco (BWG) Quantity: 4,358",37173.74
Deposits And Withdrawals,Data,12/05/25,ACATIN,"Western Ast Glb Corp Opprnty (GDO) Quantity: 5,093",59588.1
Deposits And Withdrawals,Data,12/05/25,ACATIN,"Blackrock Core Bond Trust (BHK) Quantity: 3,600",34236
Deposits And Withdrawals,Data,12/05/25,ACATIN,"Pgim Global High Yield Fund (GHY) Quantity: 3,125",38875
Deposits And Withdrawals,Data,12/05/25,ACATIN,"Global X Russell 2000 Cov Cl (RYLD) Quantity: 2,100",32256
Deposits And Withdrawals,Data,12/05/25,ACATIN,"Blue Owl Capital Corp (OBDC) Quantity: 1,737",23362.65
Deposits And Withdrawals,Data,12/05/25,ACATIN,"Blackrock Capital Alloc Tr (BCAT) Quantity: 2,375",34461.25
Deposits And Withdrawals,Data,12/05/25,ACATIN,Jpmorgan Income Etf (JPIE) Quantity: 865,40040.85
Deposits And Withdrawals,Data,12/05/25,ACATIN,Rex Fang Innov Prem Inc Etf (FEPI) Quantity: 740,34180.6
Deposits And Withdrawals,Data,12/05/25,ACATIN,"Auna Sa-class A (AUNA) Quantity: 2,000",9920
Deposits And Withdrawals,Data,12/05/25,ACATIN,"Abrdn Asia-pacific Income (FAX) Quantity: 2,185",33277.55
Deposits And Withdrawals,Data,12/05/25,ACATIN,Yieldmax Bo Income Stray Etf (BRKC) Quantity: 710,32432.52
Deposits And Withdrawals,Data,12/09/25,WITHDRAWAL,Disbursement Initiated By Mikhail V Lazarte Viza ,-300000
Corporate Actions,MetaInfo,Analysis Period,"May 28, 2024 - January 27, 2026"
Corporate Actions,Header,Date,Type,Description,Quantity
Corporate Actions,Data,20241217,Cusip/Isin Change,APTV.OLD(G6095L109) CUSIP/ISIN CHANGE TO (G3265R107),35
Corporate Actions,Data,20241217,Cusip/Isin Change,APTV.OLD(G6095L109) CUSIP/ISIN CHANGE TO (G3265R107),-35
Dividends,MetaInfo,Analysis Period,"May 28, 2024 - January 27, 2026"
Dividends,Header,PayDate,Ex-Date,Symbol,Note,Quantity,DividendPerShare,Amount
Dividends,Data,20240617,20240610,BBAR,Dividend Payment,150,0.45,66.97
Dividends,Data,20240705,20240627,COPX,Dividend Payment,50,0.16,7.94
Dividends,Data,20240722,20240715,BBAR,Dividend Payment,150,0.47,70.7
Dividends,Data,20240809,20240802,BBAR,Dividend Payment,150,0.51,77
Dividends,Data,20240912,20240815,MSFT,Dividend Payment,5,0.75,3.75
Dividends,Data,20240913,20240830,IBKR,Dividend Payment,15,0.25,3.75
Dividends,Data,20240926,20240905,QCOM,Dividend Payment,10,0.85,8.5
Dividends,Data,20241001,20240924,STM,Dividend Payment,50,0.09,4.5
Dividends,Data,20241018,20240715,BBAR,Dividend Payment,150,0.01,1.56
Dividends,Data,20241212,20241121,MSFT,Dividend Payment,5,0.83,4.15
Dividends,Data,20241227,20241217,STM,Dividend Payment,100,0.09,9
Dividends,Data,20241230,20241223,JAAA,Dividend Payment,495,0.26,126.41
Dividends,Data,20241230,20241223,JAAA,Short Term Capital Gain,495,0.01,3.21
Dividends,Data,20250121,20250107,DG,Dividend Payment,25,0.59,14.75
Dividends,Data,20250207,20250203,JAAA,Dividend Payment,495,0.21,101.91
Dividends,Data,20250306,20250218,UPS,Dividend Payment,20,1.64,32.8
Dividends,Data,20250307,20250303,JAAA,Dividend Payment,307,0.22,67.17
Dividends,Data,20250401,20250303,NKE,Dividend Payment,70,0.40,28
Dividends,Data,20250401,20250325,STM,Dividend Payment,100,0.09,9
Dividends,Data,20250407,20250401,JAAA,Dividend Payment,307,0.24,73.16
Dividends,Data,20250422,20250408,DG,Dividend Payment,25,0.59,14.75
Dividends,Data,20250424,20250228,DEO,Dividend Payment,20,1.62,32.4
Dividends,Data,20250505,20250423,STLA,Dividend Payment,350,0.77,270.78
Dividends,Data,20250605,20250519,UPS,Dividend Payment,20,1.64,32.8
Dividends,Data,20250616,20250609,GOOG,Dividend Payment,28,0.21,5.88
Dividends,Data,20250701,20250602,NKE,Dividend Payment,140,0.40,56
Dividends,Data,20250701,20250624,STM,Dividend Payment,100,0.09,9
Dividends,Data,20250708,20250616,MRK,Dividend Payment,40,0.81,32.4
Dividends,Data,20250814,20250811,AAPL,Dividend Payment,25,0.26,6.5
Dividends,Data,20250904,20250818,UPS,Dividend Payment,20,1.64,32.8
Dividends,Data,20251007,20250915,MRK,Dividend Payment,40,0.81,32.4
Dividends,Data,20251212,20251211,BRKC,Dividend Payment,710,0.15,106.36
Dividends,Data,20251219,20251218,BRKC,Dividend Payment,710,0.13,94.36
Dividends,Data,20251224,20251219,IGLB,Payment In Lieu,400,0.22,86.96
Dividends,Data,20251226,20251222,PCEF,Dividend Payment,500,0.05,24.21
Dividends,Data,20251226,20251222,PCEF,Payment In Lieu,500,0.08,40.87
Dividends,Data,20251226,20251224,FEPI,Dividend Payment,740,0.98,727.89
Dividends,Data,20251229,20251223,TLTW,Dividend Payment,650,0.19,121.49
Dividends,Data,20251229,20251226,BRKC,Dividend Payment,710,0.13,93.58
Dividends,Data,20251230,20251222,RYLD,Payment In Lieu,2100,0.16,325.71
Dividends,Data,20251231,20251217,DSL,Dividend Payment,5019,0.11,552.09
Dividends,Data,20251231,20251222,BHK,Dividend Payment,3600,0.07,268.56
Dividends,Data,20251231,20251223,DMO,Dividend Payment,2245,0.12,269.4
Dividends,Data,20251231,20251223,BWG,Dividend Payment,4358,0.08,348.64
Dividends,Data,20251231,20251223,GDO,Dividend Payment,5093,0.05,239.97
Dividends,Data,20251231,20251223,GDO,Payment In Lieu,5093,0.07,381.37
Dividends,Data,20251231,20251215,GBAB,Dividend Payment,3859,0.13,485.19
Dividends,Data,20251231,20251211,GHY,Dividend Payment,3125,0.11,328.13
Dividends,Data,20251231,20251222,DSU,Dividend Payment,4582,0.10,452.38
Dividends,Data,20251231,20251222,BCAT,Payment In Lieu,2375,0.26,622.32
Dividends,Data,20260105,20251231,JPIE,Payment In Lieu,1295,0.21,277.35
Dividends,Data,20260105,20251231,JCPB,Payment In Lieu,430,0.19,81.77
Dividends,Data,20260105,20260102,BRKC,Dividend Payment,710,0.14,97.13
Dividends,Data,20260108,20251226,GHY,Dividend Payment,3125,0.11,328.13
Dividends,Data,20260109,20260108,BRKC,Dividend Payment,710,0.10,71.36
Dividends,Data,20260112,20251231,FAX,Dividend Payment,2185,0.17,360.53
Dividends,Data,20260115,20251231,OBDC,Dividend Payment,1737,0.37,642.69
Dividends,Data,20260116,20260115,BRKC,Dividend Payment,710,0.13,89.46
Dividends,Data,20260123,20260122,BRKC,Dividend Payment,710,0.12,87.19
Dividends,Data,20260123,20260120,RYLD,Payment In Lieu,2100,0.16,330.33
Dividends,Data,20260123,20260120,PCEF,Payment In Lieu,500,0.13,65.05
Interest Details,MetaInfo,Analysis Period,"May 28, 2024 - January 27, 2026"
Interest Details,Header,Date,Description,Amount
Interest Details,Data,20260106,USD Debit Interest Paid for December 2025,-543.87
Notes and Disclosure,Header,Type,Note
Notes and Disclosure,Data,General,"1. The Net Asset Value (NAV) consists of all positions by financial instrument (stock, securities options, warrants, bonds, cash, etc.). All non-base currency amounts are converted to the base currency at the close of period rate."
Notes and Disclosure,Data,General,2. The gain or loss from future contracts settle into cash each night. The notional value is used when computing the contribution to return.
Notes and Disclosure,Data,General,"3. Dividend accruals, interest accruals, and insured deposits are included in cash amounts throughout the report."
Notes and Disclosure,Data,General,4. Price valuations are obtained from outside parties. Clearing Broker shall have no responsibility for the accuracy or timeliness of any such price valuation.
Notes and Disclosure,Data,General,5. Data from Thomson Reuters Business Classifications and Lipper Global is used to derive our sector classifications. Funds with assorted sector allocations are classified as Broad.
Notes and Disclosure,Data,General,"6. Amounts are formatted to two decimal places. If amounts are greater than two decimal places, Clearing Broker uses "half-even" rounding. This means that Clearing Broker rounds such amounts up to the nearest even number."
Notes and Disclosure,Data,General,"7. For accounts opened and funded before 2009, reports with a time period of Since Inception will only include data going back to January 1, 2009. This includes some default reports and both Historical Performance reports."
Notes and Disclosure,Data,General,"8. If you have elected to trade cryptocurrency/digital asset products at Crypto Provider through the Clearing Broker platform, for your convenience your positions in your linked account at Crypto Provider are reflected in PortfolioAnalyst in connection with your Clearing Broker account."
Notes and Disclosure,Data,Section,1. Account Overview: The deposit/withdrawal amount displayed includes internal transfers along with cash and position transfers.
Notes and Disclosure,Data,Section,2. Projected Income: The Estimated Annual Income and Estimated Remaining Income in the Projected Income report assume dividend and bond payments remain constant throughout the year. These positions and interest rates are based on the previous business day.
Notes and Disclosure,Data,Section,"3. Risk Measures: Historical US 3 Month Treasury Bill rates are used as the risk free rates when calculating Alpha, the Sharpe ratio, the Sortino ratio, and the downside deviation."
Notes and Disclosure,Data,Disclosure,"This portfolio report was generated using Clearing Broker's PortfolioAnalyst tool, which allows Clearing Broker clients to generate analyses of their accounts using market data provided by third parties along with trade and account data contained in Clearing Broker's systems. This report is for information purposes only and is provided AS IS. Clearing Broker makes no warranty of any kind, express or implied, as to this report and its contents. The data provided for use in the PortfolioAnalyst tool is believed to be accurate, but completeness and accuracy of the information is not guaranteed, and Clearing Broker has no liability with respect thereto. The data regarding accounts held outside of Clearing Broker is obtained either directly from your input or from the financial institutions holding those accounts through a third-party service provider and Clearing Broker has NOT reviewed its accuracy.

The material in this report is intended only as a reference and should not be relied upon for the maintenance of your books and records for tax, accounting, financial, or regulatory reporting or for any other purposes. This report is not an offer or a solicitation of an offer to buy or sell any security. This material does not, and is not intended to, take into account the particular financial conditions, investment objectives, or requirements of individual customers. Before acting on any material within this report, you should consider whether it is suitable for your particular circumstances and as necessary, seek professional advice."
