Introduction,Header,Name,Account,Alias,BaseCurrency,AccountType,AnalysisPeriod,PerformanceMeasure
Introduction,Data,Monica P Lopez Holler,U9368144,,USD,Individual (Broker Client),"May 3, 2022 to January 27, 2026 (Daily)",TWR
Key Statistics,MetaInfo,Analysis Period,"May 3, 2022 - January 27, 2026"
Key Statistics,Header,BeginningNAV,EndingNAV,CumulativeReturn,5DayReturn,5DayReturnDateRange,10DayReturn,10DayReturnDateRange,BestReturn,BestReturnDate,WorstReturn,WorstReturnDate,MTM,Deposits & Withdrawals,Dividends,Interest,Fees & Commissions,Other,ChangeInNAV
Key Statistics,Data,0,41193.041864,30.218380839,8.391383859,20260121 - 20260127,8.160087824,20260114 - 20260127,6.765149292,20260126,-4.814062477,20250404,-7354.3629,18147.36,34142.09,2876.14,-2464.813122,-4153.372114,41193.041864
Historical Performance,MetaInfo,Analysis Period,"May 3, 2022 - January 27, 2026"
Historical Performance,Header,Account,MTD,QTD,YTD,1 Year,3 Year,Since Inception
Historical Performance,Data,U9368144,10.66653682,10.66653682,10.66653682,17.379068423,28.931672983,30.218381007
Historical Performance,Header,Month,Account,AccountReturn
Historical Performance,Data,202501,U9368144,2.65367102
Historical Performance,Data,202502,U9368144,0.96450842
Historical Performance,Data,202503,U9368144,-3.235112985
Historical Performance,Data,202504,U9368144,-1.270606373
Historical Performance,Data,202505,U9368144,2.807550408
Historical Performance,Data,202506,U9368144,3.359765557
Historical Performance,Data,202507,U9368144,-0.287411886
Historical Performance,Data,202508,U9368144,1.61678793
Historical Performance,Data,202509,U9368144,-0.958376764
Historical Performance,Data,202510,U9368144,2.193208203
Historical Performance,Data,202511,U9368144,0.84273177
Historical Performance,Data,202512,U9368144,-0.379238262
Historical Performance,Data,202401,U9368144,0.11817023
Historical Performance,Data,202402,U9368144,-0.354457321
Historical Performance,Data,202403,U9368144,0.756970886
Historical Performance,Data,202404,U9368144,-2.628014957
Historical Performance,Data,202405,U9368144,3.137519831
Historical Performance,Data,202406,U9368144,-0.357494064
Historical Performance,Data,202407,U9368144,3.765027111
Historical Performance,Data,202408,U9368144,2.736758695
Historical Performance,Data,202409,U9368144,1.352356811
Historical Performance,Data,202410,U9368144,-3.543689905
Historical Performance,Data,202411,U9368144,1.200052194
Historical Performance,Data,202412,U9368144,-3.745026813
Historical Performance,Data,202301,U9368144,3.926028432
Historical Performance,Data,202302,U9368144,-1.956171107
Historical Performance,Data,202303,U9368144,1.441515887
Historical Performance,Data,202304,U9368144,0.390929556
Historical Performance,Data,202305,U9368144,-2.181588307
Historical Performance,Data,202306,U9368144,2.064128019
Historical Performance,Data,202307,U9368144,1.22580097
Historical Performance,Data,202308,U9368144,-1.394569604
Historical Performance,Data,202309,U9368144,-2.128098921
Historical Performance,Data,202310,U9368144,-2.34333332
Historical Performance,Data,202311,U9368144,5.603301002
Historical Performance,Data,202312,U9368144,4.681379017
Historical Performance,Data,202201,U9368144,-
Historical Performance,Data,202202,U9368144,-
Historical Performance,Data,202203,U9368144,-
Historical Performance,Data,202204,U9368144,-
Historical Performance,Data,202205,U9368144,-
Historical Performance,Data,202206,U9368144,-4.102412616
Historical Performance,Data,202207,U9368144,4.565260659
Historical Performance,Data,202208,U9368144,-1.823969096
Historical Performance,Data,202209,U9368144,-7.124839804
Historical Performance,Data,202210,U9368144,0.741355006
Historical Performance,Data,202211,U9368144,6.52113365
Historical Performance,Data,202212,U9368144,-1.836142048
Historical Performance,Header,Quarter,Account,AccountReturn
Historical Performance,Data,2025 Q1,U9368144,0.290781119
Historical Performance,Data,2025 Q2,U9368144,4.911475868
Historical Performance,Data,2025 Q3,U9368144,0.353656542
Historical Performance,Data,2025 Q4,U9368144,2.663601033
Historical Performance,Data,2024 Q1,U9368144,0.518473137
Historical Performance,Data,2024 Q2,U9368144,0.06802964
Historical Performance,Data,2024 Q3,U9368144,8.046503132
Historical Performance,Data,2024 Q4,U9368144,-6.041828176
Historical Performance,Data,2023 Q1,U9368144,3.361862103
Historical Performance,Data,2023 Q2,U9368144,0.227803267
Historical Performance,Data,2023 Q3,U9368144,-2.310006848
Historical Performance,Data,2023 Q4,U9368144,7.956507284
Historical Performance,Data,2022 Q1,U9368144,-
Historical Performance,Data,2022 Q2,U9368144,-
Historical Performance,Data,2022 Q3,U9368144,-4.656197038
Historical Performance,Data,2022 Q4,U9368144,5.340454072
Historical Performance,Header,Year,Account,AccountReturn
Historical Performance,Data,YTD,U9368144,10.66653682
Historical Performance,Data,2025,U9368144,8.401104011
Historical Performance,Data,2024,U9368144,2.114286067
Historical Performance,Data,2023,U9368144,9.256539546
Open Position Summary,MetaInfo,As Of,"January 27, 2026"
Open Position Summary,Header,Date,FinancialInstrument,Currency,Symbol,Description,Sector,Quantity,ClosePrice,Value,Cost Basis,UnrealizedP&L,FXRateToBase
Open Position Summary,Data,01/27/2026,ETFs,USD,KBWD,INVESCO KBW HIGH DIVIDEND YI,Financials,640,14.37,9196.8,10019.759086,-822.959086,1
Open Position Summary,Data,01/27/2026,ETFs,USD,RYLD,GLOBAL X RUSSELL 2000 COV CL,Broad,1245,15.62,19446.9,19109.526482,337.373518,1
Open Position Summary,Data,01/27/2026,ETFs,USD,TLTW,ISHARES 20+ BOND BUYWRITE,Broad,370,22.89,8469.3,8588.893092,-119.593092,1
Open Position Summary,Data,Total,ETFs,USD,,,,,,37113,37718.17866,-605.17866
Open Position Summary,Data,01/27/2026,Cash,USD,USD,United States Dollar,Cash,4080.041864,1,4080.041864, , ,1
Performance by Symbol,MetaInfo,Analysis Period,"May 3, 2022 - January 27, 2026"
Performance by Symbol,Header,Symbol,Description,FinancialInstrument,Sector,AvgWeight,Return,Contribution,Unrealized_P&L,Realized_P&L,Open
Performance by Symbol,Data,BA 5.04 05/01/27,BA 5.04 05/01/27,Bonds,Industrials,9.913320058,7.604000334,0.7868122,0.00,-329.80,No
Performance by Symbol,Data,C 4 1/8 07/25/28,C 4 1/8 07/25/28,Bonds,Financials,8.255694678,9.963395859,0.791287854,0.00,-121.46,No
Performance by Symbol,Data,CCL 6.65 01/15/28,CCL 6.65 01/15/28,Bonds,Consumer Cyclicals,5.436910567,-18.502870729,-1.070365676,0.00,"-1,116.14",No
Performance by Symbol,Data,CCL 7 5/8 03/01/26 VAJ3,CCL 7 5/8 03/01/26,Bonds,Consumer Cyclicals,5.473063657,-8.595855596,-0.50888175,0.00,-608.08,No
Performance by Symbol,Data,DIS 3.8 03/22/30,DIS 3.8 03/22/30,Bonds,Consumer Cyclicals,7.550861652,5.773223583,0.446780464,0.00,-216.66,No
Performance by Symbol,Data,Total Bonds,,,,23.856254689,4.161738465,0.402965607,0.00,"-2,392.14",
Performance by Symbol,Data,BABO,YIELDMAX BABA OPT INC ST ETF,ETFs,Broad,7.024487804,16.483943952,1.122263674,0.00,"1,243.64",No
Performance by Symbol,Data,BND,VANGUARD TOTAL BOND MARKET,ETFs,Broad,6.126701053,-1.08531621,-0.075713115,0.00,-183.91,No
Performance by Symbol,Data,EMLC,VANECK JPM EM LOCAL CURR BND,ETFs,Broad,4.957886515,-1.791114978,-0.087287328,0.00,-250.90,No
Performance by Symbol,Data,IGOV,ISHARES INTERNATIONAL TREASU,ETFs,Broad,5.151577714,2.167404635,0.134090426,0.00,111.51,No
Performance by Symbol,Data,JAAA,JANUS HENDERSON AAA CLO ETF,ETFs,Broad,7.112021503,0.94657337,0.067878551,0.00,5.93,No
Performance by Symbol,Data,KBWD,INVESCO KBW HIGH DIVIDEND YI,ETFs,Financials,13.473184435,0.198471174,0.634210213,-822.96,0.00,Yes
Performance by Symbol,Data,LQD,ISHARES IBOXX INVESTMENT GRA,ETFs,Broad,1.103788351,0.839432574,0.013820738,0.00,-13.56,No
Performance by Symbol,Data,LQDW,ISHARES INGR CORP BD B/W ETF,ETFs,Broad,3.347848668,-5.68671413,-0.205482198,0.00,-405.87,No
Performance by Symbol,Data,PCY,INVESCO EMERGING MARKETS SOV,ETFs,Broad,9.568206271,-3.291463521,-0.297331106,0.00,-711.94,No
Performance by Symbol,Data,PFFD,GLOBAL X US PREFERRED ETF,ETFs,Broad,0.640052338,-5.866837342,-0.035066531,0.00,-56.19,No
Performance by Symbol,Data,PYPY,YLDMX PYPL OP INC STRTG ETF,ETFs,Broad,6.113514591,20.049138624,0.376814775,0.00,"-2,230.93",No
Performance by Symbol,Data,QYLD,GLOBAL X NASD 100 COV CALL,ETFs,Broad,10.733348095,27.247737669,3.618458982,0.00,"3,507.58",No
Performance by Symbol,Data,RYLD,GLOBAL X RUSSELL 2000 COV CL,ETFs,Broad,14.781554901,4.336265178,3.507370682,337.37,-198.39,Yes
Performance by Symbol,Data,SDIV,GLOBAL X SUPERDIVIDEND ETF,ETFs,Broad,6.628524167,14.416032196,1.069882739,0.00,577.87,No
Performance by Symbol,Data,SHV,ISHARES SHORT TREASURY BOND,ETFs,Government,13.370266864,0.215421278,0.002967119,0.00,-36.46,No
Performance by Symbol,Data,SHY,ISHARES 1-3 YEAR TREASURY BO,ETFs,Government,14.795179119,0.008867998,0.002837102,0.00,1.77,No
Performance by Symbol,Data,TLT,ISHARES 20+ YEAR TREASURY BD,ETFs,Government,13.33298324,0.756808916,-0.390099988,0.00,"-1,385.01",No
Performance by Symbol,Data,TLTW,ISHARES 20+ BOND BUYWRITE,ETFs,Broad,22.098706073,3.515638769,0.414759403,-119.59,-633.93,Yes
Performance by Symbol,Data,TOTL,SS DOUBLELINE TR TACT ETF,ETFs,Broad,4.17281813,-0.815049333,-0.035820837,0.00,-131.78,No
Performance by Symbol,Data,VCSH,VANGUARD S/T CORP BOND ETF,ETFs,Broad,7.714036598,-1.404610941,-0.100534161,0.00,-184.57,No
Performance by Symbol,Data,WIP,SPDR FTSE INTERNATIONAL GOVE,ETFs,Broad,4.252839697,1.536407808,0.087719657,0.00,-14.46,No
Performance by Symbol,Data,Total ETFs,,,,39.430676023,9.418390041,9.931326907,-605.18,-989.61,
Performance by Symbol,Data,BABA1 250620C00080000,BABA1 20JUN25 80 C,Options,Technology,2.260285103,19.105319961,0.503257848,0.00,511.05,No
Performance by Symbol,Data,CCL   240621C00010000,CCL 21JUN24 10 C,Options,Consumer Cyclicals,0.348563326,51.102659554,0.165826928,0.00,158.74,No
Performance by Symbol,Data,Total Options,,,,1.304424215,79.971306131,0.669919313,0.00,669.79,
Performance by Symbol,Data,AVK,ADVENT CONVERT & INCOME,Stocks,Broad,8.4901984,8.051831634,0.747974654,0.00,377.92,No
Performance by Symbol,Data,BABA,ALIBABA GROUP HOLDING-SP ADR,Stocks,Technology,2.11492751,22.097748655,0.44935101,0.00,602.38,No
Performance by Symbol,Data,BBN,BLACKROCK TAXABLE MUNI BND,Stocks,Broad,8.590886698,-11.391476299,-0.744861731,0.00,"-1,775.39",No
Performance by Symbol,Data,BCAT,BLACKROCK CAPITAL ALLOC TR,Stocks,Broad,11.06286373,1.874118783,0.286362209,0.00,"-1,030.23",No
Performance by Symbol,Data,BKT,BLACKROCK INCOME TRUST,Stocks,Broad,9.305092554,-8.051459075,-0.775340932,0.00,"-1,155.12",No
Performance by Symbol,Data,BLW,BLACKROCK LTD DURAT INC TR,Stocks,Broad,7.519205321,26.652523205,1.851636685,0.00,"1,032.24",No
Performance by Symbol,Data,BWG,BRANDYWINEGLOBAL GLOBAL INCO,Stocks,Broad,3.95956183,-7.23346985,-0.296190539,0.00,-547.50,No
Performance by Symbol,Data,CHWY,CHEWY INC - CLASS A,Stocks,Consumer Cyclicals,0.447327892,-0.742236771,0.003035767,0.00,3.05,No
Performance by Symbol,Data,DIS,WALT DISNEY CO/THE,Stocks,Telecomm,2.419088897,2.551471491,0.062443024,0.00,90.78,No
Performance by Symbol,Data,DSL,DOUBLELINE INCOME SOLUTIONS,Stocks,Broad,9.687068582,-9.551945527,-0.946264177,0.00,"-1,544.49",No
Performance by Symbol,Data,EAD,ALLSPRING INCOME OPPORT,Stocks,Broad,7.064898881,19.428987826,1.224041684,0.00,729.32,No
Performance by Symbol,Data,ECAT,BLACKROCK ESG CAP ALL TRM TR,Stocks,Broad,7.966299043,5.263027689,0.468150432,0.00,-181.27,No
Performance by Symbol,Data,FAX,ABRDN ASIA-PACIFIC INCOME,Stocks,Broad,10.863330573,2.221036276,0.516251413,0.00,-355.69,No
Performance by Symbol,Data,GBAB,GUGGENHEIM TAXABLE MUNICIPAL,Stocks,Broad,7.79024497,-5.660339524,-0.113686906,0.00,-541.31,No
Performance by Symbol,Data,GDO,WESTERN AST GLB CORP OPPRNTY,Stocks,Broad,7.58564371,15.846781399,1.229730089,0.00,800.70,No
Performance by Symbol,Data,HIX,WESTERN ASSET HIGH INC II,Stocks,Broad,5.394035186,-5.134437466,-0.112424057,0.00,-891.14,No
Performance by Symbol,Data,HIX RT,WESTERN ASSET HIGH INCOM-W/I,Stocks,Broad,0.020165258,-100,-0.033811376,0.00,0.00,No
Performance by Symbol,Data,NAD,NUVEEN QUALITY MUNICIPAL INC,Stocks,Broad,2.166303805,4.794426934,0.156972111,0.00,157.01,No
Performance by Symbol,Data,NBB,NUVEEN TAXABLE MUNICIPAL INC,Stocks,Broad,3.287186346,-4.976810834,-0.175752658,0.00,-248.45,No
Performance by Symbol,Data,NEM,NEWMONT CORP,Stocks,Basic Materials,2.228904508,12.532072746,0.277907728,0.00,385.71,No
Performance by Symbol,Data,NMI,NUVEEN MUNICIPAL INCOME,Stocks,Broad,1.859347502,7.70002091,0.155145391,0.00,103.53,No
Performance by Symbol,Data,NUV,NUVEEN MUNICIPAL VALUE,Stocks,Broad,1.778452547,5.527316164,0.105289134,0.00,53.93,No
Performance by Symbol,Data,PETS,PETMED EXPRESS INC,Stocks,Consumer Non-Cyc,0.448186865,-2.82060138,-0.004188892,0.00,-4.21,No
Performance by Symbol,Data,PML,PIMCO MUNICIPAL INCOME FD II,Stocks,Broad,1.666258821,-3.707502262,0.877533844,0.00,840.56,No
Performance by Symbol,Data,PYPL,PAYPAL HOLDINGS INC,Stocks,Financials,2.848734843,15.019624206,0.429344366,0.00,406.97,No
Performance by Symbol,Data,SLB,SLB LTD,Stocks,Energy,1.7903631,-15.932343008,-0.330956205,0.00,-495.03,No
Performance by Symbol,Data,STM,STMICROELECTRONICS NV-NY SHS,Stocks,Technology,2.19842074,6.966237628,0.204696559,0.00,211.07,No
Performance by Symbol,Data,TM,TOYOTA MOTOR CORP -SPON ADR,Stocks,Consumer Cyclicals,2.693471614,-10.452418472,-0.156547984,0.00,-284.90,No
Performance by Symbol,Data,TROW,T ROWE PRICE GROUP INC,Stocks,Financials,1.204902445,8.158186658,0.101188345,0.00,89.17,No
Performance by Symbol,Data,UPS,UNITED PARCEL SERVICE-CL B,Stocks,Industrials,2.416537702,2.861581199,0.069670923,0.00,101.45,No
Performance by Symbol,Data,WDI,WESTERN ASSET DIVERS INC,Stocks,Broad,8.371017047,2.821890284,0.258575498,0.00,-181.66,No
Performance by Symbol,Data,WOOF,PETCO HEALTH AND WELLNESS CO,Stocks,Consumer Cyclicals,0.385255174,-4.225573876,-0.011239283,0.00,-11.37,No
Performance by Symbol,Data,XP,XP INC - CLASS A,Stocks,Financials,1.498977247,37.778654274,0.49435728,0.00,504.38,No
Performance by Symbol,Data,Total Stocks,,,,41.33030867,16.067728086,6.113007361,0.00,"-2,757.59",
Performance by Symbol,Data,USD,United States Dollar,Cash,Cash,8.229014428,98923.080094609,11.227568146,,,Yes
Performance by Symbol,Data,Total Cash,,,,8.229014428,98923.080094609,11.227568146,,,
Performance by Symbol,Data,Total,,,,100,30.218380839,30.218380839,-605.18,"-5,469.55",
Projected Income,MetaInfo,As Of,"January 27, 2026"
Projected Income,Header,Financial Instrument,Symbol,Description,Frequency,Quantity,Price,Value,Current Yield %,Principal,Estimated Annual Income,Estimated 2026 Remaining Income
Projected Income,Data,ETFs,KBWD,Ordinary Dividend,11,640,14.37,9196.8,11.317675713,-,1040.864,1040.864
Projected Income,Data,ETFs,RYLD,Ordinary Dividend,11,1245,15.62,19446.9,11.077464789,-,2154.2235,2154.2235
Projected Income,Data,ETFs,TLTW,Ordinary Dividend,12,370,22.89,8469.3,9.798621689,-,829.874666702,829.874666702
Projected Income,Data,,Total,,,,,37113,10.845154438,,4024.962166702,4024.962166702
Trade Summary,MetaInfo,Analysis Period,"May 3, 2022 - January 27, 2026"
Trade Summary,Header,Financial Instrument,Currency,Symbol,Description,Sector,Quantity Bought,Average Price Bought,Proceeds Bought,Proceeds Bought in Base,Quantity Sold,Average Price Sold,Proceeds Sold,Proceeds Sold in Base
Trade Summary,Data,Bonds,United States Dollar,BA 5.04 05/01/27,BA 5.04 05/01/27,Industrials,10000,1.0082,-10082,-10082,-10000,0.98102,9810.2,9810.2
Trade Summary,Data,Bonds,United States Dollar,C 4 1/8 07/25/28,C 4 1/8 07/25/28,Financials,10000,0.97015,-9701.5,-9701.5,-10000,0.966454,9664.54,9664.54
Trade Summary,Data,Bonds,United States Dollar,CCL 6.65 01/15/28,CCL 6.65 01/15/28,Consumer Cyclicals,6000,0.9335,-5601,-5601,-6000,0.749916667,4499.5,4499.5
Trade Summary,Data,Bonds,United States Dollar,CCL 7 5/8 03/01/26 VAJ3,CCL 7 5/8 03/01/26,Consumer Cyclicals,6000,0.95921,-5755.26,-5755.26,-6000,0.86,5160,5160
Trade Summary,Data,Bonds,United States Dollar,DIS 3.8 03/22/30,DIS 3.8 03/22/30,Consumer Cyclicals,8000,0.9721875,-7777.5,-7777.5,-8000,0.95148,7611.84,7611.84
Trade Summary,Data,ETFs,United States Dollar,BABO,YIELDMAX BABA OPT INC ST ETF,Broad,580,17.46,-10126.8,-10126.8,-580,19.71362069,11433.9,11433.9
Trade Summary,Data,ETFs,United States Dollar,BND,VANGUARD TOTAL BOND MARKET,Broad,100,75.56275,-7556.275,-7556.275,-100,73.762,7376.2,7376.2
Trade Summary,Data,ETFs,United States Dollar,EMLC,VANECK JPM EM LOCAL CURR BND,Broad,300,24.435,-7330.5,-7330.5,-300,23.705,7111.5,7111.5
Trade Summary,Data,ETFs,United States Dollar,IGOV,ISHARES INTERNATIONAL TREASU,Broad,130,39.566653846,-5143.665,-5143.665,-130,40.440830769,5257.308,5257.308
Trade Summary,Data,ETFs,United States Dollar,JAAA,JANUS HENDERSON AAA CLO ETF,Broad,200,50.68,-10136,-10136,-200,50.85,10170,10170
Trade Summary,Data,ETFs,United States Dollar,KBWD,INVESCO KBW HIGH DIVIDEND YI,Financials,640,15.62,-9996.8,-9996.8,0,0,0,0
Trade Summary,Data,ETFs,United States Dollar,LQD,ISHARES IBOXX INVESTMENT GRA,Broad,10,110.58,-1105.8,-1105.8,-10,109.425,1094.25,1094.25
Trade Summary,Data,ETFs,United States Dollar,LQDW,ISHARES INGR CORP BD B/W ETF,Broad,179,27.885,-4991.415,-4991.415,-179,25.07,4487.53,4487.53
Trade Summary,Data,ETFs,United States Dollar,PCY,INVESCO EMERGING MARKETS SOV,Broad,1000,19.63351,-19633.51,-19633.51,-1000,18.932,18932,18932
Trade Summary,Data,ETFs,United States Dollar,PFFD,GLOBAL X US PREFERRED ETF,Broad,30,21.108,-633.24,-633.24,-30,19.235,577.05,577.05
Trade Summary,Data,ETFs,United States Dollar,PYPY,YLDMX PYPL OP INC STRTG ETF,Broad,1260,15.875,-20002.5,-20002.5,-1260,14.099154762,17764.935,17764.935
Trade Summary,Data,ETFs,United States Dollar,QYLD,GLOBAL X NASD 100 COV CALL,Broad,2908,15.813851444,-45986.68,-45986.68,-2908,17.072348693,49646.39,49646.39
Trade Summary,Data,ETFs,United States Dollar,RYLD,GLOBAL X RUSSELL 2000 COV CL,Broad,1730,16.828623699,-29113.519,-29113.519,-485,16.826907216,8161.05,8161.05
Trade Summary,Data,ETFs,United States Dollar,SDIV,GLOBAL X SUPERDIVIDEND ETF,Broad,835,22.503443114,-18790.375,-18790.375,-835,23.132994012,19316.05,19316.05
Trade Summary,Data,ETFs,United States Dollar,SHV,ISHARES SHORT TREASURY BOND,Government,1060,110.239410377,-116853.775,-116853.775,-157,110.229363057,17306.01,17306.01
Trade Summary,Data,ETFs,United States Dollar,SHY,ISHARES 1-3 YEAR TREASURY BO,Government,0,0,0,0,-245,81.4505,19955.3725,19955.3725
Trade Summary,Data,ETFs,United States Dollar,TLT,ISHARES 20+ YEAR TREASURY BD,Government,285,91.867982456,-26182.375,-26182.375,-285,87.1913,24849.5205,24849.5205
Trade Summary,Data,ETFs,United States Dollar,TLTW,ISHARES 20+ BOND BUYWRITE,Broad,1650,23.186966667,-38258.495,-38258.495,-1280,22.75009375,29120.12,29120.12
Trade Summary,Data,ETFs,United States Dollar,TOTL,SS DOUBLELINE TR TACT ETF,Broad,100,42.29,-4229,-4229,-100,40.9927,4099.27,4099.27
Trade Summary,Data,ETFs,United States Dollar,VCSH,VANGUARD S/T CORP BOND ETF,Broad,100,77.085,-7708.5,-7708.5,-100,75.26,7526,7526
Trade Summary,Data,ETFs,United States Dollar,WIP,SPDR FTSE INTERNATIONAL GOVE,Broad,100,42.46,-4246,-4246,-100,42.06,4206,4206
Trade Summary,Data,Options,United States Dollar,BABA1 250620C00080000,BABA1 20JUN25 80 C,Technology,2,13.3,-2660,-2660,-2,16,3200,3200
Trade Summary,Data,Options,United States Dollar,CCL   240621C00010000,CCL 21JUN24 10 C,Consumer Cyclicals,1,3.1,-310,-310,-1,4.7,470,470
Trade Summary,Data,Stocks,United States Dollar,AVK,ADVENT CONVERT & INCOME,Broad,1070,11.964635514,-12802.16,-12802.16,-1070,12.38,13246.6,13246.6
Trade Summary,Data,Stocks,United States Dollar,BABA,ALIBABA GROUP HOLDING-SP ADR,Technology,38,79.55,-3022.9,-3022.9,-38,95.985,3647.43,3647.43
Trade Summary,Data,Stocks,United States Dollar,BBN,BLACKROCK TAXABLE MUNI BND,Broad,1800,17.2903,-31122.54,-31122.54,-1800,16.171666667,29109,29109
Trade Summary,Data,Stocks,United States Dollar,BCAT,BLACKROCK CAPITAL ALLOC TR,Broad,1112,15.668179856,-17423.016,-17423.016,-1112,14.8,16457.6,16457.6
Trade Summary,Data,Stocks,United States Dollar,BKT,BLACKROCK INCOME TRUST,Broad,1120,12.574201786,-14083.106,-14083.106,-1120,11.453482143,12827.9,12827.9
Trade Summary,Data,Stocks,United States Dollar,BLW,BLACKROCK LTD DURAT INC TR,Broad,1300,13.257015385,-17234.12,-17234.12,-1300,13.929069231,18107.79,18107.79
Trade Summary,Data,Stocks,United States Dollar,BWG,BRANDYWINEGLOBAL GLOBAL INCO,Broad,1000,8.49018,-8490.18,-8490.18,-1000,7.9425,7942.5,7942.5
Trade Summary,Data,Stocks,United States Dollar,CHWY,CHEWY INC - CLASS A,Consumer Cyclicals,20,25.85692,-517.1384,-517.1384,-20,26.16,523.2,523.2
Trade Summary,Data,Stocks,United States Dollar,DIS,WALT DISNEY CO/THE,Telecomm,38,93.345,-3547.11,-3547.11,-38,96.315,3659.97,3659.97
Trade Summary,Data,Stocks,United States Dollar,DSL,DOUBLELINE INCOME SOLUTIONS,Broad,1090,12.65,-13788.5,-13788.5,-1090,11.295,12311.55,12311.55
Trade Summary,Data,Stocks,United States Dollar,EAD,ALLSPRING INCOME OPPORT,Broad,1200,6.36,-7632,-7632,-1200,7,8400,8400
Trade Summary,Data,Stocks,United States Dollar,ECAT,BLACKROCK ESG CAP ALL TRM TR,Broad,753,16.686029216,-12564.58,-12564.58,-753,16.53,12447.09,12447.09
Trade Summary,Data,Stocks,United States Dollar,FAX,ABRDN ASIA-PACIFIC INCOME,Broad,1028,16.885548638,-17358.344,-17358.344,-1028,16.56344358,17027.22,17027.22
Trade Summary,Data,Stocks,United States Dollar,GBAB,GUGGENHEIM TAXABLE MUNICIPAL,Broad,1520,16.240789474,-24686,-24686,-1520,15.528875,23603.89,23603.89
Trade Summary,Data,Stocks,United States Dollar,GDO,WESTERN AST GLB CORP OPPRNTY,Broad,2180,11.827126147,-25783.135,-25783.135,-2180,12.190417431,26575.11,26575.11
Trade Summary,Data,Stocks,United States Dollar,HIX,WESTERN ASSET HIGH INC II,Broad,4170,4.681426859,-19521.55,-19521.55,-4170,4.516450839,18833.6,18833.6
Trade Summary,Data,Stocks,United States Dollar,NAD,NUVEEN QUALITY MUNICIPAL INC,Broad,200,12.2005,-2440.1,-2440.1,-200,13.001,2600.2,2600.2
Trade Summary,Data,Stocks,United States Dollar,NBB,NUVEEN TAXABLE MUNICIPAL INC,Broad,200,17.38,-3476,-3476,-200,16.153,3230.6,3230.6
Trade Summary,Data,Stocks,United States Dollar,NEM,NEWMONT CORP,Basic Materials,73,42,-3066,-3066,-73,47.605,3475.165,3475.165
Trade Summary,Data,Stocks,United States Dollar,NMI,NUVEEN MUNICIPAL INCOME,Broad,200,9.337,-1867.4,-1867.4,-200,9.87,1974,1974
Trade Summary,Data,Stocks,United States Dollar,NUV,NUVEEN MUNICIPAL VALUE,Broad,200,8.885,-1777,-1777,-200,9.17,1834,1834
Trade Summary,Data,Stocks,United States Dollar,PETS,PETMED EXPRESS INC,Consumer Non-Cyc,25,21.83284,-545.821,-545.821,-25,21.785,544.625,544.625
Trade Summary,Data,Stocks,United States Dollar,PML,PIMCO MUNICIPAL INCOME FD II,Broad,1270,10.460551181,-13284.9,-13284.9,-1270,11.132129921,14137.805,14137.805
Trade Summary,Data,Stocks,United States Dollar,PYPL,PAYPAL HOLDINGS INC,Financials,50,53.97,-2698.5,-2698.5,-50,62.56,3128,3128
Trade Summary,Data,Stocks,United States Dollar,SLB,SLB LTD,Energy,67,44.75,-2998.25,-2998.25,-67,37.705,2526.235,2526.235
Trade Summary,Data,Stocks,United States Dollar,STM,STMICROELECTRONICS NV-NY SHS,Technology,124,28.256709677,-3503.832,-3503.832,-124,30.1607,3739.9268,3739.9268
Trade Summary,Data,Stocks,United States Dollar,TM,TOYOTA MOTOR CORP -SPON ADR,Consumer Cyclicals,24,199.821666667,-4795.72,-4795.72,-24,189.285,4542.84,4542.84
Trade Summary,Data,Stocks,United States Dollar,TROW,T ROWE PRICE GROUP INC,Financials,10,120.77,-1207.7,-1207.7,-10,129.89,1298.9,1298.9
Trade Summary,Data,Stocks,United States Dollar,UPS,UNITED PARCEL SERVICE-CL B,Industrials,27,130.9,-3534.3,-3534.3,-27,135.46,3657.42,3657.42
Trade Summary,Data,Stocks,United States Dollar,WDI,WESTERN ASSET DIVERS INC,Broad,820,15.256670732,-12510.47,-12510.47,-820,15.1,12382,12382
Trade Summary,Data,Stocks,United States Dollar,WOOF,PETCO HEALTH AND WELLNESS CO,Consumer Cyclicals,30,16.2675,-488.025,-488.025,-30,15.9827,479.481,479.481
Trade Summary,Data,Stocks,United States Dollar,XP,XP INC - CLASS A,Financials,140,20.3615,-2850.61,-2850.61,-140,24.145,3380.3,3380.3
Deposits And Withdrawals,MetaInfo,Analysis Period,"May 3, 2022 - January 27, 2026"
Deposits And Withdrawals,Header,Date,Type,Description,Amount
Deposits And Withdrawals,Data,05/03/22,DEPOSIT,Cash Receipts / Electronic Fund Transfers ,100000
Deposits And Withdrawals,Data,05/15/24,ACATIN,Ishares 1-3 Year Treasury Bo (SHY) Quantity: 245,19938.1
Deposits And Withdrawals,Data,05/22/24,ACATIN,Ishares Short Treasury Bond (SHV) Quantity: 100,11035
Deposits And Withdrawals,Data,12/19/24,NA,Adjustment: Commission (consolidated Audit Trail Fee Refund) ,0.01
Deposits And Withdrawals,Data,08/22/25,WITHDRAWAL,Disbursement Initiated By Monica P Lopez Holler ,-2245
Deposits And Withdrawals,Data,09/09/25,ACATOUT,"Ishares Short Treasury Bond (SHV) Quantity: -1,003",-110580.75
Corporate Actions,MetaInfo,Analysis Period,"May 3, 2022 - January 27, 2026"
Corporate Actions,Header,Date,Type,Description,Quantity
Corporate Actions,Data,20240125,Rights,HIX(US95766J1025) SUBSCRIBABLE RIGHTS ISSUE  1 FOR 1,900
Corporate Actions,Data,20240307,Delisting,(US95766J1280) DELISTED,-900
Dividends,MetaInfo,Analysis Period,"May 3, 2022 - January 27, 2026"
Dividends,Header,PayDate,Ex-Date,Symbol,Quantity,DividendPerShare,Amount
Dividends,Data,20220606,20220601,BND,20,0.15,2.96
Dividends,Data,20220607,20220601,LQD,10,0.27,2.74
Dividends,Data,20220613,20220603,PFFD,30,0.11,3.27
Dividends,Data,20220629,20220614,TROW,10,1.20,12
Dividends,Data,20220630,20220614,BBN,250,0.12,30.73
Dividends,Data,20220630,20220621,PCY,500,0.11,57.17
Dividends,Data,20220630,20220614,BLW,400,0.10,39.24
Dividends,Data,20220701,20220614,NUV,200,0.03,5.6
Dividends,Data,20220701,20220622,BWG,400,0.09,36
Dividends,Data,20220701,20220614,NMI,200,0.03,5.1
Dividends,Data,20220707,20220701,BND,21,0.15,3.12
Dividends,Data,20220708,20220701,LQD,10,0.30,2.97
Dividends,Data,20220714,20220706,PFFD,30,0.11,3.27
Dividends,Data,20220722,20220718,PCY,500,0.12,57.66
Dividends,Data,20220729,20220714,BLW,400,0.10,39.24
Dividends,Data,20220729,20220714,BBN,500,0.12,61.45
Dividends,Data,20220801,20220714,NUV,200,0.03,5.6
Dividends,Data,20220801,20220708,PML,570,0.06,33.63
Dividends,Data,20220801,20220721,BWG,400,0.09,36
Dividends,Data,20220801,20220714,NMI,200,0.03,5.5
Dividends,Data,20220804,20220801,BND,100,0.15,15.33
Dividends,Data,20220805,20220801,LQD,10,0.28,2.76
Dividends,Data,20220805,20220801,TOTL,100,0.15,14.98
Dividends,Data,20220811,20220803,PFFD,30,0.10,3.15
Dividends,Data,20220826,20220822,PCY,500,0.12,58.49
Dividends,Data,20220831,20220812,BBN,500,0.12,61.45
Dividends,Data,20220831,20220812,BLW,700,0.10,68.67
Dividends,Data,20220901,20220812,NUV,200,0.03,5.6
Dividends,Data,20220901,20220812,NMI,200,0.03,5.5
Dividends,Data,20220901,20220823,BWG,400,0.09,36
Dividends,Data,20220907,20220901,BND,100,0.16,15.65
Dividends,Data,20220907,20220901,VCSH,100,0.14,13.62
Dividends,Data,20220908,20220901,LQD,10,0.30,3.04
Dividends,Data,20220908,20220901,TOTL,100,0.16,15.57
Dividends,Data,20220914,20220906,PFFD,30,0.10,3.15
Dividends,Data,20220923,20220919,PCY,500,0.09,45.91
Dividends,Data,20220930,20220914,BBN,500,0.12,61.45
Dividends,Data,20220930,20220914,BLW,700,0.10,68.67
Dividends,Data,20221003,20220922,BWG,500,0.09,45
Dividends,Data,20221003,20220909,PML,100,0.06,5.9
Dividends,Data,20221003,20220914,NUV,200,0.03,5.6
Dividends,Data,20221003,20220914,NBB,200,0.11,21.7
Dividends,Data,20221003,20220914,NMI,200,0.03,5.5
Dividends,Data,20221006,20221003,VCSH,100,0.14,14.43
Dividends,Data,20221006,20221003,BND,100,0.16,15.61
Dividends,Data,20221007,20221003,TOTL,100,0.15,15.4
Dividends,Data,20221007,20221003,WIP,100,0.25,24.76
Dividends,Data,20221007,20221003,LQD,10,0.34,3.39
Dividends,Data,20221013,20221005,PFFD,30,0.10,3.15
Dividends,Data,20221028,20221024,PCY,500,0.09,46.08
Dividends,Data,20221031,20221013,BLW,700,0.10,68.67
Dividends,Data,20221031,20221013,BBN,500,0.12,61.45
Dividends,Data,20221101,20221021,BWG,500,0.09,45
Dividends,Data,20221101,20221013,NUV,200,0.03,5.6
Dividends,Data,20221101,20221013,NMI,200,0.03,6
Dividends,Data,20221101,20221013,NBB,200,0.09,18.5
Dividends,Data,20221101,20221012,PML,100,0.06,5.9
Dividends,Data,20221104,20221101,VCSH,100,0.15,14.81
Dividends,Data,20221104,20221101,BND,100,0.16,16.29
Dividends,Data,20221107,20221101,TOTL,100,0.15,15.11
Dividends,Data,20221107,20221101,WIP,100,0.23,22.65
Dividends,Data,20221107,20221101,LQD,10,0.31,3.07
Dividends,Data,20221110,20221103,PFFD,30,0.10,3.15
Dividends,Data,20221125,20221121,PCY,500,0.10,50.5
Dividends,Data,20221130,20221114,BBN,500,0.12,61.45
Dividends,Data,20221130,20221114,BLW,700,0.10,68.67
Dividends,Data,20221201,20221114,NUV,200,0.03,5.6
Dividends,Data,20221201,20221121,BWG,500,0.09,45
Dividends,Data,20221201,20221114,NBB,200,0.09,18.5
Dividends,Data,20221201,20221110,PML,100,0.06,5.9
Dividends,Data,20221201,20221114,NMI,200,0.03,6
Dividends,Data,20221206,20221201,BND,100,0.16,16.46
Dividends,Data,20221206,20221201,VCSH,100,0.15,14.96
Dividends,Data,20221207,20221201,LQD,10,0.34,3.44
Dividends,Data,20221207,20221201,WIP,100,0.30,30.47
Dividends,Data,20221207,20221201,TOTL,100,0.16,16.29
Dividends,Data,20221213,20221205,PFFD,30,0.10,3.15
Dividends,Data,20221221,20221215,LQD,10,0.33,3.32
Dividends,Data,20221222,20221214,BBN,500,0.10,51.45
Dividends,Data,20221222,20221214,BLW,700,0.10,68.67
Dividends,Data,20221223,20221219,PCY,500,0.10,48.25
Dividends,Data,20221223,20221219,TOTL,100,0.28,27.99
Dividends,Data,20221223,20221219,WIP,100,0.30,30.12
Dividends,Data,20221229,20221223,BND,100,0.17,17.23
Dividends,Data,20221229,20221223,VCSH,100,0.17,16.93
Dividends,Data,20221230,20221214,NBB,200,0.09,18.5
Dividends,Data,20221230,20221214,NUV,200,0.03,5.6
Dividends,Data,20221230,20221221,BWG,500,0.09,45
Dividends,Data,20221230,20221214,NMI,200,0.03,6
Dividends,Data,20230103,20221209,PML,100,0.06,5.9
Dividends,Data,20230109,20221229,PFFD,30,0.10,3.15
Dividends,Data,20230127,20230123,PCY,500,0.10,50.28
Dividends,Data,20230131,20230112,BBN,500,0.10,51.45
Dividends,Data,20230131,20230112,BLW,500,0.10,49.05
Dividends,Data,20230201,20230112,NMI,200,0.03,6
Dividends,Data,20230201,20230112,PML,100,0.04,3.95
Dividends,Data,20230201,20230112,NUV,200,0.03,5.6
Dividends,Data,20230201,20230112,NBB,200,0.07,14.4
Dividends,Data,20230201,20230123,BWG,500,0.09,45
Dividends,Data,20230206,20230201,VCSH,100,0.17,17.23
Dividends,Data,20230206,20230201,BND,100,0.18,17.6
Dividends,Data,20230207,20230201,LQD,10,0.34,3.42
Dividends,Data,20230207,20230201,TOTL,100,0.16,15.98
Dividends,Data,20230207,20230201,WIP,100,0.26,26.05
Dividends,Data,20230213,20230203,PFFD,30,0.10,3.15
Dividends,Data,20230224,20230221,PCY,500,0.10,50.99
Dividends,Data,20230228,20230214,BBN,500,0.10,51.45
Dividends,Data,20230301,20230217,BWG,500,0.09,45
Dividends,Data,20230301,20230210,PML,100,0.04,3.95
Dividends,Data,20230301,20230214,NBB,200,0.07,14.4
Dividends,Data,20230301,20230221,QYLD,300,0.17,50.2
Dividends,Data,20230301,20230221,RYLD,250,0.20,48.95
Dividends,Data,20230306,20230301,BND,100,0.16,16.42
Dividends,Data,20230306,20230301,VCSH,100,0.16,16.39
Dividends,Data,20230307,20230301,LQD,10,0.37,3.72
Dividends,Data,20230307,20230301,TOTL,100,0.15,15.22
Dividends,Data,20230307,20230301,WIP,100,0.14,14.08
Dividends,Data,20230313,20230303,PFFD,30,0.10,3.15
Dividends,Data,20230324,20230320,PCY,500,0.10,51.91
Dividends,Data,20230328,20230320,RYLD,250,0.18,44
Dividends,Data,20230328,20230320,QYLD,300,0.17,50.69
Dividends,Data,20230331,20230314,BBN,500,0.10,51.45
Dividends,Data,20230403,20230310,PML,100,0.04,3.95
Dividends,Data,20230403,20230314,NBB,200,0.07,14.4
Dividends,Data,20230403,20230323,BWG,500,0.08,40
Dividends,Data,20230414,20230405,SDIV,300,0.23,69
Dividends,Data,20230428,20230413,BBN,500,0.10,51.45
Dividends,Data,20230428,20230413,GBAB,300,0.13,37.72
Dividends,Data,20230428,20230413,BLW,600,0.10,58.86
Dividends,Data,20230501,20230413,EAD,1200,0.05,59.64
Dividends,Data,20230501,20230420,HIX,1500,0.05,73.5
Dividends,Data,20230501,20230420,GDO,600,0.10,60.6
Dividends,Data,20230502,20230424,RYLD,450,0.18,81.9
Dividends,Data,20230502,20230424,QYLD,500,0.17,86.51
Dividends,Data,20230505,20230501,SHV,57,0.40,22.66
Dividends,Data,20230511,20230503,SDIV,300,0.21,64.5
Dividends,Data,20230531,20230512,GBAB,300,0.13,37.72
Dividends,Data,20230531,20230522,QYLD,500,0.17,84.1
Dividends,Data,20230531,20230522,RYLD,450,0.16,72.45
Dividends,Data,20230531,20230512,BBN,500,0.10,51.45
Dividends,Data,20230531,20230512,BLW,600,0.10,58.86
Dividends,Data,20230601,20230522,HIX,1200,0.05,58.8
Dividends,Data,20230601,20230522,GDO,600,0.10,60.6
Dividends,Data,20230601,20230511,EAD,1200,0.05,58.72
Dividends,Data,20230607,20230601,SHV,57,0.48,27.46
Dividends,Data,20230613,20230605,SDIV,300,0.21,64.5
Dividends,Data,20230628,20230620,RYLD,450,0.18,82.3
Dividends,Data,20230630,20230614,BBN,500,0.09,46.45
Dividends,Data,20230630,20230614,GBAB,300,0.13,37.72
Dividends,Data,20230630,20230614,BLW,600,0.10,58.86
Dividends,Data,20230703,20230622,GDO,600,0.10,60.6
Dividends,Data,20230703,20230612,EAD,1200,0.05,58.01
Dividends,Data,20230703,20230622,HIX,1200,0.05,58.8
Dividends,Data,20230714,20230706,SDIV,300,0.21,64.5
Dividends,Data,20230731,20230713,BLW,600,0.10,58.86
Dividends,Data,20230731,20230713,GBAB,300,0.13,37.72
Dividends,Data,20230731,20230713,BBN,500,0.09,46.45
Dividends,Data,20230801,20230724,RYLD,450,0.18,80.87
Dividends,Data,20230801,20230713,EAD,1200,0.05,57.54
Dividends,Data,20230801,20230721,GDO,600,0.10,60.6
Dividends,Data,20230801,20230721,HIX,1200,0.05,58.8
Dividends,Data,20230811,20230803,SDIV,300,0.21,63
Dividends,Data,20230829,20230821,RYLD,450,0.17,78.35
Dividends,Data,20230831,20230814,GBAB,300,0.13,37.72
Dividends,Data,20230831,20230814,BBN,500,0.09,46.45
Dividends,Data,20230831,20230814,BLW,600,0.10,58.86
Dividends,Data,20230901,20230823,HIX,1200,0.05,58.8
Dividends,Data,20230901,20230823,GDO,600,0.10,60.6
Dividends,Data,20230901,20230811,EAD,1200,0.05,57.31
Dividends,Data,20230914,20230906,SDIV,300,0.21,63
Dividends,Data,20230926,20230918,RYLD,450,0.17,77.68
Dividends,Data,20230929,20230914,GBAB,300,0.13,37.72
Dividends,Data,20230929,20230914,BBN,500,0.09,46.45
Dividends,Data,20230929,20230914,BLW,600,0.10,58.86
Dividends,Data,20231002,20230921,HIX,1200,0.05,58.8
Dividends,Data,20231002,20230921,GDO,600,0.10,61.2
Dividends,Data,20231002,20230911,EAD,1200,0.05,57.23
Dividends,Data,20231013,20231004,SDIV,300,0.21,63
Dividends,Data,20231031,20231012,GBAB,300,0.13,37.72
Dividends,Data,20231031,20231023,RYLD,450,0.16,72.72
Dividends,Data,20231031,20231013,BLW,600,0.11,64.74
Dividends,Data,20231031,20231013,BBN,500,0.09,46.45
Dividends,Data,20231101,20231023,GDO,600,0.10,61.2
Dividends,Data,20231101,20231023,HIX,1200,0.05,58.8
Dividends,Data,20231101,20231012,EAD,1200,0.05,56.93
Dividends,Data,20231113,20231103,SDIV,300,0.21,63
Dividends,Data,20231129,20231120,RYLD,450,0.17,75.51
Dividends,Data,20231130,20231114,BBN,500,0.09,46.45
Dividends,Data,20231130,20231114,BLW,600,0.11,64.74
Dividends,Data,20231130,20231114,GBAB,600,0.13,75.44
Dividends,Data,20231201,20231121,HIX,1200,0.05,58.8
Dividends,Data,20231201,20231121,GDO,600,0.10,61.2
Dividends,Data,20231201,20231113,EAD,1200,0.05,56.86
Dividends,Data,20231207,20231201,TLT,100,0.29,28.89
Dividends,Data,20231213,20231205,SDIV,300,0.21,63
Dividends,Data,20231220,20231214,TLT,100,0.31,31.05
Dividends,Data,20231220,20231214,BBN,500,0.09,46.45
Dividends,Data,20231220,20231214,BLW,600,0.11,64.74
Dividends,Data,20231222,20231212,XP,70,0.73,51.1
Dividends,Data,20231229,20231214,GBAB,600,0.13,75.44
Dividends,Data,20231229,20231220,GDO,600,0.10,61.2
Dividends,Data,20231229,20231220,HIX,1200,0.05,58.8
Dividends,Data,20240102,20231211,EAD,1200,0.05,62.08
Dividends,Data,20240130,20240122,RYLD,450,0.17,74.43
Dividends,Data,20240131,20240111,BLW,600,0.11,64.74
Dividends,Data,20240131,20240111,GBAB,450,0.13,56.58
Dividends,Data,20240131,20240111,BBN,350,0.09,32.51
Dividends,Data,20240201,20240112,EAD,1200,0.05,61.98
Dividends,Data,20240201,20240123,GDO,600,0.10,61.2
Dividends,Data,20240201,20240123,HIX,600,0.05,29.4
Dividends,Data,20240207,20240201,TLT,100,0.31,31.01
Dividends,Data,20240213,20240205,SDIV,300,0.21,63
Dividends,Data,20240228,20240220,RYLD,450,0.16,73.44
Dividends,Data,20240229,20240214,BLW,600,0.11,64.74
Dividends,Data,20240229,20240214,GBAB,600,0.13,75.44
Dividends,Data,20240229,20240214,BBN,500,0.09,46.45
Dividends,Data,20240301,20240212,EAD,1200,0.05,62.04
Dividends,Data,20240301,20240221,HIX,900,0.05,44.1
Dividends,Data,20240301,20240221,GDO,600,0.10,61.2
Dividends,Data,20240307,20240301,TLT,100,0.30,29.52
Dividends,Data,20240313,20240305,SDIV,300,0.21,63
Dividends,Data,20240326,20240318,RYLD,450,0.17,75.33
Dividends,Data,20240328,20240314,BBN,500,0.09,46.45
Dividends,Data,20240328,20240314,BLW,600,0.11,64.74
Dividends,Data,20240329,20240314,GBAB,600,0.13,75.44
Dividends,Data,20240401,20240311,EAD,1200,0.05,62.05
Dividends,Data,20240401,20240320,GDO,600,0.10,61.2
Dividends,Data,20240401,20240320,HIX,900,0.05,44.1
Dividends,Data,20240405,20240401,TLT,100,0.31,31.24
Dividends,Data,20240411,20240403,SDIV,300,0.19,57
Dividends,Data,20240430,20240412,GBAB,600,0.13,75.44
Dividends,Data,20240430,20240422,RYLD,450,0.16,73.26
Dividends,Data,20240430,20240412,BLW,600,0.11,64.74
Dividends,Data,20240430,20240412,BBN,500,0.09,46.45
Dividends,Data,20240501,20240422,HIX,900,0.05,44.1
Dividends,Data,20240501,20240422,GDO,600,0.10,61.2
Dividends,Data,20240501,20240411,EAD,1200,0.05,62.09
Dividends,Data,20240507,20240501,TLT,100,0.31,30.77
Dividends,Data,20240513,20240503,SDIV,300,0.19,57
Dividends,Data,20240529,20240520,RYLD,450,0.17,74.43
Dividends,Data,20240531,20240514,BBN,500,0.09,46.45
Dividends,Data,20240531,20240514,GBAB,600,0.13,75.44
Dividends,Data,20240531,20240514,BLW,600,0.11,64.74
Dividends,Data,20240603,20240522,HIX,900,0.05,44.1
Dividends,Data,20240603,20240522,GDO,600,0.10,61.2
Dividends,Data,20240603,20240510,EAD,1200,0.05,62.3
Dividends,Data,20240607,20240603,SHV,100,0.47,47.23
Dividends,Data,20240607,20240603,TLT,100,0.31,30.83
Dividends,Data,20240607,20240603,SHY,245,0.26,64.22
Dividends,Data,20240612,20240605,SDIV,300,0.19,57
Dividends,Data,20240628,20240614,GBAB,600,0.13,75.44
Dividends,Data,20240628,20240614,BBN,800,0.09,74.32
Dividends,Data,20240628,20240614,BLW,600,0.11,64.74
Dividends,Data,20240701,20240621,HIX,2670,0.05,130.83
Dividends,Data,20240701,20240613,EAD,1200,0.05,62.36
Dividends,Data,20240701,20240624,RYLD,760,0.16,122.21
Dividends,Data,20240701,20240621,GDO,840,0.12,102.48
Dividends,Data,20240705,20240701,TLT,285,0.29,82.96
Dividends,Data,20240708,20240705,PYPY,250,0.43,108.1
Dividends,Data,20240711,20240703,SDIV,535,0.19,101.65
Dividends,Data,20240712,20240613,BABA,38,1.00,38
Dividends,Data,20240712,20240613,BABA,38,0.66,25.08
Dividends,Data,20240729,20240722,RYLD,760,0.16,121.98
Dividends,Data,20240731,20240715,GBAB,920,0.13,115.67
Dividends,Data,20240731,20240715,BBN,800,0.09,74.32
Dividends,Data,20240731,20240715,BLW,600,0.11,67.92
Dividends,Data,20240801,20240711,EAD,1200,0.05,62.52
Dividends,Data,20240801,20240724,GDO,1090,0.12,132.98
Dividends,Data,20240801,20240724,HIX,2670,0.05,130.83
Dividends,Data,20240806,20240801,TLT,285,0.31,89.73
Dividends,Data,20240808,20240807,PYPY,250,0.35,87.67
Dividends,Data,20240812,20240805,SDIV,535,0.19,101.65
Dividends,Data,20240826,20240819,QYLD,400,0.18,71.64
Dividends,Data,20240826,20240819,RYLD,760,0.16,122.21
Dividends,Data,20240830,20240815,BBN,800,0.09,74.32
Dividends,Data,20240830,20240815,GBAB,920,0.13,115.67
Dividends,Data,20240830,20240815,BLW,600,0.11,67.92
Dividends,Data,20240903,20240823,GDO,1090,0.12,132.98
Dividends,Data,20240903,20240823,HIX,2670,0.05,130.83
Dividends,Data,20240903,20240812,EAD,1200,0.05,62.65
Dividends,Data,20240906,20240903,TLT,285,0.31,89.14
Dividends,Data,20240909,20240906,PYPY,460,1.62,744.88
Dividends,Data,20240912,20240905,SDIV,535,0.19,101.65
Dividends,Data,20240930,20240913,GBAB,920,0.13,115.67
Dividends,Data,20240930,20240923,QYLD,400,0.18,72.28
Dividends,Data,20240930,20240923,RYLD,1100,0.16,177.87
Dividends,Data,20240930,20240916,BLW,600,0.11,67.92
Dividends,Data,20240930,20240916,BBN,800,0.09,74.32
Dividends,Data,20241004,20241001,TLT,285,0.32,89.99
Dividends,Data,20241010,20241003,SDIV,535,0.19,102.72
Dividends,Data,20241010,20240904,SLB,67,0.28,18.43
Dividends,Data,20241018,20241017,PYPY,460,1.10,507.93
Dividends,Data,20241028,20241021,RYLD,1100,0.17,182.05
Dividends,Data,20241028,20241021,QYLD,400,0.18,73.24
Dividends,Data,20241031,20241015,BBN,800,0.09,74.32
Dividends,Data,20241031,20241015,BLW,600,0.11,67.92
Dividends,Data,20241031,20241024,FAX,460,0.17,75.9
Dividends,Data,20241031,20241015,GBAB,920,0.13,115.67
Dividends,Data,20241031,20241015,BKT,1120,0.09,98.78
Dividends,Data,20241106,20241101,TLT,285,0.31,88.5
Dividends,Data,20241106,20241101,EMLC,300,0.13,39.78
Dividends,Data,20241107,20241104,LQDW,179,0.23,40.5
Dividends,Data,20241115,20241114,PYPY,460,0.59,270.48
Dividends,Data,20241125,20241118,RYLD,1100,0.17,182.38
Dividends,Data,20241129,20241121,FAX,1028,0.17,169.62
Dividends,Data,20241129,20241115,BBN,800,0.09,74.32
Dividends,Data,20241129,20241115,BKT,1120,0.09,98.78
Dividends,Data,20241129,20241115,GBAB,920,0.13,115.67
Dividends,Data,20241205,20241202,TLT,285,0.33,92.63
Dividends,Data,20241205,20241202,EMLC,300,0.13,38.31
Dividends,Data,20241206,20241203,LQDW,179,0.31,55.63
Dividends,Data,20241206,20241202,JAAA,200,0.28,56.2
Dividends,Data,20241206,20240930,TM,24,2.60,62.42
Dividends,Data,20241213,20241212,PYPY,460,0.60,276.46
Dividends,Data,20241223,20241218,TLT,285,0.35,100.04
Dividends,Data,20241223,20241216,BBN,800,0.09,74.32
Dividends,Data,20241223,20241216,BKT,1120,0.09,98.78
Dividends,Data,20241226,20241220,LQDW,179,0.53,94.85
Dividends,Data,20241227,20241217,STM,124,0.09,11.16
Dividends,Data,20241230,20241223,JAAA,200,0.26,51.07
Dividends,Data,20241230,20241223,JAAA,200,0.01,1.3
Dividends,Data,20241230,20241227,EMLC,300,0.13,39.33
Dividends,Data,20241231,20241213,GBAB,920,0.13,115.67
Dividends,Data,20250106,20250103,BABO,576,0.45,256.38
Dividends,Data,20250107,20241230,RYLD,1100,0.17,183.04
Dividends,Data,20250109,20241204,SLB,67,0.28,18.43
Dividends,Data,20250110,20241230,FAX,1028,0.17,169.62
Dividends,Data,20250128,20250121,RYLD,1100,0.17,185.02
Dividends,Data,20250131,20250115,AVK,1070,0.12,125.4
Dividends,Data,20250131,20250115,DSL,1090,0.11,119.9
Dividends,Data,20250131,20250130,BABO,576,0.47,270.32
Dividends,Data,20250131,20250115,BBN,800,0.09,74.32
Dividends,Data,20250131,20250124,FAX,1028,0.17,169.62
Dividends,Data,20250203,20250124,GDO,1090,0.12,132.98
Dividends,Data,20250207,20250204,LQDW,179,0.43,77.58
Dividends,Data,20250207,20250203,EMLC,300,0.12,36.18
Dividends,Data,20250207,20250203,JAAA,200,0.21,41.18
Dividends,Data,20250228,20250214,BCAT,1112,0.29,320.5
Dividends,Data,20250228,20250221,FAX,1028,0.17,169.62
Dividends,Data,20250228,20250214,AVK,1070,0.12,125.4
Dividends,Data,20250228,20250224,KBWD,640,0.15,93.61
Dividends,Data,20250228,20250219,DSL,1090,0.11,119.9
Dividends,Data,20250228,20250214,BBN,800,0.09,74.32
Dividends,Data,20250303,20250221,WDI,820,0.15,121.77
Dividends,Data,20250303,20250224,RYLD,1100,0.16,178.97
Dividends,Data,20250307,20250304,LQDW,179,0.26,46.53
Dividends,Data,20250307,20250306,PYPY,800,0.38,301.84
Dividends,Data,20250328,20250324,KBWD,640,0.14,91.05
Dividends,Data,20250331,20250314,BBN,800,0.09,74.32
Dividends,Data,20250331,20250325,FAX,1028,0.17,169.62
Dividends,Data,20250331,20250314,AVK,1070,0.12,125.4
Dividends,Data,20250331,20250314,BCAT,1112,0.29,319.4
Dividends,Data,20250331,20250314,ECAT,753,0.31,230.63
Dividends,Data,20250331,20250324,RYLD,1100,0.15,169.07
Dividends,Data,20250331,20250319,DSL,1090,0.11,119.9
Dividends,Data,20250401,20250324,WDI,820,0.15,121.77
Dividends,Data,20250401,20250325,STM,124,0.09,11.16
Dividends,Data,20250404,20250403,PYPY,800,0.35,281.68
Dividends,Data,20250407,20250402,LQDW,179,0.27,49.21
Dividends,Data,20250425,20250421,KBWD,640,0.14,89.63
Dividends,Data,20250428,20250421,RYLD,1100,0.14,157.41
Dividends,Data,20250428,20250421,QYLD,2008,0.16,320.88
Dividends,Data,20250430,20250415,BCAT,1112,0.28,316.64
Dividends,Data,20250430,20250423,FAX,1028,0.17,169.62
Dividends,Data,20250430,20250415,AVK,1070,0.12,125.4
Dividends,Data,20250430,20250415,ECAT,753,0.30,228.6
Dividends,Data,20250501,20250423,WDI,820,0.15,121.77
Dividends,Data,20250502,20250501,PYPY,800,0.55,441.52
Dividends,Data,20250523,20250519,KBWD,640,0.15,94.57
Dividends,Data,20250527,20250519,QYLD,2008,0.17,331.32
Dividends,Data,20250527,20250519,RYLD,1100,0.15,162.91
Dividends,Data,20250530,20250515,AVK,1070,0.12,125.4
Dividends,Data,20250530,20250515,ECAT,753,0.30,225.73
Dividends,Data,20250530,20250515,BCAT,1112,0.28,312.83
Dividends,Data,20250530,20250529,PYPY,800,0.55,440.56
Dividends,Data,20250530,20250522,FAX,1028,0.17,169.62
Dividends,Data,20250602,20250522,WDI,820,0.15,121.77
Dividends,Data,20250627,20250623,KBWD,640,0.15,94.41
Dividends,Data,20250627,20250626,PYPY,800,0.33,263.76
Dividends,Data,20250630,20250613,ECAT,753,0.30,223.35
Dividends,Data,20250630,20250623,RYLD,1100,0.15,163.35
Dividends,Data,20250630,20250623,QYLD,2008,0.17,332.73
Dividends,Data,20250630,20250623,FAX,1028,0.17,169.62
Dividends,Data,20250630,20250613,BCAT,1112,0.28,309.36
Dividends,Data,20250630,20250613,AVK,1070,0.12,125.4
Dividends,Data,20250701,20250623,WDI,820,0.15,121.77
Dividends,Data,20250701,20250624,STM,124,0.09,11.16
Dividends,Data,20250708,20250702,TLTW,1650,0.31,517.57
Dividends,Data,20250725,20250724,PYPY,800,0.27,218.48
Dividends,Data,20250725,20250721,KBWD,640,0.15,94.24
Dividends,Data,20250728,20250721,RYLD,1280,0.15,191.74
Dividends,Data,20250731,20250715,AVK,1070,0.12,125.4
Dividends,Data,20250731,20250715,BCAT,1112,0.28,306.33
Dividends,Data,20250731,20250715,ECAT,753,0.29,221.12
Dividends,Data,20250731,20250724,FAX,1028,0.17,169.62
Dividends,Data,20250801,20250724,WDI,820,0.15,121.77
Dividends,Data,20250807,20250804,TLTW,1650,0.23,381.3
Dividends,Data,20250822,20250818,KBWD,640,0.15,94.11
Dividends,Data,20250825,20250818,RYLD,1280,0.15,192.77
Dividends,Data,20250829,20250815,BCAT,1112,0.27,302.85
Dividends,Data,20250829,20250815,AVK,1070,0.12,125.4
Dividends,Data,20250829,20250815,ECAT,753,0.29,218.5
Dividends,Data,20250908,20250903,TLTW,370,0.22,80.78
Dividends,Data,20250926,20250922,KBWD,640,0.15,94.43
Dividends,Data,20250929,20250922,RYLD,1245,0.15,188.87
Dividends,Data,20251007,20251002,TLTW,370,0.14,53.47
Dividends,Data,20251024,20251020,KBWD,640,0.15,94.37
Dividends,Data,20251027,20251020,RYLD,1245,0.15,189.86
Dividends,Data,20251107,20251104,TLTW,370,0.38,139.96
Dividends,Data,20251128,20251124,KBWD,640,0.15,94.5
Dividends,Data,20251202,20251124,RYLD,1245,0.15,188.99
Dividends,Data,20251205,20251202,TLTW,370,0.19,69.4
Dividends,Data,20251226,20251222,KBWD,640,0.15,94.59
Dividends,Data,20251229,20251223,TLTW,370,0.19,69.16
Dividends,Data,20251230,20251222,RYLD,1245,0.16,193.1
Dividends,Data,20260123,20260120,KBWD,640,0.15,94.62
Dividends,Data,20260123,20260120,RYLD,1245,0.16,195.84
Interest Details,MetaInfo,Analysis Period,"May 3, 2022 - January 27, 2026"
Interest Details,Header,Date,Description,Amount
Interest Details,Data,20220506,Accrued Interest Paid CCL 6.65 01/15/28,-127.46
Interest Details,Data,20220506,Accrued Interest Paid DIS 3.8 03/22/30,-30.4
Interest Details,Data,20220506,Accrued Interest Paid CCL 7 5/8 03/01/26,-87.69
Interest Details,Data,20220506,Accrued Interest Paid DIS 3.8 03/22/30,-10.13
Interest Details,Data,20220509,Accrued Interest Paid C 4 1/8 07/25/28,-60.73
Interest Details,Data,20220509,Accrued Interest Paid BA 5.04 05/01/27,-14
Interest Details,Data,20220517,Accrued Interest Paid C 4 1/8 07/25/28,-65.31
Interest Details,Data,20220603,USD Credit Interest Received for May 2022,13.35
Interest Details,Data,20220629,Accrued Interest Received CCL 6.65 01/15/28,153.32
Interest Details,Data,20220629,Accrued Interest Received CCL 6.65 01/15/28,30.66
Interest Details,Data,20220706,USD Credit Interest Received for June 2022,8.86
Interest Details,Data,20220725,Bond Coupon Payment C 4 1/8 07/25/28,206.25
Interest Details,Data,20220801,Accrued Interest Received CCL 7 5/8 03/01/26,193.17
Interest Details,Data,20220803,USD Credit Interest Received for July 2022,9.07
Interest Details,Data,20220906,USD Credit Interest Received for August 2022,10.16
Interest Details,Data,20220922,Bond Coupon Payment DIS 3.8 03/22/30,152
Interest Details,Data,20221101,Bond Coupon Payment BA 5.04 05/01/27,252
Interest Details,Data,20230105,USD Credit Interest Received for December 2022,6.95
Interest Details,Data,20230125,Bond Coupon Payment C 4 1/8 07/25/28,206.25
Interest Details,Data,20230203,USD Credit Interest Received for January 2023,4.72
Interest Details,Data,20230303,USD Credit Interest Received for February 2023,3.59
Interest Details,Data,20230322,Bond Coupon Payment DIS 3.8 03/22/30,152
Interest Details,Data,20230405,USD Credit Interest Received for March 2023,28.83
Interest Details,Data,20230501,Bond Coupon Payment BA 5.04 05/01/27,252
Interest Details,Data,20230503,USD Credit Interest Received for April 2023,5.41
Interest Details,Data,20230706,USD Credit Interest Received for June 2023,0.36
Interest Details,Data,20230725,Bond Coupon Payment C 4 1/8 07/25/28,206.25
Interest Details,Data,20230803,USD Credit Interest Received for July 2023,16.43
Interest Details,Data,20230922,Bond Coupon Payment DIS 3.8 03/22/30,152
Interest Details,Data,20231101,Bond Coupon Payment BA 5.04 05/01/27,252
Interest Details,Data,20240125,Bond Coupon Payment C 4 1/8 07/25/28,206.25
Interest Details,Data,20240322,Bond Coupon Payment DIS 3.8 03/22/30,152
Interest Details,Data,20240501,Bond Coupon Payment BA 5.04 05/01/27,252
Interest Details,Data,20240614,Accrued Interest Received DIS 3.8 03/22/30,71.78
Interest Details,Data,20240614,Accrued Interest Received BA 5.04 05/01/27,64.4
Interest Details,Data,20240614,Accrued Interest Received C 4 1/8 07/25/28,32.54
Interest Details,Data,20240614,Accrued Interest Received C 4 1/8 07/25/28,81.35
Interest Details,Data,20240725,Bond Coupon Payment C 4 1/8 07/25/28,61.88
Interest Details,Data,20241101,Accrued Interest Received C 4 1/8 07/25/28,34.03
Notes and Disclosure,Header,Type,Note
Notes and Disclosure,Data,General,"1. The Net Asset Value (NAV) consists of all positions by financial instrument (stock, securities options, warrants, bonds, cash, etc.). All non-base currency amounts are converted to the base currency at the close of period rate."
Notes and Disclosure,Data,General,2. The gain or loss from future contracts settle into cash each night. The notional value is used when computing the contribution to return.
Notes and Disclosure,Data,General,"3. Dividend accruals, interest accruals, and insured deposits are included in cash amounts throughout the report."
Notes and Disclosure,Data,General,4. Price valuations are obtained from outside parties. Clearing Broker shall have no responsibility for the accuracy or timeliness of any such price valuation.
Notes and Disclosure,Data,General,5. Data from Thomson Reuters Business Classifications and Lipper Global is used to derive our sector classifications. Funds with assorted sector allocations are classified as Broad.
Notes and Disclosure,Data,General,"6. Amounts are formatted to two decimal places. If amounts are greater than two decimal places, Clearing Broker uses "half-even" rounding. This means that Clearing Broker rounds such amounts up to the nearest even number."
Notes and Disclosure,Data,General,"7. For accounts opened and funded before 2009, reports with a time period of Since Inception will only include data going back to January 1, 2009. This includes some default reports and both Historical Performance reports."
Notes and Disclosure,Data,General,"8. If you have elected to trade cryptocurrency/digital asset products at Crypto Provider through the Clearing Broker platform, for your convenience your positions in your linked account at Crypto Provider are reflected in PortfolioAnalyst in connection with your Clearing Broker account."
Notes and Disclosure,Data,Section,1. Account Overview: The deposit/withdrawal amount displayed includes internal transfers along with cash and position transfers.
Notes and Disclosure,Data,Section,2. Projected Income: The Estimated Annual Income and Estimated Remaining Income in the Projected Income report assume dividend and bond payments remain constant throughout the year. These positions and interest rates are based on the previous business day.
Notes and Disclosure,Data,Section,"3. Risk Measures: Historical US 3 Month Treasury Bill rates are used as the risk free rates when calculating Alpha, the Sharpe ratio, the Sortino ratio, and the downside deviation."
Notes and Disclosure,Data,Disclosure,"This portfolio report was generated using Clearing Broker's PortfolioAnalyst tool, which allows Clearing Broker clients to generate analyses of their accounts using market data provided by third parties along with trade and account data contained in Clearing Broker's systems. This report is for information purposes only and is provided AS IS. Clearing Broker makes no warranty of any kind, express or implied, as to this report and its contents. The data provided for use in the PortfolioAnalyst tool is believed to be accurate, but completeness and accuracy of the information is not guaranteed, and Clearing Broker has no liability with respect thereto. The data regarding accounts held outside of Clearing Broker is obtained either directly from your input or from the financial institutions holding those accounts through a third-party service provider and Clearing Broker has NOT reviewed its accuracy.

The material in this report is intended only as a reference and should not be relied upon for the maintenance of your books and records for tax, accounting, financial, or regulatory reporting or for any other purposes. This report is not an offer or a solicitation of an offer to buy or sell any security. This material does not, and is not intended to, take into account the particular financial conditions, investment objectives, or requirements of individual customers. Before acting on any material within this report, you should consider whether it is suitable for your particular circumstances and as necessary, seek professional advice."
