Introduction,Header,Name,Account,Alias,BaseCurrency,AccountType,AnalysisPeriod,PerformanceMeasure
Introduction,Data,OLGA C URBINA DE MARINO and HENRY J MARINO URBINA,U14700702,,USD,Joint (Broker Client),"June 21, 2024 to January 27, 2026 (Daily)",TWR
Key Statistics,MetaInfo,Analysis Period,"June 21, 2024 - January 27, 2026"
Key Statistics,Header,BeginningNAV,EndingNAV,CumulativeReturn,5DayReturn,5DayReturnDateRange,10DayReturn,10DayReturnDateRange,BestReturn,BestReturnDate,WorstReturn,WorstReturnDate,MTM,Deposits & Withdrawals,Dividends,Interest,Fees & Commissions,Other,ChangeInNAV
Key Statistics,Data,0,22447.753942,28.537160163,1.786543919,20260121 - 20260127,0.717883015,20260114 - 20260127,6.212662432,20250409,-5.67056384,20250718,5253.782,17464.02,700.91,0,-927.65806,-43.299998,22447.753942
Historical Performance,MetaInfo,Analysis Period,"June 21, 2024 - January 27, 2026"
Historical Performance,Header,Account,MTD,QTD,YTD,1 Year,Since Inception
Historical Performance,Data,U14700702,4.523939017,4.523939017,4.523939017,17.391609605,28.537160145
Historical Performance,Header,Month,Account,AccountReturn
Historical Performance,Data,202501,U14700702,2.037398287
Historical Performance,Data,202502,U14700702,0.142142847
Historical Performance,Data,202503,U14700702,1.864279551
Historical Performance,Data,202504,U14700702,-4.486250434
Historical Performance,Data,202505,U14700702,9.072216292
Historical Performance,Data,202506,U14700702,2.667500515
Historical Performance,Data,202507,U14700702,-4.897279026
Historical Performance,Data,202508,U14700702,4.85340235
Historical Performance,Data,202509,U14700702,-0.153225865
Historical Performance,Data,202510,U14700702,1.202622552
Historical Performance,Data,202511,U14700702,0.930364571
Historical Performance,Data,202512,U14700702,0.689100877
Historical Performance,Data,202401,U14700702,-
Historical Performance,Data,202402,U14700702,-
Historical Performance,Data,202403,U14700702,-
Historical Performance,Data,202404,U14700702,-
Historical Performance,Data,202405,U14700702,-
Historical Performance,Data,202406,U14700702,-
Historical Performance,Data,202407,U14700702,6.281577784
Historical Performance,Data,202408,U14700702,4.2843353
Historical Performance,Data,202409,U14700702,2.153556024
Historical Performance,Data,202410,U14700702,-0.439984002
Historical Performance,Data,202411,U14700702,-1.729475772
Historical Performance,Data,202412,U14700702,0.244673404
Historical Performance,Header,Quarter,Account,AccountReturn
Historical Performance,Data,2025 Q1,U14700702,4.087403431
Historical Performance,Data,2025 Q2,U14700702,6.957937904
Historical Performance,Data,2025 Q3,U14700702,-0.434355771
Historical Performance,Data,2025 Q4,U14700702,2.848052309
Historical Performance,Data,2024 Q1,U14700702,-
Historical Performance,Data,2024 Q2,U14700702,-
Historical Performance,Data,2024 Q3,U14700702,13.221931553
Historical Performance,Data,2024 Q4,U14700702,-1.922466426
Historical Performance,Header,Year,Account,AccountReturn
Historical Performance,Data,YTD,U14700702,4.523939017
Historical Performance,Data,2025,U14700702,14.003130169
Open Position Summary,MetaInfo,As Of,"January 27, 2026"
Open Position Summary,Header,Date,FinancialInstrument,Currency,Symbol,Description,Sector,Quantity,ClosePrice,Value,Cost Basis,UnrealizedP&L,FXRateToBase
Open Position Summary,Data,01/27/2026,Stocks,USD,HRL,HORMEL FOODS CORP,Consumer Non-Cyc,200,25.2,5040,5151.804915,-111.804915,1
Open Position Summary,Data,01/27/2026,Stocks,USD,JD,JD.COM INC-ADR,Consumer Cyclicals,100,29.5,2950,2983.522457,-33.522457,1
Open Position Summary,Data,01/27/2026,Stocks,USD,STLA,STELLANTIS NV,Consumer Cyclicals,400,9.75,3900,5532.500229,-1632.500229,1
Open Position Summary,Data,Total,Stocks,USD,,,,,,11890,13667.827601,-1777.827601
Open Position Summary,Data,01/27/2026,Cash,USD,USD,United States Dollar,Cash,10557.753942,1,10557.753942, , ,1
Performance by Symbol,MetaInfo,Analysis Period,"June 21, 2024 - January 27, 2026"
Performance by Symbol,Header,Symbol,Description,FinancialInstrument,Sector,AvgWeight,Return,Contribution,Unrealized_P&L,Realized_P&L,Open
Performance by Symbol,Data,TMF,DRX DLY 20+ YR TREAS BULL 3X,ETFs,Broad,29.291896633,-0.996548383,-0.316115238,0.00,-86.04,No
Performance by Symbol,Data,Total ETFs,,,,29.291896633,-0.996548383,-0.316115238,0.00,-86.04,
Performance by Symbol,Data,AHCO,ADAPTHEALTH CORP,Stocks,Healthcare,8.178730383,23.620728543,2.518020465,0.00,501.16,No
Performance by Symbol,Data,CVS,CVS HEALTH CORP,Stocks,Healthcare,30.616617348,6.17413663,1.89078625,0.00,356.40,No
Performance by Symbol,Data,EBR,CENTRAIS ELETRICAS BR-SP ADR,Stocks,Utilities,22.321025044,9.584910564,2.1479287,0.00,306.61,No
Performance by Symbol,Data,GBAB,GUGGENHEIM TAXABLE MUNICIPAL,Stocks,Broad,68.080397189,11.311234353,7.96349324,0.00,"1,308.91",No
Performance by Symbol,Data,HBM,HUDBAY MINERALS INC,Stocks,Basic Materials,11.074571283,7.775796186,0.902212224,0.00,174.67,No
Performance by Symbol,Data,HRL,HORMEL FOODS CORP,Stocks,Consumer Non-Cyc,22.262104043,-0.476741673,-0.155669512,-111.80,0.00,Yes
Performance by Symbol,Data,INTC,INTEL CORP,Stocks,Technology,21.629437097,7.525835692,1.616070008,0.00,305.78,No
Performance by Symbol,Data,JD,JD.COM INC-ADR,Stocks,Consumer Cyclicals,13.474989767,-1.190621413,-0.143713186,-33.52,0.00,Yes
Performance by Symbol,Data,NKE,NIKE INC -CL B,Stocks,Consumer Cyclicals,30.609562685,13.933539687,4.163190667,0.00,762.98,No
Performance by Symbol,Data,SRPT,SAREPTA THERAPEUTICS INC,Stocks,Healthcare,19.688765328,19.692090314,3.701853811,0.00,772.69,No
Performance by Symbol,Data,STLA,STELLANTIS NV,Stocks,Consumer Cyclicals,22.440345087,-24.460008353,-6.362092545,"-1,632.50",0.00,Yes
Performance by Symbol,Data,UUUU,ENERGY FUELS INC,Stocks,Energy,14.264287429,16.11524853,2.39134968,0.00,543.57,No
Performance by Symbol,Data,VSAT,VIASAT INC,Stocks,Technology,19.671110066,7.000970008,1.576361326,0.00,290.96,No
Performance by Symbol,Data,XYZ,BLOCK INC,Stocks,Industrials,19.573048503,21.267042144,4.430208917,0.00,866.27,No
Performance by Symbol,Data,Total Stocks,,,,53.714212292,25.722623452,28.25246562,"-1,777.83","6,190.01",
Performance by Symbol,Data,USD,United States Dollar,Cash,Cash,45.141267354,-13.133829834,0.595304665,,,Yes
Performance by Symbol,Data,Total Cash,,,,45.141267354,-13.133829834,0.595304665,,,
Performance by Symbol,Data,Total,,,,100,28.537160163,28.537160163,"-1,777.83","6,103.96",
Projected Income,MetaInfo,As Of,"January 27, 2026"
Projected Income,Header,Financial Instrument,Symbol,Description,Frequency,Quantity,Price,Value,Current Yield %,Principal,Estimated Annual Income,Estimated 2026 Remaining Income
Projected Income,Data,Stocks,HRL,Ordinary Dividend,4,200,25.2,5040,4.642857143,-,234,175.5
Projected Income,Data,Stocks,JD,Ordinary Dividend,1,100,29.5,2950,3.389830508,-,100,100
Projected Income,Data,Stocks,STLA,Ordinary Dividend,1,400,9.75,3900,7.934698057,-,309.45322421,309.45322421
Projected Income,Data,,Total,,,,,11890,5.411717613,,643.45322421,584.95322421
Trade Summary,MetaInfo,Analysis Period,"June 21, 2024 - January 27, 2026"
Trade Summary,Header,Financial Instrument,Currency,Symbol,Description,Sector,Quantity Bought,Average Price Bought,Proceeds Bought,Proceeds Bought in Base,Quantity Sold,Average Price Sold,Proceeds Sold,Proceeds Sold in Base
Trade Summary,Data,ETFs,United States Dollar,TMF,DRX DLY 20+ YR TREAS BULL 3X,Broad,0,0,0,0,-100,52.0212,5202.12,5202.12
Trade Summary,Data,Stocks,United States Dollar,AHCO,ADAPTHEALTH CORP,Healthcare,450,8.600733333,-3870.33,-3870.33,-450,9.977111111,4489.7,4489.7
Trade Summary,Data,Stocks,United States Dollar,CVS,CVS HEALTH CORP,Healthcare,100,57.505,-5750.5,-5750.5,-100,61.51,6151,6151
Trade Summary,Data,Stocks,United States Dollar,EBR,CENTRAIS ELETRICAS BR-SP ADR,Utilities,700,6.199128571,-4339.39,-4339.39,-700,6.735,4714.5,4714.5
Trade Summary,Data,Stocks,United States Dollar,GBAB,GUGGENHEIM TAXABLE MUNICIPAL,Broad,0,0,0,0,-760,17.819210526,13542.6,13542.6
Trade Summary,Data,Stocks,United States Dollar,HBM,HUDBAY MINERALS INC,Basic Materials,300,7.4,-2220,-2220,-300,8.16,2448,2448
Trade Summary,Data,Stocks,United States Dollar,HRL,HORMEL FOODS CORP,Consumer Non-Cyc,200,25.64,-5128,-5128,0,0,0,0
Trade Summary,Data,Stocks,United States Dollar,INTC,INTEL CORP,Technology,200,20.195,-4039,-4039,-200,21.965,4393,4393
Trade Summary,Data,Stocks,United States Dollar,JD,JD.COM INC-ADR,Consumer Cyclicals,100,29.615,-2961.5,-2961.5,0,0,0,0
Trade Summary,Data,Stocks,United States Dollar,NKE,NIKE INC -CL B,Consumer Cyclicals,100,54.538,-5453.8,-5453.8,-100,62.61,6261,6261
Trade Summary,Data,Stocks,United States Dollar,SRPT,SAREPTA THERAPEUTICS INC,Healthcare,650,19.223076923,-12495,-12495,-650,20.636,13413.4,13413.4
Trade Summary,Data,Stocks,United States Dollar,STLA,STELLANTIS NV,Consumer Cyclicals,400,13.76,-5504,-5504,0,0,0,0
Trade Summary,Data,Stocks,United States Dollar,UUUU,ENERGY FUELS INC,Energy,200,16.745,-3349,-3349,-200,19.8025,3960.5,3960.5
Trade Summary,Data,Stocks,United States Dollar,VSAT,VIASAT INC,Technology,900,8.912222222,-8021,-8021,-900,9.366666667,8430,8430
Trade Summary,Data,Stocks,United States Dollar,XYZ,BLOCK INC,Industrials,160,53.8322375,-8613.158,-8613.158,-160,59.7915,9566.64,9566.64
Deposits And Withdrawals,MetaInfo,Analysis Period,"June 21, 2024 - January 27, 2026"
Deposits And Withdrawals,Header,Date,Type,Description,Amount
Deposits And Withdrawals,Data,06/21/24,ACATIN,Guggenheim Taxable Municipal (GBAB) Quantity: 760,12198
Deposits And Withdrawals,Data,06/21/24,ACATIN,Drx Dly 20+ Yr Treas Bull 3x (TMF) Quantity: 100,5266
Deposits And Withdrawals,Data,12/19/24,NA,Adjustment: Commission (consolidated Audit Trail Fee Refund) ,0.02
Dividends,MetaInfo,Analysis Period,"June 21, 2024 - January 27, 2026"
Dividends,Header,PayDate,Ex-Date,Symbol,Quantity,DividendPerShare,Amount
Dividends,Data,20240702,20240625,TMF,100,0.43,43.5
Dividends,Data,20240731,20240715,GBAB,760,0.13,95.55
Dividends,Data,20240830,20240815,GBAB,760,0.13,95.55
Dividends,Data,20250121,20241230,EBR,700,0.14,98.85
Dividends,Data,20250505,20250423,STLA,400,0.77,309.46
Dividends,Data,20251117,20251014,HRL,200,0.29,58
Notes and Disclosure,Header,Type,Note
Notes and Disclosure,Data,General,"1. The Net Asset Value (NAV) consists of all positions by financial instrument (stock, securities options, warrants, bonds, cash, etc.). All non-base currency amounts are converted to the base currency at the close of period rate."
Notes and Disclosure,Data,General,2. The gain or loss from future contracts settle into cash each night. The notional value is used when computing the contribution to return.
Notes and Disclosure,Data,General,"3. Dividend accruals, interest accruals, and insured deposits are included in cash amounts throughout the report."
Notes and Disclosure,Data,General,4. Price valuations are obtained from outside parties. Clearing Broker shall have no responsibility for the accuracy or timeliness of any such price valuation.
Notes and Disclosure,Data,General,5. Data from Thomson Reuters Business Classifications and Lipper Global is used to derive our sector classifications. Funds with assorted sector allocations are classified as Broad.
Notes and Disclosure,Data,General,"6. Amounts are formatted to two decimal places. If amounts are greater than two decimal places, Clearing Broker uses "half-even" rounding. This means that Clearing Broker rounds such amounts up to the nearest even number."
Notes and Disclosure,Data,General,"7. For accounts opened and funded before 2009, reports with a time period of Since Inception will only include data going back to January 1, 2009. This includes some default reports and both Historical Performance reports."
Notes and Disclosure,Data,General,"8. If you have elected to trade cryptocurrency/digital asset products at Crypto Provider through the Clearing Broker platform, for your convenience your positions in your linked account at Crypto Provider are reflected in PortfolioAnalyst in connection with your Clearing Broker account."
Notes and Disclosure,Data,Section,1. Account Overview: The deposit/withdrawal amount displayed includes internal transfers along with cash and position transfers.
Notes and Disclosure,Data,Section,2. Projected Income: The Estimated Annual Income and Estimated Remaining Income in the Projected Income report assume dividend and bond payments remain constant throughout the year. These positions and interest rates are based on the previous business day.
Notes and Disclosure,Data,Section,"3. Risk Measures: Historical US 3 Month Treasury Bill rates are used as the risk free rates when calculating Alpha, the Sharpe ratio, the Sortino ratio, and the downside deviation."
Notes and Disclosure,Data,Disclosure,"This portfolio report was generated using Clearing Broker's PortfolioAnalyst tool, which allows Clearing Broker clients to generate analyses of their accounts using market data provided by third parties along with trade and account data contained in Clearing Broker's systems. This report is for information purposes only and is provided AS IS. Clearing Broker makes no warranty of any kind, express or implied, as to this report and its contents. The data provided for use in the PortfolioAnalyst tool is believed to be accurate, but completeness and accuracy of the information is not guaranteed, and Clearing Broker has no liability with respect thereto. The data regarding accounts held outside of Clearing Broker is obtained either directly from your input or from the financial institutions holding those accounts through a third-party service provider and Clearing Broker has NOT reviewed its accuracy.

The material in this report is intended only as a reference and should not be relied upon for the maintenance of your books and records for tax, accounting, financial, or regulatory reporting or for any other purposes. This report is not an offer or a solicitation of an offer to buy or sell any security. This material does not, and is not intended to, take into account the particular financial conditions, investment objectives, or requirements of individual customers. Before acting on any material within this report, you should consider whether it is suitable for your particular circumstances and as necessary, seek professional advice."
