Introduction,Header,Name,Account,Alias,BaseCurrency,AccountType,AnalysisPeriod,PerformanceMeasure
Introduction,Data,Oscar M Gonzales Anglas,U13442675,,USD,Individual (Broker Client),"December 4, 2023 to January 27, 2026 (Daily)",TWR
Key Statistics,MetaInfo,Analysis Period,"December 4, 2023 - January 27, 2026"
Key Statistics,Header,BeginningNAV,EndingNAV,CumulativeReturn,5DayReturn,5DayReturnDateRange,10DayReturn,10DayReturnDateRange,BestReturn,BestReturnDate,WorstReturn,WorstReturnDate,MTM,Deposits & Withdrawals,Dividends,Interest,Fees & Commissions,Other,ChangeInNAV
Key Statistics,Data,0,12.869056,24.674177756,0,20260121 - 20260127,0,20260114 - 20260127,11.693004447,20250409,-6.100183366,20240802,2684.7842,-1966,96.42,-1.61,-779.355137,-21.370007,12.869056
Historical Performance,MetaInfo,Analysis Period,"December 4, 2023 - January 27, 2026"
Historical Performance,Header,Account,MTD,QTD,YTD,1 Year,Since Inception
Historical Performance,Data,U13442675,0,0,0,17.686855572,24.674177732
Historical Performance,Header,Month,Account,AccountReturn
Historical Performance,Data,202501,U13442675,-1.672983135
Historical Performance,Data,202502,U13442675,7.492032518
Historical Performance,Data,202503,U13442675,4.423893859
Historical Performance,Data,202504,U13442675,-2.392641658
Historical Performance,Data,202505,U13442675,6.753510912
Historical Performance,Data,202506,U13442675,1.835789606
Historical Performance,Data,202507,U13442675,0
Historical Performance,Data,202508,U13442675,0
Historical Performance,Data,202509,U13442675,0
Historical Performance,Data,202510,U13442675,0
Historical Performance,Data,202511,U13442675,0
Historical Performance,Data,202512,U13442675,0
Historical Performance,Data,202401,U13442675,-5.635111384
Historical Performance,Data,202402,U13442675,6.36742802
Historical Performance,Data,202403,U13442675,1.968787703
Historical Performance,Data,202404,U13442675,-4.032301512
Historical Performance,Data,202405,U13442675,0.007022021
Historical Performance,Data,202406,U13442675,-2.272552585
Historical Performance,Data,202407,U13442675,5.056680576
Historical Performance,Data,202408,U13442675,-2.24455666
Historical Performance,Data,202409,U13442675,0.16116286
Historical Performance,Data,202410,U13442675,-1.487537093
Historical Performance,Data,202411,U13442675,7.61011308
Historical Performance,Data,202412,U13442675,2.277813861
Historical Performance,Header,Quarter,Account,AccountReturn
Historical Performance,Data,2025 Q1,U13442675,10.369486441
Historical Performance,Data,2025 Q2,U13442675,6.112161525
Historical Performance,Data,2025 Q3,U13442675,0
Historical Performance,Data,2025 Q4,U13442675,0
Historical Performance,Data,2024 Q1,U13442675,2.349646198
Historical Performance,Data,2024 Q2,U13442675,-6.206632197
Historical Performance,Data,2024 Q3,U13442675,2.864135894
Historical Performance,Data,2024 Q4,U13442675,8.424068918
Historical Performance,Header,Year,Account,AccountReturn
Historical Performance,Data,YTD,U13442675,0
Historical Performance,Data,2025,U13442675,17.115447726
Historical Performance,Data,2024,U13442675,7.065157315
Open Position Summary,MetaInfo,As Of,"January 27, 2026"
Open Position Summary,Header,Date,FinancialInstrument,Currency,Symbol,Description,Sector,Quantity,ClosePrice,Value,Cost Basis,UnrealizedP&L,FXRateToBase
Open Position Summary,Data,01/27/2026,Cash,USD,USD,United States Dollar,Cash,12.869056,1,12.869056, , ,1
Performance by Symbol,MetaInfo,Analysis Period,"December 4, 2023 - January 27, 2026"
Performance by Symbol,Header,Symbol,Description,FinancialInstrument,Sector,AvgWeight,Return,Contribution,Unrealized_P&L,Realized_P&L,Open
Performance by Symbol,Data,KWEB,KRANESH CSI CHINA INTERNET,ETFs,Technology,19.355445912,-4.576945336,-0.856203011,0.00,-68.79,No
Performance by Symbol,Data,Total ETFs,,,,19.355445912,-4.576945336,-0.856203011,0.00,-68.79,
Performance by Symbol,Data,ABEV,AMBEV SA-ADR,Stocks,Consumer Non-Cyc,5.560145995,7.105242841,0.280738938,0.00,-0.13,No
Performance by Symbol,Data,AMZN,AMAZON.COM INC,Stocks,Consumer Cyclicals,16.597487852,7.452681606,1.438790392,0.00,102.45,No
Performance by Symbol,Data,BA,BOEING CO/THE,Stocks,Industrials,31.27860846,-2.257093587,-0.906541075,0.00,-64.23,No
Performance by Symbol,Data,BMY,BRISTOL-MYERS SQUIBB CO,Stocks,Healthcare,32.730822336,-5.115247057,-1.6984304,0.00,-153.64,No
Performance by Symbol,Data,CELH,CELSIUS HOLDINGS INC,Stocks,Consumer Non-Cyc,18.926054656,45.962804508,7.419415367,0.00,698.49,No
Performance by Symbol,Data,DIS,WALT DISNEY CO/THE,Stocks,Telecomm,14.948141783,16.992647165,2.9305178,0.00,231.62,No
Performance by Symbol,Data,EBAY,EBAY INC,Stocks,Consumer Cyclicals,27.431584993,8.440676852,2.432774439,0.00,184.71,No
Performance by Symbol,Data,ELF,ELF BEAUTY INC,Stocks,Consumer Non-Cyc,13.392088797,18.181911212,2.135774048,0.00,170.18,No
Performance by Symbol,Data,INTC,INTEL CORP,Stocks,Technology,11.916461201,-43.549874129,-1.877557593,0.00,-210.13,No
Performance by Symbol,Data,MDLZ,MONDELEZ INTERNATIONAL INC-A,Stocks,Consumer Non-Cyc,17.816426509,12.890241686,2.119872878,0.00,177.42,No
Performance by Symbol,Data,NKE,NIKE INC -CL B,Stocks,Consumer Cyclicals,9.464134038,-39.560097643,-4.540575234,0.00,-415.30,No
Performance by Symbol,Data,PYPL,PAYPAL HOLDINGS INC,Stocks,Financials,25.102457444,28.973871926,7.646163289,0.00,550.04,No
Performance by Symbol,Data,SKX,SKECHERS USA INC-CL A,Stocks,Consumer Cyclicals,23.481219737,21.73175237,4.691310985,0.00,435.29,No
Performance by Symbol,Data,TSLA,TESLA INC,Stocks,Consumer Cyclicals,11.467083067,28.447428047,3.572914829,0.00,267.47,No
Performance by Symbol,Data,Total Stocks,,,,80.785028168,36.410981215,25.804459379,0.00,"1,974.22",
Performance by Symbol,Data,USD,United States Dollar,Cash,Cash,41.676200338,3.362274787,0.033828483,,,Yes
Performance by Symbol,Data,Total Cash,,,,41.602043398,3.362274787,0.033828483,,,
Performance by Symbol,Data,Total,,,,99.822064057,24.674177756,24.674177756,0.00,"1,905.43",
Trade Summary,MetaInfo,Analysis Period,"December 4, 2023 - January 27, 2026"
Trade Summary,Header,Financial Instrument,Currency,Symbol,Description,Sector,Quantity Bought,Average Price Bought,Proceeds Bought,Proceeds Bought in Base,Quantity Sold,Average Price Sold,Proceeds Sold,Proceeds Sold in Base
Trade Summary,Data,ETFs,United States Dollar,KWEB,KRANESH CSI CHINA INTERNET,Technology,60,25.845,-1550.7,-1550.7,-60,25.475,1528.5,1528.5
Trade Summary,Data,Stocks,United States Dollar,ABEV,AMBEV SA-ADR,Consumer Non-Cyc,227,2.2,-499.4,-499.4,-227,2.535,575.445,575.445
Trade Summary,Data,Stocks,United States Dollar,AMZN,AMAZON.COM INC,Consumer Cyclicals,7,193.39,-1353.73,-1353.73,-7,214,1498,1498
Trade Summary,Data,Stocks,United States Dollar,BA,BOEING CO/THE,Industrials,15,188.28,-2824.2,-2824.2,-15,186.87,2803.05,2803.05
Trade Summary,Data,Stocks,United States Dollar,BMY,BRISTOL-MYERS SQUIBB CO,Healthcare,50,51.36,-2568,-2568,-50,49.255,2462.75,2462.75
Trade Summary,Data,Stocks,United States Dollar,CELH,CELSIUS HOLDINGS INC,Consumer Non-Cyc,55,27.183754545,-1495.1065,-1495.1065,-55,40.78,2242.9,2242.9
Trade Summary,Data,Stocks,United States Dollar,DIS,WALT DISNEY CO/THE,Telecomm,42,108.448916667,-4554.8545,-4554.8545,-42,116.057028571,4874.3952,4874.3952
Trade Summary,Data,Stocks,United States Dollar,EBAY,EBAY INC,Consumer Cyclicals,50,43.28,-2164,-2164,-50,47.945,2397.25,2397.25
Trade Summary,Data,Stocks,United States Dollar,ELF,ELF BEAUTY INC,Consumer Non-Cyc,9,101.66,-914.94,-914.94,-9,125.246666667,1127.22,1127.22
Trade Summary,Data,Stocks,United States Dollar,INTC,INTEL CORP,Technology,90,21.8075,-1962.675,-1962.675,-90,20.305,1827.45,1827.45
Trade Summary,Data,Stocks,United States Dollar,MDLZ,MONDELEZ INTERNATIONAL INC-A,Consumer Non-Cyc,25,56.575,-1414.375,-1414.375,-25,65.455,1636.375,1636.375
Trade Summary,Data,Stocks,United States Dollar,NKE,NIKE INC -CL B,Consumer Cyclicals,10,100.208,-1002.08,-1002.08,-10,62.901,629.01,629.01
Trade Summary,Data,Stocks,United States Dollar,PYPL,PAYPAL HOLDINGS INC,Financials,30,62.525,-1875.75,-1875.75,-30,82.37,2471.1,2471.1
Trade Summary,Data,Stocks,United States Dollar,SKX,SKECHERS USA INC-CL A,Consumer Cyclicals,40,49.49,-1979.6,-1979.6,-40,61.545,2461.8,2461.8
Trade Summary,Data,Stocks,United States Dollar,TSLA,TESLA INC,Consumer Cyclicals,5,183.9,-919.5,-919.5,-5,245.69,1228.45,1228.45
Deposits And Withdrawals,MetaInfo,Analysis Period,"December 4, 2023 - January 27, 2026"
Deposits And Withdrawals,Header,Date,Type,Description,Amount
Deposits And Withdrawals,Data,12/04/23,DEPOSIT,Cash Receipts / Electronic Fund Transfers ,8020
Deposits And Withdrawals,Data,06/09/25,WITHDRAWAL,Disbursement Initiated By Oscar M Gonzales Anglas ,-9986
Dividends,MetaInfo,Analysis Period,"December 4, 2023 - January 27, 2026"
Dividends,Header,PayDate,Ex-Date,Symbol,Note,Quantity,DividendPerShare,Amount
Dividends,Data,20240201,20240104,BMY,Dividend Payment,50,0.60,30
Dividends,Data,20240401,20240301,NKE,Dividend Payment,10,0.37,3.7
Dividends,Data,20240701,20240603,NKE,Dividend Payment,10,0.37,3.7
Dividends,Data,20240903,20240807,INTC,Dividend Payment,15,0.13,1.88
Dividends,Data,20241001,20240903,NKE,Dividend Payment,10,0.37,3.7
Dividends,Data,20250102,20241202,NKE,Dividend Payment,10,0.40,4
Dividends,Data,20250110,20241223,ABEV,Dividend Payment,227,0.04,9.01
Dividends,Data,20250117,20241223,ABEV,Dividend Payment,227,0.07,15.59
Dividends,Data,20250401,20250303,NKE,Dividend Payment,10,0.40,4
Dividends,Data,20250414,20250331,MDLZ,Dividend Payment,25,0.47,11.75
Dividends,Data,20250414,20250318,ABEV,Payment In Lieu,227,0.00,0.18
Dividends,Data,20250414,20250318,ABEV,Dividend Payment,227,0.02,4.91
Dividends,Data,20250701,20250602,NKE,Dividend Payment,10,0.40,4
Interest Details,MetaInfo,Analysis Period,"December 4, 2023 - January 27, 2026"
Interest Details,Header,Date,Description,Amount
Interest Details,Data,20240104,USD Debit Interest Paid for December 2023,-0.12
Interest Details,Data,20240205,USD Debit Interest Paid for January 2024,-1.24
Interest Details,Data,20240305,USD Debit Interest Paid for February 2024,-0.24
Interest Details,Data,20250505,USD Debit Interest Paid for April 2025,-0.01
Notes and Disclosure,Header,Type,Note
Notes and Disclosure,Data,General,"1. The Net Asset Value (NAV) consists of all positions by financial instrument (stock, securities options, warrants, bonds, cash, etc.). All non-base currency amounts are converted to the base currency at the close of period rate."
Notes and Disclosure,Data,General,2. The gain or loss from future contracts settle into cash each night. The notional value is used when computing the contribution to return.
Notes and Disclosure,Data,General,"3. Dividend accruals, interest accruals, and insured deposits are included in cash amounts throughout the report."
Notes and Disclosure,Data,General,4. Price valuations are obtained from outside parties. Clearing Broker shall have no responsibility for the accuracy or timeliness of any such price valuation.
Notes and Disclosure,Data,General,5. Data from Thomson Reuters Business Classifications and Lipper Global is used to derive our sector classifications. Funds with assorted sector allocations are classified as Broad.
Notes and Disclosure,Data,General,"6. Amounts are formatted to two decimal places. If amounts are greater than two decimal places, Clearing Broker uses "half-even" rounding. This means that Clearing Broker rounds such amounts up to the nearest even number."
Notes and Disclosure,Data,General,"7. For accounts opened and funded before 2009, reports with a time period of Since Inception will only include data going back to January 1, 2009. This includes some default reports and both Historical Performance reports."
Notes and Disclosure,Data,General,"8. If you have elected to trade cryptocurrency/digital asset products at Crypto Provider through the Clearing Broker platform, for your convenience your positions in your linked account at Crypto Provider are reflected in PortfolioAnalyst in connection with your Clearing Broker account."
Notes and Disclosure,Data,Section,1. Account Overview: The deposit/withdrawal amount displayed includes internal transfers along with cash and position transfers.
Notes and Disclosure,Data,Section,"2. Risk Measures: Historical US 3 Month Treasury Bill rates are used as the risk free rates when calculating Alpha, the Sharpe ratio, the Sortino ratio, and the downside deviation."
Notes and Disclosure,Data,Disclosure,"This portfolio report was generated using Clearing Broker's PortfolioAnalyst tool, which allows Clearing Broker clients to generate analyses of their accounts using market data provided by third parties along with trade and account data contained in Clearing Broker's systems. This report is for information purposes only and is provided AS IS. Clearing Broker makes no warranty of any kind, express or implied, as to this report and its contents. The data provided for use in the PortfolioAnalyst tool is believed to be accurate, but completeness and accuracy of the information is not guaranteed, and Clearing Broker has no liability with respect thereto. The data regarding accounts held outside of Clearing Broker is obtained either directly from your input or from the financial institutions holding those accounts through a third-party service provider and Clearing Broker has NOT reviewed its accuracy.

The material in this report is intended only as a reference and should not be relied upon for the maintenance of your books and records for tax, accounting, financial, or regulatory reporting or for any other purposes. This report is not an offer or a solicitation of an offer to buy or sell any security. This material does not, and is not intended to, take into account the particular financial conditions, investment objectives, or requirements of individual customers. Before acting on any material within this report, you should consider whether it is suitable for your particular circumstances and as necessary, seek professional advice."
