Introduction,Header,Name,Account,Alias,BaseCurrency,AccountType,AnalysisPeriod,PerformanceMeasure
Introduction,Data,Oscar J Escudero Ribeyro,U12269722,,USD,Individual (Broker Client),"July 24, 2023 to January 27, 2026 (Daily)",TWR
Key Statistics,MetaInfo,Analysis Period,"July 24, 2023 - January 27, 2026"
Key Statistics,Header,BeginningNAV,EndingNAV,CumulativeReturn,5DayReturn,5DayReturnDateRange,10DayReturn,10DayReturnDateRange,BestReturn,BestReturnDate,WorstReturn,WorstReturnDate,MTM,Deposits & Withdrawals,Dividends,Interest,Fees & Commissions,Other,ChangeInNAV
Key Statistics,Data,0,101028.549617,32.539359791,2.581396414,20260121 - 20260127,1.561377536,20260114 - 20260127,9.285525565,20250409,-4.485669476,20230803,20379.4502,81800.06,7121.13,-20.33,-7792.926706,-458.833877,101028.549617
Historical Performance,MetaInfo,Analysis Period,"July 24, 2023 - January 27, 2026"
Historical Performance,Header,Account,MTD,QTD,YTD,1 Year,Since Inception
Historical Performance,Data,U12269722,3.623001159,3.623001159,3.623001159,17.730709231,32.539359812
Historical Performance,Header,Month,Account,AccountReturn
Historical Performance,Data,202501,U12269722,4.666037968
Historical Performance,Data,202502,U12269722,1.020910232
Historical Performance,Data,202503,U12269722,-3.540376978
Historical Performance,Data,202504,U12269722,-3.711390146
Historical Performance,Data,202505,U12269722,10.785527444
Historical Performance,Data,202506,U12269722,5.358657492
Historical Performance,Data,202507,U12269722,-1.748291268
Historical Performance,Data,202508,U12269722,2.484418904
Historical Performance,Data,202509,U12269722,0.559690062
Historical Performance,Data,202510,U12269722,2.242620331
Historical Performance,Data,202511,U12269722,0.140631058
Historical Performance,Data,202512,U12269722,-0.420999063
Historical Performance,Data,202401,U12269722,-4.137380459
Historical Performance,Data,202402,U12269722,1.080521052
Historical Performance,Data,202403,U12269722,0.800356469
Historical Performance,Data,202404,U12269722,-2.653465321
Historical Performance,Data,202405,U12269722,0.850895695
Historical Performance,Data,202406,U12269722,2.062189275
Historical Performance,Data,202407,U12269722,4.892089817
Historical Performance,Data,202408,U12269722,-1.400068802
Historical Performance,Data,202409,U12269722,2.48342242
Historical Performance,Data,202410,U12269722,-1.336496818
Historical Performance,Data,202411,U12269722,4.7048291
Historical Performance,Data,202412,U12269722,-2.183683322
Historical Performance,Data,202301,U12269722,-
Historical Performance,Data,202302,U12269722,-
Historical Performance,Data,202303,U12269722,-
Historical Performance,Data,202304,U12269722,-
Historical Performance,Data,202305,U12269722,-
Historical Performance,Data,202306,U12269722,-
Historical Performance,Data,202307,U12269722,-
Historical Performance,Data,202308,U12269722,-2.821977348
Historical Performance,Data,202309,U12269722,-8.076306508
Historical Performance,Data,202310,U12269722,-2.154353438
Historical Performance,Data,202311,U12269722,11.726836671
Historical Performance,Data,202312,U12269722,3.553198994
Historical Performance,Header,Quarter,Account,AccountReturn
Historical Performance,Data,2025 Q1,U12269722,1.991181381
Historical Performance,Data,2025 Q2,U12269722,12.390130245
Historical Performance,Data,2025 Q3,U12269722,1.256259752
Historical Performance,Data,2025 Q4,U12269722,1.955359403
Historical Performance,Data,2024 Q1,U12269722,-2.326031778
Historical Performance,Data,2024 Q2,U12269722,0.199403424
Historical Performance,Data,2024 Q3,U12269722,5.991971483
Historical Performance,Data,2024 Q4,U12269722,1.049588456
Historical Performance,Data,2023 Q1,U12269722,-
Historical Performance,Data,2023 Q2,U12269722,-
Historical Performance,Data,2023 Q3,U12269722,-
Historical Performance,Data,2023 Q4,U12269722,13.204197382
Historical Performance,Header,Year,Account,AccountReturn
Historical Performance,Data,YTD,U12269722,3.623001159
Historical Performance,Data,2025,U12269722,18.337594769
Historical Performance,Data,2024,U12269722,4.821769652
Open Position Summary,MetaInfo,As Of,"January 27, 2026"
Open Position Summary,Header,Date,FinancialInstrument,Currency,Symbol,Description,Sector,Quantity,ClosePrice,Value,Cost Basis,UnrealizedP&L,FXRateToBase
Open Position Summary,Data,01/27/2026,ETFs,USD,LQDW,ISHARES INGR CORP BD B/W ETF,Broad,1269,24.71,31356.99,31386.054063,-29.064063,1
Open Position Summary,Data,01/27/2026,ETFs,USD,TLTW,ISHARES 20+ BOND BUYWRITE,Broad,1371,22.89,31382.19,31290.969744,91.220256,1
Open Position Summary,Data,Total,ETFs,USD,,,,,,62739.18,62677.023807,62.156193
Open Position Summary,Data,01/27/2026,Stocks,USD,BCAT,BLACKROCK CAPITAL ALLOC TR,Broad,2384,14.68,34997.12,35825.306843,-828.186843,1
Open Position Summary,Data,Total,Stocks,USD,,,,,,34997.12,35825.306843,-828.186843
Open Position Summary,Data,01/27/2026,Cash,USD,USD,United States Dollar,Cash,3292.249617,1,3292.249617, , ,1
Performance by Symbol,MetaInfo,Analysis Period,"July 24, 2023 - January 27, 2026"
Performance by Symbol,Header,Symbol,Description,FinancialInstrument,Sector,AvgWeight,Return,Contribution,Unrealized_P&L,Realized_P&L,Open
Performance by Symbol,Data,IWM,ISHARES RUSSELL 2000 ETF,ETFs,Broad,5.537649016,3.492832985,0.08177159,0.00,95.07,No
Performance by Symbol,Data,KWEB,KRANESH CSI CHINA INTERNET,ETFs,Technology,5.989723901,-3.624516984,-0.208294094,0.00,-95.12,No
Performance by Symbol,Data,LQDW,ISHARES INGR CORP BD B/W ETF,ETFs,Broad,31.382241942,-0.092601843,-0.027015119,-29.06,0.00,Yes
Performance by Symbol,Data,RYLD,GLOBAL X RUSSELL 2000 COV CL,ETFs,Broad,31.663511112,8.742973642,2.711411334,0.00,"1,572.36",No
Performance by Symbol,Data,SHV,ISHARES SHORT TREASURY BOND,ETFs,Government,14.845827207,-0.350505043,-0.052088433,0.00,-38.69,No
Performance by Symbol,Data,TLTW,ISHARES 20+ BOND BUYWRITE,ETFs,Broad,31.377405133,4.455635094,1.407080646,91.22,0.00,Yes
Performance by Symbol,Data,Total ETFs,,,,33.637373743,0.874695558,3.941596779,62.16,"1,533.61",
Performance by Symbol,Data,AMZN  250117C00205000,AMZN 17JAN25 205 C,Options,Consumer Cyclicals,-1.389962597,-70.848171923,1.33166846,0.00,998.37,No
Performance by Symbol,Data,AMZN  250117P00190000,AMZN 17JAN25 190 P,Options,Consumer Cyclicals,2.386434657,142.783026291,2.595025524,0.00,"1,931.56",No
Performance by Symbol,Data,BABA  250117C00085000,BABA 17JAN25 85 C,Options,Technology,-7.435763145,55.295451608,-3.382453291,0.00,"-2,415.23",No
Performance by Symbol,Data,BABA  250117P00077500,BABA 17JAN25 77.5 P,Options,Technology,4.989446974,-60.150294421,-4.551109537,0.00,"-3,387.08",No
Performance by Symbol,Data,INTC  250117C00034000,INTC 17JAN25 34 C,Options,Technology,-1.742065762,-78.174009287,1.80756677,0.00,"1,364.51",No
Performance by Symbol,Data,INTC  250117P00029000,INTC 17JAN25 29 P,Options,Technology,6.277362671,207.364196892,8.570901122,0.00,"6,352.04",No
Performance by Symbol,Data,NKE   250117C00085000,NKE 17JAN25 85 C,Options,Consumer Cyclicals,-2.612969323,49.287338549,-1.118082207,0.00,-837.30,No
Performance by Symbol,Data,NKE   250117P00070000,NKE 17JAN25 70 P,Options,Consumer Cyclicals,4.303337857,-22.670619202,-1.008405546,0.00,-746.35,No
Performance by Symbol,Data,NKE   250321C00085000,NKE 21MAR25 85 C,Options,Consumer Cyclicals,-7.177197877,13.453384915,-0.788906906,0.00,-277.69,No
Performance by Symbol,Data,NKE   250321P00077500,NKE 21MAR25 77.5 P,Options,Consumer Cyclicals,4.079036883,-49.602599319,-3.335834217,0.00,"-1,278.66",No
Performance by Symbol,Data,Total Options,,,,-1.437291607,1940.423019523,-1.184356133,0.00,"1,704.17",
Performance by Symbol,Data,AAL,AMERICAN AIRLINES GROUP INC,Stocks,Industrials,10.949178377,3.010321787,0.330793377,0.00,134.76,No
Performance by Symbol,Data,AAPL,APPLE INC,Stocks,Technology,18.258214613,8.405669251,-0.001663443,0.00,"1,514.10",No
Performance by Symbol,Data,ABEV,AMBEV SA-ADR,Stocks,Consumer Non-Cyc,3.883753645,16.843996888,0.607457454,0.00,145.70,No
Performance by Symbol,Data,ADBE,ADOBE INC,Stocks,Technology,11.066459987,-8.256818029,1.140174681,0.00,852.07,No
Performance by Symbol,Data,AMD,ADVANCED MICRO DEVICES,Stocks,Technology,10.970468371,33.25557255,3.373078262,0.00,"1,236.99",No
Performance by Symbol,Data,AMZN,AMAZON.COM INC,Stocks,Consumer Cyclicals,18.158794879,-5.435962945,-1.708495894,0.00,"-2,246.22",No
Performance by Symbol,Data,AXP,AMERICAN EXPRESS CO,Stocks,Financials,1.561636156,-1.730575775,-0.027343979,0.00,-19.39,No
Performance by Symbol,Data,BA,BOEING CO/THE,Stocks,Industrials,6.751541623,-3.371926946,-0.666473261,0.00,-188.30,No
Performance by Symbol,Data,BABA,ALIBABA GROUP HOLDING-SP ADR,Stocks,Technology,23.625675517,28.59903462,10.163506765,0.00,"7,486.13",No
Performance by Symbol,Data,BCAT,BLACKROCK CAPITAL ALLOC TR,Stocks,Broad,31.667633128,4.992879496,1.598447224,-828.19,0.00,Yes
Performance by Symbol,Data,BHP,BHP GROUP LTD-SPON ADR,Stocks,Basic Materials,7.220908758,-355.456956225,0.021841197,0.00,95.02,No
Performance by Symbol,Data,BIDU,BAIDU INC - SPON ADR,Stocks,Technology,3.964627087,-5.843704984,0.394978275,0.00,303.74,No
Performance by Symbol,Data,BMRN,BIOMARIN PHARMACEUTICAL INC,Stocks,Healthcare,7.760139615,-11.869037553,-0.976138006,0.00,-406.74,No
Performance by Symbol,Data,BMY,BRISTOL-MYERS SQUIBB CO,Stocks,Healthcare,6.971209056,-16.383727991,-0.701648793,0.00,-400.11,No
Performance by Symbol,Data,BRKR,BRUKER CORP,Stocks,Healthcare,3.385912117,-6.765071765,-0.466984708,0.00,-205.46,No
Performance by Symbol,Data,CELH,CELSIUS HOLDINGS INC,Stocks,Consumer Non-Cyc,8.933925105,54.499705864,4.162971479,0.00,"1,662.12",No
Performance by Symbol,Data,CRWD,CROWDSTRIKE HOLDINGS INC - A,Stocks,Technology,8.631046968,17.990875748,1.452518722,0.00,546.93,No
Performance by Symbol,Data,CVX,CHEVRON CORP,Stocks,Energy,2.192443318,-6.770005602,-0.221337698,0.00,-158.60,No
Performance by Symbol,Data,DECK,DECKERS OUTDOOR CORP,Stocks,Consumer Cyclicals,8.563749499,13.764740938,1.129343767,0.00,428.36,No
Performance by Symbol,Data,DIS,WALT DISNEY CO/THE,Stocks,Telecomm,6.595675447,-0.923284838,0.287900503,0.00,-216.38,No
Performance by Symbol,Data,DOCU,DOCUSIGN INC,Stocks,Technology,-0.117075237,10.847641537,0.570802174,0.00,231.46,No
Performance by Symbol,Data,EBAY,EBAY INC,Stocks,Consumer Cyclicals,10.195567104,11.663530684,1.230651027,0.00,497.20,No
Performance by Symbol,Data,ELF,ELF BEAUTY INC,Stocks,Consumer Non-Cyc,8.794397907,22.289137585,1.827935158,0.00,685.60,No
Performance by Symbol,Data,EPAM,EPAM SYSTEMS INC,Stocks,Technology,4.266851593,-4.110812888,-1.173073223,0.00,-122.12,No
Performance by Symbol,Data,FCX,FREEPORT-MCMORAN INC,Stocks,Basic Materials,13.030000628,8.400947701,1.142950115,0.00,470.44,No
Performance by Symbol,Data,FL,FOOT LOCKER INC,Stocks,Consumer Cyclicals,2.575137287,-35.289277289,-0.926118074,0.00,-372.41,No
Performance by Symbol,Data,FLG,FLAGSTAR BANK NA,Stocks,Financials,7.335945172,12.940116349,1.023710579,0.00,408.26,No
Performance by Symbol,Data,FTNT,FORTINET INC,Stocks,Technology,2.922444115,-9.486973472,-0.308328872,0.00,-218.91,No
Performance by Symbol,Data,GOLD.OLD,BARRICK MINING CORP,Stocks,Basic Materials,7.432513529,6.258378365,0.48223215,0.00,181.21,No
Performance by Symbol,Data,GOOG,ALPHABET INC-CL C,Stocks,Telecomm,6.28467095,27.421671568,1.188275703,0.00,612.74,No
Performance by Symbol,Data,HAL,HALLIBURTON CO,Stocks,Energy,6.493817396,1.180887006,0.070339212,0.00,32.44,No
Performance by Symbol,Data,HSBC,HSBC HOLDINGS PLC-SPONS ADR,Stocks,Financials,3.000832033,-12.150664559,-0.369865442,0.00,-152.21,No
Performance by Symbol,Data,INTC,INTEL CORP,Stocks,Technology,7.497181684,-30.818076997,-11.590423975,0.00,"-9,143.08",No
Performance by Symbol,Data,IRBT,IROBOT CORP,Stocks,Technology,3.06026965,-34.859610215,-1.276581455,0.00,-532.59,No
Performance by Symbol,Data,JD,JD.COM INC-ADR,Stocks,Consumer Cyclicals,5.671334111,7.998341501,0.220782692,0.00,221.07,No
Performance by Symbol,Data,LCID.OLD,LUCID GROUP INC,Stocks,Consumer Cyclicals,5.038735824,-2.737119515,-0.138863878,0.00,-60.50,No
Performance by Symbol,Data,MA,MASTERCARD INC - A,Stocks,Technology,3.68113497,-4.41784339,-0.222425791,0.00,-161.05,No
Performance by Symbol,Data,MCD,MC DONALD'S-CORP,Stocks,Consumer Cyclicals,4.374606293,-7.079456359,-0.317112397,0.00,-238.71,No
Performance by Symbol,Data,MDLZ,MONDELEZ INTERNATIONAL INC-A,Stocks,Consumer Non-Cyc,18.235810158,13.981725762,2.046496339,0.00,818.87,No
Performance by Symbol,Data,META,META PLATFORMS INC-CLASS A,Stocks,Telecomm,10.75379526,3.694216921,2.470260027,0.00,415.03,No
Performance by Symbol,Data,MSFT,MICROSOFT CORP,Stocks,Technology,5.888416717,16.531139357,1.236550744,0.00,514.54,No
Performance by Symbol,Data,MTCH,MATCH GROUP INC,Stocks,Technology,4.38126904,1.543374015,0.062061901,0.00,27.40,No
Performance by Symbol,Data,NEM,NEWMONT CORP,Stocks,Basic Materials,11.120808754,5.710642839,0.759115658,0.00,312.04,No
Performance by Symbol,Data,NFLX,NETFLIX INC,Stocks,Telecomm,6.413222384,7.399157442,0.804816922,0.00,200.46,No
Performance by Symbol,Data,NICE,NICE LTD - SPON ADR,Stocks,Technology,3.875644905,0.359479043,0.010636878,0.00,5.58,No
Performance by Symbol,Data,NIO,NIO INC - ADR,Stocks,Consumer Cyclicals,4.757092851,-25.319671583,-1.241504899,0.00,-530.82,No
Performance by Symbol,Data,NKE,NIKE INC -CL B,Stocks,Consumer Cyclicals,23.221582509,-19.920497566,6.137485949,0.00,"3,313.59",No
Performance by Symbol,Data,NTES,NETEASE INC-ADR,Stocks,Technology,3.503802882,4.322008383,0.146911805,0.00,60.24,No
Performance by Symbol,Data,NU,NU HOLDINGS LTD/CAYMAN ISL-A,Stocks,Financials,8.138637179,17.098879732,1.398922979,0.00,539.49,No
Performance by Symbol,Data,NVDA,NVIDIA CORP,Stocks,Technology,10.638778804,19.520118637,2.680487411,0.00,"1,132.15",No
Performance by Symbol,Data,OKTA,OKTA INC,Stocks,Technology,5.2896995,22.209831909,1.175911758,0.00,483.71,No
Performance by Symbol,Data,OPEN,OPENDOOR TECHNOLOGIES INC,Stocks,Real Estate,2.292578061,-21.422039164,-0.542122759,0.00,-224.85,No
Performance by Symbol,Data,PFE,PFIZER INC,Stocks,Healthcare,1.171798763,8.558989692,0.315690412,0.00,221.64,No
Performance by Symbol,Data,PSFE,PAYSAFE LTD,Stocks,Technology,2.752781486,6.430623984,0.172749585,0.00,74.69,No
Performance by Symbol,Data,PYPL,PAYPAL HOLDINGS INC,Stocks,Financials,8.713989418,-17.441627973,-2.877096815,0.00,-690.04,No
Performance by Symbol,Data,QCOM,QUALCOMM INC,Stocks,Technology,12.951578288,5.54814241,-0.732373327,0.00,194.33,No
Performance by Symbol,Data,QFIN,QFIN HOLDINGS INC-ADR,Stocks,Financials,4.537514707,4.219071055,0.185402444,0.00,76.94,No
Performance by Symbol,Data,RACE,FERRARI NV,Stocks,Consumer Cyclicals,4.599986218,0.092238304,0.003857861,0.00,3.18,No
Performance by Symbol,Data,RBLX,ROBLOX CORP -CLASS A,Stocks,Technology,3.978955049,7.191811183,0.269695207,0.00,111.83,No
Performance by Symbol,Data,S,SENTINELONE INC -CLASS A,Stocks,Technology,8.105084947,4.786768122,0.387215828,0.00,150.12,No
Performance by Symbol,Data,SBUX,STARBUCKS CORP,Stocks,Consumer Cyclicals,12.412930253,-0.366378364,-0.045478291,0.00,-9.23,No
Performance by Symbol,Data,SEDG,SOLAREDGE TECHNOLOGIES INC,Stocks,Energy,3.092665039,-17.104925881,-0.535779638,0.00,-220.26,No
Performance by Symbol,Data,SHOP,SHOPIFY INC - CLASS A,Stocks,Technology,12.251706401,-5.898139102,-0.723366316,0.00,-147.41,No
Performance by Symbol,Data,SKX,SKECHERS USA INC-CL A,Stocks,Consumer Cyclicals,7.72264926,-5.431673463,1.635696527,0.00,585.06,No
Performance by Symbol,Data,SOFI,SOFI TECHNOLOGIES INC,Stocks,Financials,11.473094891,1.307473496,0.17325281,0.00,66.33,No
Performance by Symbol,Data,STLA,STELLANTIS NV,Stocks,Consumer Cyclicals,4.617252884,-18.630139789,-1.435721982,0.00,-734.11,No
Performance by Symbol,Data,STM,STMICROELECTRONICS NV-NY SHS,Stocks,Technology,4.001571202,-10.745504086,-0.441120806,0.00,-107.44,No
Performance by Symbol,Data,STNE,STONECO LTD-A,Stocks,Technology,2.424935622,-10.324617533,-0.266053016,0.00,-110.91,No
Performance by Symbol,Data,TM,TOYOTA MOTOR CORP -SPON ADR,Stocks,Consumer Cyclicals,6.575062806,-6.771600897,-0.485715567,0.00,-345.77,No
Performance by Symbol,Data,TSLA,TESLA INC,Stocks,Consumer Cyclicals,8.721928603,23.64502614,2.474263623,0.00,"1,607.73",No
Performance by Symbol,Data,U,UNITY SOFTWARE INC,Stocks,Technology,3.68617018,-22.940816229,-0.937677863,0.00,-387.03,No
Performance by Symbol,Data,V,VISA INC-CLASS A SHARES,Stocks,Industrials,1.558977331,-4.080993451,-0.064485423,0.00,-45.74,No
Performance by Symbol,Data,VTSI,VIRTRA INC,Stocks,Industrials,6.707289744,-2.91901013,-0.274278357,0.00,-92.21,No
Performance by Symbol,Data,WPM,WHEATON PRECIOUS METALS CORP,Stocks,Basic Materials,7.180511407,4.743950552,0.314077576,0.00,194.19,No
Performance by Symbol,Data,XOM,EXXON MOBIL CORP,Stocks,Energy,4.041983087,-6.070580969,-0.209793021,0.00,-158.11,No
Performance by Symbol,Data,Total Stocks,,,,69.377677479,41.21903035,23.83081045,-828.19,"10,208.77",
Performance by Symbol,Data,EUR,Euro,Cash,Cash,0.01135859,-100,-0.022717483,,,No
Performance by Symbol,Data,USD,United States Dollar,Cash,Cash,18.117634249,66.160358142,0.855165627,,,Yes
Performance by Symbol,Data,Total Cash,,,,18.117668826,66.049048402,0.832247461,,,
Performance by Symbol,Data,Total,,,,100,32.539359791,32.539359791,-766.03,"13,446.55",
Projected Income,MetaInfo,As Of,"January 27, 2026"
Projected Income,Header,Financial Instrument,Symbol,Description,Frequency,Quantity,Price,Value,Current Yield %,Principal,Estimated Annual Income,Estimated 2026 Remaining Income
Projected Income,Data,ETFs,LQDW,Ordinary Dividend,12,1269,24.71,31356.99,12.940914609,-,4057.8813,4057.8813
Projected Income,Data,ETFs,TLTW,Ordinary Dividend,12,1371,22.89,31382.19,9.798621689,-,3075.022075805,3075.022075805
Projected Income,Data,,Total ETFs,,,,,62739.18,11.369137078,,7132.903375805,7132.903375805
Projected Income,Data,Stocks,BCAT,Ordinary Dividend,12,2384,14.68,34997.12,21.313079019,-,7458.96384,6837.38352
Projected Income,Data,,Total Stocks,,,,,34997.12,21.313079019,,7458.96384,6837.38352
Projected Income,Data,,Total,,,,,97736.3,14.929833865,,14591.867215805,13970.286895805
Trade Summary,MetaInfo,Analysis Period,"July 24, 2023 - January 27, 2026"
Trade Summary,Header,Financial Instrument,Currency,Symbol,Description,Sector,Quantity Bought,Average Price Bought,Proceeds Bought,Proceeds Bought in Base,Quantity Sold,Average Price Sold,Proceeds Sold,Proceeds Sold in Base
Trade Summary,Data,ETFs,United States Dollar,IWM,ISHARES RUSSELL 2000 ETF,Broad,15,202.04,-3030.6,-3030.6,-15,211.82,3177.3,3177.3
Trade Summary,Data,ETFs,United States Dollar,KWEB,KRANESH CSI CHINA INTERNET,Technology,100,26.19,-2619,-2619,-100,25.762,2576.2,2576.2
Trade Summary,Data,ETFs,United States Dollar,LQDW,ISHARES INGR CORP BD B/W ETF,Broad,1269,24.68,-31318.92,-31318.92,0,0,0,0
Trade Summary,Data,ETFs,United States Dollar,RYLD,GLOBAL X RUSSELL 2000 COV CL,Broad,2102,14.86,-31235.72,-31235.72,-2102,15.694915794,32990.713,32990.713
Trade Summary,Data,ETFs,United States Dollar,SHV,ISHARES SHORT TREASURY BOND,Government,100,110.095,-11009.5,-11009.5,-100,110.27,11027,11027
Trade Summary,Data,ETFs,United States Dollar,TLTW,ISHARES 20+ BOND BUYWRITE,Broad,1371,22.775,-31224.525,-31224.525,0,0,0,0
Trade Summary,Data,Forex,United States Dollar,EUR.USD,EUR.USD,Cash,30134.08,1.093339859,-32946.790784,-32946.790784,-30134.08,1.093185753,32942.146928,32942.146928
Trade Summary,Data,Options,United States Dollar,AMZN  250117C00205000,AMZN 17JAN25 205 C,Consumer Cyclicals,1,3.85,-385,-385,-1,14.35,1435,1435
Trade Summary,Data,Options,United States Dollar,AMZN  250117P00190000,AMZN 17JAN25 190 P,Consumer Cyclicals,1,13.27,-1327,-1327,-1,33.1,3310,3310
Trade Summary,Data,Options,United States Dollar,BABA  250117C00085000,BABA 17JAN25 85 C,Technology,9,7.46,-6714,-6714,-9,4.93,4437,4437
Trade Summary,Data,Options,United States Dollar,BABA  250117P00077500,BABA 17JAN25 77.5 P,Technology,9,6.18,-5562,-5562,-9,2.57,2313,2313
Trade Summary,Data,Options,United States Dollar,INTC  250117C00034000,INTC 17JAN25 34 C,Technology,10,0.34,-340,-340,-10,1.82,1820,1820
Trade Summary,Data,Options,United States Dollar,INTC  250117P00029000,INTC 17JAN25 29 P,Technology,10,2.99,-2990,-2990,-10,9.49,9490,9490
Trade Summary,Data,Options,United States Dollar,NKE   250117C00085000,NKE 17JAN25 85 C,Consumer Cyclicals,7,3.54,-2478,-2478,-7,2.51,1757,1757
Trade Summary,Data,Options,United States Dollar,NKE   250117P00070000,NKE 17JAN25 70 P,Consumer Cyclicals,7,4.62,-3234,-3234,-7,3.72,2604,2604
Trade Summary,Data,Options,United States Dollar,NKE   250321C00085000,NKE 21MAR25 85 C,Consumer Cyclicals,4,5.75,-2300,-2300,-4,5.265,2106,2106
Trade Summary,Data,Options,United States Dollar,NKE   250321P00077500,NKE 21MAR25 77.5 P,Consumer Cyclicals,4,6.34,-2536,-2536,-4,3.35,1340,1340
Trade Summary,Data,Stocks,United States Dollar,AAL,AMERICAN AIRLINES GROUP INC,Industrials,300,14.81,-4443,-4443,-300,15.485,4645.5,4645.5
Trade Summary,Data,Stocks,United States Dollar,AAPL,APPLE INC,Technology,113,186.250530973,-21046.31,-21046.31,-113,200.863849558,22697.615,22697.615
Trade Summary,Data,Stocks,United States Dollar,ABEV,AMBEV SA-ADR,Consumer Non-Cyc,710,2.2,-1562,-1562,-710,2.535,1799.85,1799.85
Trade Summary,Data,Stocks,United States Dollar,ADBE,ADOBE INC,Technology,160,505.31125,-80849.8,-80849.8,-160,511.49625,81839.4,81839.4
Trade Summary,Data,Stocks,United States Dollar,AMD,ADVANCED MICRO DEVICES,Technology,65,106.129446154,-6898.414,-6898.414,-65,126.118461538,8197.7,8197.7
Trade Summary,Data,Stocks,United States Dollar,AMZN,AMAZON.COM INC,Consumer Cyclicals,220,176.196036364,-38763.128,-38763.128,-220,166.981818182,36736,36736
Trade Summary,Data,Stocks,United States Dollar,AXP,AMERICAN EXPRESS CO,Financials,5,218.94,-1094.7,-1094.7,-5,225.26,1126.3,1126.3
Trade Summary,Data,Stocks,United States Dollar,BA,BOEING CO/THE,Industrials,35,180.18,-6306.3,-6306.3,-35,177.754285714,6221.4,6221.4
Trade Summary,Data,Stocks,United States Dollar,BABA,ALIBABA GROUP HOLDING-SP ADR,Technology,940,77.341595745,-72701.1,-72701.1,-940,85.475106383,80346.6,80346.6
Trade Summary,Data,Stocks,United States Dollar,BCAT,BLACKROCK CAPITAL ALLOC TR,Broad,2384,14.965706795,-35678.245,-35678.245,0,0,0,0
Trade Summary,Data,Stocks,United States Dollar,BHP,BHP GROUP LTD-SPON ADR,Basic Materials,160,59.0185,-9442.96,-9442.96,-160,60.3,9648,9648
Trade Summary,Data,Stocks,United States Dollar,BIDU,BAIDU INC - SPON ADR,Technology,54,95.838888889,-5175.3,-5175.3,-54,102.93,5558.22,5558.22
Trade Summary,Data,Stocks,United States Dollar,BMRN,BIOMARIN PHARMACEUTICAL INC,Healthcare,55,61.82,-3400.1,-3400.1,-55,55.4,3047,3047
Trade Summary,Data,Stocks,United States Dollar,BMY,BRISTOL-MYERS SQUIBB CO,Healthcare,95,50.573421053,-4804.475,-4804.475,-95,47.482894737,4510.875,4510.875
Trade Summary,Data,Stocks,United States Dollar,BRKR,BRUKER CORP,Healthcare,75,40.13,-3009.75,-3009.75,-75,38.12,2859,2859
Trade Summary,Data,Stocks,United States Dollar,CELH,CELSIUS HOLDINGS INC,Consumer Non-Cyc,111,27.22,-3021.42,-3021.42,-111,42.705,4740.255,4740.255
Trade Summary,Data,Stocks,United States Dollar,CRWD,CROWDSTRIKE HOLDINGS INC - A,Technology,10,301.445,-3014.45,-3014.45,-10,361.27,3612.7,3612.7
Trade Summary,Data,Stocks,United States Dollar,CVX,CHEVRON CORP,Energy,14,165.5,-2317,-2317,-14,157.8505,2209.907,2209.907
Trade Summary,Data,Stocks,United States Dollar,DECK,DECKERS OUTDOOR CORP,Consumer Cyclicals,19,162.43,-3086.17,-3086.17,-19,187.7,3566.3,3566.3
Trade Summary,Data,Stocks,United States Dollar,DIS,WALT DISNEY CO/THE,Telecomm,158,104.205031646,-16464.395,-16464.395,-158,104.335031646,16484.935,16484.935
Trade Summary,Data,Stocks,United States Dollar,DOCU,DOCUSIGN INC,Technology,100,55.912,-5591.2,-5591.2,-100,59.041,5904.1,5904.1
Trade Summary,Data,Stocks,United States Dollar,EBAY,EBAY INC,Consumer Cyclicals,100,42.35,-4235,-4235,-100,47.8813,4788.13,4788.13
Trade Summary,Data,Stocks,United States Dollar,ELF,ELF BEAUTY INC,Consumer Non-Cyc,30,101.66,-3049.8,-3049.8,-30,126.26,3787.8,3787.8
Trade Summary,Data,Stocks,United States Dollar,EPAM,EPAM SYSTEMS INC,Technology,13,226.53,-2944.89,-2944.89,-13,221.09,2874.17,2874.17
Trade Summary,Data,Stocks,United States Dollar,FCX,FREEPORT-MCMORAN INC,Basic Materials,138,45.865144928,-6329.39,-6329.39,-138,49.88,6883.44,6883.44
Trade Summary,Data,Stocks,United States Dollar,FL,FOOT LOCKER INC,Consumer Cyclicals,30,34.305,-1029.15,-1029.15,-30,23.635,709.05,709.05
Trade Summary,Data,Stocks,United States Dollar,FLG,FLAGSTAR BANK NA,Financials,292,10.69,-3121.48,-3121.48,-292,12.32,3597.44,3597.44
Trade Summary,Data,Stocks,United States Dollar,FTNT,FORTINET INC,Technology,35,65.178,-2281.23,-2281.23,-35,60.43,2115.05,2115.05
Trade Summary,Data,Stocks,United States Dollar,GOLD.OLD,BARRICK MINING CORP,Basic Materials,200,15.59,-3118,-3118,-200,16.805,3361,3361
Trade Summary,Data,Stocks,United States Dollar,GOOG,ALPHABET INC-CL C,Telecomm,49,145.399591837,-7124.58,-7124.58,-49,160.631306122,7870.934,7870.934
Trade Summary,Data,Stocks,United States Dollar,HAL,HALLIBURTON CO,Energy,125,21.745,-2718.125,-2718.125,-125,22.465,2808.125,2808.125
Trade Summary,Data,Stocks,United States Dollar,HSBC,HSBC HOLDINGS PLC-SPONS ADR,Financials,30,40.885,-1226.55,-1226.55,-30,37.555,1126.65,1126.65
Trade Summary,Data,Stocks,United States Dollar,INTC,INTEL CORP,Technology,1290,28.43003876,-36674.75,-36674.75,-1290,21.539348837,27785.76,27785.76
Trade Summary,Data,Stocks,United States Dollar,IRBT,IROBOT CORP,Technology,100,15,-1500,-1500,-100,10.2325,1023.25,1023.25
Trade Summary,Data,Stocks,United States Dollar,JD,JD.COM INC-ADR,Consumer Cyclicals,100,27.3587,-2735.87,-2735.87,-100,30.13,3013,3013
Trade Summary,Data,Stocks,United States Dollar,LCID.OLD,LUCID GROUP INC,Consumer Cyclicals,1000,2.155,-2155,-2155,-1000,2.205,2205,2205
Trade Summary,Data,Stocks,United States Dollar,MA,MASTERCARD INC - A,Technology,8,452.48,-3619.84,-3619.84,-8,438.755,3510.04,3510.04
Trade Summary,Data,Stocks,United States Dollar,MCD,MC DONALD'S-CORP,Consumer Cyclicals,20,264.042,-5280.84,-5280.84,-20,255.97,5119.4,5119.4
Trade Summary,Data,Stocks,United States Dollar,MDLZ,MONDELEZ INTERNATIONAL INC-A,Consumer Non-Cyc,132,58.417113636,-7711.059,-7711.059,-132,65.445,8638.74,8638.74
Trade Summary,Data,Stocks,United States Dollar,META,META PLATFORMS INC-CLASS A,Telecomm,40,340.208,-13608.32,-13608.32,-40,352.63725,14105.49,14105.49
Trade Summary,Data,Stocks,United States Dollar,MSFT,MICROSOFT CORP,Technology,17,358.376470588,-6092.4,-6092.4,-17,393.421470588,6688.165,6688.165
Trade Summary,Data,Stocks,United States Dollar,MTCH,MATCH GROUP INC,Technology,50,34.98,-1749,-1749,-50,36.595,1829.75,1829.75
Trade Summary,Data,Stocks,United States Dollar,NEM,NEWMONT CORP,Basic Materials,160,36.949375,-5911.9,-5911.9,-160,39.43,6308.8,6308.8
Trade Summary,Data,Stocks,United States Dollar,NFLX,NETFLIX INC,Telecomm,10,474.866,-4748.66,-4748.66,-10,503.006,5030.06,5030.06
Trade Summary,Data,Stocks,United States Dollar,NICE,NICE LTD - SPON ADR,Technology,9,169.72,-1527.48,-1527.48,-9,176.03,1584.27,1584.27
Trade Summary,Data,Stocks,United States Dollar,NIO,NIO INC - ADR,Consumer Cyclicals,350,5.889714286,-2061.4,-2061.4,-350,4.575,1601.25,1601.25
Trade Summary,Data,Stocks,United States Dollar,NKE,NIKE INC -CL B,Consumer Cyclicals,1120,74.918571429,-83908.8,-83908.8,-1120,78.07375,87442.6,87442.6
Trade Summary,Data,Stocks,United States Dollar,NTES,NETEASE INC-ADR,Technology,15,91.21,-1368.15,-1368.15,-15,98.661333333,1479.92,1479.92
Trade Summary,Data,Stocks,United States Dollar,NU,NU HOLDINGS LTD/CAYMAN ISL-A,Financials,280,11.15,-3122,-3122,-280,13.315,3728.2,3728.2
Trade Summary,Data,Stocks,United States Dollar,NVDA,NVIDIA CORP,Technology,46,213.990536957,-9843.5647,-9843.5647,-46,241.413641304,11105.0275,11105.0275
Trade Summary,Data,Stocks,United States Dollar,OKTA,OKTA INC,Technology,25,86.0762,-2151.905,-2151.905,-25,107.51,2687.75,2687.75
Trade Summary,Data,Stocks,United States Dollar,OPEN,OPENDOOR TECHNOLOGIES INC,Real Estate,310,3.275,-1015.25,-1015.25,-310,2.77,858.7,858.7
Trade Summary,Data,Stocks,United States Dollar,PFE,PFIZER INC,Healthcare,100,25.615,-2561.5,-2561.5,-100,28.392,2839.2,2839.2
Trade Summary,Data,Stocks,United States Dollar,PSFE,PAYSAFE LTD,Technology,80,14.171625,-1133.73,-1133.73,-80,15.795,1263.6,1263.6
Trade Summary,Data,Stocks,United States Dollar,PYPL,PAYPAL HOLDINGS INC,Financials,90,68.367222222,-6153.05,-6153.05,-90,61.645,5548.05,5548.05
Trade Summary,Data,Stocks,United States Dollar,QCOM,QUALCOMM INC,Technology,30,129.3,-3879,-3879,-30,136.81,4104.3,4104.3
Trade Summary,Data,Stocks,United States Dollar,QFIN,QFIN HOLDINGS INC-ADR,Financials,100,17.957,-1795.7,-1795.7,-100,19.29,1929,1929
Trade Summary,Data,Stocks,United States Dollar,RACE,FERRARI NV,Consumer Cyclicals,8,427.18,-3417.44,-3417.44,-8,433.98,3471.84,3471.84
Trade Summary,Data,Stocks,United States Dollar,RBLX,ROBLOX CORP -CLASS A,Technology,38,40.228,-1528.664,-1528.664,-38,44.56,1693.28,1693.28
Trade Summary,Data,Stocks,United States Dollar,S,SENTINELONE INC -CLASS A,Technology,137,22.68,-3107.16,-3107.16,-137,24.2007,3315.4959,3315.4959
Trade Summary,Data,Stocks,United States Dollar,SBUX,STARBUCKS CORP,Consumer Cyclicals,25,100.559,-2513.975,-2513.975,-25,100.57,2514.25,2514.25
Trade Summary,Data,Stocks,United States Dollar,SEDG,SOLAREDGE TECHNOLOGIES INC,Energy,15,84.13,-1261.95,-1261.95,-15,72.88,1093.2,1093.2
Trade Summary,Data,Stocks,United States Dollar,SHOP,SHOPIFY INC - CLASS A,Technology,40,62.355,-2494.2,-2494.2,-40,58.9212,2356.848,2356.848
Trade Summary,Data,Stocks,United States Dollar,SKX,SKECHERS USA INC-CL A,Consumer Cyclicals,110,55.479090909,-6102.7,-6102.7,-110,61.544727273,6769.92,6769.92
Trade Summary,Data,Stocks,United States Dollar,SOFI,SOFI TECHNOLOGIES INC,Financials,350,14.320714286,-5012.25,-5012.25,-350,14.785,5174.75,5174.75
Trade Summary,Data,Stocks,United States Dollar,STLA,STELLANTIS NV,Consumer Cyclicals,240,12.575,-3018,-3018,-240,9.785,2348.4,2348.4
Trade Summary,Data,Stocks,United States Dollar,STM,STMICROELECTRONICS NV-NY SHS,Technology,100,42.94185,-4294.185,-4294.185,-100,42.935,4293.5,4293.5
Trade Summary,Data,Stocks,United States Dollar,STNE,STONECO LTD-A,Technology,60,17.455,-1047.3,-1047.3,-60,16.505,990.3,990.3
Trade Summary,Data,Stocks,United States Dollar,TM,TOYOTA MOTOR CORP -SPON ADR,Consumer Cyclicals,23,220.88,-5080.24,-5080.24,-23,208.11,4786.53,4786.53
Trade Summary,Data,Stocks,United States Dollar,TSLA,TESLA INC,Consumer Cyclicals,96,215.287291667,-20667.58,-20667.58,-96,234.6771875,22529.01,22529.01
Trade Summary,Data,Stocks,United States Dollar,U,UNITY SOFTWARE INC,Technology,50,33.21,-1660.5,-1660.5,-50,26.535,1326.75,1326.75
Trade Summary,Data,Stocks,United States Dollar,V,VISA INC-CLASS A SHARES,Industrials,4,273.855,-1095.42,-1095.42,-4,275.15,1100.6,1100.6
Trade Summary,Data,Stocks,United States Dollar,VTSI,VIRTRA INC,Industrials,470,6.64,-3120.8,-3120.8,-470,6.61,3106.7,3106.7
Trade Summary,Data,Stocks,United States Dollar,WPM,WHEATON PRECIOUS METALS CORP,Basic Materials,80,50.825,-4066,-4066,-80,53.94,4315.2,4315.2
Trade Summary,Data,Stocks,United States Dollar,XOM,EXXON MOBIL CORP,Energy,49,117.696734694,-5767.14,-5767.14,-49,116.0805,5687.9445,5687.9445
Deposits And Withdrawals,MetaInfo,Analysis Period,"July 24, 2023 - January 27, 2026"
Deposits And Withdrawals,Header,Date,Type,Description,Amount
Deposits And Withdrawals,Data,07/24/23,DEPOSIT,Cash Receipts / Electronic Fund Transfers ,19900
Deposits And Withdrawals,Data,10/03/23,DEPOSIT,Cash Receipts / Electronic Fund Transfers ,19900
Deposits And Withdrawals,Data,04/15/24,DEPOSIT,Cash Receipts / Electronic Fund Transfers ,20000
Deposits And Withdrawals,Data,04/16/24,DEPOSIT,Cash Receipts / Electronic Fund Transfers ,10000
Deposits And Withdrawals,Data,09/16/24,WITHDRAWAL,Disbursement Initiated By Oscar J Escudero Ribeyro ,-38200
Deposits And Withdrawals,Data,12/19/24,NA,Adjustment: Commission (consolidated Audit Trail Fee Refund) ,0.06
Deposits And Withdrawals,Data,07/22/25,DEPOSIT,Cash Receipts / Electronic Fund Transfers ,55200
Deposits And Withdrawals,Data,01/16/26,WITHDRAWAL,Disbursement Initiated By Oscar J Escudero Ribeyro ,-5000
Dividends,MetaInfo,Analysis Period,"July 24, 2023 - January 27, 2026"
Dividends,Header,PayDate,Ex-Date,Symbol,Quantity,DividendPerShare,Amount
Dividends,Data,20230817,20230811,AAPL,35,0.24,8.4
Dividends,Data,20230921,20230830,QCOM,30,0.80,24
Dividends,Data,20231116,20231110,AAPL,35,0.24,8.4
Dividends,Data,20231214,20231115,MSFT,10,0.75,7.5
Dividends,Data,20231214,20231129,QCOM,30,0.80,24
Dividends,Data,20231229,20231227,KWEB,100,0.04,4.19
Dividends,Data,20240118,20231220,BABA,40,1.00,40
Dividends,Data,20240201,20240104,BMY,60,0.60,36
Dividends,Data,20240215,20240209,AAPL,35,0.24,8.4
Dividends,Data,20240315,20240228,GOLD.OLD,200,0.10,20
Dividends,Data,20240326,20240318,STM,50,0.06,3
Dividends,Data,20240327,20240321,IWM,15,0.52,7.83
Dividends,Data,20240401,20240301,NKE,20,0.37,7.4
Dividends,Data,20240429,20240404,JD,100,0.76,76
Dividends,Data,20240516,20240510,AAPL,30,0.25,7.5
Dividends,Data,20240603,20240506,INTC,70,0.12,8.75
Dividends,Data,20240610,20240514,XOM,19,0.95,18.05
Dividends,Data,20240610,20240516,CVX,14,1.63,22.82
Dividends,Data,20240613,20240515,MSFT,7,0.75,5.25
Dividends,Data,20240614,20240509,PFE,100,0.42,42
Dividends,Data,20240617,20240603,MCD,10,1.67,16.7
Dividends,Data,20240617,20240611,IWM,15,0.56,8.43
Dividends,Data,20240701,20240603,NKE,20,0.37,7.4
Dividends,Data,20240703,20240625,STM,50,-0.09,-4.51
Dividends,Data,20240703,20240625,STM,50,0.09,4.51
Dividends,Data,20240703,20240625,STM,50,0.09,4.51
Dividends,Data,20240725,20240708,DIS,60,0.45,27
Dividends,Data,20240809,20240709,MA,8,0.66,5.28
Dividends,Data,20250110,20241223,ABEV,710,0.04,28.2
Dividends,Data,20250117,20241223,ABEV,710,0.07,48.78
Dividends,Data,20250402,20250312,NVDA,41,0.01,0.41
Dividends,Data,20250414,20250331,MDLZ,132,0.47,62.04
Dividends,Data,20250414,20250318,ABEV,710,0.02,15.92
Dividends,Data,20250505,20250423,STLA,240,0.77,185.67
Dividends,Data,20250627,20250616,BRKR,75,0.05,3.75
Dividends,Data,20250703,20250611,NVDA,41,0.01,0.41
Dividends,Data,20250807,20250804,TLTW,1371,0.23,316.83
Dividends,Data,20250825,20250818,RYLD,2102,0.15,316.56
Dividends,Data,20250829,20250815,BCAT,2080,0.27,566.49
Dividends,Data,20250908,20250903,TLTW,1371,0.22,299.32
Dividends,Data,20250929,20250922,RYLD,2102,0.15,318.87
Dividends,Data,20250930,20250915,BCAT,2080,0.27,561.41
Dividends,Data,20251007,20251002,TLTW,1371,0.14,198.14
Dividends,Data,20251027,20251020,RYLD,2102,0.15,320.56
Dividends,Data,20251031,20251015,BCAT,2205,0.27,589.88
Dividends,Data,20251107,20251104,TLTW,1371,0.38,518.62
Dividends,Data,20251128,20251114,BCAT,2205,0.26,584.17
Dividends,Data,20251202,20251124,RYLD,2102,0.15,319.08
Dividends,Data,20251205,20251202,TLTW,1371,0.19,257.15
Dividends,Data,20251229,20251223,TLTW,1371,0.19,256.26
Dividends,Data,20251230,20251222,RYLD,2102,0.16,326.02
Dividends,Data,20251231,20251222,BCAT,2205,0.26,577.78
Interest Details,MetaInfo,Analysis Period,"July 24, 2023 - January 27, 2026"
Interest Details,Header,Date,Description,Amount
Interest Details,Data,20230906,USD Debit Interest Paid for August 2023,-3.15
Interest Details,Data,20230906,USD Debit Interest Paid for August 2023,-2.1
Interest Details,Data,20231004,USD Debit Interest Paid for September 2023,-6.46
Interest Details,Data,20231103,USD Debit Interest Paid for October 2023,-0.44
Interest Details,Data,20240403,USD Debit Interest Paid for March 2024,-4.08
Interest Details,Data,20240403,USD Net Stock Interest Paid for March 2024,-0.2
Interest Details,Data,20240503,USD Debit Interest Paid for April 2024,-1.46
Interest Details,Data,20240605,USD Debit Interest Paid for May 2024,-2.44
Notes and Disclosure,Header,Type,Note
Notes and Disclosure,Data,General,"1. The Net Asset Value (NAV) consists of all positions by financial instrument (stock, securities options, warrants, bonds, cash, etc.). All non-base currency amounts are converted to the base currency at the close of period rate."
Notes and Disclosure,Data,General,2. The gain or loss from future contracts settle into cash each night. The notional value is used when computing the contribution to return.
Notes and Disclosure,Data,General,"3. Dividend accruals, interest accruals, and insured deposits are included in cash amounts throughout the report."
Notes and Disclosure,Data,General,4. Price valuations are obtained from outside parties. Clearing Broker shall have no responsibility for the accuracy or timeliness of any such price valuation.
Notes and Disclosure,Data,General,5. Data from Thomson Reuters Business Classifications and Lipper Global is used to derive our sector classifications. Funds with assorted sector allocations are classified as Broad.
Notes and Disclosure,Data,General,"6. Amounts are formatted to two decimal places. If amounts are greater than two decimal places, Clearing Broker uses "half-even" rounding. This means that Clearing Broker rounds such amounts up to the nearest even number."
Notes and Disclosure,Data,General,"7. For accounts opened and funded before 2009, reports with a time period of Since Inception will only include data going back to January 1, 2009. This includes some default reports and both Historical Performance reports."
Notes and Disclosure,Data,General,"8. If you have elected to trade cryptocurrency/digital asset products at Crypto Provider through the Clearing Broker platform, for your convenience your positions in your linked account at Crypto Provider are reflected in PortfolioAnalyst in connection with your Clearing Broker account."
Notes and Disclosure,Data,Section,1. Account Overview: The deposit/withdrawal amount displayed includes internal transfers along with cash and position transfers.
Notes and Disclosure,Data,Section,2. Projected Income: The Estimated Annual Income and Estimated Remaining Income in the Projected Income report assume dividend and bond payments remain constant throughout the year. These positions and interest rates are based on the previous business day.
Notes and Disclosure,Data,Section,"3. Risk Measures: Historical US 3 Month Treasury Bill rates are used as the risk free rates when calculating Alpha, the Sharpe ratio, the Sortino ratio, and the downside deviation."
Notes and Disclosure,Data,Disclosure,"This portfolio report was generated using Clearing Broker's PortfolioAnalyst tool, which allows Clearing Broker clients to generate analyses of their accounts using market data provided by third parties along with trade and account data contained in Clearing Broker's systems. This report is for information purposes only and is provided AS IS. Clearing Broker makes no warranty of any kind, express or implied, as to this report and its contents. The data provided for use in the PortfolioAnalyst tool is believed to be accurate, but completeness and accuracy of the information is not guaranteed, and Clearing Broker has no liability with respect thereto. The data regarding accounts held outside of Clearing Broker is obtained either directly from your input or from the financial institutions holding those accounts through a third-party service provider and Clearing Broker has NOT reviewed its accuracy.

The material in this report is intended only as a reference and should not be relied upon for the maintenance of your books and records for tax, accounting, financial, or regulatory reporting or for any other purposes. This report is not an offer or a solicitation of an offer to buy or sell any security. This material does not, and is not intended to, take into account the particular financial conditions, investment objectives, or requirements of individual customers. Before acting on any material within this report, you should consider whether it is suitable for your particular circumstances and as necessary, seek professional advice."
