Introduction,Header,Name,Account,Alias,BaseCurrency,AccountType,AnalysisPeriod,PerformanceMeasure
Introduction,Data,Paolo M Aspiazu Diaz,U17336677,,USD,Individual (Broker Client),"March 18, 2025 to January 27, 2026 (Daily)",TWR
Key Statistics,MetaInfo,Analysis Period,"March 18, 2025 - January 27, 2026"
Key Statistics,Header,BeginningNAV,EndingNAV,CumulativeReturn,5DayReturn,5DayReturnDateRange,10DayReturn,10DayReturnDateRange,BestReturn,BestReturnDate,WorstReturn,WorstReturnDate,MTM,Deposits & Withdrawals,Dividends,Interest,Fees & Commissions,Other,ChangeInNAV
Key Statistics,Data,0,7102.068294,77.55170735,6.866827329,20260121 - 20260127,5.023388038,20260114 - 20260127,13.321216218,20250409,-5.653306455,20251215,3646.6135,4000,1.36,0,-545.915201,0.009995,7102.068294
Historical Performance,MetaInfo,Analysis Period,"March 18, 2025 - January 27, 2026"
Historical Performance,Header,Account,MTD,QTD,YTD,Since Inception
Historical Performance,Data,U17336677,20.687041873,20.687041873,20.687041873,77.551707236
Historical Performance,Header,Month,Account,AccountReturn
Historical Performance,Data,202501,U17336677,-
Historical Performance,Data,202502,U17336677,-
Historical Performance,Data,202503,U17336677,-
Historical Performance,Data,202504,U17336677,3.348909421
Historical Performance,Data,202505,U17336677,14.326711444
Historical Performance,Data,202506,U17336677,8.293949488
Historical Performance,Data,202507,U17336677,0.55731778
Historical Performance,Data,202508,U17336677,3.870515325
Historical Performance,Data,202509,U17336677,22.088860124
Historical Performance,Data,202510,U17336677,13.966146888
Historical Performance,Data,202511,U17336677,-16.416788448
Historical Performance,Data,202512,U17336677,-5.348068161
Historical Performance,Header,Quarter,Account,AccountReturn
Historical Performance,Data,2025 Q1,U17336677,-
Historical Performance,Data,2025 Q2,U17336677,27.955159432
Historical Performance,Data,2025 Q3,U17336677,27.521086963
Historical Performance,Data,2025 Q4,U17336677,-9.837820408
Historical Performance,Header,Year,Account,AccountReturn
Historical Performance,Data,YTD,U17336677,20.687041873
Open Position Summary,MetaInfo,As Of,"January 27, 2026"
Open Position Summary,Header,Date,FinancialInstrument,Currency,Symbol,Description,Sector,Quantity,ClosePrice,Value,Cost Basis,UnrealizedP&L,FXRateToBase
Open Position Summary,Data,01/27/2026,Stocks,USD,APLD,APPLIED DIGITAL CORP,Technology,60,41.35,2481,2201.525834,279.474166,1
Open Position Summary,Data,01/27/2026,Stocks,USD,CELH,CELSIUS HOLDINGS INC,Consumer Non-Cyc,20,55.51,1110.2,1056.260697,53.939303,1
Open Position Summary,Data,01/27/2026,Stocks,USD,LCID,LUCID GROUP INC,Consumer Cyclicals,75,11,825,1656.46875,-831.46875,1
Open Position Summary,Data,01/27/2026,Stocks,USD,MRVL,MARVELL TECHNOLOGY INC,Technology,10,82.93,829.3,911.404477,-82.104477,1
Open Position Summary,Data,Total,Stocks,USD,,,,,,5245.5,5825.659758,-580.159758
Open Position Summary,Data,01/27/2026,Cash,USD,USD,United States Dollar,Cash,1856.568294,1,1856.568294, , ,1
Performance by Symbol,MetaInfo,Analysis Period,"March 18, 2025 - January 27, 2026"
Performance by Symbol,Header,Symbol,Description,FinancialInstrument,Sector,AvgWeight,Return,Contribution,Unrealized_P&L,Realized_P&L,Open
Performance by Symbol,Data,AA,ALCOA CORP,Stocks,Basic Materials,17.566062316,-2.193455769,-0.35051087,0.00,-21.30,No
Performance by Symbol,Data,AMD,ADVANCED MICRO DEVICES,Stocks,Technology,17.517596402,31.409747311,5.224972934,0.00,361.23,No
Performance by Symbol,Data,APLD,APPLIED DIGITAL CORP,Stocks,Technology,26.403842282,155.683515492,34.142917252,279.47,"1,591.67",Yes
Performance by Symbol,Data,CELH,CELSIUS HOLDINGS INC,Stocks,Consumer Non-Cyc,15.368226734,5.106627833,1.229901399,53.94,0.00,Yes
Performance by Symbol,Data,GOOG,ALPHABET INC-CL C,Stocks,Telecomm,21.882515982,29.972131595,6.051591038,0.00,274.85,No
Performance by Symbol,Data,INTC,INTEL CORP,Stocks,Technology,19.302085874,45.329273325,9.334851411,0.00,490.17,No
Performance by Symbol,Data,LCID,LUCID GROUP INC,Stocks,Consumer Cyclicals,16.379288832,-46.479128958,-10.522533842,-831.47,0.00,Yes
Performance by Symbol,Data,LCID.OLD,LUCID GROUP INC,Stocks,Consumer Cyclicals,9.579604591,-8.554731325,-0.848490051,0.00,0.00,No
Performance by Symbol,Data,MRVL,MARVELL TECHNOLOGY INC,Stocks,Technology,13.241119579,-8.962483649,-1.041912849,-82.10,0.00,Yes
Performance by Symbol,Data,NU,NU HOLDINGS LTD/CAYMAN ISL-A,Stocks,Financials,9.049944581,-3.196105722,-0.05405774,0.00,-16.67,No
Performance by Symbol,Data,NVDA,NVIDIA CORP,Stocks,Technology,28.688499493,70.089051701,16.473914735,0.00,687.76,No
Performance by Symbol,Data,SKX,SKECHERS USA INC-CL A,Stocks,Consumer Cyclicals,25.13244835,26.474466456,6.326358204,0.00,260.15,No
Performance by Symbol,Data,SOFI,SOFI TECHNOLOGIES INC,Stocks,Financials,13.346585764,5.541621037,0.760817092,0.00,53.00,No
Performance by Symbol,Data,Total Stocks,,,,79.010429621,92.136729844,77.551707337,-580.16,"3,680.86",
Performance by Symbol,Data,USD,United States Dollar,Cash,Cash,25.534418101,-0.000000877,0.000000008,,,Yes
Performance by Symbol,Data,Total Cash,,,,25.534418101,-0.000000877,0.000000008,,,
Performance by Symbol,Data,Total,,,,100,77.55170735,77.55170735,-580.16,"3,680.86",
Projected Income,MetaInfo,As Of,"January 27, 2026"
Projected Income,Header,Financial Instrument,Symbol,Description,Frequency,Quantity,Price,Value,Current Yield %,Principal,Estimated Annual Income,Estimated 2026 Remaining Income
Projected Income,Data,Stocks,MRVL,Ordinary Dividend,4,10,82.93,829.3,0.289400699,-,2.4,1.8
Projected Income,Data,,Total,,,,,829.3,0.289400699,,2.4,1.8
Trade Summary,MetaInfo,Analysis Period,"March 18, 2025 - January 27, 2026"
Trade Summary,Header,Financial Instrument,Currency,Symbol,Description,Sector,Quantity Bought,Average Price Bought,Proceeds Bought,Proceeds Bought in Base,Quantity Sold,Average Price Sold,Proceeds Sold,Proceeds Sold in Base
Trade Summary,Data,Stocks,United States Dollar,AA,ALCOA CORP,Basic Materials,30,31.68,-950.4,-950.4,-30,32.36,970.8,970.8
Trade Summary,Data,Stocks,United States Dollar,AMD,ADVANCED MICRO DEVICES,Technology,7,161.37,-1129.59,-1129.59,-7,218.82,1531.74,1531.74
Trade Summary,Data,Stocks,United States Dollar,APLD,APPLIED DIGITAL CORP,Technology,135,24.199259259,-3266.9,-3266.9,-75,36.5614,2742.105,2742.105
Trade Summary,Data,Stocks,United States Dollar,CELH,CELSIUS HOLDINGS INC,Consumer Non-Cyc,20,51.7788,-1035.576,-1035.576,0,0,0,0
Trade Summary,Data,Stocks,United States Dollar,GOOG,ALPHABET INC-CL C,Telecomm,6,149.975,-899.85,-899.85,-6,202.6,1215.6,1215.6
Trade Summary,Data,Stocks,United States Dollar,INTC,INTEL CORP,Technology,60,21.854533333,-1311.272,-1311.272,-60,31.075,1864.5,1864.5
Trade Summary,Data,Stocks,United States Dollar,LCID,LUCID GROUP INC,Consumer Cyclicals,50,21.8795,-1093.975,-1093.975,0,0,0,0
Trade Summary,Data,Stocks,United States Dollar,LCID.OLD,LUCID GROUP INC,Consumer Cyclicals,250,2.065,-516.25,-516.25,0,0,0,0
Trade Summary,Data,Stocks,United States Dollar,MRVL,MARVELL TECHNOLOGY INC,Technology,10,89.09,-890.9,-890.9,0,0,0,0
Trade Summary,Data,Stocks,United States Dollar,NU,NU HOLDINGS LTD/CAYMAN ISL-A,Financials,35,14.305,-500.675,-500.675,-35,15.025,525.875,525.875
Trade Summary,Data,Stocks,United States Dollar,NVDA,NVIDIA CORP,Technology,20,93.945,-1878.9,-1878.9,-20,131.42035,2628.407,2628.407
Trade Summary,Data,Stocks,United States Dollar,SKX,SKECHERS USA INC-CL A,Consumer Cyclicals,20,48.1,-962,-962,-20,63.175,1263.5,1263.5
Trade Summary,Data,Stocks,United States Dollar,SOFI,SOFI TECHNOLOGIES INC,Financials,35,26.7293,-935.5255,-935.5255,-35,29.44,1030.4,1030.4
Deposits And Withdrawals,MetaInfo,Analysis Period,"March 18, 2025 - January 27, 2026"
Deposits And Withdrawals,Header,Date,Type,Description,Amount
Deposits And Withdrawals,Data,03/18/25,NA,"Adjustment: Deposit Advance (first 1,000.00 Of 4,000.00 Deposit) ",1000
Deposits And Withdrawals,Data,03/24/25,NA,"Cancellation (first 1,000.00 Of 4,000.00 Deposit) ",-1000
Deposits And Withdrawals,Data,03/24/25,DEPOSIT,Cash Receipts / Electronic Fund Transfers ,4000
Corporate Actions,MetaInfo,Analysis Period,"March 18, 2025 - January 27, 2026"
Corporate Actions,Header,Date,Type,Description,Quantity
Corporate Actions,Data,20250901,Split,LCID.OLD(US5494981039) SPLIT 1 FOR 10,-250
Corporate Actions,Data,20250901,Split,LCID.OLD(US5494981039) SPLIT 1 FOR 10,25
Dividends,MetaInfo,Analysis Period,"March 18, 2025 - January 27, 2026"
Dividends,Header,PayDate,Ex-Date,Symbol,Quantity,DividendPerShare,Amount
Dividends,Data,20250616,20250609,GOOG,6,0.21,1.26
Dividends,Data,20250703,20250611,NVDA,10,0.01,0.1
Notes and Disclosure,Header,Type,Note
Notes and Disclosure,Data,General,"1. The Net Asset Value (NAV) consists of all positions by financial instrument (stock, securities options, warrants, bonds, cash, etc.). All non-base currency amounts are converted to the base currency at the close of period rate."
Notes and Disclosure,Data,General,2. The gain or loss from future contracts settle into cash each night. The notional value is used when computing the contribution to return.
Notes and Disclosure,Data,General,"3. Dividend accruals, interest accruals, and insured deposits are included in cash amounts throughout the report."
Notes and Disclosure,Data,General,4. Price valuations are obtained from outside parties. Clearing Broker shall have no responsibility for the accuracy or timeliness of any such price valuation.
Notes and Disclosure,Data,General,5. Data from Thomson Reuters Business Classifications and Lipper Global is used to derive our sector classifications. Funds with assorted sector allocations are classified as Broad.
Notes and Disclosure,Data,General,"6. Amounts are formatted to two decimal places. If amounts are greater than two decimal places, Clearing Broker uses "half-even" rounding. This means that Clearing Broker rounds such amounts up to the nearest even number."
Notes and Disclosure,Data,General,"7. For accounts opened and funded before 2009, reports with a time period of Since Inception will only include data going back to January 1, 2009. This includes some default reports and both Historical Performance reports."
Notes and Disclosure,Data,General,"8. If you have elected to trade cryptocurrency/digital asset products at Crypto Provider through the Clearing Broker platform, for your convenience your positions in your linked account at Crypto Provider are reflected in PortfolioAnalyst in connection with your Clearing Broker account."
Notes and Disclosure,Data,Section,1. Account Overview: The deposit/withdrawal amount displayed includes internal transfers along with cash and position transfers.
Notes and Disclosure,Data,Section,2. Projected Income: The Estimated Annual Income and Estimated Remaining Income in the Projected Income report assume dividend and bond payments remain constant throughout the year. These positions and interest rates are based on the previous business day.
Notes and Disclosure,Data,Section,"3. Risk Measures: Historical US 3 Month Treasury Bill rates are used as the risk free rates when calculating Alpha, the Sharpe ratio, the Sortino ratio, and the downside deviation."
Notes and Disclosure,Data,Disclosure,"This portfolio report was generated using Clearing Broker's PortfolioAnalyst tool, which allows Clearing Broker clients to generate analyses of their accounts using market data provided by third parties along with trade and account data contained in Clearing Broker's systems. This report is for information purposes only and is provided AS IS. Clearing Broker makes no warranty of any kind, express or implied, as to this report and its contents. The data provided for use in the PortfolioAnalyst tool is believed to be accurate, but completeness and accuracy of the information is not guaranteed, and Clearing Broker has no liability with respect thereto. The data regarding accounts held outside of Clearing Broker is obtained either directly from your input or from the financial institutions holding those accounts through a third-party service provider and Clearing Broker has NOT reviewed its accuracy.

The material in this report is intended only as a reference and should not be relied upon for the maintenance of your books and records for tax, accounting, financial, or regulatory reporting or for any other purposes. This report is not an offer or a solicitation of an offer to buy or sell any security. This material does not, and is not intended to, take into account the particular financial conditions, investment objectives, or requirements of individual customers. Before acting on any material within this report, you should consider whether it is suitable for your particular circumstances and as necessary, seek professional advice."
