Introduction,Header,Name,Account,Alias,BaseCurrency,AccountType,AnalysisPeriod,PerformanceMeasure
Introduction,Data,Paolo A Durand Vivanco,U18163948,,USD,Individual (Broker Client),"May 7, 2025 to January 27, 2026 (Daily)",TWR
Key Statistics,MetaInfo,Analysis Period,"May 7, 2025 - January 27, 2026"
Key Statistics,Header,BeginningNAV,EndingNAV,CumulativeReturn,5DayReturn,5DayReturnDateRange,10DayReturn,10DayReturnDateRange,BestReturn,BestReturnDate,WorstReturn,WorstReturnDate,MTM,Deposits & Withdrawals,Dividends,Interest,Fees & Commissions,Other,ChangeInNAV
Key Statistics,Data,0,98018.482861,11.516455829,1.785262965,20260121 - 20260127,0.241716008,20260114 - 20260127,1.321261412,20250813,-1.224947791,20250729,11254.42333,86174.5,2922.56,-0.22838,-1697.221408542,-635.550680458,98018.482861
Historical Performance,MetaInfo,Analysis Period,"May 7, 2025 - January 27, 2026"
Historical Performance,Header,Account,MTD,QTD,YTD,Since Inception
Historical Performance,Data,U18163948,1.372744488,1.372744488,1.372744488,11.51645577
Historical Performance,Header,Month,Account,AccountReturn
Historical Performance,Data,202501,U18163948,-
Historical Performance,Data,202502,U18163948,-
Historical Performance,Data,202503,U18163948,-
Historical Performance,Data,202504,U18163948,-
Historical Performance,Data,202505,U18163948,-
Historical Performance,Data,202506,U18163948,1.670994498
Historical Performance,Data,202507,U18163948,-1.360036396
Historical Performance,Data,202508,U18163948,5.236295382
Historical Performance,Data,202509,U18163948,0.903412779
Historical Performance,Data,202510,U18163948,2.457198339
Historical Performance,Data,202511,U18163948,0.37435366
Historical Performance,Data,202512,U18163948,0.182848193
Historical Performance,Header,Quarter,Account,AccountReturn
Historical Performance,Data,2025 Q1,U18163948,-
Historical Performance,Data,2025 Q2,U18163948,-
Historical Performance,Data,2025 Q3,U18163948,4.742831492
Historical Performance,Data,2025 Q4,U18163948,3.028793065
Historical Performance,Header,Year,Account,AccountReturn
Historical Performance,Data,YTD,U18163948,1.372744488
Open Position Summary,MetaInfo,As Of,"January 27, 2026"
Open Position Summary,Header,Date,FinancialInstrument,Currency,Symbol,Description,Sector,Quantity,ClosePrice,Value,Cost Basis,UnrealizedP&L,FXRateToBase
Open Position Summary,Data,01/27/2026,ETFs,USD,BINC,ISHARES FLEX I A ETF-USD INC,Broad,190,53.1,10089,10082.892669,6.107331,1
Open Position Summary,Data,01/27/2026,ETFs,USD,IGLB,ISHARES 10+ YEAR INV GR CORP,Broad,400,50.93,20372,20446.089829,-74.089829,1
Open Position Summary,Data,01/27/2026,ETFs,USD,USIG,ISHARES BROAD USD INVESTMENT,Broad,390,52,20280,20263.387583,16.612417,1
Open Position Summary,Data,Total,ETFs,USD,,,,,,50741,50792.370081,-51.370081
Open Position Summary,Data,01/27/2026,Stocks,USD,AMT,AMERICAN TOWER CORP,Real Estate,20,180.07,3601.4,3389.084257,212.315743,1
Open Position Summary,Data,01/27/2026,Stocks,USD,CHKP,CHECK POINT SOFTWARE TECH,Technology,10,182.94,1829.4,1895.127257,-65.727257,1
Open Position Summary,Data,01/27/2026,Stocks,USD,DPZ,DOMINO'S PIZZA INC,Consumer Cyclicals,6,413.87,2483.22,2476.270457,6.949543,1
Open Position Summary,Data,01/27/2026,Stocks,USD,FTNT,FORTINET INC,Technology,40,81.71,3268.4,3203.619137,64.780863,1
Open Position Summary,Data,01/27/2026,Stocks,USD,MSFT,MICROSOFT CORP,Technology,7,480.58,3364.06,3152.767157,211.292843,1
Open Position Summary,Data,01/27/2026,Stocks,USD,ORCL,ORACLE CORP,Technology,15,174.9,2623.5,2649.525257,-26.025257,1
Open Position Summary,Data,01/27/2026,Stocks,USD,PEP,PEPSICO INC,Consumer Non-Cyc,25,148.78,3719.5,3494.367757,225.132243,1
Open Position Summary,Data,01/27/2026,Stocks,USD,RACE,FERRARI NV,Consumer Cyclicals,12,337.4,4048.8,4367.960914,-319.160914,1
Open Position Summary,Data,01/27/2026,Stocks,USD,SNY,SANOFI-ADR,Healthcare,100,47.49,4749,4823.320257,-74.320257,1
Open Position Summary,Data,01/27/2026,Stocks,USD,UNH,UNITEDHEALTH GROUP INC,Healthcare,7,282.7,1978.9,1995.002157,-16.102157,1
Open Position Summary,Data,01/27/2026,Stocks,USD,XYZ,BLOCK INC,Industrials,70,64.59,4521.3,4479.620797,41.679203,1
Open Position Summary,Data,Total,Stocks,USD,,,,,,36187.48,35926.665404,260.814596
Open Position Summary,Data,01/27/2026,Cash,USD,USD,United States Dollar,Cash,11090.002861,1,11090.002861, , ,1
Performance by Symbol,MetaInfo,Analysis Period,"May 7, 2025 - January 27, 2026"
Performance by Symbol,Header,Symbol,Description,FinancialInstrument,Sector,AvgWeight,Return,Contribution,Unrealized_P&L,Realized_P&L,Open
Performance by Symbol,Data,BINC,ISHARES FLEX I A ETF-USD INC,ETFs,Broad,9.417909537,1.18589516,0.115036148,6.11,0.00,Yes
Performance by Symbol,Data,IGLB,ISHARES 10+ YEAR INV GR CORP,ETFs,Broad,18.88990916,0.019004679,0.05759559,-74.09,0.00,Yes
Performance by Symbol,Data,IWM,ISHARES RUSSELL 2000 ETF,ETFs,Broad,2.801222728,7.393064478,0.20174429,0.00,213.50,No
Performance by Symbol,Data,SHV,ISHARES SHORT TREASURY BOND,ETFs,Government,43.76775411,0.007947207,0.003512618,0.00,6.41,No
Performance by Symbol,Data,SHY,ISHARES 1-3 YEAR TREASURY BO,ETFs,Government,30.265330838,0.172309639,0.079626259,0.00,0.00,No
Performance by Symbol,Data,USIG,ISHARES BROAD USD INVESTMENT,ETFs,Broad,18.797818156,0.500802099,0.121788673,16.61,0.00,Yes
Performance by Symbol,Data,Total ETFs,,,,36.036455829,7.970754519,0.578222257,-51.37,219.90,
Performance by Symbol,Data,AAPL,APPLE INC,Stocks,Technology,4.849251733,16.551810919,0.761854907,0.00,816.25,No
Performance by Symbol,Data,ABNB,AIRBNB INC-CLASS A,Stocks,Technology,3.148692614,13.73738365,0.370886247,0.00,421.45,No
Performance by Symbol,Data,ADBE,ADOBE INC,Stocks,Technology,2.817636768,-16.053543019,-0.381920365,0.00,-479.51,No
Performance by Symbol,Data,AMCR,AMCOR PLC,Stocks,Basic Materials,2.224705767,-9.242636905,-0.214354946,0.00,-231.89,No
Performance by Symbol,Data,AMT,AMERICAN TOWER CORP,Stocks,Real Estate,3.627003192,6.264693547,0.216115994,212.32,0.00,Yes
Performance by Symbol,Data,AUNA,AUNA SA-CLASS A,Stocks,Healthcare,2.675411503,-5.195453985,-0.131419852,0.00,-145.49,No
Performance by Symbol,Data,BA,BOEING CO/THE,Stocks,Industrials,2.547674035,-8.690817371,-0.227555455,0.00,-256.01,No
Performance by Symbol,Data,BBN,BLACKROCK TAXABLE MUNI BND,Stocks,Broad,8.87479196,9.228153322,0.851798645,0.00,751.24,No
Performance by Symbol,Data,BHK,BLACKROCK CORE BOND TRUST,Stocks,Broad,6.34823892,-2.041906095,-0.209224506,0.00,-414.38,No
Performance by Symbol,Data,BHK RT,BLACKROCK CORE BOND TRUST,Stocks,Broad,0.071714837,-54.644245882,-0.040442102,0.00,42.92,No
Performance by Symbol,Data,BHP,BHP GROUP LTD-SPON ADR,Stocks,Basic Materials,2.751837187,10.912270712,0.393298215,0.00,329.49,No
Performance by Symbol,Data,BMEZ,BLACKROCK HLTH SCI TRM TR II,Stocks,Broad,9.746556136,5.939661697,0.636137248,0.00,298.18,No
Performance by Symbol,Data,BMW,BAYERISCHE MOTOREN WERKE AG,Stocks,Consumer Cyclicals,2.160355597,6.257466772,0.180185755,0.00,73.54,No
Performance by Symbol,Data,BUD,ANHEUSER-BUSCH INBEV SPN ADR,Stocks,Consumer Non-Cyc,3.7716272,3.492615591,0.131193167,0.00,145.38,No
Performance by Symbol,Data,CHKP,CHECK POINT SOFTWARE TECH,Stocks,Technology,1.834887778,-3.468223941,-0.068148023,-65.73,0.00,Yes
Performance by Symbol,Data,CRM,SALESFORCE INC,Stocks,Technology,2.84469819,7.098092902,0.200257485,0.00,226.04,No
Performance by Symbol,Data,DPZ,DOMINO'S PIZZA INC,Stocks,Consumer Cyclicals,2.496710061,0.280645546,0.008081694,6.95,0.00,Yes
Performance by Symbol,Data,FTNT,FORTINET INC,Stocks,Technology,3.031640269,2.022114989,0.0579989,64.78,0.00,Yes
Performance by Symbol,Data,INTC,INTEL CORP,Stocks,Technology,2.289292328,11.591327128,0.18864192,0.00,291.94,No
Performance by Symbol,Data,JD,JD.COM INC-ADR,Stocks,Consumer Cyclicals,4.634103159,2.986764178,0.120458075,0.00,128.17,No
Performance by Symbol,Data,KMB,KIMBERLY-CLARK CORP,Stocks,Consumer Non-Cyc,3.378929114,-6.717419609,-0.303490176,0.00,-379.64,No
Performance by Symbol,Data,LMT,LOCKHEED MARTIN CORP,Stocks,Industrials,3.724285333,9.997980755,0.397919201,0.00,429.56,No
Performance by Symbol,Data,MC,LVMH MOET HENNESSY LOUIS VUI,Stocks,Consumer Cyclicals,4.847271882,30.887545625,1.348345951,0.00,"1,436.87",No
Performance by Symbol,Data,MDLZ,MONDELEZ INTERNATIONAL INC-A,Stocks,Consumer Non-Cyc,2.886181133,1.601192732,0.061699307,0.00,30.37,No
Performance by Symbol,Data,MRK,MERCK & CO INC,Stocks,Healthcare,3.383511124,12.01442904,0.50694642,0.00,513.61,No
Performance by Symbol,Data,MSFT,MICROSOFT CORP,Stocks,Technology,3.290688616,6.701821994,0.216107335,211.29,0.00,Yes
Performance by Symbol,Data,NBB,NUVEEN TAXABLE MUNICIPAL INC,Stocks,Broad,10.408884873,8.058295555,0.950126698,0.00,751.23,No
Performance by Symbol,Data,NESN,NESTLE SA-REG,Stocks,Consumer Non-Cyc,3.789270659,15.880280373,0.586415105,0.00,637.21,No
Performance by Symbol,Data,NEXA,NEXA RESOURCES SA,Stocks,Basic Materials,2.260156958,13.100523508,0.290033742,0.00,322.39,No
Performance by Symbol,Data,NKE,NIKE INC -CL B,Stocks,Consumer Cyclicals,3.457583474,22.855502382,0.874547856,0.00,843.02,No
Performance by Symbol,Data,NVO,NOVO-NORDISK A/S-SPONS ADR,Stocks,Healthcare,2.584239257,-22.60600024,-0.72824494,0.00,-800.92,No
Performance by Symbol,Data,ON,ON SEMICONDUCTOR,Stocks,Technology,2.558421281,11.353367438,0.298806184,0.00,336.77,No
Performance by Symbol,Data,ONON,ON HOLDING AG-CLASS A,Stocks,Consumer Cyclicals,3.549465759,-5.099141994,-0.191827198,0.00,-207.02,No
Performance by Symbol,Data,ORCL,ORACLE CORP,Stocks,Technology,2.692205845,-0.98226115,-0.026444492,-26.03,0.00,Yes
Performance by Symbol,Data,PEP,PEPSICO INC,Stocks,Consumer Non-Cyc,2.678247753,34.359134684,0.848670634,225.13,652.39,Yes
Performance by Symbol,Data,PG,PROCTER & GAMBLE CO/THE,Stocks,Consumer Non-Cyc,3.554291461,-4.744475686,-0.165569617,0.00,-186.01,No
Performance by Symbol,Data,PHK,PIMCO HIGH INCOME FUND,Stocks,Broad,8.608719121,3.61114836,0.393476696,0.00,92.04,No
Performance by Symbol,Data,RACE,FERRARI NV,Stocks,Consumer Cyclicals,2.76404764,-9.606392165,-0.331002195,-319.16,0.00,Yes
Performance by Symbol,Data,REGN,REGENERON PHARMACEUTICALS,Stocks,Healthcare,3.172904063,0.267597096,0.014345453,0.00,5.23,No
Performance by Symbol,Data,SBUX,STARBUCKS CORP,Stocks,Consumer Cyclicals,2.632051866,1.151519917,0.031401377,0.00,34.21,No
Performance by Symbol,Data,SNY,SANOFI-ADR,Stocks,Healthcare,4.701237309,-1.540852634,-0.079594673,-74.32,0.00,Yes
Performance by Symbol,Data,STLA,STELLANTIS NV,Stocks,Consumer Cyclicals,2.396136513,12.152678731,0.279270293,0.00,305.06,No
Performance by Symbol,Data,TSLA,TESLA INC,Stocks,Consumer Cyclicals,2.088976296,18.286799242,0.409994117,0.00,548.48,No
Performance by Symbol,Data,TXN,TEXAS INSTRUMENTS INC,Stocks,Technology,2.908095185,12.401349401,0.357985894,0.00,403.85,No
Performance by Symbol,Data,UNH,UNITEDHEALTH GROUP INC,Stocks,Healthcare,3.697093313,5.483201479,0.231999698,-16.10,270.10,Yes
Performance by Symbol,Data,UPS,UNITED PARCEL SERVICE-CL B,Stocks,Industrials,2.923018041,-8.97926073,-0.185169391,0.00,-231.96,No
Performance by Symbol,Data,XP,XP INC - CLASS A,Stocks,Financials,2.618304717,10.643990501,0.270001266,0.00,262.24,No
Performance by Symbol,Data,XYZ,BLOCK INC,Stocks,Industrials,3.461722438,35.736501689,0.865462494,41.68,904.82,Yes
Performance by Symbol,Data,Total Stocks,,,,62.230218243,9.991055903,10.444374777,260.81,"8,971.25",
Performance by Symbol,Data,CHF,Swiss Franc,Cash,Cash,0.000789867,-100,-0.01893038,,,No
Performance by Symbol,Data,EUR,Euro,Cash,Cash,0.177598697,-100,-0.039760635,,,No
Performance by Symbol,Data,USD,United States Dollar,Cash,Cash,23.578967503,8.443541383,0.461046827,,,Yes
Performance by Symbol,Data,Total Cash,,,,23.681883416,6.007735595,0.402179721,,,
Performance by Symbol,Data,Total,,,,100,11.516455827,11.516455827,209.44,"9,191.15",
Projected Income,MetaInfo,As Of,"January 27, 2026"
Projected Income,Header,Financial Instrument,Symbol,Description,Frequency,Quantity,Price,Value,Current Yield %,Principal,Estimated Annual Income,Estimated 2026 Remaining Income
Projected Income,Data,ETFs,BINC,Ordinary Dividend,12,190,53.1,10089,5.567041431,-,561.65881,480.29492
Projected Income,Data,ETFs,IGLB,Ordinary Dividend,12,400,50.93,20372,5.05305321,-,1029.408,1029.408
Projected Income,Data,ETFs,USIG,Ordinary Dividend,12,390,52,20280,4.659692308,-,944.9856,944.9856
Projected Income,Data,,Total ETFs,,,,,50741,4.998033957,,2536.05241,2454.68852
Projected Income,Data,Stocks,AMT,Ordinary Dividend,4,20,180.07,3601.4,3.776309213,-,136,136
Projected Income,Data,Stocks,DPZ,Ordinary Dividend,4,6,413.87,2483.22,1.681687486,-,41.76,41.76
Projected Income,Data,Stocks,JD,Ordinary Dividend,1,-,-,0,N/A,-,-4,-4
Projected Income,Data,Stocks,MSFT,Ordinary Dividend,4,7,480.58,3364.06,0.75741812,-,25.48,25.48
Projected Income,Data,Stocks,ORCL,Ordinary Dividend,4,15,174.9,2623.5,1.143510577,-,30,22.5
Projected Income,Data,Stocks,PEP,Ordinary Dividend,4,25,148.78,3719.5,3.824438769,-,142.25,142.25
Projected Income,Data,Stocks,RACE,Ordinary Dividend,1,12,337.4,4048.8,1.005334914,-,40.704,40.704
Projected Income,Data,Stocks,SNY,Ordinary Dividend,1,100,47.49,4749,4.622714472,-,219.53271028,219.53271028
Projected Income,Data,Stocks,UNH,Ordinary Dividend,4,7,282.7,1978.9,3.126989742,-,61.88,61.88
Projected Income,Data,,Total Stocks,,,,,26568.38,2.610647357,,693.60671028,686.10671028
Projected Income,Data,,Total,,,,,77309.38,4.177577314,,3229.65912028,3140.79523028
Trade Summary,MetaInfo,Analysis Period,"May 7, 2025 - January 27, 2026"
Trade Summary,Header,Financial Instrument,Currency,Symbol,Description,Sector,Quantity Bought,Average Price Bought,Proceeds Bought,Proceeds Bought in Base,Quantity Sold,Average Price Sold,Proceeds Sold,Proceeds Sold in Base
Trade Summary,Data,ETFs,United States Dollar,BINC,ISHARES FLEX I A ETF-USD INC,Broad,190,52.995,-10069.05,-10069.05,0,0,0,0
Trade Summary,Data,ETFs,United States Dollar,IGLB,ISHARES 10+ YEAR INV GR CORP,Broad,400,51.045,-20418,-20418,0,0,0,0
Trade Summary,Data,ETFs,United States Dollar,IWM,ISHARES RUSSELL 2000 ETF,Broad,13,227.79,-2961.27,-2961.27,-13,245.84,3195.92,3195.92
Trade Summary,Data,ETFs,United States Dollar,SHV,ISHARES SHORT TREASURY BOND,Government,731,110.24,-80585.44,-80585.44,-731,110.315,80640.265,80640.265
Trade Summary,Data,ETFs,United States Dollar,SHY,ISHARES 1-3 YEAR TREASURY BO,Government,1186,82.558468381,-97914.3435,-97914.3435,0,0,0,0
Trade Summary,Data,ETFs,United States Dollar,USIG,ISHARES BROAD USD INVESTMENT,Broad,390,51.885897436,-20235.5,-20235.5,0,0,0,0
Trade Summary,Data,Forex,Swiss Franc,USD.CHF,USD.CHF,Cash,0,0,0,0,-0.281,0.79126,0.22234406,0.27961989
Trade Summary,Data,Forex,United States Dollar,CHF.USD,CHF.USD,Cash,3267,1.2574,-4107.9258,-4107.9258,-3772.26289406,1.2563,4739.093873808,4739.093873808
Trade Summary,Data,Forex,United States Dollar,EUR.USD,EUR.USD,Cash,6069.99975,1.148743933,-6972.875387975,-6972.875387975,-7350.426058,1.161001139,8533.853023338,8533.853023338
Trade Summary,Data,Stocks,Swiss Franc,NESN,NESTLE SA-REG,Consumer Non-Cyc,45,72.55,-3264.75,-4104.117225,-45,83.87,3774.15,4761.845055
Trade Summary,Data,Stocks,Euro,BMW,BAYERISCHE MOTOREN WERKE AG,Consumer Cyclicals,25,78,-1950,-2199.795,-25,80.64,2016,2340.576
Trade Summary,Data,Stocks,Euro,MC,LVMH MOET HENNESSY LOUIS VUI,Consumer Cyclicals,9,455.5,-4099.5,-4745.17125,-9,593.1,5337.9,6217.05213
Trade Summary,Data,Stocks,United States Dollar,AAPL,APPLE INC,Technology,25,197.92,-4948,-4948,-25,231.43,5785.75,5785.75
Trade Summary,Data,Stocks,United States Dollar,ABNB,AIRBNB INC-CLASS A,Technology,55,123.19,-6775.45,-6775.45,-55,131.638181818,7240.1,7240.1
Trade Summary,Data,Stocks,United States Dollar,ADBE,ADOBE INC,Technology,9,404.636666667,-3641.73,-3641.73,-9,354.84,3193.56,3193.56
Trade Summary,Data,Stocks,United States Dollar,AMCR,AMCOR PLC,Basic Materials,270,9.235,-2493.45,-2493.45,-270,8.4907,2292.489,2292.489
Trade Summary,Data,Stocks,United States Dollar,AMT,AMERICAN TOWER CORP,Real Estate,20,168.92,-3378.4,-3378.4,0,0,0,0
Trade Summary,Data,Stocks,United States Dollar,AUNA,AUNA SA-CLASS A,Healthcare,860,6.382093023,-5488.6,-5488.6,-860,6.300930233,5418.8,5418.8
Trade Summary,Data,Stocks,United States Dollar,BA,BOEING CO/THE,Industrials,15,195.675,-2935.125,-2935.125,-15,180.0213,2700.3195,2700.3195
Trade Summary,Data,Stocks,United States Dollar,BBN,BLACKROCK TAXABLE MUNI BND,Broad,650,15.47,-10055.5,-10055.5,-650,16.7,10855,10855
Trade Summary,Data,Stocks,United States Dollar,BHK,BLACKROCK CORE BOND TRUST,Broad,770,10.36537013,-7981.335,-7981.335,-770,9.92,7638.4,7638.4
Trade Summary,Data,Stocks,United States Dollar,BHK RT,BLACKROCK CORE BOND TRUST,Broad,0,0,0,0,-770,0.09944987,76.5764,76.5764
Trade Summary,Data,Stocks,United States Dollar,BHP,BHP GROUP LTD-SPON ADR,Basic Materials,60,50.135,-3008.1,-3008.1,-60,56.005,3360.3,3360.3
Trade Summary,Data,Stocks,United States Dollar,BMEZ,BLACKROCK HLTH SCI TRM TR II,Broad,800,14.523,-11618.4,-11618.4,-800,14.96,11968,11968
Trade Summary,Data,Stocks,United States Dollar,BUD,ANHEUSER-BUSCH INBEV SPN ADR,Consumer Non-Cyc,70,59.299,-4150.93,-4150.93,-70,61.705,4319.35,4319.35
Trade Summary,Data,Stocks,United States Dollar,CHKP,CHECK POINT SOFTWARE TECH,Technology,10,188.461,-1884.61,-1884.61,0,0,0,0
Trade Summary,Data,Stocks,United States Dollar,CRM,SALESFORCE INC,Technology,13,244.15,-3173.95,-3173.95,-13,263.1622,3421.1086,3421.1086
Trade Summary,Data,Stocks,United States Dollar,DPZ,DOMINO'S PIZZA INC,Consumer Cyclicals,6,410.97,-2465.82,-2465.82,0,0,0,0
Trade Summary,Data,Stocks,United States Dollar,FTNT,FORTINET INC,Technology,40,79.815,-3192.6,-3192.6,0,0,0,0
Trade Summary,Data,Stocks,United States Dollar,INTC,INTEL CORP,Technology,120,20.885,-2506.2,-2506.2,-120,23.525,2823,2823
Trade Summary,Data,Stocks,United States Dollar,JD,JD.COM INC-ADR,Consumer Cyclicals,300,30.749533333,-9224.86,-9224.86,-300,31.383333333,9415,9415
Trade Summary,Data,Stocks,United States Dollar,KMB,KIMBERLY-CLARK CORP,Consumer Non-Cyc,40,128.9525,-5158.1,-5158.1,-40,120.27,4810.8,4810.8
Trade Summary,Data,Stocks,United States Dollar,LMT,LOCKHEED MARTIN CORP,Industrials,10,428.6,-4286,-4286,-10,473.66,4736.6,4736.6
Trade Summary,Data,Stocks,United States Dollar,MDLZ,MONDELEZ INTERNATIONAL INC-A,Consumer Non-Cyc,55,55.938,-3076.59,-3076.59,-55,56.9,3129.5,3129.5
Trade Summary,Data,Stocks,United States Dollar,MRK,MERCK & CO INC,Healthcare,70,79.000714286,-5530.05,-5530.05,-70,86.815,6077.05,6077.05
Trade Summary,Data,Stocks,United States Dollar,MSFT,MICROSOFT CORP,Technology,7,448.9,-3142.3,-3142.3,0,0,0,0
Trade Summary,Data,Stocks,United States Dollar,NBB,NUVEEN TAXABLE MUNICIPAL INC,Broad,785,15.26466242,-11982.76,-11982.76,-785,16.29,12787.65,12787.65
Trade Summary,Data,Stocks,United States Dollar,NEXA,NEXA RESOURCES SA,Basic Materials,500,4.87857,-2439.285,-2439.285,-500,5.6068,2803.4,2803.4
Trade Summary,Data,Stocks,United States Dollar,NKE,NIKE INC -CL B,Consumer Cyclicals,140,60.538214286,-8475.35,-8475.35,-140,66.9624,9374.736,9374.736
Trade Summary,Data,Stocks,United States Dollar,NVO,NOVO-NORDISK A/S-SPONS ADR,Healthcare,56,67.885,-3801.56,-3801.56,-56,54.17,3033.52,3033.52
Trade Summary,Data,Stocks,United States Dollar,ON,ON SEMICONDUCTOR,Technology,60,49.25,-2955,-2955,-60,55.24,3314.4,3314.4
Trade Summary,Data,Stocks,United States Dollar,ONON,ON HOLDING AG-CLASS A,Consumer Cyclicals,90,44.98,-4048.2,-4048.2,-90,42.945,3865.05,3865.05
Trade Summary,Data,Stocks,United States Dollar,ORCL,ORACLE CORP,Technology,15,175.9283,-2638.9245,-2638.9245,0,0,0,0
Trade Summary,Data,Stocks,United States Dollar,PEP,PEPSICO INC,Consumer Non-Cyc,66,136.625681818,-9017.295,-9017.295,-41,151.923292683,6228.855,6228.855
Trade Summary,Data,Stocks,United States Dollar,PG,PROCTER & GAMBLE CO/THE,Consumer Non-Cyc,25,156.39,-3909.75,-3909.75,-25,149.81,3745.25,3745.25
Trade Summary,Data,Stocks,United States Dollar,PHK,PIMCO HIGH INCOME FUND,Broad,2765,4.753209765,-13142.625,-13142.625,-2765,4.841703436,13387.31,13387.31
Trade Summary,Data,Stocks,United States Dollar,RACE,FERRARI NV,Consumer Cyclicals,12,362.255,-4347.06,-4347.06,0,0,0,0
Trade Summary,Data,Stocks,United States Dollar,REGN,REGENERON PHARMACEUTICALS,Healthcare,6,549.65,-3297.9,-3297.9,-6,554.005,3324.03,3324.03
Trade Summary,Data,Stocks,United States Dollar,SBUX,STARBUCKS CORP,Consumer Cyclicals,35,84.5591,-2959.5685,-2959.5685,-35,86.16,3015.6,3015.6
Trade Summary,Data,Stocks,United States Dollar,SNY,SANOFI-ADR,Healthcare,100,48.11,-4811,-4811,0,0,0,0
Trade Summary,Data,Stocks,United States Dollar,STLA,STELLANTIS NV,Consumer Cyclicals,280,8.9093,-2494.604,-2494.604,-280,10.1107,2830.996,2830.996
Trade Summary,Data,Stocks,United States Dollar,TSLA,TESLA INC,Consumer Cyclicals,10,298.88,-2988.8,-2988.8,-10,355.835,3558.35,3558.35
Trade Summary,Data,Stocks,United States Dollar,TXN,TEXAS INSTRUMENTS INC,Technology,20,162.29,-3245.8,-3245.8,-20,183.55085,3671.017,3671.017
Trade Summary,Data,Stocks,United States Dollar,UNH,UNITEDHEALTH GROUP INC,Healthcare,22,283.324318182,-6233.135,-6233.135,-15,302.66,4539.9,4539.9
Trade Summary,Data,Stocks,United States Dollar,UPS,UNITED PARCEL SERVICE-CL B,Industrials,50,92.43588,-4621.794,-4621.794,-50,88.45,4422.5,4422.5
Trade Summary,Data,Stocks,United States Dollar,XP,XP INC - CLASS A,Financials,150,16.338,-2450.7,-2450.7,-150,18.26,2739,2739
Trade Summary,Data,Stocks,United States Dollar,XYZ,BLOCK INC,Industrials,115,61.572173913,-7080.8,-7080.8,-45,78.6607,3539.7315,3539.7315
Deposits And Withdrawals,MetaInfo,Analysis Period,"May 7, 2025 - January 27, 2026"
Deposits And Withdrawals,Header,Date,Type,Description,Amount
Deposits And Withdrawals,Data,05/07/25,DEPOSIT,Cash Receipts / Electronic Fund Transfers (from Paolo Antonio Du) ,75995
Deposits And Withdrawals,Data,05/16/25,ACATIN,"ACATS Money Transfer In (ccam, 20kw74f1) ",27656.42
Deposits And Withdrawals,Data,06/12/25,ACATIN,"ACATS Money Transfer In (ccam, 20kw74f1) ",80633.86
Deposits And Withdrawals,Data,06/25/25,ACATOUT,Ishares 1-3 Year Treasury Bo (SHY) Quantity: -977,-80807.67
Deposits And Withdrawals,Data,12/29/25,ACATOUT,Ishares 1-3 Year Treasury Bo (SHY) Quantity: -209,-17303.11
Corporate Actions,MetaInfo,Analysis Period,"May 7, 2025 - January 27, 2026"
Corporate Actions,Header,Date,Type,Description,Quantity
Corporate Actions,Data,20250526,Rights,BHK(US09249E1010) SUBSCRIBABLE RIGHTS ISSUE  1 FOR 1,770
Dividends,MetaInfo,Analysis Period,"May 7, 2025 - January 27, 2026"
Dividends,Header,PayDate,Ex-Date,Symbol,Quantity,DividendPerShare,Amount
Dividends,Data,20250630,20250613,BBN,650,0.09,60.39
Dividends,Data,20250630,20250613,BHK,770,0.07,57.44
Dividends,Data,20250630,20250613,BMEZ,800,0.17,135.22
Dividends,Data,20250630,20250606,PEP,20,1.42,28.45
Dividends,Data,20250701,20250602,NKE,40,0.40,16
Dividends,Data,20250701,20250612,PHK,2115,0.05,101.52
Dividends,Data,20250701,20250613,NBB,785,0.10,75.75
Dividends,Data,20250708,20250616,MRK,40,0.81,32.4
Dividends,Data,20250731,20250715,BBN,650,0.09,60.38
Dividends,Data,20250731,20250715,BMEZ,800,0.17,133.76
Dividends,Data,20250731,20250715,BHK,770,0.07,57.44
Dividends,Data,20250801,20250711,PHK,2115,0.05,101.52
Dividends,Data,20250801,20250715,NBB,785,0.10,75.75
Dividends,Data,20250814,20250811,AAPL,25,0.26,6.5
Dividends,Data,20250826,20250818,NVO,56,0.58,32.72
Dividends,Data,20250829,20250815,BBN,650,0.10,64.09
Dividends,Data,20250829,20250815,BMEZ,800,0.16,131.97
Dividends,Data,20250829,20250815,BHK,770,0.07,57.44
Dividends,Data,20250902,20250815,NBB,785,0.10,75.75
Dividends,Data,20250902,20250811,PHK,2115,0.05,101.52
Dividends,Data,20250903,20250818,REGN,6,0.88,5.28
Dividends,Data,20250904,20250818,UPS,25,1.64,41
Dividends,Data,20250919,20250916,IWM,13,0.68,8.8
Dividends,Data,20250926,20250902,LMT,10,3.30,33
Dividends,Data,20250930,20250915,BBN,650,0.10,64.09
Dividends,Data,20250930,20250915,BMEZ,800,0.16,130.33
Dividends,Data,20250930,20250915,BHK,770,0.07,57.44
Dividends,Data,20251001,20250912,PHK,2115,0.05,101.52
Dividends,Data,20251001,20250915,NBB,785,0.10,75.75
Dividends,Data,20251002,20250905,KMB,40,1.26,50.4
Dividends,Data,20251007,20250915,MRK,40,0.81,32.4
Dividends,Data,20251031,20251015,BMEZ,800,0.11,88
Dividends,Data,20251031,20251015,BHK,770,0.07,57.44
Dividends,Data,20251031,20251015,BBN,650,0.10,64.09
Dividends,Data,20251103,20251015,NBB,785,0.10,75.75
Dividends,Data,20251103,20251014,PHK,2115,0.05,101.52
Dividends,Data,20251204,20251201,IGLB,400,0.22,86.03
Dividends,Data,20251204,20251201,USIG,390,0.20,78.71
Dividends,Data,20251204,20251201,BINC,190,0.22,42.18
Dividends,Data,20251204,20251201,BINC,190,0.00,0.32
Dividends,Data,20251204,20251201,BINC,190,0.14,25.77
Dividends,Data,20251224,20251219,BINC,190,0.43,81.36
Dividends,Data,20251224,20251219,IGLB,400,0.22,86.96
Dividends,Data,20251224,20251219,USIG,390,0.21,80.41
Dividends,Data,20260102,20251201,NKE,50,0.41,20.5
Dividends,Data,20260114,20251231,MDLZ,55,0.50,27.5
Interest Details,MetaInfo,Analysis Period,"May 7, 2025 - January 27, 2026"
Interest Details,Header,Date,Description,Amount
Interest Details,Data,20250604,EUR Debit Interest Paid for May 2025,-0.22838
Notes and Disclosure,Header,Type,Note
Notes and Disclosure,Data,General,"1. The Net Asset Value (NAV) consists of all positions by financial instrument (stock, securities options, warrants, bonds, cash, etc.). All non-base currency amounts are converted to the base currency at the close of period rate."
Notes and Disclosure,Data,General,2. The gain or loss from future contracts settle into cash each night. The notional value is used when computing the contribution to return.
Notes and Disclosure,Data,General,"3. Dividend accruals, interest accruals, and insured deposits are included in cash amounts throughout the report."
Notes and Disclosure,Data,General,4. Price valuations are obtained from outside parties. Clearing Broker shall have no responsibility for the accuracy or timeliness of any such price valuation.
Notes and Disclosure,Data,General,5. Data from Thomson Reuters Business Classifications and Lipper Global is used to derive our sector classifications. Funds with assorted sector allocations are classified as Broad.
Notes and Disclosure,Data,General,"6. Amounts are formatted to two decimal places. If amounts are greater than two decimal places, Clearing Broker uses "half-even" rounding. This means that Clearing Broker rounds such amounts up to the nearest even number."
Notes and Disclosure,Data,General,"7. For accounts opened and funded before 2009, reports with a time period of Since Inception will only include data going back to January 1, 2009. This includes some default reports and both Historical Performance reports."
Notes and Disclosure,Data,General,"8. If you have elected to trade cryptocurrency/digital asset products at Crypto Provider through the Clearing Broker platform, for your convenience your positions in your linked account at Crypto Provider are reflected in PortfolioAnalyst in connection with your Clearing Broker account."
Notes and Disclosure,Data,Section,1. Account Overview: The deposit/withdrawal amount displayed includes internal transfers along with cash and position transfers.
Notes and Disclosure,Data,Section,2. Projected Income: The Estimated Annual Income and Estimated Remaining Income in the Projected Income report assume dividend and bond payments remain constant throughout the year. These positions and interest rates are based on the previous business day.
Notes and Disclosure,Data,Section,"3. Risk Measures: Historical US 3 Month Treasury Bill rates are used as the risk free rates when calculating Alpha, the Sharpe ratio, the Sortino ratio, and the downside deviation."
Notes and Disclosure,Data,Disclosure,"This portfolio report was generated using Clearing Broker's PortfolioAnalyst tool, which allows Clearing Broker clients to generate analyses of their accounts using market data provided by third parties along with trade and account data contained in Clearing Broker's systems. This report is for information purposes only and is provided AS IS. Clearing Broker makes no warranty of any kind, express or implied, as to this report and its contents. The data provided for use in the PortfolioAnalyst tool is believed to be accurate, but completeness and accuracy of the information is not guaranteed, and Clearing Broker has no liability with respect thereto. The data regarding accounts held outside of Clearing Broker is obtained either directly from your input or from the financial institutions holding those accounts through a third-party service provider and Clearing Broker has NOT reviewed its accuracy.

The material in this report is intended only as a reference and should not be relied upon for the maintenance of your books and records for tax, accounting, financial, or regulatory reporting or for any other purposes. This report is not an offer or a solicitation of an offer to buy or sell any security. This material does not, and is not intended to, take into account the particular financial conditions, investment objectives, or requirements of individual customers. Before acting on any material within this report, you should consider whether it is suitable for your particular circumstances and as necessary, seek professional advice."
