Introduction,Header,Name,Account,Alias,BaseCurrency,AccountType,AnalysisPeriod,PerformanceMeasure
Introduction,Data,Patricia M Mosto,U13301446,,USD,Individual (Broker Client),"December 6, 2023 to January 27, 2026 (Daily)",TWR
Key Statistics,MetaInfo,Analysis Period,"December 6, 2023 - January 27, 2026"
Key Statistics,Header,BeginningNAV,EndingNAV,CumulativeReturn,5DayReturn,5DayReturnDateRange,10DayReturn,10DayReturnDateRange,BestReturn,BestReturnDate,WorstReturn,WorstReturnDate,MTM,Deposits & Withdrawals,Dividends,Interest,Fees & Commissions,Other,ChangeInNAV
Key Statistics,Data,0,64795.531074,29.590898975,2.853639285,20260121 - 20260127,1.44936996,20260114 - 20260127,13.752613082,20250409,-5.473361542,20250404,16615.6313,50000.07,4776.94,0,-6247.243114,-349.867112,64795.531074
Historical Performance,MetaInfo,Analysis Period,"December 6, 2023 - January 27, 2026"
Historical Performance,Header,Account,MTD,QTD,YTD,1 Year,Since Inception
Historical Performance,Data,U13301446,2.65578319,2.65578319,2.65578319,12.189132545,29.590898981
Historical Performance,Header,Month,Account,AccountReturn
Historical Performance,Data,202501,U13301446,-0.570035613
Historical Performance,Data,202502,U13301446,-1.506493576
Historical Performance,Data,202503,U13301446,-4.099239001
Historical Performance,Data,202504,U13301446,-2.938427534
Historical Performance,Data,202505,U13301446,10.320986536
Historical Performance,Data,202506,U13301446,6.481124709
Historical Performance,Data,202507,U13301446,-2.916563469
Historical Performance,Data,202508,U13301446,5.727521467
Historical Performance,Data,202509,U13301446,2.101125429
Historical Performance,Data,202510,U13301446,1.403178339
Historical Performance,Data,202511,U13301446,-0.295447074
Historical Performance,Data,202512,U13301446,0.024863917
Historical Performance,Data,202401,U13301446,-2.434549341
Historical Performance,Data,202402,U13301446,2.017450092
Historical Performance,Data,202403,U13301446,3.811700459
Historical Performance,Data,202404,U13301446,-2.478569022
Historical Performance,Data,202405,U13301446,2.211997428
Historical Performance,Data,202406,U13301446,2.967975351
Historical Performance,Data,202407,U13301446,1.32567783
Historical Performance,Data,202408,U13301446,-0.969614372
Historical Performance,Data,202409,U13301446,2.456261436
Historical Performance,Data,202410,U13301446,0.17286429
Historical Performance,Data,202411,U13301446,1.376708442
Historical Performance,Data,202412,U13301446,-3.286606276
Historical Performance,Header,Quarter,Account,AccountReturn
Historical Performance,Data,2025 Q1,U13301446,-6.08241077
Historical Performance,Data,2025 Q2,U13301446,14.019226244
Historical Performance,Data,2025 Q3,U13301446,4.800588519
Historical Performance,Data,2025 Q4,U13301446,1.128723927
Historical Performance,Data,2024 Q1,U13301446,3.327714671
Historical Performance,Data,2024 Q2,U13301446,2.637038876
Historical Performance,Data,2024 Q3,U13301446,2.807901055
Historical Performance,Data,2024 Q4,U13301446,-1.785660277
Historical Performance,Header,Year,Account,AccountReturn
Historical Performance,Data,YTD,U13301446,2.65578319
Historical Performance,Data,2025,U13301446,13.491483867
Historical Performance,Data,2024,U13301446,7.083444371
Open Position Summary,MetaInfo,As Of,"January 27, 2026"
Open Position Summary,Header,Date,FinancialInstrument,Currency,Symbol,Description,Sector,Quantity,ClosePrice,Value,Cost Basis,UnrealizedP&L,FXRateToBase
Open Position Summary,Data,01/27/2026,ETFs,USD,RYLD,GLOBAL X RUSSELL 2000 COV CL,Broad,1193,15.62,18634.66,17807.091447,827.568553,1
Open Position Summary,Data,01/27/2026,ETFs,USD,TLTW,ISHARES 20+ BOND BUYWRITE,Broad,569,22.89,13024.41,13115.676438,-91.266438,1
Open Position Summary,Data,Total,ETFs,USD,,,,,,31659.07,30922.767885,736.302115
Open Position Summary,Data,01/27/2026,Stocks,USD,BCAT,BLACKROCK CAPITAL ALLOC TR,Broad,1005,14.68,14753.4,15140.629384,-387.229384,1
Open Position Summary,Data,01/27/2026,Stocks,USD,FAX,ABRDN ASIA-PACIFIC INCOME,Broad,633,15.55,9843.15,10510.763755,-667.613755,1
Open Position Summary,Data,01/27/2026,Stocks,USD,STLA,STELLANTIS NV,Consumer Cyclicals,300,9.75,2925,3894.582372,-969.582372,1
Open Position Summary,Data,01/27/2026,Stocks,USD,TSLA,TESLA INC,Consumer Cyclicals,10.2463,430.9,4415.13,4521.109383,-105.979383,1
Open Position Summary,Data,Total,Stocks,USD,,,,,,31936.68,34067.084894,-2130.404894
Open Position Summary,Data,01/27/2026,Cash,USD,USD,United States Dollar,Cash,1199.781074,1,1199.781074, , ,1
Performance by Symbol,MetaInfo,Analysis Period,"December 6, 2023 - January 27, 2026"
Performance by Symbol,Header,Symbol,Description,FinancialInstrument,Sector,AvgWeight,Return,Contribution,Unrealized_P&L,Realized_P&L,Open
Performance by Symbol,Data,FXI,ISHARES CHINA LARGE-CAP ETF,ETFs,Broad,6.162875084,6.221325939,0.39420605,0.00,193.54,No
Performance by Symbol,Data,IWM,ISHARES RUSSELL 2000 ETF,ETFs,Broad,10.038739669,2.863235067,0.284876942,0.00,125.36,No
Performance by Symbol,Data,JNUG,DIREXION DAILY JUNIOR GOLD M,ETFs,Broad,5.020477562,9.45358645,0.506572873,0.00,251.46,No
Performance by Symbol,Data,KWEB,KRANESH CSI CHINA INTERNET,ETFs,Technology,4.85593973,-3.589403353,-0.172852751,0.00,-94.07,No
Performance by Symbol,Data,RYLD,GLOBAL X RUSSELL 2000 COV CL,ETFs,Broad,29.37158944,9.893930228,2.854263176,827.57,0.00,Yes
Performance by Symbol,Data,SHV,ISHARES SHORT TREASURY BOND,ETFs,Government,97.370308401,0.177963051,0.173250465,0.00,-65.28,No
Performance by Symbol,Data,TLTW,ISHARES 20+ BOND BUYWRITE,ETFs,Broad,21.254882246,4.431513773,0.957881936,-91.27,0.00,Yes
Performance by Symbol,Data,Total ETFs,,,,39.769712842,10.981589098,5.059712902,736.30,411.00,
Performance by Symbol,Data,AMZN  250117C00205000,AMZN 17JAN25 205 C,Options,Consumer Cyclicals,-3.764354613,-73.198781475,3.771422115,0.00,"2,078.13",No
Performance by Symbol,Data,AMZN  250117P00190000,AMZN 17JAN25 190 P,Options,Consumer Cyclicals,6.45361941,150.4361755,7.400837297,0.00,"4,030.03",No
Performance by Symbol,Data,BABA  250117C00085000,BABA 17JAN25 85 C,Options,Technology,-6.609329553,58.416759312,-3.139537892,0.00,"-1,669.98",No
Performance by Symbol,Data,BABA  250117P00075000,BABA 17JAN25 75 P,Options,Technology,3.69886039,-67.247491668,-4.133872848,0.00,"-2,293.93",No
Performance by Symbol,Data,NKE   250117C00080000,NKE 17JAN25 80 C,Options,Consumer Cyclicals,-1.783786912,134.463442017,-1.913549314,0.00,"-1,061.19",No
Performance by Symbol,Data,NKE   250117P00070000,NKE 17JAN25 70 P,Options,Consumer Cyclicals,1.544261429,-64.771938617,-1.075607785,0.00,-591.30,No
Performance by Symbol,Data,NKE   250321C00087500,NKE 21MAR25 87.5 C,Options,Consumer Cyclicals,-6.665437691,104.031627987,-4.972616102,0.00,"-2,816.33",No
Performance by Symbol,Data,NKE   250321P00077500,NKE 21MAR25 77.5 P,Options,Consumer Cyclicals,5.045246311,-61.415547327,-4.072599128,0.00,"-2,305.98",No
Performance by Symbol,Data,Total Options,,,,-1.25008839,-410402.657434027,-8.805053695,0.00,"-4,630.56",
Performance by Symbol,Data,AAL,AMERICAN AIRLINES GROUP INC,Stocks,Industrials,8.47955845,2.683334606,0.227719291,0.00,120.40,No
Performance by Symbol,Data,AAP,ADVANCE AUTO PARTS INC,Stocks,Consumer Cyclicals,2.7196379,18.965734993,0.481511944,0.00,248.62,No
Performance by Symbol,Data,AAPL,APPLE INC,Stocks,Technology,9.99326868,14.466340093,1.463101065,0.00,777.79,No
Performance by Symbol,Data,ADBE,ADOBE INC,Stocks,Technology,15.325515591,8.405152741,1.534389754,0.00,864.11,No
Performance by Symbol,Data,ADI,ANALOG DEVICES INC,Stocks,Technology,1.84523844,0.949156668,0.02048027,0.00,5.97,No
Performance by Symbol,Data,AMD,ADVANCED MICRO DEVICES,Stocks,Technology,5.01445068,1.526355492,0.250690322,0.00,48.01,No
Performance by Symbol,Data,AMZN,AMAZON.COM INC,Stocks,Consumer Cyclicals,12.946723185,-0.275489765,-10.381440331,0.00,"-6,058.09",No
Performance by Symbol,Data,BA,BOEING CO/THE,Stocks,Industrials,8.335567155,-2.116704188,-0.172508832,0.00,-100.17,No
Performance by Symbol,Data,BABA,ALIBABA GROUP HOLDING-SP ADR,Stocks,Technology,26.339668318,23.388280674,10.445532313,0.00,"5,646.10",No
Performance by Symbol,Data,BAC,BANK OF AMERICA CORP,Stocks,Financials,3.194311809,4.630442034,0.30545174,0.00,155.93,No
Performance by Symbol,Data,BCAT,BLACKROCK CAPITAL ALLOC TR,Stocks,Broad,21.33654752,5.874138652,1.292339007,-387.23,0.00,Yes
Performance by Symbol,Data,BHP,BHP GROUP LTD-SPON ADR,Stocks,Basic Materials,5.386550994,-2.795326602,-0.156570963,0.00,-83.30,No
Performance by Symbol,Data,BIDU,BAIDU INC - SPON ADR,Stocks,Technology,3.724297755,-9.30620626,-0.375892428,0.00,-207.82,No
Performance by Symbol,Data,BMY,BRISTOL-MYERS SQUIBB CO,Stocks,Healthcare,6.959422609,-3.440116236,-0.232908852,0.00,-151.57,No
Performance by Symbol,Data,C,CITIGROUP INC,Stocks,Financials,7.830700537,3.296294608,0.255665753,0.00,136.03,No
Performance by Symbol,Data,CCL,CARNIVAL CORP,Stocks,Consumer Cyclicals,6.155573606,1.435733242,0.085716432,0.00,51.82,No
Performance by Symbol,Data,CELH,CELSIUS HOLDINGS INC,Stocks,Consumer Non-Cyc,7.841833978,40.478502133,3.235583685,0.00,"1,710.88",No
Performance by Symbol,Data,COIN,COINBASE GLOBAL INC -CLASS A,Stocks,Technology,4.854168021,13.677666847,0.66393693,0.00,340.38,No
Performance by Symbol,Data,DIS,WALT DISNEY CO/THE,Stocks,Telecomm,13.391411245,24.663545955,1.903184115,0.00,969.18,No
Performance by Symbol,Data,DOCU,DOCUSIGN INC,Stocks,Technology,4.260755858,10.306197459,0.428293272,0.00,219.54,No
Performance by Symbol,Data,EBAY,EBAY INC,Stocks,Consumer Cyclicals,3.305095118,11.577352674,0.382066069,0.00,192.23,No
Performance by Symbol,Data,ESTC,ELASTIC NV,Stocks,Technology,2.105461224,-19.808231811,-0.421931811,0.00,-218.08,No
Performance by Symbol,Data,FAX,ABRDN ASIA-PACIFIC INCOME,Stocks,Broad,15.727850656,-2.830966591,-0.493565295,-667.61,0.00,Yes
Performance by Symbol,Data,FCX,FREEPORT-MCMORAN INC,Stocks,Basic Materials,8.723434262,9.21820367,0.787061322,0.00,419.32,No
Performance by Symbol,Data,FL,FOOT LOCKER INC,Stocks,Consumer Cyclicals,2.034120621,-34.679584365,-0.716868392,0.00,-364.45,No
Performance by Symbol,Data,FTNT,FORTINET INC,Stocks,Technology,3.866686002,-9.289914962,-0.402862681,0.00,-214.23,No
Performance by Symbol,Data,GOLD.OLD,BARRICK MINING CORP,Stocks,Basic Materials,6.831387539,9.082486052,0.597751641,0.00,299.09,No
Performance by Symbol,Data,GOOG,ALPHABET INC-CL C,Stocks,Telecomm,8.74882653,3.783620338,0.507076153,0.00,198.04,No
Performance by Symbol,Data,GOOGL,ALPHABET INC-CL A,Stocks,Telecomm,7.99093773,2.392165969,0.183706096,0.00,95.25,No
Performance by Symbol,Data,HMC,HONDA MOTOR CO LTD-SPONS ADR,Stocks,Consumer Cyclicals,3.411017235,5.160843758,0.172866142,0.00,91.37,No
Performance by Symbol,Data,HSBC,HSBC HOLDINGS PLC-SPONS ADR,Stocks,Financials,-0.736966335,5.102473609,-0.308061202,0.00,-158.67,No
Performance by Symbol,Data,INTC,INTEL CORP,Stocks,Technology,14.915552898,1.291314983,1.271326141,0.00,602.36,No
Performance by Symbol,Data,JD,JD.COM INC-ADR,Stocks,Consumer Cyclicals,6.897584329,16.48741455,1.20292837,0.00,602.18,No
Performance by Symbol,Data,LLY,ELI LILLY & CO,Stocks,Healthcare,11.17223291,16.76730257,1.781398575,0.00,"1,003.72",No
Performance by Symbol,Data,LOGI,LOGITECH INTERNATIONAL-REG,Stocks,Technology,3.84679171,9.260208569,0.348421164,0.00,186.57,No
Performance by Symbol,Data,LVS,LAS VEGAS SANDS CORP,Stocks,Consumer Cyclicals,7.57727154,3.641653283,0.274143764,0.00,140.32,No
Performance by Symbol,Data,MDLZ,MONDELEZ INTERNATIONAL INC-A,Stocks,Consumer Non-Cyc,6.27925683,9.310965639,0.488497715,0.00,269.68,No
Performance by Symbol,Data,MDT,MEDTRONIC PLC,Stocks,Healthcare,6.256260998,3.819904716,0.307203465,0.00,153.60,No
Performance by Symbol,Data,META,META PLATFORMS INC-CLASS A,Stocks,Telecomm,3.695160263,0.226399055,0.001073837,0.00,5.64,No
Performance by Symbol,Data,MSFT,MICROSOFT CORP,Stocks,Technology,11.2699115,13.172820961,1.757506964,0.00,799.10,No
Performance by Symbol,Data,NEM,NEWMONT CORP,Stocks,Basic Materials,9.753650155,5.631488011,0.667255081,0.00,353.91,No
Performance by Symbol,Data,NIO,NIO INC - ADR,Stocks,Consumer Cyclicals,1.201531515,-46.291718861,-0.187025386,0.00,-115.51,No
Performance by Symbol,Data,NKE,NIKE INC -CL B,Stocks,Consumer Cyclicals,16.240225634,21.790155105,12.692662183,0.00,"6,770.70",No
Performance by Symbol,Data,NTES,NETEASE INC-ADR,Stocks,Technology,1.978215464,13.690112654,0.256613137,0.00,127.80,No
Performance by Symbol,Data,NVDA,NVIDIA CORP,Stocks,Technology,14.103478496,-0.428505647,0.529453529,0.00,-41.58,No
Performance by Symbol,Data,OKTA,OKTA INC,Stocks,Technology,4.186532231,10.528295766,0.440342326,0.00,229.09,No
Performance by Symbol,Data,OPEN,OPENDOOR TECHNOLOGIES INC,Stocks,Real Estate,1.829571842,-25.039455158,-0.510791759,0.00,-265.45,No
Performance by Symbol,Data,PSFE,PAYSAFE LTD,Stocks,Technology,4.159011592,6.465519884,0.266543555,0.00,149.20,No
Performance by Symbol,Data,PYPL,PAYPAL HOLDINGS INC,Stocks,Financials,7.97635528,3.480205425,0.255558724,0.00,88.57,No
Performance by Symbol,Data,QFIN,QFIN HOLDINGS INC-ADR,Stocks,Financials,7.025374493,5.92114722,0.41612722,0.00,219.81,No
Performance by Symbol,Data,RBLX,ROBLOX CORP -CLASS A,Stocks,Technology,3.931522003,10.096702977,0.391188669,0.00,205.46,No
Performance by Symbol,Data,SEDG,SOLAREDGE TECHNOLOGIES INC,Stocks,Energy,1.977888427,-18.013531681,-0.360840455,0.00,-185.74,No
Performance by Symbol,Data,SKX,SKECHERS USA INC-CL A,Stocks,Consumer Cyclicals,5.27417185,-3.377253609,-0.120150591,0.00,-106.71,No
Performance by Symbol,Data,SNOW,SNOWFLAKE INC,Stocks,Technology,9.130655251,13.411360321,1.224545075,0.00,695.27,No
Performance by Symbol,Data,SOFI,SOFI TECHNOLOGIES INC,Stocks,Financials,4.851560533,0.892184893,0.050280539,0.00,25.90,No
Performance by Symbol,Data,SQM,QUIMICA Y MINERA CHIL-SP ADR,Stocks,Basic Materials,4.09584495,11.991490708,0.482819679,0.00,241.19,No
Performance by Symbol,Data,STLA,STELLANTIS NV,Stocks,Consumer Cyclicals,5.670546039,-19.517997038,-1.313665619,-969.58,0.00,Yes
Performance by Symbol,Data,STM,STMICROELECTRONICS NV-NY SHS,Stocks,Technology,4.661829307,-5.778899803,-0.294583502,0.00,-159.75,No
Performance by Symbol,Data,STNE,STONECO LTD-A,Stocks,Technology,2.876217999,-33.656391547,-1.083873578,0.00,-593.87,No
Performance by Symbol,Data,TM,TOYOTA MOTOR CORP -SPON ADR,Stocks,Consumer Cyclicals,8.722428311,-6.606578592,-0.616596327,0.00,-337.15,No
Performance by Symbol,Data,TSLA,TESLA INC,Stocks,Consumer Cyclicals,6.248806461,5.368687083,0.161471133,-105.98,146.27,Yes
Performance by Symbol,Data,TTWO,TAKE-TWO INTERACTIVE SOFTWRE,Stocks,Telecomm,4.043567608,3.481432007,0.138328227,0.00,79.75,No
Performance by Symbol,Data,U,UNITY SOFTWARE INC,Stocks,Technology,2.930548408,-22.388065941,-0.724011929,0.00,-375.88,No
Performance by Symbol,Data,VALE,VALE SA-SP ADR,Stocks,Basic Materials,6.909325279,3.98978469,0.286291166,0.00,147.77,No
Performance by Symbol,Data,WPM,WHEATON PRECIOUS METALS CORP,Stocks,Basic Materials,8.916329919,4.960971889,0.435677856,0.00,228.23,No
Performance by Symbol,Data,XP,XP INC - CLASS A,Stocks,Financials,1.995296901,-27.373957909,-0.625559284,0.00,-342.07,No
Performance by Symbol,Data,Total Stocks,,,,73.855943431,45.191920332,31.319450399,"-2,130.40","15,982.06",
Performance by Symbol,Data,USD,United States Dollar,Cash,Cash,8.223805935,600.46548214,1.372139027,,,Yes
Performance by Symbol,Data,Total Cash,,,,8.223805935,600.46548214,1.372139027,,,
Performance by Symbol,Data,Total,,,,100,29.590898975,29.590898975,"-1,394.10","11,762.50",
Projected Income,MetaInfo,As Of,"January 27, 2026"
Projected Income,Header,Financial Instrument,Symbol,Description,Frequency,Quantity,Price,Value,Current Yield %,Principal,Estimated Annual Income,Estimated 2026 Remaining Income
Projected Income,Data,ETFs,RYLD,Ordinary Dividend,11,1193,15.62,18634.66,11.077464789,-,2064.2479,2064.2479
Projected Income,Data,ETFs,TLTW,Ordinary Dividend,12,569,22.89,13024.41,9.798621689,-,1276.212663117,1276.212663117
Projected Income,Data,,Total ETFs,,,,,31659.07,10.551354045,,3340.460563117,3340.460563117
Projected Income,Data,Stocks,BCAT,Ordinary Dividend,12,1005,14.68,14753.4,21.313079019,-,3144.4038,2882.37015
Projected Income,Data,Stocks,FAX,Ordinary Dividend,12,633,15.55,9843.15,12.733118971,-,1253.34,1148.895
Projected Income,Data,Stocks,STLA,Ordinary Dividend,1,300,9.75,2925,7.934698057,-,232.089918157,232.089918157
Projected Income,Data,,Total Stocks,,,,,27521.55,16.822576193,,4629.833718157,4263.355068157
Projected Income,Data,,Total,,,,,59180.62,13.467743801,,7970.294281274,7603.815631274
Trade Summary,MetaInfo,Analysis Period,"December 6, 2023 - January 27, 2026"
Trade Summary,Header,Financial Instrument,Currency,Symbol,Description,Sector,Quantity Bought,Average Price Bought,Proceeds Bought,Proceeds Bought in Base,Quantity Sold,Average Price Sold,Proceeds Sold,Proceeds Sold in Base
Trade Summary,Data,ETFs,United States Dollar,FXI,ISHARES CHINA LARGE-CAP ETF,Broad,200,24.025,-4805,-4805,-200,25.4525,5090.5,5090.5
Trade Summary,Data,ETFs,United States Dollar,IWM,ISHARES RUSSELL 2000 ETF,Broad,30,204.029073333,-6120.8722,-6120.8722,-30,210.4015,6312.045,6312.045
Trade Summary,Data,ETFs,United States Dollar,JNUG,DIREXION DAILY JUNIOR GOLD M,Broad,100,26.3188,-2631.88,-2631.88,-100,29.394,2939.4,2939.4
Trade Summary,Data,ETFs,United States Dollar,KWEB,KRANESH CSI CHINA INTERNET,Technology,100,26.1988,-2619.88,-2619.88,-100,25.7813,2578.13,2578.13
Trade Summary,Data,ETFs,United States Dollar,RYLD,GLOBAL X RUSSELL 2000 COV CL,Broad,1193,14.8293,-17691.3549,-17691.3549,0,0,0,0
Trade Summary,Data,ETFs,United States Dollar,SHV,ISHARES SHORT TREASURY BOND,Government,500,110.24975,-55124.875,-55124.875,-500,110.362,55181,55181
Trade Summary,Data,ETFs,United States Dollar,TLTW,ISHARES 20+ BOND BUYWRITE,Broad,569,22.935,-13050.015,-13050.015,0,0,0,0
Trade Summary,Data,Options,United States Dollar,AMZN  250117C00205000,AMZN 17JAN25 205 C,Consumer Cyclicals,2,3.65,-730,-730,-2,14.35,2870,2870
Trade Summary,Data,Options,United States Dollar,AMZN  250117P00190000,AMZN 17JAN25 190 P,Consumer Cyclicals,2,13.24,-2648,-2648,-2,33.7,6740,6740
Trade Summary,Data,Options,United States Dollar,BABA  250117C00085000,BABA 17JAN25 85 C,Technology,6,7.46,-4476,-4476,-6,4.85,2910,2910
Trade Summary,Data,Options,United States Dollar,BABA  250117P00075000,BABA 17JAN25 75 P,Technology,6,5.6,-3360,-3360,-6,1.95,1170,1170
Trade Summary,Data,Options,United States Dollar,NKE   250117C00080000,NKE 17JAN25 80 C,Consumer Cyclicals,2,9.1,-1820,-1820,-2,4.1,820,820
Trade Summary,Data,Options,United States Dollar,NKE   250117P00070000,NKE 17JAN25 70 P,Consumer Cyclicals,2,4.41,-882,-882,-2,1.76,352,352
Trade Summary,Data,Options,United States Dollar,NKE   250321C00087500,NKE 21MAR25 87.5 C,Consumer Cyclicals,6,9.12,-5472,-5472,-6,4.6,2760,2760
Trade Summary,Data,Options,United States Dollar,NKE   250321P00077500,NKE 21MAR25 77.5 P,Consumer Cyclicals,6,6.17,-3702,-3702,-6,2.5,1500,1500
Trade Summary,Data,Stocks,United States Dollar,AAL,AMERICAN AIRLINES GROUP INC,Industrials,300,14.81,-4443,-4443,-300,15.505,4651.5,4651.5
Trade Summary,Data,Stocks,United States Dollar,AAP,ADVANCE AUTO PARTS INC,Consumer Cyclicals,20,64.45,-1289,-1289,-20,79.07,1581.4,1581.4
Trade Summary,Data,Stocks,United States Dollar,AAPL,APPLE INC,Technology,55,182.570454545,-10041.375,-10041.375,-55,198.349090909,10909.2,10909.2
Trade Summary,Data,Stocks,United States Dollar,ADBE,ADOBE INC,Technology,20,478.575,-9571.5,-9571.5,-20,525,10500,10500
Trade Summary,Data,Stocks,United States Dollar,ADI,ANALOG DEVICES INC,Technology,5,189.31,-946.55,-946.55,-5,198.8,994,994
Trade Summary,Data,Stocks,United States Dollar,AMD,ADVANCED MICRO DEVICES,Technology,25,124.93,-3123.25,-3123.25,-25,128.63,3215.75,3215.75
Trade Summary,Data,Stocks,United States Dollar,AMZN,AMAZON.COM INC,Consumer Cyclicals,245,190.342816327,-46633.99,-46633.99,-245,166.274183673,40737.175,40737.175
Trade Summary,Data,Stocks,United States Dollar,BA,BOEING CO/THE,Industrials,25,188.4,-4710,-4710,-25,186.180288,4654.5072,4654.5072
Trade Summary,Data,Stocks,United States Dollar,BABA,ALIBABA GROUP HOLDING-SP ADR,Technology,670,76.66738806,-51367.15,-51367.15,-670,85.40761194,57223.1,57223.1
Trade Summary,Data,Stocks,United States Dollar,BAC,BANK OF AMERICA CORP,Financials,100,33.395,-3339.5,-3339.5,-100,35.515,3551.5,3551.5
Trade Summary,Data,Stocks,United States Dollar,BCAT,BLACKROCK CAPITAL ALLOC TR,Broad,1005,14.942766169,-15017.48,-15017.48,0,0,0,0
Trade Summary,Data,Stocks,United States Dollar,BHP,BHP GROUP LTD-SPON ADR,Basic Materials,50,59.117,-2955.85,-2955.85,-50,58.42,2921,2921
Trade Summary,Data,Stocks,United States Dollar,BIDU,BAIDU INC - SPON ADR,Technology,20,110.56,-2211.2,-2211.2,-20,102.3605,2047.21,2047.21
Trade Summary,Data,Stocks,United States Dollar,BMY,BRISTOL-MYERS SQUIBB CO,Healthcare,70,50.385,-3526.95,-3526.95,-70,48.955,3426.85,3426.85
Trade Summary,Data,Stocks,United States Dollar,C,CITIGROUP INC,Financials,70,58.585,-4100.95,-4100.95,-70,61.266571429,4288.66,4288.66
Trade Summary,Data,Stocks,United States Dollar,CCL,CARNIVAL CORP,Consumer Cyclicals,200,17.865,-3573,-3573,-200,18.485,3697,3697
Trade Summary,Data,Stocks,United States Dollar,CELH,CELSIUS HOLDINGS INC,Consumer Non-Cyc,135,31.08,-4195.8,-4195.8,-135,44.21,5968.35,5968.35
Trade Summary,Data,Stocks,United States Dollar,COIN,COINBASE GLOBAL INC -CLASS A,Technology,15,164.47,-2467.05,-2467.05,-15,190.03,2850.45,2850.45
Trade Summary,Data,Stocks,United States Dollar,DIS,WALT DISNEY CO/THE,Telecomm,221,102.987488688,-22760.235,-22760.235,-221,108.265475113,23926.67,23926.67
Trade Summary,Data,Stocks,United States Dollar,DOCU,DOCUSIGN INC,Technology,40,52.67,-2106.8,-2106.8,-40,59.33,2373.2,2373.2
Trade Summary,Data,Stocks,United States Dollar,EBAY,EBAY INC,Consumer Cyclicals,40,40.925,-1637,-1637,-40,46.9,1876,1876
Trade Summary,Data,Stocks,United States Dollar,ESTC,ELASTIC NV,Technology,8,135,-1080,-1080,-8,112.98,903.84,903.84
Trade Summary,Data,Stocks,United States Dollar,FAX,ABRDN ASIA-PACIFIC INCOME,Broad,633,16.49,-10438.17,-10438.17,0,0,0,0
Trade Summary,Data,Stocks,United States Dollar,FCX,FREEPORT-MCMORAN INC,Basic Materials,100,45.208,-4520.8,-4520.8,-100,49.962,4996.2,4996.2
Trade Summary,Data,Stocks,United States Dollar,FL,FOOT LOCKER INC,Consumer Cyclicals,30,34.275,-1028.25,-1028.25,-30,23.64,709.2,709.2
Trade Summary,Data,Stocks,United States Dollar,FTNT,FORTINET INC,Technology,35,65.23,-2283.05,-2283.05,-35,60.43,2115.05,2115.05
Trade Summary,Data,Stocks,United States Dollar,GOLD.OLD,BARRICK MINING CORP,Basic Materials,200,16.285,-3257,-3257,-200,18.141,3628.2,3628.2
Trade Summary,Data,Stocks,United States Dollar,GOOG,ALPHABET INC-CL C,Telecomm,60,158.73025,-9523.815,-9523.815,-60,163.88085,9832.851,9832.851
Trade Summary,Data,Stocks,United States Dollar,GOOGL,ALPHABET INC-CL A,Telecomm,30,131.975,-3959.25,-3959.25,-30,136.6613,4099.839,4099.839
Trade Summary,Data,Stocks,United States Dollar,HMC,HONDA MOTOR CO LTD-SPONS ADR,Consumer Cyclicals,50,34.925,-1746.25,-1746.25,-50,37.7201,1886.005,1886.005
Trade Summary,Data,Stocks,United States Dollar,HSBC,HSBC HOLDINGS PLC-SPONS ADR,Financials,100,38.4075,-3840.75,-3840.75,-100,37.585,3758.5,3758.5
Trade Summary,Data,Stocks,United States Dollar,INTC,INTEL CORP,Technology,400,22.544285,-9017.714,-9017.714,-400,24.3607,9744.28,9744.28
Trade Summary,Data,Stocks,United States Dollar,JD,JD.COM INC-ADR,Consumer Cyclicals,300,25.095,-7528.5,-7528.5,-300,27.53,8259,8259
Trade Summary,Data,Stocks,United States Dollar,LLY,ELI LILLY & CO,Healthcare,8,745.6498,-5965.1984,-5965.1984,-8,876.38,7011.04,7011.04
Trade Summary,Data,Stocks,United States Dollar,LOGI,LOGITECH INTERNATIONAL-REG,Technology,25,79.7,-1992.5,-1992.5,-25,88.945,2223.625,2223.625
Trade Summary,Data,Stocks,United States Dollar,LVS,LAS VEGAS SANDS CORP,Consumer Cyclicals,80,47.835,-3826.8,-3826.8,-80,50.25,4020,4020
Trade Summary,Data,Stocks,United States Dollar,MDLZ,MONDELEZ INTERNATIONAL INC-A,Consumer Non-Cyc,50,60.89777,-3044.8885,-3044.8885,-50,67.2607,3363.035,3363.035
Trade Summary,Data,Stocks,United States Dollar,MDT,MEDTRONIC PLC,Healthcare,50,79.935,-3996.75,-3996.75,-50,83.975,4198.75,4198.75
Trade Summary,Data,Stocks,United States Dollar,META,META PLATFORMS INC-CLASS A,Telecomm,5,493.87,-2469.35,-2469.35,-5,503.305,2516.525,2516.525
Trade Summary,Data,Stocks,United States Dollar,MSFT,MICROSOFT CORP,Technology,15,413.02,-6195.3,-6195.3,-15,469.16,7037.4,7037.4
Trade Summary,Data,Stocks,United States Dollar,NEM,NEWMONT CORP,Basic Materials,185,37.012297297,-6847.275,-6847.275,-185,39.41,7290.85,7290.85
Trade Summary,Data,Stocks,United States Dollar,NIO,NIO INC - ADR,Consumer Cyclicals,600,7.329166667,-4397.5,-4397.5,-600,7.4325,4459.5,4459.5
Trade Summary,Data,Stocks,United States Dollar,NKE,NIKE INC -CL B,Consumer Cyclicals,1460,75.220958904,-109822.6,-109822.6,-1460,80.172383562,117051.68,117051.68
Trade Summary,Data,Stocks,United States Dollar,NTES,NETEASE INC-ADR,Technology,10,91.24,-912.4,-912.4,-10,108.242,1082.42,1082.42
Trade Summary,Data,Stocks,United States Dollar,NVDA,NVIDIA CORP,Technology,65,145.065,-9429.225,-9429.225,-65,145.205,9438.325,9438.325
Trade Summary,Data,Stocks,United States Dollar,OKTA,OKTA INC,Technology,25,86.1463,-2153.6575,-2153.6575,-25,97.9076,2447.69,2447.69
Trade Summary,Data,Stocks,United States Dollar,OPEN,OPENDOOR TECHNOLOGIES INC,Real Estate,310,3.275,-1015.25,-1015.25,-310,2.771612903,859.2,859.2
Trade Summary,Data,Stocks,United States Dollar,PSFE,PAYSAFE LTD,Technology,160,14.217,-2274.72,-2274.72,-160,15.56,2489.6,2489.6
Trade Summary,Data,Stocks,United States Dollar,PYPL,PAYPAL HOLDINGS INC,Financials,245,61.374693878,-15036.8,-15036.8,-245,62.555102041,15326,15326
Trade Summary,Data,Stocks,United States Dollar,QFIN,QFIN HOLDINGS INC-ADR,Financials,200,18.281,-3656.2,-3656.2,-200,19.8406,3968.12,3968.12
Trade Summary,Data,Stocks,United States Dollar,RBLX,ROBLOX CORP -CLASS A,Technology,50,40.215,-2010.75,-2010.75,-50,45.292,2264.6,2264.6
Trade Summary,Data,Stocks,United States Dollar,SEDG,SOLAREDGE TECHNOLOGIES INC,Energy,12,84.155,-1009.86,-1009.86,-12,72.22,866.64,866.64
Trade Summary,Data,Stocks,United States Dollar,SKX,SKECHERS USA INC-CL A,Consumer Cyclicals,50,62.71,-3135.5,-3135.5,-50,61.545,3077.25,3077.25
Trade Summary,Data,Stocks,United States Dollar,SNOW,SNOWFLAKE INC,Technology,40,129.02,-5160.8,-5160.8,-40,147.58,5903.2,5903.2
Trade Summary,Data,Stocks,United States Dollar,SOFI,SOFI TECHNOLOGIES INC,Financials,200,14.335,-2867,-2867,-200,14.825,2965,2965
Trade Summary,Data,Stocks,United States Dollar,SQM,QUIMICA Y MINERA CHIL-SP ADR,Basic Materials,40,49.7,-1988,-1988,-40,56.9,2276,2276
Trade Summary,Data,Stocks,United States Dollar,STLA,STELLANTIS NV,Consumer Cyclicals,300,12.835,-3850.5,-3850.5,0,0,0,0
Trade Summary,Data,Stocks,United States Dollar,STM,STMICROELECTRONICS NV-NY SHS,Technology,60,44.77,-2686.2,-2686.2,-60,42.9405,2576.43,2576.43
Trade Summary,Data,Stocks,United States Dollar,STNE,STONECO LTD-A,Technology,100,17.365,-1736.5,-1736.5,-100,11.99,1199,1199
Trade Summary,Data,Stocks,United States Dollar,TM,TOYOTA MOTOR CORP -SPON ADR,Consumer Cyclicals,23,220.92,-5081.16,-5081.16,-23,208.19,4788.37,4788.37
Trade Summary,Data,Stocks,United States Dollar,TSLA,TESLA INC,Consumer Cyclicals,20.2463,312.69281286,-6330.872497,-6330.872497,-10,201.94,2019.4,2019.4
Trade Summary,Data,Stocks,United States Dollar,TTWO,TAKE-TWO INTERACTIVE SOFTWRE,Telecomm,10,226.9505,-2269.505,-2269.505,-10,239.149,2391.49,2391.49
Trade Summary,Data,Stocks,United States Dollar,U,UNITY SOFTWARE INC,Technology,50,33.095,-1654.75,-1654.75,-50,26.545,1327.25,1327.25
Trade Summary,Data,Stocks,United States Dollar,VALE,VALE SA-SP ADR,Basic Materials,300,12.2,-3660,-3660,-300,12.985,3895.5,3895.5
Trade Summary,Data,Stocks,United States Dollar,WPM,WHEATON PRECIOUS METALS CORP,Basic Materials,90,50.815,-4573.35,-4573.35,-90,53.96,4856.4,4856.4
Trade Summary,Data,Stocks,United States Dollar,XP,XP INC - CLASS A,Financials,50,24.51,-1225.5,-1225.5,-50,18.635,931.75,931.75
Deposits And Withdrawals,MetaInfo,Analysis Period,"December 6, 2023 - January 27, 2026"
Deposits And Withdrawals,Header,Date,Type,Description,Amount
Deposits And Withdrawals,Data,12/06/23,DEPOSIT,Cash Receipts / Electronic Fund Transfers ,50000
Deposits And Withdrawals,Data,12/19/24,NA,Adjustment: Commission (consolidated Audit Trail Fee Refund) ,0.07
Dividends,MetaInfo,Analysis Period,"December 6, 2023 - January 27, 2026"
Dividends,Header,PayDate,Ex-Date,Symbol,Quantity,DividendPerShare,Amount
Dividends,Data,20231229,20231227,KWEB,100,0.04,4.19
Dividends,Data,20240112,20231219,MDT,50,0.69,34.51
Dividends,Data,20240201,20240104,BMY,70,0.60,42
Dividends,Data,20240215,20240209,AAPL,30,0.24,7.2
Dividends,Data,20240315,20240304,ADI,5,0.92,4.6
Dividends,Data,20240327,20240321,IWM,20,0.52,10.44
Dividends,Data,20240401,20240229,BAC,100,0.24,24
Dividends,Data,20240516,20240510,AAPL,25,0.25,6.25
Dividends,Data,20240617,20240611,IWM,30,0.56,16.87
Dividends,Data,20240626,20240614,META,5,0.50,2.5
Dividends,Data,20240703,20240625,STM,60,0.09,5.4
Dividends,Data,20240703,20240625,STM,60,-0.09,-5.4
Dividends,Data,20240703,20240625,STM,60,0.09,5.4
Dividends,Data,20241106,20241101,SHV,500,0.47,233.42
Dividends,Data,20241212,20241121,MSFT,15,0.83,12.45
Dividends,Data,20241216,20241209,GOOG,30,0.20,6
Dividends,Data,20241227,20241205,NVDA,65,0.01,0.65
Dividends,Data,20250313,20250220,MSFT,15,0.83,12.45
Dividends,Data,20250317,20250310,GOOG,30,0.20,6
Dividends,Data,20250402,20250312,NVDA,65,0.01,0.65
Dividends,Data,20250414,20250331,MDLZ,50,0.47,23.5
Dividends,Data,20250505,20250423,STLA,300,0.77,232.09
Dividends,Data,20250612,20250515,MSFT,15,0.83,12.45
Dividends,Data,20250616,20250609,GOOG,30,0.21,6.3
Dividends,Data,20250701,20250602,NKE,40,0.40,16
Dividends,Data,20250703,20250611,NVDA,65,0.01,0.65
Dividends,Data,20250708,20250702,TLTW,569,0.31,178.48
Dividends,Data,20250728,20250721,RYLD,1193,0.15,178.71
Dividends,Data,20250731,20250715,BCAT,880,0.28,242.42
Dividends,Data,20250807,20250804,TLTW,569,0.23,131.49
Dividends,Data,20250825,20250818,RYLD,1193,0.15,179.67
Dividends,Data,20250829,20250815,BCAT,880,0.27,239.67
Dividends,Data,20250908,20250903,TLTW,569,0.22,124.22
Dividends,Data,20250929,20250922,RYLD,1193,0.15,180.98
Dividends,Data,20250930,20250923,FAX,633,0.17,104.45
Dividends,Data,20250930,20250915,BCAT,880,0.27,237.52
Dividends,Data,20251007,20251002,TLTW,569,0.14,82.23
Dividends,Data,20251027,20251020,RYLD,1193,0.15,181.93
Dividends,Data,20251031,20251015,BCAT,880,0.27,235.42
Dividends,Data,20251031,20251024,FAX,633,0.17,104.45
Dividends,Data,20251107,20251104,TLTW,569,0.38,215.24
Dividends,Data,20251128,20251114,BCAT,880,0.26,233.14
Dividends,Data,20251128,20251121,FAX,633,0.17,104.45
Dividends,Data,20251202,20251124,RYLD,1193,0.15,181.1
Dividends,Data,20251205,20251202,TLTW,569,0.19,106.72
Dividends,Data,20251229,20251223,TLTW,569,0.19,106.35
Dividends,Data,20251230,20251222,RYLD,1193,0.16,185.03
Dividends,Data,20251231,20251222,BCAT,880,0.26,230.59
Dividends,Data,20260112,20251231,FAX,633,0.17,104.45
Dividends,Data,20260123,20260120,RYLD,1193,0.16,187.66
Notes and Disclosure,Header,Type,Note
Notes and Disclosure,Data,General,"1. The Net Asset Value (NAV) consists of all positions by financial instrument (stock, securities options, warrants, bonds, cash, etc.). All non-base currency amounts are converted to the base currency at the close of period rate."
Notes and Disclosure,Data,General,2. The gain or loss from future contracts settle into cash each night. The notional value is used when computing the contribution to return.
Notes and Disclosure,Data,General,"3. Dividend accruals, interest accruals, and insured deposits are included in cash amounts throughout the report."
Notes and Disclosure,Data,General,4. Price valuations are obtained from outside parties. Clearing Broker shall have no responsibility for the accuracy or timeliness of any such price valuation.
Notes and Disclosure,Data,General,5. Data from Thomson Reuters Business Classifications and Lipper Global is used to derive our sector classifications. Funds with assorted sector allocations are classified as Broad.
Notes and Disclosure,Data,General,"6. Amounts are formatted to two decimal places. If amounts are greater than two decimal places, Clearing Broker uses "half-even" rounding. This means that Clearing Broker rounds such amounts up to the nearest even number."
Notes and Disclosure,Data,General,"7. For accounts opened and funded before 2009, reports with a time period of Since Inception will only include data going back to January 1, 2009. This includes some default reports and both Historical Performance reports."
Notes and Disclosure,Data,General,"8. If you have elected to trade cryptocurrency/digital asset products at Crypto Provider through the Clearing Broker platform, for your convenience your positions in your linked account at Crypto Provider are reflected in PortfolioAnalyst in connection with your Clearing Broker account."
Notes and Disclosure,Data,Section,1. Account Overview: The deposit/withdrawal amount displayed includes internal transfers along with cash and position transfers.
Notes and Disclosure,Data,Section,2. Projected Income: The Estimated Annual Income and Estimated Remaining Income in the Projected Income report assume dividend and bond payments remain constant throughout the year. These positions and interest rates are based on the previous business day.
Notes and Disclosure,Data,Section,"3. Risk Measures: Historical US 3 Month Treasury Bill rates are used as the risk free rates when calculating Alpha, the Sharpe ratio, the Sortino ratio, and the downside deviation."
Notes and Disclosure,Data,Disclosure,"This portfolio report was generated using Clearing Broker's PortfolioAnalyst tool, which allows Clearing Broker clients to generate analyses of their accounts using market data provided by third parties along with trade and account data contained in Clearing Broker's systems. This report is for information purposes only and is provided AS IS. Clearing Broker makes no warranty of any kind, express or implied, as to this report and its contents. The data provided for use in the PortfolioAnalyst tool is believed to be accurate, but completeness and accuracy of the information is not guaranteed, and Clearing Broker has no liability with respect thereto. The data regarding accounts held outside of Clearing Broker is obtained either directly from your input or from the financial institutions holding those accounts through a third-party service provider and Clearing Broker has NOT reviewed its accuracy.

The material in this report is intended only as a reference and should not be relied upon for the maintenance of your books and records for tax, accounting, financial, or regulatory reporting or for any other purposes. This report is not an offer or a solicitation of an offer to buy or sell any security. This material does not, and is not intended to, take into account the particular financial conditions, investment objectives, or requirements of individual customers. Before acting on any material within this report, you should consider whether it is suitable for your particular circumstances and as necessary, seek professional advice."
