Introduction,Header,Name,Account,Alias,BaseCurrency,AccountType,AnalysisPeriod,PerformanceMeasure
Introduction,Data,Richard A Tagami Oshita,U19505043,,USD,Individual (Broker Client),"October 7, 2024 to January 27, 2026 (Daily)",TWR
Key Statistics,MetaInfo,Analysis Period,"October 7, 2024 - January 27, 2026"
Key Statistics,Header,BeginningNAV,EndingNAV,CumulativeReturn,5DayReturn,5DayReturnDateRange,10DayReturn,10DayReturnDateRange,BestReturn,BestReturnDate,WorstReturn,WorstReturnDate,MTM,Deposits & Withdrawals,Dividends,Interest,Fees & Commissions,Other,ChangeInNAV
Key Statistics,Data,0,158040.023765,51.912867752,1.147773427,20260121 - 20260127,-1.43506952,20260114 - 20260127,8.514024155,20250409,-4.4321735,20250403,62527.2324,100000,1039.41,0,-5336.838616,-189.780019,158040.023765
Historical Performance,MetaInfo,Analysis Period,"October 7, 2024 - January 27, 2026"
Historical Performance,Header,Account,MTD,QTD,YTD,1 Year,Since Inception
Historical Performance,Data,U19505043,5.90090862,5.90090862,5.90090862,46.282574434,51.912867864
Historical Performance,Header,Month,Account,AccountReturn
Historical Performance,Data,202501,U19505043,6.147594899
Historical Performance,Data,202502,U19505043,1.179963485
Historical Performance,Data,202503,U19505043,-1.958128409
Historical Performance,Data,202504,U19505043,-2.215000267
Historical Performance,Data,202505,U19505043,11.039909017
Historical Performance,Data,202506,U19505043,6.877435098
Historical Performance,Data,202507,U19505043,2.295282391
Historical Performance,Data,202508,U19505043,2.863625086
Historical Performance,Data,202509,U19505043,12.467865697
Historical Performance,Data,202510,U19505043,10.731109836
Historical Performance,Data,202511,U19505043,-8.817335028
Historical Performance,Data,202512,U19505043,-1.534298909
Historical Performance,Data,202401,U19505043,-
Historical Performance,Data,202402,U19505043,-
Historical Performance,Data,202403,U19505043,-
Historical Performance,Data,202404,U19505043,-
Historical Performance,Data,202405,U19505043,-
Historical Performance,Data,202406,U19505043,-
Historical Performance,Data,202407,U19505043,-
Historical Performance,Data,202408,U19505043,-
Historical Performance,Data,202409,U19505043,-
Historical Performance,Data,202410,U19505043,-
Historical Performance,Data,202411,U19505043,2.93644378
Historical Performance,Data,202412,U19505043,-2.868771494
Historical Performance,Header,Quarter,Account,AccountReturn
Historical Performance,Data,2025 Q1,U19505043,5.297065934
Historical Performance,Data,2025 Q2,U19505043,16.047919538
Historical Performance,Data,2025 Q3,U19505043,18.343902026
Historical Performance,Data,2025 Q4,U19505043,-0.581567528
Historical Performance,Data,2024 Q1,U19505043,-
Historical Performance,Data,2024 Q2,U19505043,-
Historical Performance,Data,2024 Q3,U19505043,-
Historical Performance,Data,2024 Q4,U19505043,-
Historical Performance,Header,Year,Account,AccountReturn
Historical Performance,Data,YTD,U19505043,5.90090862
Historical Performance,Data,2025,U19505043,43.769388299
Open Position Summary,MetaInfo,As Of,"January 27, 2026"
Open Position Summary,Header,Date,FinancialInstrument,Currency,Symbol,Description,Sector,Quantity,ClosePrice,Value,Cost Basis,UnrealizedP&L,FXRateToBase
Open Position Summary,Data,01/27/2026,Stocks,USD,ADBE,ADOBE INC,Technology,10,297.42,2974.2,3177.717257,-203.517257,1
Open Position Summary,Data,01/27/2026,Stocks,USD,AI,C3.AI INC-A,Technology,200,12.6,2520,2716.552915,-196.552915,1
Open Position Summary,Data,01/27/2026,Stocks,USD,APLD,APPLIED DIGITAL CORP,Technology,300,41.35,12405,10827.515171,1577.484829,1
Open Position Summary,Data,01/27/2026,Stocks,USD,CELH,CELSIUS HOLDINGS INC,Consumer Non-Cyc,145,55.51,8048.95,7247.803588,801.146412,1
Open Position Summary,Data,01/27/2026,Stocks,USD,CHPT,CHARGEPOINT HOLDINGS INC,Industrials,350,6.49,2271.5,2484.7519,-213.2519,1
Open Position Summary,Data,01/27/2026,Stocks,USD,DDOG,DATADOG INC - CLASS A,Technology,30,138.21,4146.3,3759.312257,386.987743,1
Open Position Summary,Data,01/27/2026,Stocks,USD,DKNG,DRAFTKINGS INC-CL A,Consumer Cyclicals,100,30.11,3011,3473.520257,-462.520257,1
Open Position Summary,Data,01/27/2026,Stocks,USD,EPAM,EPAM SYSTEMS INC,Technology,25,218.04,5451,5737.268907,-286.268907,1
Open Position Summary,Data,01/27/2026,Stocks,USD,LCID,LUCID GROUP INC,Consumer Cyclicals,500,11,5500,11501.773105,-6001.773105,1
Open Position Summary,Data,01/27/2026,Stocks,USD,LULU,LULULEMON ATHLETICA INC,Consumer Cyclicals,45,186.39,8387.55,8537.453116,-149.903116,1
Open Position Summary,Data,01/27/2026,Stocks,USD,MDLZ,MONDELEZ INTERNATIONAL INC-A,Consumer Non-Cyc,350,59.02,20657,19850.0486,806.9514,1
Open Position Summary,Data,01/27/2026,Stocks,USD,MRVL,MARVELL TECHNOLOGY INC,Technology,75,82.93,6219.75,6282.352757,-62.602757,1
Open Position Summary,Data,01/27/2026,Stocks,USD,NFLX,NETFLIX INC,Telecomm,200,85.58,17116,17954.955514,-838.955514,1
Open Position Summary,Data,01/27/2026,Stocks,USD,NKE,NIKE INC -CL B,Consumer Cyclicals,100,63.09,6309,6662.820257,-353.820257,1
Open Position Summary,Data,01/27/2026,Stocks,USD,NOW,SERVICENOW INC,Technology,20,131.8,2636,2809.084257,-173.084257,1
Open Position Summary,Data,01/27/2026,Stocks,USD,NVDA,NVIDIA CORP,Technology,65,188.52,12253.8,12197.837301,55.962699,1
Open Position Summary,Data,01/27/2026,Stocks,USD,PYPL,PAYPAL HOLDINGS INC,Financials,100,55.51,5551,6138.950257,-587.950257,1
Open Position Summary,Data,01/27/2026,Stocks,USD,STLA,STELLANTIS NV,Consumer Cyclicals,600,9.75,5850,7094.544902,-1244.544902,1
Open Position Summary,Data,01/27/2026,Stocks,USD,UNH,UNITEDHEALTH GROUP INC,Healthcare,15,282.7,4240.5,5062.150757,-821.650757,1
Open Position Summary,Data,Total,Stocks,USD,,,,,,135548.55,143516.413075,-7967.863075
Open Position Summary,Data,01/27/2026,Cash,USD,USD,United States Dollar,Cash,22491.473765,1,22491.473765, , ,1
Performance by Symbol,MetaInfo,Analysis Period,"October 7, 2024 - January 27, 2026"
Performance by Symbol,Header,Symbol,Description,FinancialInstrument,Sector,AvgWeight,Return,Contribution,Unrealized_P&L,Realized_P&L,Open
Performance by Symbol,Data,AA,ALCOA CORP,Stocks,Basic Materials,4.20510858,0.301280031,0.03606151,0.00,38.74,No
Performance by Symbol,Data,ABEV,AMBEV SA-ADR,Stocks,Consumer Non-Cyc,2.62132958,7.076681898,0.265391852,0.00,47.27,No
Performance by Symbol,Data,ABNB,AIRBNB INC-CLASS A,Stocks,Technology,3.14298483,0.681957523,0.009035241,0.00,34.50,No
Performance by Symbol,Data,ADBE,ADOBE INC,Stocks,Technology,1.900129431,-6.404511188,-0.126699701,-203.52,0.00,Yes
Performance by Symbol,Data,AI,C3.AI INC-A,Stocks,Technology,1.653041731,-7.235379567,-0.123500449,-196.55,0.00,Yes
Performance by Symbol,Data,AMD,ADVANCED MICRO DEVICES,Stocks,Technology,6.232998592,115.004834715,5.687519596,0.00,"7,676.09",No
Performance by Symbol,Data,AMZN,AMAZON.COM INC,Stocks,Consumer Cyclicals,7.632315607,-4.114086538,0.035845529,0.00,-441.19,No
Performance by Symbol,Data,APLD,APPLIED DIGITAL CORP,Stocks,Technology,7.746041696,237.017242065,11.881635519,"1,577.48","14,912.89",Yes
Performance by Symbol,Data,BMRN,BIOMARIN PHARMACEUTICAL INC,Stocks,Healthcare,4.174562853,-13.129993658,-0.82557722,0.00,-728.26,No
Performance by Symbol,Data,BRKR,BRUKER CORP,Stocks,Healthcare,2.540657934,-6.343418113,-0.230054752,0.00,-263.12,No
Performance by Symbol,Data,CELH,CELSIUS HOLDINGS INC,Stocks,Consumer Non-Cyc,6.157146867,58.772694093,3.443827911,801.15,"3,041.46",Yes
Performance by Symbol,Data,CHPT,CHARGEPOINT HOLDINGS INC,Stocks,Industrials,1.508167333,-8.582422267,-0.134262642,-213.25,0.00,Yes
Performance by Symbol,Data,CRWD,CROWDSTRIKE HOLDINGS INC - A,Stocks,Technology,3.931648795,34.32588405,1.325382065,0.00,"2,417.44",No
Performance by Symbol,Data,DDOG,DATADOG INC - CLASS A,Stocks,Technology,2.354658756,10.2941101,0.24782772,386.99,0.00,Yes
Performance by Symbol,Data,DECK,DECKERS OUTDOOR CORP,Stocks,Consumer Cyclicals,5.158338032,14.970443543,0.735036384,0.00,"1,487.33",No
Performance by Symbol,Data,DKNG,DRAFTKINGS INC-CL A,Stocks,Consumer Cyclicals,2.05991746,-13.315605582,-0.292004268,-462.52,0.00,Yes
Performance by Symbol,Data,ELF,ELF BEAUTY INC,Stocks,Consumer Non-Cyc,5.368853648,23.567634161,1.171779392,0.00,"2,354.53",No
Performance by Symbol,Data,EPAM,EPAM SYSTEMS INC,Stocks,Technology,3.367554732,-4.989637263,-0.300027238,-286.27,0.00,Yes
Performance by Symbol,Data,FLG,FLAGSTAR BANK NA,Stocks,Financials,11.505204197,9.520500929,1.185790014,0.00,"1,910.46",No
Performance by Symbol,Data,FLR,FLUOR CORP,Stocks,Industrials,2.380478217,-5.350386196,-0.132163393,0.00,-174.33,No
Performance by Symbol,Data,GNTX,GENTEX CORP,Stocks,Consumer Cyclicals,2.261854535,21.491744716,0.459526347,0.00,589.18,No
Performance by Symbol,Data,GOOG,ALPHABET INC-CL C,Stocks,Telecomm,7.254545798,29.766639721,1.955714747,0.00,"2,311.13",No
Performance by Symbol,Data,HAL,HALLIBURTON CO,Stocks,Energy,2.135779399,-4.951387991,-0.115821296,0.00,-136.22,No
Performance by Symbol,Data,INTC,INTEL CORP,Stocks,Technology,6.451189947,36.240585349,3.449906883,0.00,"4,453.63",No
Performance by Symbol,Data,ISRG,INTUITIVE SURGICAL INC,Stocks,Healthcare,5.496462692,20.948237795,1.471014259,0.00,"2,406.27",No
Performance by Symbol,Data,LCID,LUCID GROUP INC,Stocks,Consumer Cyclicals,5.469875498,-45.254984238,-3.516122659,"-6,001.77",-831.35,Yes
Performance by Symbol,Data,LCID.OLD,LUCID GROUP INC,Stocks,Consumer Cyclicals,4.094093886,-10.309705437,-0.6685706,0.00,0.00,No
Performance by Symbol,Data,LRCX,LAM RESEARCH CORP,Stocks,Technology,5.357633434,77.541495471,3.625970872,0.00,"4,656.98",No
Performance by Symbol,Data,LULU,LULULEMON ATHLETICA INC,Stocks,Consumer Cyclicals,4.176811141,-29.279328178,-0.486859049,-149.90,-473.46,Yes
Performance by Symbol,Data,MDLZ,MONDELEZ INTERNATIONAL INC-A,Stocks,Consumer Non-Cyc,7.269773889,19.71578233,1.117010696,806.95,749.98,Yes
Performance by Symbol,Data,META,META PLATFORMS INC-CLASS A,Stocks,Telecomm,8.171445978,10.640468885,0.878273944,0.00,"1,122.67",No
Performance by Symbol,Data,MRNA,MODERNA INC,Stocks,Healthcare,3.522171814,30.796423373,0.851811157,0.00,"1,448.20",No
Performance by Symbol,Data,MRVL,MARVELL TECHNOLOGY INC,Stocks,Technology,8.88535419,23.50390054,0.969783972,-62.60,"1,368.68",Yes
Performance by Symbol,Data,NBIX,NEUROCRINE BIOSCIENCES INC,Stocks,Healthcare,5.883775663,28.461097575,1.529930108,0.00,"1,640.88",No
Performance by Symbol,Data,NFLX,NETFLIX INC,Stocks,Telecomm,7.817679836,-22.276478738,-2.377000602,-838.96,"-2,983.58",Yes
Performance by Symbol,Data,NICE,NICE LTD - SPON ADR,Stocks,Technology,6.236439726,3.11406404,0.183879225,0.00,307.37,No
Performance by Symbol,Data,NKE,NIKE INC -CL B,Stocks,Consumer Cyclicals,4.155130159,23.976190136,0.947316665,-353.82,"1,421.12",Yes
Performance by Symbol,Data,NOW,SERVICENOW INC,Stocks,Technology,1.65779045,-6.161590091,-0.107695537,-173.08,0.00,Yes
Performance by Symbol,Data,NU,NU HOLDINGS LTD/CAYMAN ISL-A,Stocks,Financials,7.44287823,43.956229405,2.988955684,0.00,"4,414.31",No
Performance by Symbol,Data,NVDA,NVIDIA CORP,Stocks,Technology,10.012691186,27.712992926,3.383713751,55.96,"2,927.53",Yes
Performance by Symbol,Data,NVO,NOVO-NORDISK A/S-SPONS ADR,Stocks,Healthcare,3.417593913,17.856948155,0.583024181,0.00,903.03,No
Performance by Symbol,Data,PEP,PEPSICO INC,Stocks,Consumer Non-Cyc,1.771340823,-1.727578695,-0.045262547,0.00,-56.76,No
Performance by Symbol,Data,PYPL,PAYPAL HOLDINGS INC,Stocks,Financials,3.926928696,-7.571525128,-0.33559351,-587.95,53.03,Yes
Performance by Symbol,Data,S,SENTINELONE INC -CLASS A,Stocks,Technology,13.030945139,6.178659664,0.810857839,0.00,"1,237.61",No
Performance by Symbol,Data,SBUX,STARBUCKS CORP,Stocks,Consumer Cyclicals,3.749651763,-0.64348133,-0.029185114,0.00,-38.25,No
Performance by Symbol,Data,SKX,SKECHERS USA INC-CL A,Stocks,Consumer Cyclicals,8.276325132,6.121319415,0.578959925,0.00,600.48,No
Performance by Symbol,Data,SNAP,SNAP INC - A,Stocks,Technology,2.568294825,-9.062937371,-0.272765482,0.00,-401.25,No
Performance by Symbol,Data,SNOW,SNOWFLAKE INC,Stocks,Technology,4.000712104,43.451226642,1.652504159,0.00,"2,136.76",No
Performance by Symbol,Data,SOFI,SOFI TECHNOLOGIES INC,Stocks,Financials,2.821954468,27.800193176,0.870469975,0.00,"1,024.24",No
Performance by Symbol,Data,STLA,STELLANTIS NV,Stocks,Consumer Cyclicals,3.7260361,-17.528785519,-0.721948475,"-1,244.54",0.00,Yes
Performance by Symbol,Data,TSLA,TESLA INC,Stocks,Consumer Cyclicals,4.300692455,41.332709757,1.684660689,0.00,"2,359.76",No
Performance by Symbol,Data,TTWO,TAKE-TWO INTERACTIVE SOFTWRE,Stocks,Telecomm,2.795275745,2.205746329,0.070942409,0.00,75.62,No
Performance by Symbol,Data,UNH,UNITEDHEALTH GROUP INC,Stocks,Healthcare,4.987312737,-22.807161829,-0.728666019,-821.65,-443.12,Yes
Performance by Symbol,Data,Total Stocks,,,,68.53176603,75.567055901,51.795257652,"-7,967.86","65,158.26",
Performance by Symbol,Data,USD,United States Dollar,Cash,Cash,35.075169024,-0.091702924,0.07781629,,,Yes
Performance by Symbol,Data,Total Cash,,,,35.075169024,-0.091702924,0.07781629,,,
Performance by Symbol,Data,Total,,,,100,51.912867752,51.912867752,"-7,967.86","65,158.26",
Projected Income,MetaInfo,As Of,"January 27, 2026"
Projected Income,Header,Financial Instrument,Symbol,Description,Frequency,Quantity,Price,Value,Current Yield %,Principal,Estimated Annual Income,Estimated 2026 Remaining Income
Projected Income,Data,Stocks,MDLZ,Ordinary Dividend,4,350,59.02,20657,3.388681803,-,700,700
Projected Income,Data,Stocks,MRVL,Ordinary Dividend,4,75,82.93,6219.75,0.289400699,-,18,13.5
Projected Income,Data,Stocks,NKE,Ordinary Dividend,4,100,63.09,6309,2.599461087,-,164,164
Projected Income,Data,Stocks,NVDA,Ordinary Dividend,4,65,188.52,12253.8,0.021217908,-,2.6,2.6
Projected Income,Data,Stocks,PYPL,Ordinary Dividend,4,100,55.51,5551,1.008827238,-,56,56
Projected Income,Data,Stocks,STLA,Ordinary Dividend,1,600,9.75,5850,7.934698057,-,464.179836314,464.179836314
Projected Income,Data,Stocks,UNH,Ordinary Dividend,4,15,282.7,4240.5,3.126989742,-,132.6,132.6
Projected Income,Data,,Total,,,,,61081.05,2.51695057,,1537.379836314,1532.879836314
Trade Summary,MetaInfo,Analysis Period,"October 7, 2024 - January 27, 2026"
Trade Summary,Header,Financial Instrument,Currency,Symbol,Description,Sector,Quantity Bought,Average Price Bought,Proceeds Bought,Proceeds Bought in Base,Quantity Sold,Average Price Sold,Proceeds Sold,Proceeds Sold in Base
Trade Summary,Data,Stocks,United States Dollar,AA,ALCOA CORP,Basic Materials,200,31.742,-6348.4,-6348.4,-200,32.37,6474,6474
Trade Summary,Data,Stocks,United States Dollar,ABEV,AMBEV SA-ADR,Consumer Non-Cyc,2272,2.2,-4998.4,-4998.4,-2272,2.310365317,5249.15,5249.15
Trade Summary,Data,Stocks,United States Dollar,ABNB,AIRBNB INC-CLASS A,Technology,40,125.82,-5032.8,-5032.8,-40,128.0035,5120.14,5120.14
Trade Summary,Data,Stocks,United States Dollar,ADBE,ADOBE INC,Technology,10,315.21,-3152.1,-3152.1,0,0,0,0
Trade Summary,Data,Stocks,United States Dollar,AI,C3.AI INC-A,Technology,200,13.427562,-2685.5124,-2685.5124,0,0,0,0
Trade Summary,Data,Stocks,United States Dollar,AMD,ADVANCED MICRO DEVICES,Technology,135,128.565525926,-17356.346,-17356.346,-135,186.417777778,25166.4,25166.4
Trade Summary,Data,Stocks,United States Dollar,AMZN,AMAZON.COM INC,Consumer Cyclicals,45,237.7191,-10697.3595,-10697.3595,-45,229.095,10309.275,10309.275
Trade Summary,Data,Stocks,United States Dollar,APLD,APPLIED DIGITAL CORP,Technology,1950,19.379679487,-37790.375,-37790.375,-1650,25.626042424,42282.97,42282.97
Trade Summary,Data,Stocks,United States Dollar,BMRN,BIOMARIN PHARMACEUTICAL INC,Healthcare,90,61.32,-5518.8,-5518.8,-90,53.845,4846.05,4846.05
Trade Summary,Data,Stocks,United States Dollar,BRKR,BRUKER CORP,Healthcare,175,40.382857143,-7067,-7067,-175,39.512857143,6914.75,6914.75
Trade Summary,Data,Stocks,United States Dollar,CELH,CELSIUS HOLDINGS INC,Consumer Non-Cyc,505,41.151089109,-20781.3,-20781.3,-360,46.60175,16776.63,16776.63
Trade Summary,Data,Stocks,United States Dollar,CHPT,CHARGEPOINT HOLDINGS INC,Industrials,350,6.99766,-2449.181,-2449.181,0,0,0,0
Trade Summary,Data,Stocks,United States Dollar,CRWD,CROWDSTRIKE HOLDINGS INC - A,Technology,42,332.226190476,-13953.5,-13953.5,-42,392.258095238,16474.84,16474.84
Trade Summary,Data,Stocks,United States Dollar,DDOG,DATADOG INC - CLASS A,Technology,30,124.44,-3733.2,-3733.2,0,0,0,0
Trade Summary,Data,Stocks,United States Dollar,DECK,DECKERS OUTDOOR CORP,Consumer Cyclicals,61,162.43,-9908.23,-9908.23,-61,187.7,11449.7,11449.7
Trade Summary,Data,Stocks,United States Dollar,DKNG,DRAFTKINGS INC-CL A,Consumer Cyclicals,100,34.455,-3445.5,-3445.5,0,0,0,0
Trade Summary,Data,Stocks,United States Dollar,ELF,ELF BEAUTY INC,Consumer Non-Cyc,98,101.66,-9962.68,-9962.68,-98,126.26,12373.48,12373.48
Trade Summary,Data,Stocks,United States Dollar,EPAM,EPAM SYSTEMS INC,Technology,25,228.45,-5711.25,-5711.25,0,0,0,0
Trade Summary,Data,Stocks,United States Dollar,FLG,FLAGSTAR BANK NA,Financials,1870,10.69,-19990.3,-19990.3,-1870,11.795,22056.65,22056.65
Trade Summary,Data,Stocks,United States Dollar,FLR,FLUOR CORP,Industrials,75,43.08,-3231,-3231,-75,41.485,3111.375,3111.375
Trade Summary,Data,Stocks,United States Dollar,GNTX,GENTEX CORP,Consumer Cyclicals,125,22.1448,-2768.1,-2768.1,-125,27.318,3414.75,3414.75
Trade Summary,Data,Stocks,United States Dollar,GOOG,ALPHABET INC-CL C,Telecomm,50,155.31,-7765.5,-7765.5,-50,202.6,10130,10130
Trade Summary,Data,Stocks,United States Dollar,HAL,HALLIBURTON CO,Energy,125,21.7793,-2722.4125,-2722.4125,-125,21.15,2643.75,2643.75
Trade Summary,Data,Stocks,United States Dollar,INTC,INTEL CORP,Technology,975,28.088125641,-27385.9225,-27385.9225,-975,32.971846154,32147.55,32147.55
Trade Summary,Data,Stocks,United States Dollar,ISRG,INTUITIVE SURGICAL INC,Healthcare,40,483.988125,-19359.525,-19359.525,-40,546.7325,21869.3,21869.3
Trade Summary,Data,Stocks,United States Dollar,LCID,LUCID GROUP INC,Consumer Cyclicals,400,22.3475,-8939,-8939,-175,17.4,3045,3045
Trade Summary,Data,Stocks,United States Dollar,LCID.OLD,LUCID GROUP INC,Consumer Cyclicals,2750,2.26,-6215,-6215,0,0,0,0
Trade Summary,Data,Stocks,United States Dollar,LRCX,LAM RESEARCH CORP,Technology,250,95.222,-23805.5,-23805.5,-250,114.515,28628.75,28628.75
Trade Summary,Data,Stocks,United States Dollar,LULU,LULULEMON ATHLETICA INC,Consumer Cyclicals,55,201.038636364,-11057.125,-11057.125,-10,212.4,2124,2124
Trade Summary,Data,Stocks,United States Dollar,MDLZ,MONDELEZ INTERNATIONAL INC-A,Consumer Non-Cyc,540,57.919666667,-31276.62,-31276.62,-190,64.994,12348.86,12348.86
Trade Summary,Data,Stocks,United States Dollar,META,META PLATFORMS INC-CLASS A,Telecomm,15,701.68,-10525.2,-10525.2,-15,779.9582,11699.373,11699.373
Trade Summary,Data,Stocks,United States Dollar,MRNA,MODERNA INC,Healthcare,200,29.948125,-5989.625,-5989.625,-200,37.625,7525,7525
Trade Summary,Data,Stocks,United States Dollar,MRVL,MARVELL TECHNOLOGY INC,Technology,295,76.089469492,-22446.3935,-22446.3935,-220,80.45,17699,17699
Trade Summary,Data,Stocks,United States Dollar,NBIX,NEUROCRINE BIOSCIENCES INC,Healthcare,60,95.64,-5738.4,-5738.4,-60,123.89,7433.4,7433.4
Trade Summary,Data,Stocks,United States Dollar,NFLX,NETFLIX INC,Telecomm,290,151.294060345,-43875.2775,-43875.2775,-90,256.37835,23074.0515,23074.0515
Trade Summary,Data,Stocks,United States Dollar,NICE,NICE LTD - SPON ADR,Technology,58,169.72,-9843.76,-9843.76,-58,175.95,10205.1,10205.1
Trade Summary,Data,Stocks,United States Dollar,NKE,NIKE INC -CL B,Consumer Cyclicals,180,62.651111111,-11277.2,-11277.2,-80,76.48,6118.4,6118.4
Trade Summary,Data,Stocks,United States Dollar,NOW,SERVICENOW INC,Technology,20,139.16,-2783.2,-2783.2,0,0,0,0
Trade Summary,Data,Stocks,United States Dollar,NU,NU HOLDINGS LTD/CAYMAN ISL-A,Financials,2043,11.30051395,-23086.95,-23086.95,-2043,13.567290749,27717.975,27717.975
Trade Summary,Data,Stocks,United States Dollar,NVDA,NVIDIA CORP,Technology,269,146.104758364,-39302.18,-39302.18,-204,148.146655882,30221.9178,30221.9178
Trade Summary,Data,Stocks,United States Dollar,NVO,NOVO-NORDISK A/S-SPONS ADR,Healthcare,100,50.29,-5029,-5029,-100,59.8807,5988.07,5988.07
Trade Summary,Data,Stocks,United States Dollar,PEP,PEPSICO INC,Consumer Non-Cyc,25,130.37,-3259.25,-3259.25,-25,130.18,3254.5,3254.5
Trade Summary,Data,Stocks,United States Dollar,PYPL,PAYPAL HOLDINGS INC,Financials,245,65.193591837,-15972.43,-15972.43,-145,68.955,9998.475,9998.475
Trade Summary,Data,Stocks,United States Dollar,S,SENTINELONE INC -CLASS A,Technology,881,22.68,-19981.08,-19981.08,-881,24.2,21320.2,21320.2
Trade Summary,Data,Stocks,United States Dollar,SBUX,STARBUCKS CORP,Consumer Cyclicals,70,84.53,-5917.1,-5917.1,-70,84.76,5933.2,5933.2
Trade Summary,Data,Stocks,United States Dollar,SKX,SKECHERS USA INC-CL A,Consumer Cyclicals,170,57.53,-9780.1,-9780.1,-170,61.415,10440.55,10440.55
Trade Summary,Data,Stocks,United States Dollar,SNAP,SNAP INC - A,Technology,500,8.776,-4388,-4388,-500,8.13245,4066.225,4066.225
Trade Summary,Data,Stocks,United States Dollar,SNOW,SNOWFLAKE INC,Technology,70,209.9525,-14696.675,-14696.675,-70,242.703942857,16989.276,16989.276
Trade Summary,Data,Stocks,United States Dollar,SOFI,SOFI TECHNOLOGIES INC,Financials,400,18.97375,-7589.5,-7589.5,-400,21.8448125,8737.925,8737.925
Trade Summary,Data,Stocks,United States Dollar,STLA,STELLANTIS NV,Consumer Cyclicals,600,11.711666667,-7027,-7027,0,0,0,0
Trade Summary,Data,Stocks,United States Dollar,TSLA,TESLA INC,Consumer Cyclicals,45,399.98,-17999.1,-17999.1,-45,454.725,20462.625,20462.625
Trade Summary,Data,Stocks,United States Dollar,TTWO,TAKE-TWO INTERACTIVE SOFTWRE,Telecomm,15,226.845,-3402.675,-3402.675,-15,235.32,3529.8,3529.8
Trade Summary,Data,Stocks,United States Dollar,UNH,UNITEDHEALTH GROUP INC,Healthcare,60,335.979433333,-20158.766,-20158.766,-45,328.512222222,14783.05,14783.05
Deposits And Withdrawals,MetaInfo,Analysis Period,"October 7, 2024 - January 27, 2026"
Deposits And Withdrawals,Header,Date,Type,Description,Amount
Deposits And Withdrawals,Data,10/07/24,DEPOSIT,Cash Receipts / Electronic Fund Transfers ,200000
Deposits And Withdrawals,Data,12/12/24,TRNSFROUT,Transfer From U19505043 To U10031421 ,-50000
Deposits And Withdrawals,Data,03/04/25,TRNSFROUT,Transfer From U19505043 To U10031421 ,-50000
Corporate Actions,MetaInfo,Analysis Period,"October 7, 2024 - January 27, 2026"
Corporate Actions,Header,Date,Type,Description,Quantity
Corporate Actions,Data,20250901,Split,LCID.OLD(US5494981039) SPLIT 1 FOR 10,-2750
Corporate Actions,Data,20250901,Split,LCID.OLD(US5494981039) SPLIT 1 FOR 10,275
Dividends,MetaInfo,Analysis Period,"October 7, 2024 - January 27, 2026"
Dividends,Header,PayDate,Ex-Date,Symbol,Quantity,DividendPerShare,Amount
Dividends,Data,20250110,20241223,ABEV,2272,0.04,90.24
Dividends,Data,20250117,20241223,ABEV,2272,0.07,156.08
Dividends,Data,20250402,20250312,NVDA,154,0.01,1.54
Dividends,Data,20250414,20250331,MDLZ,90,0.47,42.3
Dividends,Data,20250414,20250318,ABEV,2272,0.02,50.93
Dividends,Data,20250505,20250423,STLA,400,0.77,309.46
Dividends,Data,20250616,20250609,GOOG,50,0.21,10.5
Dividends,Data,20250627,20250616,BRKR,75,0.05,3.75
Dividends,Data,20250630,20250606,PEP,25,1.42,35.56
Dividends,Data,20250701,20250602,NKE,80,0.40,32
Dividends,Data,20250723,20250709,GNTX,125,0.12,15
Dividends,Data,20250923,20250915,UNH,25,2.21,55.25
Dividends,Data,20251002,20250911,NVDA,30,0.01,0.3
Dividends,Data,20251014,20250930,MDLZ,100,0.50,50
Dividends,Data,20251030,20251010,MRVL,185,0.06,11.1
Dividends,Data,20251226,20251204,NVDA,40,0.01,0.4
Dividends,Data,20260114,20251231,MDLZ,350,0.50,175
Notes and Disclosure,Header,Type,Note
Notes and Disclosure,Data,General,"1. The Net Asset Value (NAV) consists of all positions by financial instrument (stock, securities options, warrants, bonds, cash, etc.). All non-base currency amounts are converted to the base currency at the close of period rate."
Notes and Disclosure,Data,General,2. The gain or loss from future contracts settle into cash each night. The notional value is used when computing the contribution to return.
Notes and Disclosure,Data,General,"3. Dividend accruals, interest accruals, and insured deposits are included in cash amounts throughout the report."
Notes and Disclosure,Data,General,4. Price valuations are obtained from outside parties. Clearing Broker shall have no responsibility for the accuracy or timeliness of any such price valuation.
Notes and Disclosure,Data,General,5. Data from Thomson Reuters Business Classifications and Lipper Global is used to derive our sector classifications. Funds with assorted sector allocations are classified as Broad.
Notes and Disclosure,Data,General,"6. Amounts are formatted to two decimal places. If amounts are greater than two decimal places, Clearing Broker uses "half-even" rounding. This means that Clearing Broker rounds such amounts up to the nearest even number."
Notes and Disclosure,Data,General,"7. For accounts opened and funded before 2009, reports with a time period of Since Inception will only include data going back to January 1, 2009. This includes some default reports and both Historical Performance reports."
Notes and Disclosure,Data,General,"8. If you have elected to trade cryptocurrency/digital asset products at Crypto Provider through the Clearing Broker platform, for your convenience your positions in your linked account at Crypto Provider are reflected in PortfolioAnalyst in connection with your Clearing Broker account."
Notes and Disclosure,Data,Section,1. Account Overview: The deposit/withdrawal amount displayed includes internal transfers along with cash and position transfers.
Notes and Disclosure,Data,Section,2. Projected Income: The Estimated Annual Income and Estimated Remaining Income in the Projected Income report assume dividend and bond payments remain constant throughout the year. These positions and interest rates are based on the previous business day.
Notes and Disclosure,Data,Section,"3. Risk Measures: Historical US 3 Month Treasury Bill rates are used as the risk free rates when calculating Alpha, the Sharpe ratio, the Sortino ratio, and the downside deviation."
Notes and Disclosure,Data,Disclosure,"This portfolio report was generated using Clearing Broker's PortfolioAnalyst tool, which allows Clearing Broker clients to generate analyses of their accounts using market data provided by third parties along with trade and account data contained in Clearing Broker's systems. This report is for information purposes only and is provided AS IS. Clearing Broker makes no warranty of any kind, express or implied, as to this report and its contents. The data provided for use in the PortfolioAnalyst tool is believed to be accurate, but completeness and accuracy of the information is not guaranteed, and Clearing Broker has no liability with respect thereto. The data regarding accounts held outside of Clearing Broker is obtained either directly from your input or from the financial institutions holding those accounts through a third-party service provider and Clearing Broker has NOT reviewed its accuracy.

The material in this report is intended only as a reference and should not be relied upon for the maintenance of your books and records for tax, accounting, financial, or regulatory reporting or for any other purposes. This report is not an offer or a solicitation of an offer to buy or sell any security. This material does not, and is not intended to, take into account the particular financial conditions, investment objectives, or requirements of individual customers. Before acting on any material within this report, you should consider whether it is suitable for your particular circumstances and as necessary, seek professional advice."
