Introduction,Header,Name,Account,Alias,BaseCurrency,AccountType,AnalysisPeriod,PerformanceMeasure
Introduction,Data,ROBINSON E CARBAJAL DEL CARPIO,U16796097,,USD,Individual (Broker Client),"December 16, 2024 to January 27, 2026 (Daily)",TWR
Key Statistics,MetaInfo,Analysis Period,"December 16, 2024 - January 27, 2026"
Key Statistics,Header,BeginningNAV,EndingNAV,CumulativeReturn,5DayReturn,5DayReturnDateRange,10DayReturn,10DayReturnDateRange,BestReturn,BestReturnDate,WorstReturn,WorstReturnDate,MTM,Deposits & Withdrawals,Dividends,Interest,Fees & Commissions,Other,ChangeInNAV
Key Statistics,Data,0,17618.778254,-74.553834338,6.010910523,20260121 - 20260127,10.436399287,20260114 - 20260127,22.54508849,20251024,-17.965838757,20250307,-14371.0125,45415.51,0.21,-1.02,-13424.879245,-0.030001,17618.778254
Historical Performance,MetaInfo,Analysis Period,"December 16, 2024 - January 27, 2026"
Historical Performance,Header,Account,MTD,QTD,YTD,1 Year,Since Inception
Historical Performance,Data,U16796097,25.913367139,25.913367139,25.913367139,-74.17086484,-74.55383432
Historical Performance,Header,Month,Account,AccountReturn
Historical Performance,Data,202501,U16796097,15.005955811
Historical Performance,Data,202502,U16796097,-32.122600328
Historical Performance,Data,202503,U16796097,-48.689918875
Historical Performance,Data,202504,U16796097,-1.47851578
Historical Performance,Data,202505,U16796097,9.169169994
Historical Performance,Data,202506,U16796097,12.058464874
Historical Performance,Data,202507,U16796097,-15.276269561
Historical Performance,Data,202508,U16796097,-9.04916709
Historical Performance,Data,202509,U16796097,-0.286818013
Historical Performance,Data,202510,U16796097,17.079158388
Historical Performance,Data,202511,U16796097,-39.747884152
Historical Performance,Data,202512,U16796097,-15.429917871
Historical Performance,Header,Quarter,Account,AccountReturn
Historical Performance,Data,2025 Q1,U16796097,-59.945784551
Historical Performance,Data,2025 Q2,U16796097,20.524578925
Historical Performance,Data,2025 Q3,U16796097,-23.164074673
Historical Performance,Data,2025 Q4,U16796097,-40.342005922
Historical Performance,Header,Year,Account,AccountReturn
Historical Performance,Data,YTD,U16796097,25.913367139
Historical Performance,Data,2025,U16796097,-77.871252929
Open Position Summary,MetaInfo,As Of,"January 27, 2026"
Open Position Summary,Header,Date,FinancialInstrument,Currency,Symbol,Description,Sector,Quantity,ClosePrice,Value,Cost Basis,UnrealizedP&L,FXRateToBase
Open Position Summary,Data,01/27/2026,Stocks,USD,LAES,SEALSQ CORP,Technology,3700,4.76,17612,29296.330918,-11684.330918,1
Open Position Summary,Data,Total,Stocks,USD,,,,,,17612,29296.330918,-11684.330918
Open Position Summary,Data,01/27/2026,Cash,USD,USD,United States Dollar,Cash,6.778254,1,6.778254, , ,1
Performance by Symbol,MetaInfo,Analysis Period,"December 16, 2024 - January 27, 2026"
Performance by Symbol,Header,Symbol,Description,FinancialInstrument,Sector,AvgWeight,Return,Contribution,Unrealized_P&L,Realized_P&L,Open
Performance by Symbol,Data,ALDX,ALDEYRA THERAPEUTICS INC,Stocks,Healthcare,100.769464205,2.489549012,9.400416914,0.00,"1,809.18",No
Performance by Symbol,Data,AMD,ADVANCED MICRO DEVICES,Stocks,Technology,7.571122702,-1.795447836,-0.135935559,0.00,-18.34,No
Performance by Symbol,Data,BBAI,BIGBEAR.AI HOLDINGS INC,Stocks,Technology,100.959264115,-62.998503296,-63.180460487,0.00,"-20,506.42",No
Performance by Symbol,Data,CURX,CURANEX PHARMACEUTICALS INC,Stocks,Healthcare,7.210151902,-2.25549423,-0.16262456,0.00,-43.89,No
Performance by Symbol,Data,HBM,HUDBAY MINERALS INC,Stocks,Basic Materials,61.126420394,-6.912866371,-3.350391358,0.00,48.74,No
Performance by Symbol,Data,LAES,SEALSQ CORP,Stocks,Technology,100.843712519,-28.967313553,-30.417271822,"-11,684.33","3,857.58",Yes
Performance by Symbol,Data,PBR,PETROLEO BRASILEIRO-SPON ADR,Stocks,Energy,55.228281782,1.119067636,0.102078875,0.00,22.96,No
Performance by Symbol,Data,PLTR,PALANTIR TECHNOLOGIES INC-A,Stocks,Technology,99.601137353,-0.010864665,-0.01082133,0.00,-3.02,No
Performance by Symbol,Data,TSLA,TESLA INC,Stocks,Consumer Cyclicals,132.320208715,-3.963171885,-4.74718092,0.00,"-1,232.94",No
Performance by Symbol,Data,UNH,UNITEDHEALTH GROUP INC,Stocks,Healthcare,105.239750415,-3.852274291,-3.926262056,0.00,"-1,088.14",No
Performance by Symbol,Data,XHLD,TEN HOLDINGS INC,Stocks,Industrials,12.124231745,-29.100651955,-4.595846036,0.00,-640.54,No
Performance by Symbol,Data,XP,XP INC - CLASS A,Stocks,Financials,94.227088571,14.956636787,7.447120165,0.00,"1,683.25",No
Performance by Symbol,Data,Total Stocks,,,,116.594844213,-78.19810313,-74.552514979,"-11,684.33","-16,111.56",
Performance by Symbol,Data,USD,United States Dollar,Cash,Cash,-11.00468045,-2.17692405,-0.004761451,,,Yes
Performance by Symbol,Data,Total Cash,,,,-11.00468045,-2.17692405,-0.004761451,,,
Performance by Symbol,Data,Total,,,,100,-74.553834338,-74.553834338,"-11,684.33","-16,111.56",
Trade Summary,MetaInfo,Analysis Period,"December 16, 2024 - January 27, 2026"
Trade Summary,Header,Financial Instrument,Currency,Symbol,Description,Sector,Quantity Bought,Average Price Bought,Proceeds Bought,Proceeds Bought in Base,Quantity Sold,Average Price Sold,Proceeds Sold,Proceeds Sold in Base
Trade Summary,Data,Stocks,United States Dollar,ALDX,ALDEYRA THERAPEUTICS INC,Healthcare,104355,4.233148666,-441750.229,-441750.229,-104355,4.295747554,448282.736,448282.736
Trade Summary,Data,Stocks,United States Dollar,AMD,ADVANCED MICRO DEVICES,Technology,10,101.115,-1011.15,-1011.15,-10,101.39,1013.9,1013.9
Trade Summary,Data,Stocks,United States Dollar,BBAI,BIGBEAR.AI HOLDINGS INC,Technology,109974,5.856204239,-644030.205,-644030.205,-109974,5.716743821,628693.185,628693.185
Trade Summary,Data,Stocks,United States Dollar,CURX,CURANEX PHARMACEUTICALS INC,Healthcare,1200,1.59,-1908,-1908,-1200,1.614166667,1937,1937
Trade Summary,Data,Stocks,United States Dollar,HBM,HUDBAY MINERALS INC,Basic Materials,15730,8.527441195,-134136.65,-134136.65,-15730,8.586251113,135061.73,135061.73
Trade Summary,Data,Stocks,United States Dollar,LAES,SEALSQ CORP,Technology,30410,5.358072016,-162938.97,-162938.97,-26710,5.195881692,138782,138782
Trade Summary,Data,Stocks,United States Dollar,PBR,PETROLEO BRASILEIRO-SPON ADR,Energy,1798,11.234376529,-20199.409,-20199.409,-1798,11.326802002,20365.59,20365.59
Trade Summary,Data,Stocks,United States Dollar,PLTR,PALANTIR TECHNOLOGIES INC-A,Technology,155,179.225,-27779.875,-27779.875,-155,179.375,27803.125,27803.125
Trade Summary,Data,Stocks,United States Dollar,TSLA,TESLA INC,Consumer Cyclicals,465,397.82874129,-184990.3647,-184990.3647,-465,395.522335054,183917.8858,183917.8858
Trade Summary,Data,Stocks,United States Dollar,UNH,UNITEDHEALTH GROUP INC,Healthcare,158,353.896693671,-55915.6776,-55915.6776,-158,347.305189873,54874.22,54874.22
Trade Summary,Data,Stocks,United States Dollar,XHLD,TEN HOLDINGS INC,Industrials,6500,1.076944615,-7000.14,-7000.14,-6500,1.031415385,6704.2,6704.2
Trade Summary,Data,Stocks,United States Dollar,XP,XP INC - CLASS A,Financials,8416,15.244109316,-128294.424,-128294.424,-8416,15.510516873,130536.51,130536.51
Deposits And Withdrawals,MetaInfo,Analysis Period,"December 16, 2024 - January 27, 2026"
Deposits And Withdrawals,Header,Date,Type,Description,Amount
Deposits And Withdrawals,Data,12/16/24,DEPOSIT,Cash Receipts / Electronic Fund Transfers ,25380
Deposits And Withdrawals,Data,01/27/25,DEPOSIT,Cash Receipts / Electronic Fund Transfers (from Nium Pte Ltd ) ,2402.88
Deposits And Withdrawals,Data,02/28/25,DEPOSIT,Cash Receipts / Electronic Fund Transfers (from Nium Pte Ltd ) ,1892.78
Deposits And Withdrawals,Data,03/28/25,DEPOSIT,Cash Receipts / Electronic Fund Transfers (from Nium Pte Ltd ) ,2449.4
Deposits And Withdrawals,Data,07/01/25,DEPOSIT,Cash Receipts / Electronic Fund Transfers (from Robinson Edward ) ,2535.99
Deposits And Withdrawals,Data,07/08/25,DEPOSIT,Cash Receipts / Electronic Fund Transfers (from Robinson Edward ) ,4803.57
Deposits And Withdrawals,Data,07/23/25,DEPOSIT,Cash Receipts / Electronic Fund Transfers (from Robinson Edward ) ,1195.65
Deposits And Withdrawals,Data,07/25/25,DEPOSIT,Cash Receipts / Electronic Fund Transfers (from Robinson Edward ) ,2839.65
Deposits And Withdrawals,Data,09/10/25,DEPOSIT,Cash Receipts / Electronic Fund Transfers (from Robinson Edward ) ,1915.59
Dividends,MetaInfo,Analysis Period,"December 16, 2024 - January 27, 2026"
Dividends,Header,PayDate,Ex-Date,Symbol,Quantity,DividendPerShare,Amount
Dividends,Data,20250321,20250304,HBM,30,0.01,0.21
Interest Details,MetaInfo,Analysis Period,"December 16, 2024 - January 27, 2026"
Interest Details,Header,Date,Description,Amount
Interest Details,Data,20250305,USD Debit Interest Paid for February 2025,-0.11
Interest Details,Data,20250403,USD Debit Interest Paid for March 2025,-0.02
Interest Details,Data,20250505,USD Debit Interest Paid for April 2025,-0.01
Interest Details,Data,20250604,USD Debit Interest Paid for May 2025,-0.07
Interest Details,Data,20250703,USD Debit Interest Paid for June 2025,-0.16
Interest Details,Data,20250805,USD Debit Interest Paid for July 2025,-0.45
Interest Details,Data,20250904,USD Debit Interest Paid for August 2025,-0.04
Interest Details,Data,20251003,USD Debit Interest Paid for September 2025,-0.03
Interest Details,Data,20251105,USD Debit Interest Paid for October 2025,-0.13
Notes and Disclosure,Header,Type,Note
Notes and Disclosure,Data,General,"1. The Net Asset Value (NAV) consists of all positions by financial instrument (stock, securities options, warrants, bonds, cash, etc.). All non-base currency amounts are converted to the base currency at the close of period rate."
Notes and Disclosure,Data,General,2. The gain or loss from future contracts settle into cash each night. The notional value is used when computing the contribution to return.
Notes and Disclosure,Data,General,"3. Dividend accruals, interest accruals, and insured deposits are included in cash amounts throughout the report."
Notes and Disclosure,Data,General,4. Price valuations are obtained from outside parties. Clearing Broker shall have no responsibility for the accuracy or timeliness of any such price valuation.
Notes and Disclosure,Data,General,5. Data from Thomson Reuters Business Classifications and Lipper Global is used to derive our sector classifications. Funds with assorted sector allocations are classified as Broad.
Notes and Disclosure,Data,General,"6. Amounts are formatted to two decimal places. If amounts are greater than two decimal places, Clearing Broker uses "half-even" rounding. This means that Clearing Broker rounds such amounts up to the nearest even number."
Notes and Disclosure,Data,General,"7. For accounts opened and funded before 2009, reports with a time period of Since Inception will only include data going back to January 1, 2009. This includes some default reports and both Historical Performance reports."
Notes and Disclosure,Data,General,"8. If you have elected to trade cryptocurrency/digital asset products at Crypto Provider through the Clearing Broker platform, for your convenience your positions in your linked account at Crypto Provider are reflected in PortfolioAnalyst in connection with your Clearing Broker account."
Notes and Disclosure,Data,Section,1. Account Overview: The deposit/withdrawal amount displayed includes internal transfers along with cash and position transfers.
Notes and Disclosure,Data,Section,"2. Risk Measures: Historical US 3 Month Treasury Bill rates are used as the risk free rates when calculating Alpha, the Sharpe ratio, the Sortino ratio, and the downside deviation."
Notes and Disclosure,Data,Disclosure,"This portfolio report was generated using Clearing Broker's PortfolioAnalyst tool, which allows Clearing Broker clients to generate analyses of their accounts using market data provided by third parties along with trade and account data contained in Clearing Broker's systems. This report is for information purposes only and is provided AS IS. Clearing Broker makes no warranty of any kind, express or implied, as to this report and its contents. The data provided for use in the PortfolioAnalyst tool is believed to be accurate, but completeness and accuracy of the information is not guaranteed, and Clearing Broker has no liability with respect thereto. The data regarding accounts held outside of Clearing Broker is obtained either directly from your input or from the financial institutions holding those accounts through a third-party service provider and Clearing Broker has NOT reviewed its accuracy.

The material in this report is intended only as a reference and should not be relied upon for the maintenance of your books and records for tax, accounting, financial, or regulatory reporting or for any other purposes. This report is not an offer or a solicitation of an offer to buy or sell any security. This material does not, and is not intended to, take into account the particular financial conditions, investment objectives, or requirements of individual customers. Before acting on any material within this report, you should consider whether it is suitable for your particular circumstances and as necessary, seek professional advice."
