Introduction,Header,Name,Account,Alias,BaseCurrency,AccountType,AnalysisPeriod,PerformanceMeasure
Introduction,Data,Rosario Mejia Mejia,U19622191,,USD,Individual (Broker Client),"August 9, 2024 to January 27, 2026 (Daily)",TWR
Key Statistics,MetaInfo,Analysis Period,"August 9, 2024 - January 27, 2026"
Key Statistics,Header,BeginningNAV,EndingNAV,CumulativeReturn,5DayReturn,5DayReturnDateRange,10DayReturn,10DayReturnDateRange,BestReturn,BestReturnDate,WorstReturn,WorstReturnDate,MTM,Deposits & Withdrawals,Dividends,Interest,Fees & Commissions,Other,ChangeInNAV
Key Statistics,Data,0,5.535804,1.51184557,0,20260121 - 20260127,0,20260114 - 20260127,6.953398242,20250213,-5.013819449,20250218,610.961,-202.74,56.44,0,-445.775196,-13.35,5.535804
Historical Performance,MetaInfo,Analysis Period,"August 9, 2024 - January 27, 2026"
Historical Performance,Header,Account,MTD,QTD,YTD,1 Year,Since Inception
Historical Performance,Data,U19622191,0,0,0,8.585839885,1.511845559
Historical Performance,Header,Month,Account,AccountReturn
Historical Performance,Data,202501,U19622191,-1.260313513
Historical Performance,Data,202502,U19622191,7.635416344
Historical Performance,Data,202503,U19622191,0
Historical Performance,Data,202504,U19622191,0
Historical Performance,Data,202505,U19622191,0
Historical Performance,Data,202506,U19622191,0
Historical Performance,Data,202507,U19622191,0
Historical Performance,Data,202508,U19622191,0
Historical Performance,Data,202509,U19622191,0
Historical Performance,Data,202510,U19622191,0
Historical Performance,Data,202511,U19622191,0
Historical Performance,Data,202512,U19622191,0
Historical Performance,Data,202401,U19622191,-
Historical Performance,Data,202402,U19622191,-
Historical Performance,Data,202403,U19622191,-
Historical Performance,Data,202404,U19622191,-
Historical Performance,Data,202405,U19622191,-
Historical Performance,Data,202406,U19622191,-
Historical Performance,Data,202407,U19622191,-
Historical Performance,Data,202408,U19622191,-
Historical Performance,Data,202409,U19622191,3.465139627
Historical Performance,Data,202410,U19622191,1.264894509
Historical Performance,Data,202411,U19622191,0.139864509
Historical Performance,Data,202412,U19622191,-8.716460975
Historical Performance,Header,Quarter,Account,AccountReturn
Historical Performance,Data,2025 Q1,U19622191,6.278872647
Historical Performance,Data,2025 Q2,U19622191,0
Historical Performance,Data,2025 Q3,U19622191,0
Historical Performance,Data,2025 Q4,U19622191,0
Historical Performance,Data,2024 Q1,U19622191,-
Historical Performance,Data,2024 Q2,U19622191,-
Historical Performance,Data,2024 Q3,U19622191,-
Historical Performance,Data,2024 Q4,U19622191,-7.432532296
Historical Performance,Header,Year,Account,AccountReturn
Historical Performance,Data,YTD,U19622191,0
Historical Performance,Data,2025,U19622191,6.278872647
Open Position Summary,MetaInfo,As Of,"January 27, 2026"
Open Position Summary,Header,Date,FinancialInstrument,Currency,Symbol,Description,Sector,Quantity,ClosePrice,Value,Cost Basis,UnrealizedP&L,FXRateToBase
Open Position Summary,Data,01/27/2026,Cash,USD,USD,United States Dollar,Cash,5.535804,1,5.535804, , ,1
Performance by Symbol,MetaInfo,Analysis Period,"August 9, 2024 - January 27, 2026"
Performance by Symbol,Header,Symbol,Description,FinancialInstrument,Sector,AvgWeight,Return,Contribution,Unrealized_P&L,Realized_P&L,Open
Performance by Symbol,Data,SHV,ISHARES SHORT TREASURY BOND,ETFs,Government,26.81780438,-1.025661598,-0.169339794,0.00,-27.72,No
Performance by Symbol,Data,Total ETFs,,,,26.81780438,-1.025661598,-0.169339794,0.00,-27.72,
Performance by Symbol,Data,BABA  250117C00095000,BABA 17JAN25 95 C,Options,Technology,-2.336071058,131.995547711,-3.203172833,0.00,-450.36,No
Performance by Symbol,Data,BABA  250117P00082500,BABA 17JAN25 82.5 P,Options,Technology,3.778731478,-70.488287724,-2.839226147,0.00,-395.16,No
Performance by Symbol,Data,DAL   250117C00045000,DAL 17JAN25 45 C,Options,Industrials,-2.596384096,370.10880968,-4.815990888,0.00,-686.36,No
Performance by Symbol,Data,DAL   250117P00040000,DAL 17JAN25 40 P,Options,Industrials,1.582908666,-85.978897106,-2.14434283,0.00,-299.03,No
Performance by Symbol,Data,NKE   250117P00075000,NKE 17JAN25 75 P,Options,Consumer Cyclicals,2.005656531,-100,-2.854903588,0.00,0.00,No
Performance by Symbol,Data,NKE   250321C00100000,NKE 21MAR25 100 C,Options,Consumer Cyclicals,-0.716493295,-32.084141502,0.228975199,0.00,34.39,No
Performance by Symbol,Data,NKE   250321P00082500,NKE 21MAR25 82.5 P,Options,Consumer Cyclicals,4.959700955,39.512535579,1.720829981,0.00,251.62,No
Performance by Symbol,Data,STM   250117P00028000,STM 17JAN25 28 P,Options,Technology,2.115340013,-100,-1.899225365,0.00,0.00,No
Performance by Symbol,Data,TLT   270115C00080000,TLT 15JAN27 80 C,Options,Government,37.321030772,6.352205176,2.342170368,0.00,332.42,No
Performance by Symbol,Data,TLT   270115C00085000,TLT 15JAN27 85 C,Options,Government,70.685808084,3.811700181,2.741897973,0.00,366.09,No
Performance by Symbol,Data,TLT   270115C00090000,TLT 15JAN27 90 C,Options,Government,12.693542907,-14.990566051,-2.035465547,0.00,-306.84,No
Performance by Symbol,Data,Total Options,,,,20.99535115,-906.805930801,-12.706623309,0.00,"-1,153.23",
Performance by Symbol,Data,BABA,ALIBABA GROUP HOLDING-SP ADR,Stocks,Technology,22.022080217,28.525599315,10.399610087,0.00,"1,384.49",No
Performance by Symbol,Data,DAL,DELTA AIR LINES INC.,Stocks,Industrials,31.554207238,28.341568233,8.460897832,0.00,"1,136.36",No
Performance by Symbol,Data,NKE,NIKE INC -CL B,Stocks,Consumer Cyclicals,56.247253022,-7.834014637,-4.355322822,0.00,"-1,018.31",No
Performance by Symbol,Data,STM,STMICROELECTRONICS NV-NY SHS,Stocks,Technology,18.658796119,3.113648156,0.709985544,0.00,-156.41,No
Performance by Symbol,Data,Total Stocks,,,,68.680738996,53.925470786,15.115009802,0.00,"1,346.14",
Performance by Symbol,Data,USD,United States Dollar,Cash,Cash,69.700134895,1.177689121,0.026018063,,,Yes
Performance by Symbol,Data,Total Cash,,,,69.518150209,1.177689121,0.026018063,,,
Performance by Symbol,Data,Total,,,,99.738903394,1.511845571,1.511845571,0.00,165.19,
Trade Summary,MetaInfo,Analysis Period,"August 9, 2024 - January 27, 2026"
Trade Summary,Header,Financial Instrument,Currency,Symbol,Description,Sector,Quantity Bought,Average Price Bought,Proceeds Bought,Proceeds Bought in Base,Quantity Sold,Average Price Sold,Proceeds Sold,Proceeds Sold in Base
Trade Summary,Data,ETFs,United States Dollar,SHV,ISHARES SHORT TREASURY BOND,Government,128,110.26125,-14113.44,-14113.44,-253,110.305486166,27907.288,27907.288
Trade Summary,Data,Options,United States Dollar,BABA  250117C00095000,BABA 17JAN25 95 C,Technology,1,7.8,-780,-780,-1,3.53,353,353
Trade Summary,Data,Options,United States Dollar,BABA  250117P00082500,BABA 17JAN25 82.5 P,Technology,1,5.49,-549,-549,-1,1.77,177,177
Trade Summary,Data,Options,United States Dollar,DAL   250117C00045000,DAL 17JAN25 45 C,Industrials,1,8.6,-860,-860,-1,1.97,197,197
Trade Summary,Data,Options,United States Dollar,DAL   250117P00040000,DAL 17JAN25 40 P,Industrials,1,3.36,-336,-336,-1,0.61,61,61
Trade Summary,Data,Options,United States Dollar,NKE   250117P00075000,NKE 17JAN25 75 P,Consumer Cyclicals,1,3.6,-360,-360,-1,0,0,0
Trade Summary,Data,Options,United States Dollar,NKE   250321C00100000,NKE 21MAR25 100 C,Consumer Cyclicals,1,0.61,-61,-61,-1,1.19,119,119
Trade Summary,Data,Options,United States Dollar,NKE   250321P00082500,NKE 21MAR25 82.5 P,Consumer Cyclicals,1,6.25,-625,-625,-1,9,900,900
Trade Summary,Data,Options,United States Dollar,STM   250117P00028000,STM 17JAN25 28 P,Technology,1,2.21,-221,-221,-1,0,0,0
Trade Summary,Data,Options,United States Dollar,TLT   270115C00080000,TLT 15JAN27 80 C,Government,3,17.4,-5220,-5220,-3,18.6,5580,5580
Trade Summary,Data,Options,United States Dollar,TLT   270115C00085000,TLT 15JAN27 85 C,Government,9,10.65,-9585,-9585,-9,11.1,9990,9990
Trade Summary,Data,Options,United States Dollar,TLT   270115C00090000,TLT 15JAN27 90 C,Government,2,10.17,-2034,-2034,-2,8.77,1754,1754
Trade Summary,Data,Stocks,United States Dollar,BABA,ALIBABA GROUP HOLDING-SP ADR,Technology,219,84.98696347,-18612.145,-18612.145,-219,91.655059361,20072.458,20072.458
Trade Summary,Data,Stocks,United States Dollar,DAL,DELTA AIR LINES INC.,Industrials,100,39.985,-3998.5,-3998.5,-100,51.5705,5157.05,5157.05
Trade Summary,Data,Stocks,United States Dollar,NKE,NIKE INC -CL B,Consumer Cyclicals,200,78.705,-15741,-15741,-200,75.64,15128,15128
Trade Summary,Data,Stocks,United States Dollar,STM,STMICROELECTRONICS NV-NY SHS,Technology,100,27.125,-2712.5,-2712.5,-100,28,2800,2800
Deposits And Withdrawals,MetaInfo,Analysis Period,"August 9, 2024 - January 27, 2026"
Deposits And Withdrawals,Header,Date,Type,Description,Amount
Deposits And Withdrawals,Data,08/09/24,ACATIN,Ishares Short Treasury Bond (SHV) Quantity: 125,13776.25
Deposits And Withdrawals,Data,12/19/24,NA,Adjustment: Commission (consolidated Audit Trail Fee Refund) ,0.01
Deposits And Withdrawals,Data,03/04/25,WITHDRAWAL,Disbursement Initiated By Rosario Mejia Mejia ,-13979
Dividends,MetaInfo,Analysis Period,"August 9, 2024 - January 27, 2026"
Dividends,Header,PayDate,Ex-Date,Symbol,Note,Quantity,DividendPerShare,Amount
Dividends,Data,20240906,20240903,SHV,Payment In Lieu,8,0.12,0.95
Dividends,Data,20240906,20240903,SHV,Dividend Payment,8,0.36,2.85
Dividends,Data,20241004,20241001,SHV,Dividend Payment,8,0.46,3.64
Dividends,Data,20241227,20241217,STM,Dividend Payment,100,0.09,9
Dividends,Data,20250102,20241202,NKE,Dividend Payment,100,0.40,40
Notes and Disclosure,Header,Type,Note
Notes and Disclosure,Data,General,"1. The Net Asset Value (NAV) consists of all positions by financial instrument (stock, securities options, warrants, bonds, cash, etc.). All non-base currency amounts are converted to the base currency at the close of period rate."
Notes and Disclosure,Data,General,2. The gain or loss from future contracts settle into cash each night. The notional value is used when computing the contribution to return.
Notes and Disclosure,Data,General,"3. Dividend accruals, interest accruals, and insured deposits are included in cash amounts throughout the report."
Notes and Disclosure,Data,General,4. Price valuations are obtained from outside parties. Clearing Broker shall have no responsibility for the accuracy or timeliness of any such price valuation.
Notes and Disclosure,Data,General,5. Data from Thomson Reuters Business Classifications and Lipper Global is used to derive our sector classifications. Funds with assorted sector allocations are classified as Broad.
Notes and Disclosure,Data,General,"6. Amounts are formatted to two decimal places. If amounts are greater than two decimal places, Clearing Broker uses "half-even" rounding. This means that Clearing Broker rounds such amounts up to the nearest even number."
Notes and Disclosure,Data,General,"7. For accounts opened and funded before 2009, reports with a time period of Since Inception will only include data going back to January 1, 2009. This includes some default reports and both Historical Performance reports."
Notes and Disclosure,Data,General,"8. If you have elected to trade cryptocurrency/digital asset products at Crypto Provider through the Clearing Broker platform, for your convenience your positions in your linked account at Crypto Provider are reflected in PortfolioAnalyst in connection with your Clearing Broker account."
Notes and Disclosure,Data,Section,1. Account Overview: The deposit/withdrawal amount displayed includes internal transfers along with cash and position transfers.
Notes and Disclosure,Data,Section,"2. Risk Measures: Historical US 3 Month Treasury Bill rates are used as the risk free rates when calculating Alpha, the Sharpe ratio, the Sortino ratio, and the downside deviation."
Notes and Disclosure,Data,Disclosure,"This portfolio report was generated using Clearing Broker's PortfolioAnalyst tool, which allows Clearing Broker clients to generate analyses of their accounts using market data provided by third parties along with trade and account data contained in Clearing Broker's systems. This report is for information purposes only and is provided AS IS. Clearing Broker makes no warranty of any kind, express or implied, as to this report and its contents. The data provided for use in the PortfolioAnalyst tool is believed to be accurate, but completeness and accuracy of the information is not guaranteed, and Clearing Broker has no liability with respect thereto. The data regarding accounts held outside of Clearing Broker is obtained either directly from your input or from the financial institutions holding those accounts through a third-party service provider and Clearing Broker has NOT reviewed its accuracy.

The material in this report is intended only as a reference and should not be relied upon for the maintenance of your books and records for tax, accounting, financial, or regulatory reporting or for any other purposes. This report is not an offer or a solicitation of an offer to buy or sell any security. This material does not, and is not intended to, take into account the particular financial conditions, investment objectives, or requirements of individual customers. Before acting on any material within this report, you should consider whether it is suitable for your particular circumstances and as necessary, seek professional advice."
