Introduction,Header,Name,Account,Alias,BaseCurrency,AccountType,AnalysisPeriod,PerformanceMeasure
Introduction,Data,Santiago C Pardo and Rocio Diaz,U23419524,,USD,Joint (Broker Client),"January 16, 2026 to January 27, 2026 (Daily)",TWR
Key Statistics,MetaInfo,Analysis Period,"January 16, 2026 - January 27, 2026"
Key Statistics,Header,BeginningNAV,EndingNAV,CumulativeReturn,5DayReturn,5DayReturnDateRange,10DayReturn,10DayReturnDateRange,BestReturn,BestReturnDate,WorstReturn,WorstReturnDate,MTM,Deposits & Withdrawals,Dividends,Interest,Fees & Commissions,Other,ChangeInNAV
Key Statistics,Data,0,29408.844828,-0.948085962,-0.948085962,20260121 - 20260127,,,0.036095506,20260126,-0.98382635,20260127,-287.0352,29698.6216,0,0,-2.751571,0.009999,29408.844828
Historical Performance,MetaInfo,Analysis Period,"January 16, 2026 - January 27, 2026"
Historical Performance,Header,Account,MTD,QTD,YTD,Since Inception
Historical Performance,Data,U23419524,-0.948085957,-0.948085957,-0.948085957,-0.948085957
Open Position Summary,MetaInfo,As Of,"January 27, 2026"
Open Position Summary,Header,Date,FinancialInstrument,Currency,Symbol,Description,Sector,Quantity,ClosePrice,Value,Cost Basis,UnrealizedP&L,FXRateToBase
Open Position Summary,Data,01/27/2026,ETFs,USD,CSPX,ISHARES CORE S&P 500,Broad,0.5,748.88,374.44,375.66,-1.22,1
Open Position Summary,Data,01/27/2026,ETFs,USD,SPY,SPDR S&P 500 ETF TRUST,Broad,9,695.49,6259.41,5494.183526,765.226474,1
Open Position Summary,Data,Total,ETFs,USD,,,,,,6633.85,5869.843526,764.006474
Open Position Summary,Data,01/27/2026,Stocks,TWD,6456,GENERAL INTERFACE SOLUTION,Technology,16000,41.7,667200,1013912.9,-346712.9,0.032087
Open Position Summary,Data,Total,Stocks,TWD,,,,,,667200,1013912.9,-346712.9
Open Position Summary,Data,Total,Stocks,USD,,,,,,21408.4464,32533.4232223,-11124.9768223
Open Position Summary,Data,01/27/2026,Stocks,USD,AAPL,APPLE INC,Technology,2.5,258.27,645.68,653.175757,-7.495757,1
Open Position Summary,Data,01/27/2026,Stocks,USD,BRK B,BERKSHIRE HATHAWAY INC-CL B,Consumer Non-Cyc,0.5,474.67,237.34,240.595357,-3.255357,1
Open Position Summary,Data,01/27/2026,Stocks,USD,MSFT,MICROSOFT CORP,Technology,1,480.58,480.58,477.620457,2.959543,1
Open Position Summary,Data,Total,Stocks,USD,,,,,,1363.6,1371.391571,-7.791571
Open Position Summary,Data,Total,Stocks,USD,,,,,,22772.0464,33904.8147933,-11132.7683933
Open Position Summary,Data,01/27/2026,Cash,USD,USD,United States Dollar,Cash,2.948428,1,2.948428, , ,1
Performance by Symbol,MetaInfo,Analysis Period,"January 16, 2026 - January 27, 2026"
Performance by Symbol,Header,Symbol,Description,FinancialInstrument,Sector,AvgWeight,Return,Contribution,Unrealized_P&L,Realized_P&L,Open
Performance by Symbol,Data,CSPX,ISHARES CORE S&P 500,ETFs,Broad,1.264803701,-0.324761753,-0.004107599,-1.22,0.00,Yes
Performance by Symbol,Data,SPY,SPDR S&P 500 ETF TRUST,ETFs,Broad,56.782008044,0.437570401,0.119759096,765.23,0.00,Yes
Performance by Symbol,Data,Total ETFs,,,,57.414409894,0.396455682,0.115650015,764.01,0.00,
Performance by Symbol,Data,6456,GENERAL INTERFACE SOLUTION,Stocks,Technology,73.116877788,-1.418439716,-1.037118834,"-11,124.98",0.00,Yes
Performance by Symbol,Data,AAPL,APPLE INC,Stocks,Technology,2.199167107,-1.147586567,-0.025237346,-7.50,0.00,Yes
Performance by Symbol,Data,BRK B,BERKSHIRE HATHAWAY INC-CL B,Stocks,Consumer Non-Cyc,0.810056696,-1.353042422,-0.010960411,-3.26,0.00,Yes
Performance by Symbol,Data,MSFT,MICROSOFT CORP,Stocks,Technology,1.608092749,0.619643214,0.009964438,2.96,0.00,Yes
Performance by Symbol,Data,Total Stocks,,,,77.73419434,-1.367933587,-1.063352153,"-11,132.77",0.00,
Performance by Symbol,Data,TWD,New Taiwan Dollar,Cash,Cash,0,0,0,,,No
Performance by Symbol,Data,USD,United States Dollar,Cash,Cash,75.929623234,-0.000008486,-0.000000001,,,Yes
Performance by Symbol,Data,Total Cash,,,,75.929623234,-0.000008486,-0.000000001,,,
Performance by Symbol,Data,Total,,,,100,-0.948085962,-0.948085962,"-10,368.76",0.00,
Projected Income,MetaInfo,As Of,"January 27, 2026"
Projected Income,Header,Financial Instrument,Symbol,Description,Frequency,Quantity,Price,Value,Current Yield %,Principal,Estimated Annual Income,Estimated 2026 Remaining Income
Projected Income,Data,ETFs,SPY,Ordinary Dividend,4,9,695.49,6259.41,1.05312801,-,65.9196,65.9196
Projected Income,Data,,Total ETFs,,,,,6259.41,1.05312801,,65.9196,65.9196
Projected Income,Data,Stocks,AAPL,Ordinary Dividend,4,2.5,258.27,645.68,0.414291909,-,2.675,2.675
Projected Income,Data,Stocks,MSFT,Ordinary Dividend,4,1,480.58,480.58,0.75741812,-,3.64,3.64
Projected Income,Data,,Total Stocks,,,,,1126.26,0.560705343,,6.315,6.315
Projected Income,Data,,Total,,,,,7385.67,0.978037199,,72.2346,72.2346
Trade Summary,MetaInfo,Analysis Period,"January 16, 2026 - January 27, 2026"
Trade Summary,Header,Financial Instrument,Currency,Symbol,Description,Sector,Quantity Bought,Average Price Bought,Proceeds Bought,Proceeds Bought in Base,Quantity Sold,Average Price Sold,Proceeds Sold,Proceeds Sold in Base
Trade Summary,Data,ETFs,United States Dollar,CSPX,ISHARES CORE S&P 500,Broad,0.5,747.92,-373.96,-373.96,0,0,0,0
Trade Summary,Data,Stocks,United States Dollar,AAPL,APPLE INC,Technology,2.5,261.13,-652.825,-652.825,0,0,0,0
Trade Summary,Data,Stocks,United States Dollar,BRK B,BERKSHIRE HATHAWAY INC-CL B,Consumer Non-Cyc,0.5,480.49,-240.245,-240.245,0,0,0,0
Trade Summary,Data,Stocks,United States Dollar,MSFT,MICROSOFT CORP,Technology,1,477.27,-477.27,-477.27,0,0,0,0
Deposits And Withdrawals,MetaInfo,Analysis Period,"January 16, 2026 - January 27, 2026"
Deposits And Withdrawals,Header,Date,Type,Description,Amount
Deposits And Withdrawals,Data,01/16/26,DEPOSIT,Cash Receipts / Electronic Fund Transfers ,500
Deposits And Withdrawals,Data,01/26/26,TRNSFRIN,Spdr S&p 500 Etf Trust (SPY) Quantity: 9,6232.14
Deposits And Withdrawals,Data,01/27/26,TRNSFRIN,"General Interface Solution (6456) Quantity: 16,000",21716.4816
Deposits And Withdrawals,Data,01/27/26,DEPOSIT,Cash Receipts / Electronic Fund Transfers ,1250
Notes and Disclosure,Header,Type,Note
Notes and Disclosure,Data,General,"1. The Net Asset Value (NAV) consists of all positions by financial instrument (stock, securities options, warrants, bonds, cash, etc.). All non-base currency amounts are converted to the base currency at the close of period rate."
Notes and Disclosure,Data,General,2. The gain or loss from future contracts settle into cash each night. The notional value is used when computing the contribution to return.
Notes and Disclosure,Data,General,"3. Dividend accruals, interest accruals, and insured deposits are included in cash amounts throughout the report."
Notes and Disclosure,Data,General,4. Price valuations are obtained from outside parties. Clearing Broker shall have no responsibility for the accuracy or timeliness of any such price valuation.
Notes and Disclosure,Data,General,5. Data from Thomson Reuters Business Classifications and Lipper Global is used to derive our sector classifications. Funds with assorted sector allocations are classified as Broad.
Notes and Disclosure,Data,General,"6. Amounts are formatted to two decimal places. If amounts are greater than two decimal places, Clearing Broker uses "half-even" rounding. This means that Clearing Broker rounds such amounts up to the nearest even number."
Notes and Disclosure,Data,General,"7. For accounts opened and funded before 2009, reports with a time period of Since Inception will only include data going back to January 1, 2009. This includes some default reports and both Historical Performance reports."
Notes and Disclosure,Data,General,"8. If you have elected to trade cryptocurrency/digital asset products at Crypto Provider through the Clearing Broker platform, for your convenience your positions in your linked account at Crypto Provider are reflected in PortfolioAnalyst in connection with your Clearing Broker account."
Notes and Disclosure,Data,Section,1. Account Overview: The deposit/withdrawal amount displayed includes internal transfers along with cash and position transfers.
Notes and Disclosure,Data,Section,2. Projected Income: The Estimated Annual Income and Estimated Remaining Income in the Projected Income report assume dividend and bond payments remain constant throughout the year. These positions and interest rates are based on the previous business day.
Notes and Disclosure,Data,Section,"3. Risk Measures: Historical US 3 Month Treasury Bill rates are used as the risk free rates when calculating Alpha, the Sharpe ratio, the Sortino ratio, and the downside deviation."
Notes and Disclosure,Data,Disclosure,"This portfolio report was generated using Clearing Broker's PortfolioAnalyst tool, which allows Clearing Broker clients to generate analyses of their accounts using market data provided by third parties along with trade and account data contained in Clearing Broker's systems. This report is for information purposes only and is provided AS IS. Clearing Broker makes no warranty of any kind, express or implied, as to this report and its contents. The data provided for use in the PortfolioAnalyst tool is believed to be accurate, but completeness and accuracy of the information is not guaranteed, and Clearing Broker has no liability with respect thereto. The data regarding accounts held outside of Clearing Broker is obtained either directly from your input or from the financial institutions holding those accounts through a third-party service provider and Clearing Broker has NOT reviewed its accuracy.

The material in this report is intended only as a reference and should not be relied upon for the maintenance of your books and records for tax, accounting, financial, or regulatory reporting or for any other purposes. This report is not an offer or a solicitation of an offer to buy or sell any security. This material does not, and is not intended to, take into account the particular financial conditions, investment objectives, or requirements of individual customers. Before acting on any material within this report, you should consider whether it is suitable for your particular circumstances and as necessary, seek professional advice."
