Introduction,Header,Name,Account,Alias,BaseCurrency,AccountType,AnalysisPeriod,PerformanceMeasure
Introduction,Data,Santiago C Pardo Barrena and Aleshka Pardo Diaz,U15976727,,USD,Joint (Broker Client),"November 19, 2024 to January 27, 2026 (Daily)",TWR
Key Statistics,MetaInfo,Analysis Period,"November 19, 2024 - January 27, 2026"
Key Statistics,Header,BeginningNAV,EndingNAV,CumulativeReturn,5DayReturn,5DayReturnDateRange,10DayReturn,10DayReturnDateRange,BestReturn,BestReturnDate,WorstReturn,WorstReturnDate,MTM,Deposits & Withdrawals,Dividends,Interest,Fees & Commissions,Other,ChangeInNAV
Key Statistics,Data,0,65498.36057411,22.133929219,1.361007521,20260121 - 20260127,0.193370113,20260114 - 20260127,8.226450421,20250409,-7.115021078,20250403,11366.60866,52581.73,2029.94724,-21.4934475,-917.264124257,458.832245867,65498.36057411
Historical Performance,MetaInfo,Analysis Period,"November 19, 2024 - January 27, 2026"
Historical Performance,Header,Account,MTD,QTD,YTD,1 Year,Since Inception
Historical Performance,Data,U15976727,0.058528424,0.058528424,0.058528424,21.607724361,22.133929368
Historical Performance,Header,Month,Account,AccountReturn
Historical Performance,Data,202501,U15976727,1.173284176
Historical Performance,Data,202502,U15976727,2.404870356
Historical Performance,Data,202503,U15976727,-4.25586188
Historical Performance,Data,202504,U15976727,-1.601563605
Historical Performance,Data,202505,U15976727,5.048949736
Historical Performance,Data,202506,U15976727,4.717138233
Historical Performance,Data,202507,U15976727,0.841292977
Historical Performance,Data,202508,U15976727,5.029774909
Historical Performance,Data,202509,U15976727,6.319536136
Historical Performance,Data,202510,U15976727,-0.863460789
Historical Performance,Data,202511,U15976727,1.371248356
Historical Performance,Data,202512,U15976727,1.114014792
Historical Performance,Data,202401,U15976727,-
Historical Performance,Data,202402,U15976727,-
Historical Performance,Data,202403,U15976727,-
Historical Performance,Data,202404,U15976727,-
Historical Performance,Data,202405,U15976727,-
Historical Performance,Data,202406,U15976727,-
Historical Performance,Data,202407,U15976727,-
Historical Performance,Data,202408,U15976727,-
Historical Performance,Data,202409,U15976727,-
Historical Performance,Data,202410,U15976727,-
Historical Performance,Data,202411,U15976727,-
Historical Performance,Data,202412,U15976727,-1.825527344
Historical Performance,Header,Quarter,Account,AccountReturn
Historical Performance,Data,2025 Q1,U15976727,-0.802973532
Historical Performance,Data,2025 Q2,U15976727,8.242465813
Historical Performance,Data,2025 Q3,U15976727,12.606617543
Historical Performance,Data,2025 Q4,U15976727,1.615487094
Historical Performance,Data,2024 Q1,U15976727,-
Historical Performance,Data,2024 Q2,U15976727,-
Historical Performance,Data,2024 Q3,U15976727,-
Historical Performance,Data,2024 Q4,U15976727,-
Historical Performance,Header,Year,Account,AccountReturn
Historical Performance,Data,YTD,U15976727,0.058528424
Historical Performance,Data,2025,U15976727,22.862726232
Open Position Summary,MetaInfo,As Of,"January 27, 2026"
Open Position Summary,Header,Date,FinancialInstrument,Currency,Symbol,Description,Sector,Quantity,ClosePrice,Value,Cost Basis,UnrealizedP&L,FXRateToBase
Open Position Summary,Data,01/27/2026,Stocks,EUR,VOW,VOLKSWAGEN AG,Consumer Cyclicals,28,102.4,2867.2,2863.0308,4.1692,1.2041
Open Position Summary,Data,Total,Stocks,EUR,,,,,,2867.2,2863.0308,4.1692
Open Position Summary,Data,Total,Stocks,USD,,,,,,3452.39552,3447.37538628,5.02013372
Open Position Summary,Data,01/27/2026,Stocks,USD,AAPL,APPLE INC,Technology,20,258.27,5165.4,5414.084257,-248.684257,1
Open Position Summary,Data,01/27/2026,Stocks,USD,JD,JD.COM INC-ADR,Consumer Cyclicals,80,29.5,2360,2308.686257,51.313743,1
Open Position Summary,Data,01/27/2026,Stocks,USD,LULU,LULULEMON ATHLETICA INC,Consumer Cyclicals,10,186.39,1863.9,1887.404257,-23.504257,1
Open Position Summary,Data,01/27/2026,Stocks,USD,NFLX,NETFLIX INC,Telecomm,20,85.58,1711.6,1619.684257,91.915743,1
Open Position Summary,Data,01/27/2026,Stocks,USD,NKE,NIKE INC -CL B,Consumer Cyclicals,30,63.09,1892.7,1917.051257,-24.351257,1
Open Position Summary,Data,01/27/2026,Stocks,USD,POAHY,PORSCHE AUTOMOBIL-UNSP ADR,Consumer Cyclicals,300,4.3,1290,1315.060772,-25.060772,1
Open Position Summary,Data,01/27/2026,Stocks,USD,UNH,UNITEDHEALTH GROUP INC,Healthcare,10,282.7,2827,2856.017257,-29.017257,1
Open Position Summary,Data,01/27/2026,Stocks,USD,XYZ,BLOCK INC,Industrials,50,64.59,3229.5,3257.685257,-28.185257,1
Open Position Summary,Data,Total,Stocks,USD,,,,,,20340.1,20575.673571,-235.573571
Open Position Summary,Data,Total,Stocks,USD,,,,,,23792.49552,24023.04895728,-230.55343728
Open Position Summary,Data,01/27/2026,Cash,EUR,EUR,Euro,Cash,3674.637456,1.2041,4424.63096077, , ,1.2041
Open Position Summary,Data,01/27/2026,Cash,HKD,HKD,Hong Kong Dollar,Cash,48319.622893,0.12822,6195.54204734, , ,0.12822
Open Position Summary,Data,01/27/2026,Cash,USD,USD,United States Dollar,Cash,31085.692046,1,31085.692046, , ,1
Open Position Summary,Data,Total,Cash,USD,,,,,,41705.86505411, , 
Performance by Symbol,MetaInfo,Analysis Period,"November 19, 2024 - January 27, 2026"
Performance by Symbol,Header,Symbol,Description,FinancialInstrument,Sector,AvgWeight,Return,Contribution,Unrealized_P&L,Realized_P&L,Open
Performance by Symbol,Data,JAAA,JANUS HENDERSON AAA CLO ETF,ETFs,Broad,10.472706432,-1.068407937,-0.128599242,0.00,-109.88,No
Performance by Symbol,Data,KWEB,KRANESH CSI CHINA INTERNET,ETFs,Technology,5.854655185,15.6779278,0.721499598,0.00,394.20,No
Performance by Symbol,Data,RYLD,GLOBAL X RUSSELL 2000 COV CL,ETFs,Broad,47.156581144,1.889588352,0.931773851,0.00,713.15,No
Performance by Symbol,Data,SPY,SPDR S&P 500 ETF TRUST,ETFs,Broad,6.176459908,7.218280871,1.307196525,0.00,0.00,No
Performance by Symbol,Data,Total ETFs,,,,16.558922183,36.440934741,2.845487946,0.00,997.47,
Performance by Symbol,Data,9888,BAIDU INC-CLASS A,Stocks,Technology,8.665221051,28.328120422,2.076297455,0.00,"1,345.21",No
Performance by Symbol,Data,AAPL,APPLE INC,Stocks,Technology,7.241246831,22.281920802,1.478527929,-248.68,"1,190.53",Yes
Performance by Symbol,Data,AMZN,AMAZON.COM INC,Stocks,Consumer Cyclicals,6.335208297,6.355752165,0.695189051,0.00,329.27,No
Performance by Symbol,Data,BABA,ALIBABA GROUP HOLDING-SP ADR,Stocks,Technology,2.530338123,72.907203052,3.137531501,0.00,"1,797.55",No
Performance by Symbol,Data,BIDU,BAIDU INC - SPON ADR,Stocks,Technology,8.277927062,4.314720139,0.294151217,0.00,216.07,No
Performance by Symbol,Data,BRK B,BERKSHIRE HATHAWAY INC-CL B,Stocks,Consumer Non-Cyc,4.356254672,-6.692126215,0.047937636,0.00,-5.63,No
Performance by Symbol,Data,DG,DOLLAR GENERAL CORP,Stocks,Consumer Cyclicals,5.613738445,15.084080815,0.810362815,0.00,455.66,No
Performance by Symbol,Data,EL,ESTEE LAUDER COMPANIES-CL A,Stocks,Consumer Non-Cyc,6.67438761,31.620427021,2.435632734,0.00,"1,350.24",No
Performance by Symbol,Data,ENPH,ENPHASE ENERGY INC,Stocks,Energy,1.760394079,-26.10496917,-0.563576922,0.00,-394.22,No
Performance by Symbol,Data,GDO,WESTERN AST GLB CORP OPPRNTY,Stocks,Broad,47.622993233,-2.504891099,-1.212676666,0.00,"-2,423.09",No
Performance by Symbol,Data,GOLD.OLD,BARRICK MINING CORP,Stocks,Basic Materials,7.443706976,9.556349811,0.695193597,0.00,362.51,No
Performance by Symbol,Data,ILMN,ILLUMINA INC,Stocks,Healthcare,3.034939651,2.216600218,0.063267988,0.00,43.23,No
Performance by Symbol,Data,INTC,INTEL CORP,Stocks,Technology,3.977730866,72.307669055,2.209182725,0.00,"1,549.70",No
Performance by Symbol,Data,JD,JD.COM INC-ADR,Stocks,Consumer Cyclicals,4.408887063,-10.534933283,-0.447859929,51.31,-407.54,Yes
Performance by Symbol,Data,LULU,LULULEMON ATHLETICA INC,Stocks,Consumer Cyclicals,3.590969151,7.870264873,0.306802407,-23.50,231.19,Yes
Performance by Symbol,Data,MRVL,MARVELL TECHNOLOGY INC,Stocks,Technology,4.418802027,60.524678155,2.037656866,0.00,"1,322.12",No
Performance by Symbol,Data,MU,MICRON TECHNOLOGY INC,Stocks,Technology,4.185823345,13.499196127,0.542286901,0.00,279.34,No
Performance by Symbol,Data,NFLX,NETFLIX INC,Stocks,Telecomm,2.465875707,5.674917339,0.128856046,91.92,0.00,Yes
Performance by Symbol,Data,NIO,NIO INC - ADR,Stocks,Consumer Cyclicals,3.512804491,9.961326475,0.313636299,0.00,224.48,No
Performance by Symbol,Data,NKE,NIKE INC -CL B,Stocks,Consumer Cyclicals,6.970443841,-11.474868332,-0.274080937,-24.35,-360.92,Yes
Performance by Symbol,Data,NVO,NOVO-NORDISK A/S-SPONS ADR,Stocks,Healthcare,3.398219882,1.267310358,0.058936568,0.00,31.88,No
Performance by Symbol,Data,ON,ON SEMICONDUCTOR,Stocks,Technology,4.027325443,-4.254289699,-0.162931804,0.00,-124.50,No
Performance by Symbol,Data,ONON,ON HOLDING AG-CLASS A,Stocks,Consumer Cyclicals,6.174076103,-17.444643173,0.405751372,0.00,65.07,No
Performance by Symbol,Data,P911,DR ING HC F PORSCHE AG,Stocks,Consumer Cyclicals,4.502162625,-6.729441338,-0.278754738,0.00,-479.21,No
Performance by Symbol,Data,POAHY,PORSCHE AUTOMOBIL-UNSP ADR,Stocks,Consumer Cyclicals,1.945793142,-1.905674041,-0.035789512,-25.06,0.00,Yes
Performance by Symbol,Data,PYPL,PAYPAL HOLDINGS INC,Stocks,Financials,2.60804684,-16.202995424,-0.468861009,0.00,-344.74,No
Performance by Symbol,Data,SBUX,STARBUCKS CORP,Stocks,Consumer Cyclicals,4.246884083,1.260689628,0.074993239,0.00,23.00,No
Performance by Symbol,Data,TROW,T ROWE PRICE GROUP INC,Stocks,Financials,4.565650062,2.324310335,0.172454637,0.00,34.08,No
Performance by Symbol,Data,UNH,UNITEDHEALTH GROUP INC,Stocks,Healthcare,6.333653455,7.744853744,1.333174915,-29.02,902.60,Yes
Performance by Symbol,Data,UPS,UNITED PARCEL SERVICE-CL B,Stocks,Industrials,5.929922486,-6.860130574,-0.672699496,0.00,-502.71,No
Performance by Symbol,Data,VOW,VOLKSWAGEN AG,Stocks,Consumer Cyclicals,5.041768868,20.577112817,1.020895415,5.02,0.00,Yes
Performance by Symbol,Data,XYZ,BLOCK INC,Stocks,Industrials,4.220474709,17.932920914,2.019824348,-28.19,"1,144.60",Yes
Performance by Symbol,Data,Total Stocks,,,,67.408451239,18.520367169,18.12455552,-230.55,"7,855.76",
Performance by Symbol,Data,EUR,Euro,Cash,Cash,0.620247463,-100,0.318454872,,,Yes
Performance by Symbol,Data,HKD,Hong Kong Dollar,Cash,Cash,0.588957019,> 2000000,-0.091667294,,,Yes
Performance by Symbol,Data,USD,United States Dollar,Cash,Cash,17.07305893,-2875.278490821,0.65292493,,,Yes
Performance by Symbol,Data,Total Cash,,,,17.766606031,-2899.748672283,0.880862454,,,
Performance by Symbol,Data,Total,,,,100,22.13626493,22.13626493,-230.55,"8,853.23",
Projected Income,MetaInfo,As Of,"January 27, 2026"
Projected Income,Header,Financial Instrument,Symbol,Description,Frequency,Quantity,Price,Value,Current Yield %,Principal,Estimated Annual Income,Estimated 2026 Remaining Income
Projected Income,Data,ETFs,SPY,Ordinary Dividend,1,-,-,0,N/A,-,12.56,12.56
Projected Income,Data,,Total ETFs,,,,,0,N/A,,12.56,12.56
Projected Income,Data,Stocks,AAPL,Ordinary Dividend,4,20,258.27,5165.4,0.414295118,-,21.4,21.4
Projected Income,Data,Stocks,JD,Ordinary Dividend,1,80,29.5,2360,3.389830508,-,80,80
Projected Income,Data,Stocks,NKE,Ordinary Dividend,4,30,63.09,1892.7,2.599461087,-,49.2,49.2
Projected Income,Data,Stocks,POAHY,Ordinary Dividend,1,300,4.3,1290,5.019767442,-,64.755,64.755
Projected Income,Data,Stocks,UNH,Ordinary Dividend,4,10,282.7,2827,3.126989742,-,88.4,88.4
Projected Income,Data,Stocks,VOW,Ordinary Dividend,1,28,102.4,3452.39552,6.15234375,-,212.40324,212.40324
Projected Income,Data,,Total Stocks,,,,,16987.49552,3.038459904,,516.15824,516.15824
Projected Income,Data,Cash,USD,Credit Interest,12,35400.56,1,35400.56,0,-,0,0
Projected Income,Data,,Total Cash,,,,,35400.56,0,,0,0
Projected Income,Data,,Total,,,,,52388.05552,1.009234328,,528.71824,528.71824
Trade Summary,MetaInfo,Analysis Period,"November 19, 2024 - January 27, 2026"
Trade Summary,Header,Financial Instrument,Currency,Symbol,Description,Sector,Quantity Bought,Average Price Bought,Proceeds Bought,Proceeds Bought in Base,Quantity Sold,Average Price Sold,Proceeds Sold,Proceeds Sold in Base
Trade Summary,Data,ETFs,United States Dollar,JAAA,JANUS HENDERSON AAA CLO ETF,Broad,228,50.86,-11596.08,-11596.08,-228,50.587258772,11533.895,11533.895
Trade Summary,Data,ETFs,United States Dollar,KWEB,KRANESH CSI CHINA INTERNET,Technology,100,29.4,-2940,-2940,-100,33.5621,3356.21,3356.21
Trade Summary,Data,ETFs,United States Dollar,RYLD,GLOBAL X RUSSELL 2000 COV CL,Broad,0,0,0,0,-1600,16.6,26560,26560
Trade Summary,Data,ETFs,United States Dollar,SPY,SPDR S&P 500 ETF TRUST,Broad,9,603.108557199,-5427.97701479,-5427.97701479,0,0,0,0
Trade Summary,Data,Forex,Hong Kong Dollar,USD.HKD,USD.HKD,Cash,0,0,0,0,-4885.3912,7.782312355,38019.64029303,4885.160146148
Trade Summary,Data,Forex,United States Dollar,EUR.USD,EUR.USD,Cash,6787.6828,1.060200471,-7196.30449864,-7196.30449864,0,0,0,0
Trade Summary,Data,Stocks,Euro,P911,DR ING HC F PORSCHE AG,Consumer Cyclicals,80,51.94375,-4155.5,-4486.0172,-80,45.96,3676.8,4309.2096
Trade Summary,Data,Stocks,Euro,VOW,VOLKSWAGEN AG,Consumer Cyclicals,28,102.2,-2861.6,-2994.6644,0,0,0,0
Trade Summary,Data,Stocks,Hong Kong Dollar,9888,BAIDU INC-CLASS A,Technology,400,94.5,-37800,-4845.582,-400,121,48400,6225.692
Trade Summary,Data,Stocks,United States Dollar,AAPL,APPLE INC,Technology,40,241.3375,-9653.5,-9653.5,-20,272.62,5452.4,5452.4
Trade Summary,Data,Stocks,United States Dollar,AMZN,AMAZON.COM INC,Consumer Cyclicals,20,184.081,-3681.62,-3681.62,-20,201.66,4033.2,4033.2
Trade Summary,Data,Stocks,United States Dollar,BABA,ALIBABA GROUP HOLDING-SP ADR,Technology,55.8862,112.701224105,-6298.44315056,-6298.44315056,-55.8862,145.407392057,8126.266594,8126.266594
Trade Summary,Data,Stocks,United States Dollar,BIDU,BAIDU INC - SPON ADR,Technology,53.8747,92.80784216,-4999.994654,-4999.994654,-53.8747,97.104756463,5231.489623,5231.489623
Trade Summary,Data,Stocks,United States Dollar,BRK B,BERKSHIRE HATHAWAY INC-CL B,Consumer Non-Cyc,13,494.075309035,-6422.97901745,-6422.97901745,-1,523.1,523.1,523.1
Trade Summary,Data,Stocks,United States Dollar,DG,DOLLAR GENERAL CORP,Consumer Cyclicals,40,75.33,-3013.2,-3013.2,-40,87.105,3484.2,3484.2
Trade Summary,Data,Stocks,United States Dollar,EL,ESTEE LAUDER COMPANIES-CL A,Consumer Non-Cyc,60,66.93,-4015.8,-4015.8,-60,89.815,5388.9,5388.9
Trade Summary,Data,Stocks,United States Dollar,ENPH,ENPHASE ENERGY INC,Energy,35,42.93,-1502.55,-1502.55,-35,32.1,1123.5,1123.5
Trade Summary,Data,Stocks,United States Dollar,GDO,WESTERN AST GLB CORP OPPRNTY,Broad,0,0,0,0,-2157,11.257173435,24281.7231,24281.7231
Trade Summary,Data,Stocks,United States Dollar,GOLD.OLD,BARRICK MINING CORP,Basic Materials,226,17.635,-3985.51,-3985.51,-226,19.325,4367.45,4367.45
Trade Summary,Data,Stocks,United States Dollar,ILMN,ILLUMINA INC,Healthcare,20,97.14,-1942.8,-1942.8,-20,100.05,2001,2001
Trade Summary,Data,Stocks,United States Dollar,INTC,INTEL CORP,Technology,90,23.725,-2135.25,-2135.25,-90,41.1207,3700.863,3700.863
Trade Summary,Data,Stocks,United States Dollar,JD,JD.COM INC-ADR,Consumer Cyclicals,180,30.879444444,-5558.3,-5558.3,-100,28.66,2866,2866
Trade Summary,Data,Stocks,United States Dollar,LULU,LULULEMON ATHLETICA INC,Consumer Cyclicals,25,175.08728,-4377.182,-4377.182,-15,182.885,2743.275,2743.275
Trade Summary,Data,Stocks,United States Dollar,MRVL,MARVELL TECHNOLOGY INC,Technology,80,56.867,-4549.36,-4549.36,-80,73.775,5902,5902
Trade Summary,Data,Stocks,United States Dollar,MU,MICRON TECHNOLOGY INC,Technology,30,68.725,-2061.75,-2061.75,-30,78.542,2356.26,2356.26
Trade Summary,Data,Stocks,United States Dollar,NFLX,NETFLIX INC,Telecomm,20,80.61,-1612.2,-1612.2,0,0,0,0
Trade Summary,Data,Stocks,United States Dollar,NIO,NIO INC - ADR,Consumer Cyclicals,500,4.48,-2240,-2240,-500,4.98,2490,2490
Trade Summary,Data,Stocks,United States Dollar,NKE,NIKE INC -CL B,Consumer Cyclicals,100,66.54625,-6654.625,-6654.625,-70,62.96,4407.2,4407.2
Trade Summary,Data,Stocks,United States Dollar,NVO,NOVO-NORDISK A/S-SPONS ADR,Healthcare,50,50.155,-2507.75,-2507.75,-50,51.1,2555,2555
Trade Summary,Data,Stocks,United States Dollar,ON,ON SEMICONDUCTOR,Technology,52,56.128,-2918.656,-2918.656,-52,54.03,2809.56,2809.56
Trade Summary,Data,Stocks,United States Dollar,ONON,ON HOLDING AG-CLASS A,Consumer Cyclicals,150,50.3954,-7559.31,-7559.31,-150,51.136666667,7670.5,7670.5
Trade Summary,Data,Stocks,United States Dollar,POAHY,PORSCHE AUTOMOBIL-UNSP ADR,Consumer Cyclicals,300,4.35,-1305,-1305,0,0,0,0
Trade Summary,Data,Stocks,United States Dollar,PYPL,PAYPAL HOLDINGS INC,Financials,30,70.09,-2102.7,-2102.7,-30,59.1,1773,1773
Trade Summary,Data,Stocks,United States Dollar,SBUX,STARBUCKS CORP,Consumer Cyclicals,36,83.9893,-3023.6148,-3023.6148,-36,85.05,3061.8,3061.8
Trade Summary,Data,Stocks,United States Dollar,TROW,T ROWE PRICE GROUP INC,Financials,27,93.883703704,-2534.86,-2534.86,-27,95.71,2584.17,2584.17
Trade Summary,Data,Stocks,United States Dollar,UNH,UNITEDHEALTH GROUP INC,Healthcare,30,295.281666667,-8858.45,-8858.45,-20,347.105,6942.1,6942.1
Trade Summary,Data,Stocks,United States Dollar,UPS,UNITED PARCEL SERVICE-CL B,Industrials,37.5368,112.247122184,-4213.397776,-4213.397776,-37.5368,99.456996867,3733.2974,3733.2974
Trade Summary,Data,Stocks,United States Dollar,XYZ,BLOCK INC,Industrials,150,63.976973333,-9596.546,-9596.546,-100,75.365,7536.5,7536.5
Deposits And Withdrawals,MetaInfo,Analysis Period,"November 19, 2024 - January 27, 2026"
Deposits And Withdrawals,Header,Date,Type,Description,Amount
Deposits And Withdrawals,Data,11/19/24,ACATIN,"Western Ast Glb Corp Opprnty (GDO) Quantity: 2,157",25236.9
Deposits And Withdrawals,Data,11/19/24,ACATIN,"Global X Russell 2000 Cov Cl (RYLD) Quantity: 1,600",26224
Deposits And Withdrawals,Data,01/13/25,DEPOSIT,Cash Receipts / Electronic Fund Transfers ,2300
Deposits And Withdrawals,Data,02/12/25,DEPOSIT,Cash Receipts / Electronic Fund Transfers ,500
Deposits And Withdrawals,Data,03/13/25,DEPOSIT,Cash Receipts / Electronic Fund Transfers ,500
Deposits And Withdrawals,Data,04/11/25,DEPOSIT,Cash Receipts / Electronic Fund Transfers ,500
Deposits And Withdrawals,Data,05/19/25,DEPOSIT,Cash Receipts / Electronic Fund Transfers ,500
Deposits And Withdrawals,Data,06/13/25,DEPOSIT,Cash Receipts / Electronic Fund Transfers ,500
Deposits And Withdrawals,Data,06/16/25,DEPOSIT,Cash Receipts / Electronic Fund Transfers ,500
Deposits And Withdrawals,Data,07/11/25,DEPOSIT,Cash Receipts / Electronic Fund Transfers ,500
Deposits And Withdrawals,Data,08/13/25,DEPOSIT,Cash Receipts / Electronic Fund Transfers ,500
Deposits And Withdrawals,Data,08/13/25,DEPOSIT,Cash Receipts / Electronic Fund Transfers ,1500
Deposits And Withdrawals,Data,09/12/25,DEPOSIT,Cash Receipts / Electronic Fund Transfers ,500
Deposits And Withdrawals,Data,10/10/25,DEPOSIT,Cash Receipts / Electronic Fund Transfers ,500
Deposits And Withdrawals,Data,10/14/25,DEPOSIT,Cash Receipts / Electronic Fund Transfers ,200
Deposits And Withdrawals,Data,11/13/25,DEPOSIT,Cash Receipts / Electronic Fund Transfers ,500
Deposits And Withdrawals,Data,12/12/25,DEPOSIT,Cash Receipts / Electronic Fund Transfers ,500
Deposits And Withdrawals,Data,12/15/25,DEPOSIT,Cash Receipts / Electronic Fund Transfers ,875
Deposits And Withdrawals,Data,12/18/25,ACATOUT,Berkshire Hathaway Inc-cl B (BRK B) Quantity: -12,-6051.24
Deposits And Withdrawals,Data,01/21/26,DEPOSIT,Cash Receipts / Electronic Fund Transfers ,2113.22
Deposits And Withdrawals,Data,01/26/26,TRNSFROUT,Spdr S&p 500 Etf Trust (SPY) Quantity: -9,-6232.14
Deposits And Withdrawals,Data,01/27/26,DEPOSIT,Cash Receipts / Electronic Fund Transfers ,415.99
Dividends,MetaInfo,Analysis Period,"November 19, 2024 - January 27, 2026"
Dividends,Header,PayDate,Ex-Date,Symbol,Quantity,DividendPerShare,Amount
Dividends,Data,20241202,20241121,GDO,2157,0.12,263.15
Dividends,Data,20241231,20241223,GDO,2157,0.12,263.15
Dividends,Data,20250107,20241230,RYLD,1600,0.17,266.24
Dividends,Data,20250128,20250121,RYLD,1600,0.17,269.12
Dividends,Data,20250131,20241220,SPY,0.2919,1.95,0.57
Dividends,Data,20250306,20250218,UPS,37.5368,1.64,61.56
Dividends,Data,20250307,20250303,JAAA,139,0.22,30.41
Dividends,Data,20250317,20250228,GOLD.OLD,226,0.10,22.6
Dividends,Data,20250317,20250228,EL,60,0.35,21
Dividends,Data,20250328,20250314,TROW,27,1.27,34.29
Dividends,Data,20250401,20250303,NKE,43,0.40,17.2
Dividends,Data,20250407,20250401,JAAA,89,0.24,21.21
Dividends,Data,20250430,20250321,SPY,5.7207,1.70,9.7
Dividends,Data,20250521,20250519,VOW,28,7.14,199.87884
Dividends,Data,20250526,20250522,P911,50,1.69,84.574848
Dividends,Data,20250526,20250522,P911,50,0.93,46.263552
Dividends,Data,20250605,20250519,UPS,37.5368,1.64,61.56
Dividends,Data,20250616,20250530,EL,60,0.35,21
Dividends,Data,20250624,20250616,UNH,10,2.21,22.1
Dividends,Data,20250701,20250602,NKE,70,0.40,28
Dividends,Data,20250710,20250612,BABA,10,0.95,9.5
Dividends,Data,20250710,20250612,BABA,10,1.05,10.5
Dividends,Data,20250731,20250620,SPY,6.2101,1.76,10.94
Dividends,Data,20250814,20250811,AAPL,20,0.26,5.2
Dividends,Data,20250904,20250818,UPS,37.5368,1.64,61.56
Dividends,Data,20250923,20250915,UNH,10,2.21,22.1
Dividends,Data,20251001,20250902,NKE,70,0.40,28
Dividends,Data,20251030,20251010,MRVL,40,0.06,2.4
Dividends,Data,20251031,20250919,SPY,7.7514,1.83,14.19
Dividends,Data,20251113,20251110,AAPL,20,0.26,5.2
Dividends,Data,20251128,20251114,SBUX,36,0.62,22.32
Dividends,Data,20251204,20251117,UPS,37.5368,1.64,61.56
Dividends,Data,20251210,20251119,PYPL,30,0.14,4.2
Dividends,Data,20260102,20251201,NKE,70,0.41,28.7
Interest Details,MetaInfo,Analysis Period,"November 19, 2024 - January 27, 2026"
Interest Details,Header,Date,Description,Amount
Interest Details,Data,20250305,EUR Debit Interest Paid for February 2025,-0.722863
Interest Details,Data,20251003,HKD Debit Interest Paid for September 2025,-18.3385188
Interest Details,Data,20251105,HKD Debit Interest Paid for October 2025,-1.8920002
Interest Details,Data,20251203,HKD Debit Interest Paid for November 2025,-0.0693738
Interest Details,Data,20251203,EUR Debit Interest Paid for November 2025,-0.46684
Interest Details,Data,20260106,HKD Debit Interest Paid for December 2025,-0.0038517
Notes and Disclosure,Header,Type,Note
Notes and Disclosure,Data,General,"1. The Net Asset Value (NAV) consists of all positions by financial instrument (stock, securities options, warrants, bonds, cash, etc.). All non-base currency amounts are converted to the base currency at the close of period rate."
Notes and Disclosure,Data,General,2. The gain or loss from future contracts settle into cash each night. The notional value is used when computing the contribution to return.
Notes and Disclosure,Data,General,"3. Dividend accruals, interest accruals, and insured deposits are included in cash amounts throughout the report."
Notes and Disclosure,Data,General,4. Price valuations are obtained from outside parties. Clearing Broker shall have no responsibility for the accuracy or timeliness of any such price valuation.
Notes and Disclosure,Data,General,5. Data from Thomson Reuters Business Classifications and Lipper Global is used to derive our sector classifications. Funds with assorted sector allocations are classified as Broad.
Notes and Disclosure,Data,General,"6. Amounts are formatted to two decimal places. If amounts are greater than two decimal places, Clearing Broker uses "half-even" rounding. This means that Clearing Broker rounds such amounts up to the nearest even number."
Notes and Disclosure,Data,General,"7. For accounts opened and funded before 2009, reports with a time period of Since Inception will only include data going back to January 1, 2009. This includes some default reports and both Historical Performance reports."
Notes and Disclosure,Data,General,"8. If you have elected to trade cryptocurrency/digital asset products at Crypto Provider through the Clearing Broker platform, for your convenience your positions in your linked account at Crypto Provider are reflected in PortfolioAnalyst in connection with your Clearing Broker account."
Notes and Disclosure,Data,Section,1. Account Overview: The deposit/withdrawal amount displayed includes internal transfers along with cash and position transfers.
Notes and Disclosure,Data,Section,2. Projected Income: The Estimated Annual Income and Estimated Remaining Income in the Projected Income report assume dividend and bond payments remain constant throughout the year. These positions and interest rates are based on the previous business day.
Notes and Disclosure,Data,Section,"3. Risk Measures: Historical US 3 Month Treasury Bill rates are used as the risk free rates when calculating Alpha, the Sharpe ratio, the Sortino ratio, and the downside deviation."
Notes and Disclosure,Data,Disclosure,"This portfolio report was generated using Clearing Broker's PortfolioAnalyst tool, which allows Clearing Broker clients to generate analyses of their accounts using market data provided by third parties along with trade and account data contained in Clearing Broker's systems. This report is for information purposes only and is provided AS IS. Clearing Broker makes no warranty of any kind, express or implied, as to this report and its contents. The data provided for use in the PortfolioAnalyst tool is believed to be accurate, but completeness and accuracy of the information is not guaranteed, and Clearing Broker has no liability with respect thereto. The data regarding accounts held outside of Clearing Broker is obtained either directly from your input or from the financial institutions holding those accounts through a third-party service provider and Clearing Broker has NOT reviewed its accuracy.

The material in this report is intended only as a reference and should not be relied upon for the maintenance of your books and records for tax, accounting, financial, or regulatory reporting or for any other purposes. This report is not an offer or a solicitation of an offer to buy or sell any security. This material does not, and is not intended to, take into account the particular financial conditions, investment objectives, or requirements of individual customers. Before acting on any material within this report, you should consider whether it is suitable for your particular circumstances and as necessary, seek professional advice."
