Introduction,Header,Name,Account,Alias,BaseCurrency,AccountType,AnalysisPeriod,PerformanceMeasure
Introduction,Data,Santiago C Pardo Barrena and Rocio Diaz Garcia,U13192147,,USD,Joint (Broker Client),"November 10, 2023 to January 27, 2026 (Daily)",TWR
Key Statistics,MetaInfo,Analysis Period,"November 10, 2023 - January 27, 2026"
Key Statistics,Header,BeginningNAV,EndingNAV,CumulativeReturn,5DayReturn,5DayReturnDateRange,10DayReturn,10DayReturnDateRange,BestReturn,BestReturnDate,WorstReturn,WorstReturnDate,MTM,Deposits & Withdrawals,Dividends,Interest,Fees & Commissions,Other,ChangeInNAV
Key Statistics,Data,0,366994.9884209,37.433721577,0.119578747,20260121 - 20260127,0.202260926,20260114 - 20260127,10.813983086,20250409,-7.09718017,20250403,17398.804832,349541.2484,2615.4676296,186.1460045,-1811.85901434,-934.81943086,366994.9884209
Historical Performance,MetaInfo,Analysis Period,"November 10, 2023 - January 27, 2026"
Historical Performance,Header,Account,MTD,QTD,YTD,1 Year,Since Inception
Historical Performance,Data,U13192147,-0.657232008,-0.657232008,-0.657232008,11.244534694,37.433721633
Historical Performance,Header,Month,Account,AccountReturn
Historical Performance,Data,202501,U13192147,6.253444392
Historical Performance,Data,202502,U13192147,-0.09089605
Historical Performance,Data,202503,U13192147,-3.185643446
Historical Performance,Data,202504,U13192147,-0.21682963
Historical Performance,Data,202505,U13192147,7.726584522
Historical Performance,Data,202506,U13192147,4.854946827
Historical Performance,Data,202507,U13192147,-0.201584376
Historical Performance,Data,202508,U13192147,5.645804688
Historical Performance,Data,202509,U13192147,3.045937644
Historical Performance,Data,202510,U13192147,-5.338047925
Historical Performance,Data,202511,U13192147,-2.574453164
Historical Performance,Data,202512,U13192147,1.970757788
Historical Performance,Data,202401,U13192147,-1.051142583
Historical Performance,Data,202402,U13192147,2.550703516
Historical Performance,Data,202403,U13192147,4.058521992
Historical Performance,Data,202404,U13192147,-2.516044725
Historical Performance,Data,202405,U13192147,2.618438497
Historical Performance,Data,202406,U13192147,-2.120318874
Historical Performance,Data,202407,U13192147,5.147999368
Historical Performance,Data,202408,U13192147,4.955134551
Historical Performance,Data,202409,U13192147,8.530468502
Historical Performance,Data,202410,U13192147,-5.903639311
Historical Performance,Data,202411,U13192147,0.901817307
Historical Performance,Data,202412,U13192147,-4.111644913
Historical Performance,Data,202301,U13192147,-
Historical Performance,Data,202302,U13192147,-
Historical Performance,Data,202303,U13192147,-
Historical Performance,Data,202304,U13192147,-
Historical Performance,Data,202305,U13192147,-
Historical Performance,Data,202306,U13192147,-
Historical Performance,Data,202307,U13192147,-
Historical Performance,Data,202308,U13192147,-
Historical Performance,Data,202309,U13192147,-
Historical Performance,Data,202310,U13192147,-
Historical Performance,Data,202311,U13192147,-
Historical Performance,Data,202312,U13192147,3.389530497
Historical Performance,Header,Quarter,Account,AccountReturn
Historical Performance,Data,2025 Q1,U13192147,2.77508502
Historical Performance,Data,2025 Q2,U13192147,12.711729426
Historical Performance,Data,2025 Q3,U13192147,8.644257793
Historical Performance,Data,2025 Q4,U13192147,-5.957545664
Historical Performance,Data,2024 Q1,U13192147,5.591043252
Historical Performance,Data,2024 Q2,U13192147,-2.084580371
Historical Performance,Data,2024 Q3,U13192147,19.77229777
Historical Performance,Data,2024 Q4,U13192147,-8.958860757
Historical Performance,Data,2023 Q1,U13192147,-
Historical Performance,Data,2023 Q2,U13192147,-
Historical Performance,Data,2023 Q3,U13192147,-
Historical Performance,Data,2023 Q4,U13192147,-
Historical Performance,Header,Year,Account,AccountReturn
Historical Performance,Data,YTD,U13192147,-0.657232008
Historical Performance,Data,2025,U13192147,18.355294537
Historical Performance,Data,2024,U13192147,12.738495603
Open Position Summary,MetaInfo,As Of,"January 27, 2026"
Open Position Summary,Header,Date,FinancialInstrument,Currency,Symbol,Description,Sector,Quantity,ClosePrice,Value,Cost Basis,UnrealizedP&L,FXRateToBase
Open Position Summary,Data,01/27/2026,Stocks,CNH,002475,LUXSHARE PRECISION INDUSTR-A,Technology,600,53.72,32232,20946,11286,0.14423
Open Position Summary,Data,Total,Stocks,CNH,,,,,,32232,20946,11286
Open Position Summary,Data,Total,Stocks,USD,,,,,,4648.82136,3021.04158,1627.77978
Open Position Summary,Data,01/27/2026,Stocks,EUR,P911,DR ING HC F PORSCHE AG,Consumer Cyclicals,160,41.98,6716.8,7128.9112,-412.1112,1.2041
Open Position Summary,Data,Total,Stocks,EUR,,,,,,6716.8,7128.9112,-412.1112
Open Position Summary,Data,Total,Stocks,USD,,,,,,8087.69888,8583.92197592,-496.22309592
Open Position Summary,Data,01/27/2026,Stocks,USD,AAPL,APPLE INC,Technology,40,258.27,10330.8,10355.468514,-24.668514,1
Open Position Summary,Data,01/27/2026,Stocks,USD,JD,JD.COM INC-ADR,Consumer Cyclicals,100,29.5,2950,2885.020257,64.979743,1
Open Position Summary,Data,01/27/2026,Stocks,USD,LULU,LULULEMON ATHLETICA INC,Consumer Cyclicals,30,186.39,5591.7,5642.451257,-50.751257,1
Open Position Summary,Data,01/27/2026,Stocks,USD,MSFT,MICROSOFT CORP,Technology,10,480.58,4805.8,4530.517257,275.282743,1
Open Position Summary,Data,01/27/2026,Stocks,USD,NFLX,NETFLIX INC,Telecomm,50,85.58,4279,4042.585257,236.414743,1
Open Position Summary,Data,01/27/2026,Stocks,USD,NIO,NIO INC - ADR,Consumer Cyclicals,1000,4.64,4640,4666.172573,-26.172573,1
Open Position Summary,Data,01/27/2026,Stocks,USD,NKE,NIKE INC -CL B,Consumer Cyclicals,50,63.09,3154.5,3190.685257,-36.185257,1
Open Position Summary,Data,01/27/2026,Stocks,USD,ORCL,ORACLE CORP,Technology,20,174.9,3498,3546.684257,-48.684257,1
Open Position Summary,Data,01/27/2026,Stocks,USD,POAHY,PORSCHE AUTOMOBIL-UNSP ADR,Consumer Cyclicals,2000,4.3,8600,8694.405145,-94.405145,1
Open Position Summary,Data,01/27/2026,Stocks,USD,UNH,UNITEDHEALTH GROUP INC,Healthcare,40,282.7,11308,11899.058514,-591.058514,1
Open Position Summary,Data,01/27/2026,Stocks,USD,VWAGY,VOLKSWAGEN A G-UNSPON ADR,Consumer Cyclicals,500,12.21,6105,5548.5,556.5,1
Open Position Summary,Data,01/27/2026,Stocks,USD,XYZ,BLOCK INC,Industrials,100,64.59,6459,6507.020257,-48.020257,1
Open Position Summary,Data,Total,Stocks,USD,,,,,,71721.8,71508.568545,213.231455
Open Position Summary,Data,Total,Stocks,USD,,,,,,84458.32024,83113.53210092,1344.78813908
Open Position Summary,Data,01/27/2026,Cash,CNH,CNH,Chinese Renminbi Offshore,Cash,107.93,0.14423,15.5667439, , ,0.14423
Open Position Summary,Data,01/27/2026,Cash,EUR,EUR,Euro,Cash,-0.96,1.2041,-1.155936, , ,1.2041
Open Position Summary,Data,01/27/2026,Cash,USD,USD,United States Dollar,Cash,282522.257373,1,282522.257373, , ,1
Open Position Summary,Data,Total,Cash,USD,,,,,,282536.6681809, , 
Performance by Symbol,MetaInfo,Analysis Period,"November 10, 2023 - January 27, 2026"
Performance by Symbol,Header,Symbol,Description,FinancialInstrument,Sector,AvgWeight,Return,Contribution,Unrealized_P&L,Realized_P&L,Open
Performance by Symbol,Data,EWZ,ISHARES MSCI BRAZIL ETF,ETFs,Broad,4.485452945,7.275057543,0.310293086,0.00,193.70,No
Performance by Symbol,Data,JAAA,JANUS HENDERSON AAA CLO ETF,ETFs,Broad,8.078515495,-1.310617251,-0.095333836,0.00,-72.92,No
Performance by Symbol,Data,KWEB,KRANESH CSI CHINA INTERNET,ETFs,Technology,7.357559976,21.719863152,1.549096784,0.00,811.51,No
Performance by Symbol,Data,TLT,ISHARES 20+ YEAR TREASURY BD,ETFs,Government,32.323019986,-4.941768262,-1.2056914,0.00,"-1,275.22",No
Performance by Symbol,Data,Total ETFs,,,,26.562018903,10.238501571,0.538941443,0.00,-342.95,
Performance by Symbol,Data,BABA1 260116C00100000,BABA1 16JAN26 100 C,Options,Technology,4.056970554,124.090829435,6.076739425,0.00,"3,541.00",No
Performance by Symbol,Data,NKE   260116C00080000,NKE 16JAN26 80 C,Options,Consumer Cyclicals,3.690786526,40.747663551,1.555215376,0.00,872.00,No
Performance by Symbol,Data,Total Options,,,,5.061081594,116.638003742,7.722399221,0.00,"4,413.00",
Performance by Symbol,Data,002475,LUXSHARE PRECISION INDUSTR-A,Stocks,Technology,4.886047986,107.841887024,3.384229577,"1,627.78",735.16,Yes
Performance by Symbol,Data,6456,GENERAL INTERFACE SOLUTION,Stocks,Technology,23.585429752,-34.973318617,-10.748387936,0.00,0.00,No
Performance by Symbol,Data,AAPL,APPLE INC,Stocks,Technology,5.324074626,22.246266465,1.177013073,-24.67,"1,192.83",Yes
Performance by Symbol,Data,AMZN,AMAZON.COM INC,Stocks,Consumer Cyclicals,3.630612184,14.287661895,0.493196775,0.00,251.52,No
Performance by Symbol,Data,ASML,ASML HOLDING NV-NY REG SHS,Stocks,Technology,3.221784523,43.610431839,1.11493898,0.00,936.65,No
Performance by Symbol,Data,AVGO,BROADCOM INC,Stocks,Technology,5.7923663,42.756088933,2.52255545,0.00,"1,425.43",No
Performance by Symbol,Data,B,BARRICK MINING CORP,Stocks,Basic Materials,5.198228427,11.489992747,0.553741502,0.00,555.35,No
Performance by Symbol,Data,BA,BOEING CO/THE,Stocks,Industrials,4.837215073,12.887958847,0.605507404,0.00,326.57,No
Performance by Symbol,Data,BABA,ALIBABA GROUP HOLDING-SP ADR,Stocks,Technology,4.409450279,41.814721401,1.136820245,0.00,707.43,No
Performance by Symbol,Data,BIDU,BAIDU INC - SPON ADR,Stocks,Technology,6.606697245,2.161294785,0.144863741,0.00,88.08,No
Performance by Symbol,Data,BMY,BRISTOL-MYERS SQUIBB CO,Stocks,Healthcare,4.199874451,11.205023937,0.429984496,0.00,184.68,No
Performance by Symbol,Data,CELH,CELSIUS HOLDINGS INC,Stocks,Consumer Non-Cyc,3.521847791,3.624945228,0.113143093,0.00,95.20,No
Performance by Symbol,Data,CPNG,COUPANG INC,Stocks,Consumer Cyclicals,3.354431949,23.114593536,0.748559043,0.00,389.40,No
Performance by Symbol,Data,CTVA,CORTEVA INC,Stocks,Basic Materials,2.975393642,20.904783394,0.598084061,0.00,305.75,No
Performance by Symbol,Data,CVS,CVS HEALTH CORP,Stocks,Healthcare,3.720545941,14.367133148,0.546080764,0.00,287.01,No
Performance by Symbol,Data,DG,DOLLAR GENERAL CORP,Stocks,Consumer Cyclicals,6.337420987,8.409197943,0.536765616,0.00,336.47,No
Performance by Symbol,Data,DIS,WALT DISNEY CO/THE,Stocks,Telecomm,3.305814422,14.920254801,0.47408458,0.00,296.21,No
Performance by Symbol,Data,EBAY,EBAY INC,Stocks,Consumer Cyclicals,5.00691771,20.473146317,0.951216375,0.00,486.78,No
Performance by Symbol,Data,EL,ESTEE LAUDER COMPANIES-CL A,Stocks,Consumer Non-Cyc,4.439631837,-2.422142903,0.514544193,0.00,473.30,No
Performance by Symbol,Data,GOLD.OLD,BARRICK MINING CORP,Stocks,Basic Materials,5.622979746,20.135460107,1.07524357,0.00,360.30,No
Performance by Symbol,Data,ILMN,ILLUMINA INC,Stocks,Healthcare,3.119164145,23.29566556,0.861606634,0.00,450.61,No
Performance by Symbol,Data,INTC,INTEL CORP,Stocks,Technology,3.279033382,72.034770031,1.66827591,0.00,"1,715.52",No
Performance by Symbol,Data,JD,JD.COM INC-ADR,Stocks,Consumer Cyclicals,5.349584296,-3.642251673,1.289569024,64.98,426.00,Yes
Performance by Symbol,Data,LRCX,LAM RESEARCH CORP,Stocks,Technology,3.619083373,5.42032846,0.293793638,0.00,128.59,No
Performance by Symbol,Data,LULU,LULULEMON ATHLETICA INC,Stocks,Consumer Cyclicals,2.561701272,23.106654189,0.574997914,-50.75,606.79,Yes
Performance by Symbol,Data,MRVL,MARVELL TECHNOLOGY INC,Stocks,Technology,3.16490457,42.545026347,1.079588166,0.00,"1,061.61",No
Performance by Symbol,Data,MSFT,MICROSOFT CORP,Stocks,Technology,1.188792427,6.07618793,0.07223492,275.28,0.00,Yes
Performance by Symbol,Data,MTCH,MATCH GROUP INC,Stocks,Technology,4.478043137,5.442660225,0.239905304,0.00,135.97,No
Performance by Symbol,Data,NFLX,NETFLIX INC,Stocks,Telecomm,1.096697227,5.848107775,0.060753345,236.41,0.00,Yes
Performance by Symbol,Data,NIO,NIO INC - ADR,Stocks,Consumer Cyclicals,1.214306326,-0.560900226,-0.006275064,-26.17,0.00,Yes
Performance by Symbol,Data,NKE,NIKE INC -CL B,Stocks,Consumer Cyclicals,2.315126913,-31.397437346,-0.769607765,-36.19,-584.47,Yes
Performance by Symbol,Data,NTES,NETEASE INC-ADR,Stocks,Technology,2.817193349,20.316384181,0.532802786,0.00,269.70,No
Performance by Symbol,Data,NU,NU HOLDINGS LTD/CAYMAN ISL-A,Stocks,Financials,2.875375067,4.710847473,0.245305458,0.00,84.38,No
Performance by Symbol,Data,NVO,NOVO-NORDISK A/S-SPONS ADR,Stocks,Healthcare,2.415211141,0.888969985,0.021583996,0.00,22.36,No
Performance by Symbol,Data,ON,ON SEMICONDUCTOR,Stocks,Technology,4.51538653,-3.686352299,-0.331072689,0.00,-145.14,No
Performance by Symbol,Data,ONON,ON HOLDING AG-CLASS A,Stocks,Consumer Cyclicals,6.099813563,56.363561157,4.022978027,0.00,"2,285.16",No
Performance by Symbol,Data,ORCL,ORACLE CORP,Stocks,Technology,0.937496743,-1.372669618,-0.014773883,-48.68,0.00,Yes
Performance by Symbol,Data,P911,DR ING HC F PORSCHE AG,Stocks,Consumer Cyclicals,2.923038103,-9.929520718,-0.300774011,-496.22,0.00,Yes
Performance by Symbol,Data,POAHY,PORSCHE AUTOMOBIL-UNSP ADR,Stocks,Consumer Cyclicals,9.843843845,5.453725044,1.904981923,-94.41,"1,035.93",Yes
Performance by Symbol,Data,PYPL,PAYPAL HOLDINGS INC,Stocks,Financials,4.408485382,-2.611155967,0.035445089,0.00,-293.02,No
Performance by Symbol,Data,QCOM,QUALCOMM INC,Stocks,Technology,4.102243364,11.203012448,0.434398943,0.00,206.10,No
Performance by Symbol,Data,QRVO,QORVO INC,Stocks,Technology,5.917644276,23.527640841,1.440278401,0.00,846.29,No
Performance by Symbol,Data,QS,QUANTUMSCAPE CORP,Stocks,Consumer Cyclicals,1.685268818,43.058374705,0.830530094,0.00,421.25,No
Performance by Symbol,Data,SBUX,STARBUCKS CORP,Stocks,Consumer Cyclicals,3.416026406,27.842384968,1.468143639,0.00,793.01,No
Performance by Symbol,Data,SQM,QUIMICA Y MINERA CHIL-SP ADR,Stocks,Basic Materials,3.608735203,14.088628728,0.852082354,0.00,493.19,No
Performance by Symbol,Data,STLA,STELLANTIS NV,Stocks,Consumer Cyclicals,3.218951918,-14.937361501,-0.832340786,0.00,-565.64,No
Performance by Symbol,Data,TROW,T ROWE PRICE GROUP INC,Stocks,Financials,4.071552926,2.969355024,0.180508631,0.00,50.33,No
Performance by Symbol,Data,UAL,UNITED AIRLINES HOLDINGS INC,Stocks,Industrials,4.592001202,12.663224474,0.561948328,0.00,279.59,No
Performance by Symbol,Data,UNH,UNITEDHEALTH GROUP INC,Stocks,Healthcare,5.200602736,6.565228423,1.151874384,-591.06,905.24,Yes
Performance by Symbol,Data,UPS,UNITED PARCEL SERVICE-CL B,Stocks,Industrials,4.157522345,-2.04899791,0.600825455,0.00,483.26,No
Performance by Symbol,Data,VWAGY,VOLKSWAGEN A G-UNSPON ADR,Stocks,Consumer Cyclicals,6.520048045,-2.070232643,1.377999228,556.50,0.00,Yes
Performance by Symbol,Data,XP,XP INC - CLASS A,Stocks,Financials,4.217435747,16.167357008,0.677799093,0.00,425.85,No
Performance by Symbol,Data,XYZ,BLOCK INC,Stocks,Industrials,3.010936871,18.78702607,1.554497757,-48.02,"1,008.65",Yes
Performance by Symbol,Data,Total Stocks,,,,64.321876326,52.348007078,28.378835415,"1,344.79","21,981.25",
Performance by Symbol,Data,B 09/12/24,B 09/12/24,Treasury Bills,Unclassified,14.505179241,0.354617112,0.051561717,0.00,28.01,No
Performance by Symbol,Data,Total Treasury Bills,,,,14.505179241,0.354617112,0.051561717,0.00,28.01,
Performance by Symbol,Data,CNH,Chinese Renminbi Offshore,Cash,Cash,0.169886743,-100,0.056281843,,,Yes
Performance by Symbol,Data,EUR,Euro,Cash,Cash,0.019325569,-100,0.050600578,,,Yes
Performance by Symbol,Data,TWD,New Taiwan Dollar,Cash,Cash,-0.058430553,-100,-0.000000062,,,No
Performance by Symbol,Data,USD,United States Dollar,Cash,Cash,22.20566318,-4.66991951,0.588370846,,,Yes
Performance by Symbol,Data,Fees,Fees,Cash,Cash,-,-,-1.536881408,,,-
Performance by Symbol,Data,Total Cash,,,,22.355006628,-6.2993122,-0.851660024,,,
Performance by Symbol,Data,Total,,,,100,37.433721576,37.433721576,"1,344.79","26,079.32",
Projected Income,MetaInfo,As Of,"January 27, 2026"
Projected Income,Header,Financial Instrument,Symbol,Description,Frequency,Quantity,Price,Value,Current Yield %,Principal,Estimated Annual Income,Estimated 2026 Remaining Income
Projected Income,Data,Stocks,002475,Ordinary Dividend,1,600,53.72,4648.82136,0.372065029,-,17.29663852,17.29663852
Projected Income,Data,Stocks,AAPL,Ordinary Dividend,4,40,258.27,10330.8,0.414295118,-,42.8,42.8
Projected Income,Data,Stocks,JD,Ordinary Dividend,1,100,29.5,2950,3.389830508,-,100,100
Projected Income,Data,Stocks,MSFT,Ordinary Dividend,4,10,480.58,4805.8,0.75741812,-,36.4,36.4
Projected Income,Data,Stocks,NKE,Ordinary Dividend,4,50,63.09,3154.5,2.599461087,-,82,82
Projected Income,Data,Stocks,ORCL,Ordinary Dividend,4,20,174.9,3498,1.143510577,-,40,30
Projected Income,Data,Stocks,P911,Ordinary Dividend,1,160,41.98,8087.69888,1.946343983,-,157.414440554,157.414440554
Projected Income,Data,Stocks,POAHY,Ordinary Dividend,1,2000,4.3,8600,5.019767442,-,431.7,431.7
Projected Income,Data,Stocks,UNH,Ordinary Dividend,4,40,282.7,11308,3.126989742,-,353.6,353.6
Projected Income,Data,Stocks,VWAGY,Ordinary Dividend,1,500,12.21,6105,5.836033428,-,356.28984075,356.28984075
Projected Income,Data,,Total Stocks,,,,,63488.62024,2.547702114,,1617.500919824,1607.500919824
Projected Income,Data,Cash,USD,Credit Interest,12,304957.64,1,304957.64,0,-,0,0
Projected Income,Data,,Total Cash,,,,,304957.64,0,,0,0
Projected Income,Data,,Total,,,,,368446.26024,0.439005927,,1617.500919824,1607.500919824
Trade Summary,MetaInfo,Analysis Period,"November 10, 2023 - January 27, 2026"
Trade Summary,Header,Financial Instrument,Currency,Symbol,Description,Sector,Quantity Bought,Average Price Bought,Proceeds Bought,Proceeds Bought in Base,Quantity Sold,Average Price Sold,Proceeds Sold,Proceeds Sold in Base
Trade Summary,Data,ETFs,United States Dollar,EWZ,ISHARES MSCI BRAZIL ETF,Broad,111,23.9,-2652.9,-2652.9,-111,25.815,2865.465,2865.465
Trade Summary,Data,ETFs,United States Dollar,JAAA,JANUS HENDERSON AAA CLO ETF,Broad,176,50.857,-8950.832,-8950.832,-176,50.771363636,8935.76,8935.76
Trade Summary,Data,ETFs,United States Dollar,KWEB,KRANESH CSI CHINA INTERNET,Technology,150,24.845,-3726.75,-3726.75,-150,30.2413,4536.195,4536.195
Trade Summary,Data,ETFs,United States Dollar,TLT,ISHARES 20+ YEAR TREASURY BD,Government,200,91.765,-18353,-18353,-200,85.445,17089,17089
Trade Summary,Data,Forex,Chinese Renminbi Offshore,USD.CNH,USD.CNH,Cash,213,7.24925,-1544.09025,-212.868281865,-2387.6,7.25205,17314.99458,2386.872002853
Trade Summary,Data,Forex,New Taiwan Dollar,USD.TWD,USD.TWD,Cash,0.00000051,30.1,-0.000015351,-0.000000507,-33463.18751538,30.300941581,1013966.090015354,33397.980178377
Trade Summary,Data,Forex,United States Dollar,CNH.USD,CNH.USD,Cash,0,0,0,0,-7.27933,0.13771215,1.002452185,1.002452185
Trade Summary,Data,Forex,United States Dollar,EUR.USD,EUR.USD,Cash,7106.7412,1.150790347,-8178.36917004,-8178.36917004,0,0,0,0
Trade Summary,Data,Options,United States Dollar,BABA1 260116C00100000,BABA1 16JAN26 100 C,Technology,3,9.336666667,-2801,-2801,-3,21.14,6342,6342
Trade Summary,Data,Options,United States Dollar,NKE   260116C00080000,NKE 16JAN26 80 C,Consumer Cyclicals,2,10.7,-2140,-2140,-2,15.06,3012,3012
Trade Summary,Data,Stocks,Chinese Renminbi Offshore,002475,LUXSHARE PRECISION INDUSTR-A,Technology,1200,31.855,-38226,-5311.48188,-600,37.75,22650,3107.3535
Trade Summary,Data,Stocks,Euro,P911,DR ING HC F PORSCHE AG,Consumer Cyclicals,160,44.884375,-7181.5,-8177.96422,0,0,0,0
Trade Summary,Data,Stocks,New Taiwan Dollar,6456,GENERAL INTERFACE SOLUTION,Technology,16000,63.30625,-1012900,-33362.9002,0,0,0,0
Trade Summary,Data,Stocks,United States Dollar,AAPL,APPLE INC,Technology,60,243.105,-14586.3,-14586.3,-20,272.72,5454.4,5454.4
Trade Summary,Data,Stocks,United States Dollar,AMZN,AMAZON.COM INC,Consumer Cyclicals,12,146.7,-1760.4,-1760.4,-12,167.66,2011.92,2011.92
Trade Summary,Data,Stocks,United States Dollar,ASML,ASML HOLDING NV-NY REG SHS,Technology,3,728.73,-2186.19,-2186.19,-3,1045.88,3137.64,3137.64
Trade Summary,Data,Stocks,United States Dollar,AVGO,BROADCOM INC,Technology,20,194.53,-3890.6,-3890.6,-20,266.9375,5338.75,5338.75
Trade Summary,Data,Stocks,United States Dollar,B,BARRICK MINING CORP,Basic Materials,0,0,0,0,-171,21.005,3591.855,3591.855
Trade Summary,Data,Stocks,United States Dollar,BA,BOEING CO/THE,Industrials,15,168.929,-2533.935,-2533.935,-15,190.7005,2860.5075,2860.5075
Trade Summary,Data,Stocks,United States Dollar,BABA,ALIBABA GROUP HOLDING-SP ADR,Technology,62,84.249596774,-5223.475,-5223.475,-62,95.902258065,5945.94,5945.94
Trade Summary,Data,Stocks,United States Dollar,BIDU,BAIDU INC - SPON ADR,Technology,45,90.39,-4067.55,-4067.55,-45,92.7055,4171.7475,4171.7475
Trade Summary,Data,Stocks,United States Dollar,BMY,BRISTOL-MYERS SQUIBB CO,Healthcare,48,51.705,-2481.84,-2481.84,-48,55.5525,2666.52,2666.52
Trade Summary,Data,Stocks,United States Dollar,CELH,CELSIUS HOLDINGS INC,Consumer Non-Cyc,70,37.5195,-2626.365,-2626.365,-70,39,2730,2730
Trade Summary,Data,Stocks,United States Dollar,CPNG,COUPANG INC,Consumer Cyclicals,110,15.315,-1684.65,-1684.65,-110,18.855,2074.05,2074.05
Trade Summary,Data,Stocks,United States Dollar,CTVA,CORTEVA INC,Basic Materials,33,44.32,-1462.56,-1462.56,-33,53.585,1768.305,1768.305
Trade Summary,Data,Stocks,United States Dollar,CVS,CVS HEALTH CORP,Healthcare,40,57.4695,-2298.78,-2298.78,-40,64.85,2594,2594
Trade Summary,Data,Stocks,United States Dollar,DG,DOLLAR GENERAL CORP,Consumer Cyclicals,53,75.34,-3993.02,-3993.02,-53,82.0017,4346.0901,4346.0901
Trade Summary,Data,Stocks,United States Dollar,DIS,WALT DISNEY CO/THE,Telecomm,20,102.0295,-2040.59,-2040.59,-20,116.84,2336.8,2336.8
Trade Summary,Data,Stocks,United States Dollar,EBAY,EBAY INC,Consumer Cyclicals,114,47.765,-5445.21,-5445.21,-114,52.035,5931.99,5931.99
Trade Summary,Data,Stocks,United States Dollar,EL,ESTEE LAUDER COMPANIES-CL A,Consumer Non-Cyc,60,87.19975,-5231.985,-5231.985,-60,95.48,5728.8,5728.8
Trade Summary,Data,Stocks,United States Dollar,GOLD.OLD,BARRICK MINING CORP,Basic Materials,371,16.484056604,-6115.585,-6115.585,-200,17.3015,3460.3,3460.3
Trade Summary,Data,Stocks,United States Dollar,ILMN,ILLUMINA INC,Healthcare,42,97.308571429,-4086.96,-4086.96,-42,108.405,4553.01,4553.01
Trade Summary,Data,Stocks,United States Dollar,INTC,INTEL CORP,Technology,100,23.725,-2372.5,-2372.5,-100,41.0607,4106.07,4106.07
Trade Summary,Data,Stocks,United States Dollar,JD,JD.COM INC-ADR,Consumer Cyclicals,450,27.318888889,-12293.5,-12293.5,-350,28.20212,9870.742,9870.742
Trade Summary,Data,Stocks,United States Dollar,LRCX,LAM RESEARCH CORP,Technology,30,78.82,-2364.6,-2364.6,-30,83.63,2508.9,2508.9
Trade Summary,Data,Stocks,United States Dollar,LULU,LULULEMON ATHLETICA INC,Consumer Cyclicals,45,180.709533333,-8131.929,-8131.929,-15,207.955,3119.325,3119.325
Trade Summary,Data,Stocks,United States Dollar,MRVL,MARVELL TECHNOLOGY INC,Technology,40,62.28,-2491.2,-2491.2,-40,89.22,3568.8,3568.8
Trade Summary,Data,Stocks,United States Dollar,MSFT,MICROSOFT CORP,Technology,10,452.3,-4523,-4523,0,0,0,0
Trade Summary,Data,Stocks,United States Dollar,MTCH,MATCH GROUP INC,Technology,71,35.185,-2498.135,-2498.135,-71,37.1,2634.1,2634.1
Trade Summary,Data,Stocks,United States Dollar,NFLX,NETFLIX INC,Telecomm,50,80.69,-4034.5,-4034.5,0,0,0,0
Trade Summary,Data,Stocks,United States Dollar,NIO,NIO INC - ADR,Consumer Cyclicals,1000,4.63901,-4639.01,-4639.01,0,0,0,0
Trade Summary,Data,Stocks,United States Dollar,NKE,NIKE INC -CL B,Consumer Cyclicals,90,74.213333333,-6679.2,-6679.2,-40,72.99775,2919.91,2919.91
Trade Summary,Data,Stocks,United States Dollar,NTES,NETEASE INC-ADR,Technology,15,88.5,-1327.5,-1327.5,-15,106.48,1597.2,1597.2
Trade Summary,Data,Stocks,United States Dollar,NU,NU HOLDINGS LTD/CAYMAN ISL-A,Financials,150,11.935,-1790.25,-1790.25,-150,12.57,1885.5,1885.5
Trade Summary,Data,Stocks,United States Dollar,NVO,NOVO-NORDISK A/S-SPONS ADR,Healthcare,50,50.1493,-2507.465,-2507.465,-50,50.924,2546.2,2546.2
Trade Summary,Data,Stocks,United States Dollar,ON,ON SEMICONDUCTOR,Technology,70,56.125,-3928.75,-3928.75,-70,54.295,3800.65,3800.65
Trade Summary,Data,Stocks,United States Dollar,ONON,ON HOLDING AG-CLASS A,Consumer Cyclicals,306,46.280351307,-14161.7875,-14161.7875,-306,53.890644444,16490.5372,16490.5372
Trade Summary,Data,Stocks,United States Dollar,ORCL,ORACLE CORP,Technology,20,176.95,-3539,-3539,0,0,0,0
Trade Summary,Data,Stocks,United States Dollar,POAHY,PORSCHE AUTOMOBIL-UNSP ADR,Consumer Cyclicals,4000,4.1975,-16790,-16790,-2000,4.62,9240,9240
Trade Summary,Data,Stocks,United States Dollar,PYPL,PAYPAL HOLDINGS INC,Financials,100,63.63099,-6363.099,-6363.099,-100,60.941,6094.1,6094.1
Trade Summary,Data,Stocks,United States Dollar,QCOM,QUALCOMM INC,Technology,15,127.64,-1914.6,-1914.6,-15,141.38,2120.7,2120.7
Trade Summary,Data,Stocks,United States Dollar,QRVO,QORVO INC,Technology,50,71.94,-3597,-3597,-50,89.03,4451.5,4451.5
Trade Summary,Data,Stocks,United States Dollar,QS,QUANTUMSCAPE CORP,Consumer Cyclicals,300,6.7525,-2025.75,-2025.75,-300,8.156666667,2447,2447
Trade Summary,Data,Stocks,United States Dollar,SBUX,STARBUCKS CORP,Consumer Cyclicals,76,78.161052632,-5940.24,-5940.24,-76,88.804078947,6749.11,6749.11
Trade Summary,Data,Stocks,United States Dollar,SQM,QUIMICA Y MINERA CHIL-SP ADR,Basic Materials,130,40.893692308,-5316.18,-5316.18,-130,44.750907692,5817.618,5817.618
Trade Summary,Data,Stocks,United States Dollar,STLA,STELLANTIS NV,Consumer Cyclicals,200,13.715,-2743,-2743,-200,10.942,2188.4,2188.4
Trade Summary,Data,Stocks,United States Dollar,TROW,T ROWE PRICE GROUP INC,Financials,27,93.89,-2535.03,-2535.03,-27,96.33,2600.91,2600.91
Trade Summary,Data,Stocks,United States Dollar,UAL,UNITED AIRLINES HOLDINGS INC,Industrials,57,38.735,-2207.895,-2207.895,-57,43.6401,2487.4857,2487.4857
Trade Summary,Data,Stocks,United States Dollar,UNH,UNITEDHEALTH GROUP INC,Healthcare,60,298.118333333,-17887.1,-17887.1,-20,346.94,6938.8,6938.8
Trade Summary,Data,Stocks,United States Dollar,UPS,UNITED PARCEL SERVICE-CL B,Industrials,117,109.22974359,-12779.88,-12779.88,-117,113.766239316,13310.65,13310.65
Trade Summary,Data,Stocks,United States Dollar,VWAGY,VOLKSWAGEN A G-UNSPON ADR,Consumer Cyclicals,500,11.097,-5548.5,-5548.5,0,0,0,0
Trade Summary,Data,Stocks,United States Dollar,XP,XP INC - CLASS A,Financials,200,13.165,-2633,-2633,-200,15.355,3071,3071
Trade Summary,Data,Stocks,United States Dollar,XYZ,BLOCK INC,Industrials,240,64.163933333,-15399.344,-15399.344,-140,71.187142857,9966.2,9966.2
Trade Summary,Data,Treasury Bills,United States Dollar,B 09/12/24,B 09/12/24,Unclassified,8000,0.9873325,-7898.66,-7898.66,-8000,0.99083375,7926.67,7926.67
Deposits And Withdrawals,MetaInfo,Analysis Period,"November 10, 2023 - January 27, 2026"
Deposits And Withdrawals,Header,Date,Type,Description,Amount
Deposits And Withdrawals,Data,11/10/23,DEPOSIT,Cash Receipts / Electronic Fund Transfers ,50000
Deposits And Withdrawals,Data,09/11/25,DEPOSIT,Cash Receipts / Electronic Fund Transfers ,33400
Deposits And Withdrawals,Data,01/15/26,DEPOSIT,Cash Receipts / Electronic Fund Transfers ,250000
Deposits And Withdrawals,Data,01/16/26,DEPOSIT,Cash Receipts / Electronic Fund Transfers ,37857.73
Deposits And Withdrawals,Data,01/27/26,TRNSFROUT,"General Interface Solution (6456) Quantity: -16,000",-21716.4816
Corporate Actions,MetaInfo,Analysis Period,"November 10, 2023 - January 27, 2026"
Corporate Actions,Header,Date,Type,Description,Quantity
Corporate Actions,Data,20250508,Cusip/Isin Change,GOLD(CA0679011084) CUSIP/ISIN CHANGE TO (CA06849F1080),-171
Corporate Actions,Data,20250508,Cusip/Isin Change,GOLD(CA0679011084) CUSIP/ISIN CHANGE TO (CA06849F1080),171
Dividends,MetaInfo,Analysis Period,"November 10, 2023 - January 27, 2026"
Dividends,Header,PayDate,Ex-Date,Symbol,Quantity,DividendPerShare,Amount
Dividends,Data,20231214,20231129,QCOM,15,0.80,12
Dividends,Data,20240118,20231220,BABA,52,1.00,52
Dividends,Data,20240201,20240104,BMY,48,0.60,28.8
Dividends,Data,20240315,20240228,GOLD.OLD,200,0.10,20
Dividends,Data,20240325,20240308,EBAY,57,0.27,15.39
Dividends,Data,20240501,20240404,BMY,48,0.60,28.8
Dividends,Data,20240507,20240501,TLT,200,0.31,61.55
Dividends,Data,20240607,20240603,TLT,200,0.31,61.66
Dividends,Data,20240701,20240603,NKE,20,0.37,7.4
Dividends,Data,20240705,20240701,TLT,200,0.29,58.22
Dividends,Data,20240712,20240613,BABA,52,1.00,52
Dividends,Data,20240712,20240613,BABA,52,0.66,34.32
Dividends,Data,20240725,20240708,DIS,20,0.45,9
Dividends,Data,20240801,20240705,BMY,48,0.60,28.8
Dividends,Data,20240806,20240801,TLT,200,0.31,62.97
Dividends,Data,20240830,20240816,SBUX,40,0.57,22.8
Dividends,Data,20240906,20240903,TLT,200,0.31,62.56
Dividends,Data,20240916,20240830,EL,30,0.66,19.8
Dividends,Data,20241001,20240903,NKE,20,0.37,7.4
Dividends,Data,20241004,20241001,TLT,200,0.32,63.15
Dividends,Data,20241101,20241004,BMY,48,0.60,28.8
Dividends,Data,20241101,20241021,CVS,40,0.67,26.6
Dividends,Data,20241106,20241101,TLT,200,0.31,62.11
Dividends,Data,20241205,20241202,TLT,200,0.33,65
Dividends,Data,20241216,20241129,EL,30,0.35,10.5
Dividends,Data,20241223,20241218,TLT,200,0.35,70.21
Dividends,Data,20250102,20241202,NKE,20,0.40,8
Dividends,Data,20250203,20250123,CVS,40,0.67,26.6
Dividends,Data,20250306,20250218,UPS,47,1.64,77.08
Dividends,Data,20250307,20250303,JAAA,86,0.22,18.82
Dividends,Data,20250317,20250228,GOLD.OLD,171,0.10,17.11
Dividends,Data,20250317,20250228,EL,60,0.35,21
Dividends,Data,20250328,20250314,TROW,27,1.27,34.29
Dividends,Data,20250331,20250320,AVGO,20,0.59,11.8
Dividends,Data,20250401,20250303,NKE,20,0.40,8
Dividends,Data,20250505,20250423,STLA,200,0.77,154.73
Dividends,Data,20250506,20250428,ASML,3,2.09,6.27
Dividends,Data,20250526,20250522,P911,38,0.93,35.162112
Dividends,Data,20250526,20250522,P911,38,1.69,64.275072
Dividends,Data,20250605,20250520,VWAGY,500,0.71,356.37
Dividends,Data,20250605,20250519,UPS,20,1.64,32.8
Dividends,Data,20250612,20250527,POAHY,2000,0.22,431.74
Dividends,Data,20250616,20250530,B,171,0.10,17.11
Dividends,Data,20250616,20250530,EL,60,0.35,21
Dividends,Data,20250624,20250616,UNH,10,2.21,22.1
Dividends,Data,20250630,20250620,AVGO,10,0.59,5.9
Dividends,Data,20250701,20250602,NKE,20,0.40,8
Dividends,Data,20250710,20250612,BABA,10,0.95,9.5
Dividends,Data,20250710,20250612,BABA,10,1.05,10.5
Dividends,Data,20250714,20250714,002475,600,0.03,16.7204456
Dividends,Data,20250806,20250729,ASML,3,1.85,5.54
Dividends,Data,20250814,20250811,AAPL,20,0.26,5.2
Dividends,Data,20250904,20250818,UPS,20,1.64,32.8
Dividends,Data,20250916,20250902,EL,30,0.35,10.5
Dividends,Data,20250923,20250915,UNH,10,2.21,22.1
Dividends,Data,20251001,20250902,NKE,20,0.40,8
Dividends,Data,20251030,20251010,MRVL,40,0.06,2.4
Dividends,Data,20251106,20251029,ASML,3,1.86,5.59
Dividends,Data,20251113,20251110,AAPL,20,0.26,5.2
Dividends,Data,20251128,20251114,SBUX,36,0.62,22.32
Dividends,Data,20251204,20251117,UPS,50,1.64,82
Dividends,Data,20251210,20251119,PYPL,60,0.14,8.4
Dividends,Data,20251215,20251128,EL,30,0.35,10.5
Dividends,Data,20260102,20251201,NKE,20,0.41,8.2
Interest Details,MetaInfo,Analysis Period,"November 10, 2023 - January 27, 2026"
Interest Details,Header,Date,Description,Amount
Interest Details,Data,20231205,USD Credit Interest Received for November 2023,53.51
Interest Details,Data,20240104,USD Credit Interest Received for December 2023,44.24
Interest Details,Data,20240205,USD Credit Interest Received for January 2024,26.27
Interest Details,Data,20240305,USD Credit Interest Received for February 2024,17.99
Interest Details,Data,20240305,CNH Debit Interest Paid for February 2024,-4.7962494
Interest Details,Data,20240403,USD Credit Interest Received for March 2024,31.39
Interest Details,Data,20240403,CNH Debit Interest Paid for March 2024,-14.84342
Interest Details,Data,20240503,CNH Debit Interest Paid for April 2024,-4.5771968
Interest Details,Data,20240503,USD Credit Interest Received for April 2024,7
Interest Details,Data,20240605,USD Credit Interest Received for May 2024,17.03
Interest Details,Data,20240605,CNH Debit Interest Paid for May 2024,-0.0922925
Interest Details,Data,20240703,CNH Debit Interest Paid for June 2024,-0.0712088
Interest Details,Data,20240703,USD Credit Interest Received for June 2024,9.89
Interest Details,Data,20241003,USD Credit Interest Received for September 2024,0.8
Interest Details,Data,20241105,USD Credit Interest Received for October 2024,5.32
Interest Details,Data,20250106,USD Debit Interest Paid for December 2024,-1.19
Interest Details,Data,20250205,USD Debit Interest Paid for January 2025,-0.92
Interest Details,Data,20250305,USD Debit Interest Paid for February 2025,-0.01
Interest Details,Data,20251203,EUR Debit Interest Paid for November 2025,-0.793628
Fee Summary,MetaInfo,Analysis Period,"November 10, 2023 - January 27, 2026"
Fee Summary,Header,Date,Description,Amount
Fee Summary,Data,20231201,"FA Fee: Percent Of Equity, Posted Monthly ",-38.62
Fee Summary,Data,20240102,"FA Fee: Percent Of Equity, Posted Monthly ",-60.33
Fee Summary,Data,20240201,"FA Fee: Percent Of Equity, Posted Monthly ",-63.69
Fee Summary,Data,20240301,"FA Fee: Percent Of Equity, Posted Monthly ",-61.04
Fee Summary,Data,20240401,"FA Fee: Percent Of Equity, Posted Monthly ",-62.68
Fee Summary,Data,20240501,"FA Fee: Percent Of Equity, Posted Monthly ",-69.03
Fee Summary,Data,20240603,"FA Fee: Percent Of Equity, Posted Monthly ",-70.46
Fee Summary,Data,20240701,"FA Fee: Percent Of Equity, Posted Monthly ",-60.77
Fee Summary,Data,20240801,"FA Fee: Percent Of Equity, Posted Monthly ",-69.89
Fee Summary,Data,20240902,"FA Fee: Percent Of Equity, Posted Monthly ",-72.38
Fee Summary,Data,20241001,"FA Fee: Percent Of Equity, Posted Monthly ",-67.66
Fee Summary,Data,20241101,"FA Fee: Percent Of Equity, Posted Monthly ",-80.89
Fee Summary,Data,20241202,"FA Fee: Percent Of Equity, Posted Monthly ",-67.89
Fee Summary,Data,20250102,"FA Fee: Percent Of Equity, Posted Monthly ",-17.28
Fee Summary,Data,20250912,Scb-tw Custody Fee For 2025-09-11 For Sep 2025 ,-0.01287156
Fee Summary,Data,20250912,Tdcc Custody Fee For 2025-09-11 For Sep 2025 ,-0.00264032
Fee Summary,Data,20250915,Scb-tw Custody Fee For 2025-09-12 For Sep 2025 ,-0.01291095
Fee Summary,Data,20250915,Scb-tw Custody Fee For 2025-09-13 For Sep 2025 ,-0.01291095
Fee Summary,Data,20250915,Scb-tw Custody Fee For 2025-09-14 For Sep 2025 ,-0.01291095
Fee Summary,Data,20250915,Tdcc Custody Fee For 2025-09-12 For Sep 2025 ,-0.0026484
Fee Summary,Data,20250915,Tdcc Custody Fee For 2025-09-13 For Sep 2025 ,-0.0026484
Fee Summary,Data,20250915,Tdcc Custody Fee For 2025-09-14 For Sep 2025 ,-0.0026484
Fee Summary,Data,20250916,Scb-tw Custody Fee For 2025-09-15 For Sep 2025 ,-0.0126388
Fee Summary,Data,20250916,Tdcc Custody Fee For 2025-09-15 For Sep 2025 ,-0.0026608
Fee Summary,Data,20250917,Scb-tw Custody Fee For 2025-09-16 For Sep 2025 ,-0.01295463
Fee Summary,Data,20250917,Tdcc Custody Fee For 2025-09-16 For Sep 2025 ,-0.00265736
Fee Summary,Data,20250918,Scb-tw Custody Fee For 2025-09-17 For Sep 2025 ,-0.01294644
Fee Summary,Data,20250918,Tdcc Custody Fee For 2025-09-17 For Sep 2025 ,-0.00265568
Fee Summary,Data,20250919,Scb-tw Custody Fee For 2025-09-18 For Sep 2025 ,-0.01289613
Fee Summary,Data,20250919,Tdcc Custody Fee For 2025-09-18 For Sep 2025 ,-0.00264536
Fee Summary,Data,20250922,Scb-tw Custody Fee For 2025-09-19 For Sep 2025 ,-0.0132352
Fee Summary,Data,20250922,Scb-tw Custody Fee For 2025-09-20 For Sep 2025 ,-0.0132352
Fee Summary,Data,20250922,Scb-tw Custody Fee For 2025-09-21 For Sep 2025 ,-0.0132352
Fee Summary,Data,20250922,Tdcc Custody Fee For 2025-09-19 For Sep 2025 ,-0.00264704
Fee Summary,Data,20250922,Tdcc Custody Fee For 2025-09-20 For Sep 2025 ,-0.00264704
Fee Summary,Data,20250922,Tdcc Custody Fee For 2025-09-21 For Sep 2025 ,-0.00264704
Fee Summary,Data,20250923,Scb-tw Custody Fee For 2025-09-22 For Sep 2025 ,-0.0131928
Fee Summary,Data,20250923,Tdcc Custody Fee For 2025-09-22 For Sep 2025 ,-0.00263856
Fee Summary,Data,20250924,Scb-tw Custody Fee For 2025-09-23 For Sep 2025 ,-0.0131644
Fee Summary,Data,20250924,Tdcc Custody Fee For 2025-09-23 For Sep 2025 ,-0.00263288
Fee Summary,Data,20250925,Scb-tw Custody Fee For 2025-09-24 For Sep 2025 ,-0.0127725
Fee Summary,Data,20250925,Tdcc Custody Fee For 2025-09-24 For Sep 2025 ,-0.00262
Fee Summary,Data,20250926,Scb-tw Custody Fee For 2025-09-25 For Sep 2025 ,-0.0131312
Fee Summary,Data,20250926,Tdcc Custody Fee For 2025-09-25 For Sep 2025 ,-0.00262624
Fee Summary,Data,20250929,Scb-tw Custody Fee For 2025-09-26 For Sep 2025 ,-0.01246666
Fee Summary,Data,20250929,Scb-tw Custody Fee For 2025-09-27 For Sep 2025 ,-0.01246666
Fee Summary,Data,20250929,Scb-tw Custody Fee For 2025-09-28 For Sep 2025 ,-0.01246666
Fee Summary,Data,20250929,Tdcc Custody Fee For 2025-09-26 For Sep 2025 ,-0.00262456
Fee Summary,Data,20250929,Tdcc Custody Fee For 2025-09-27 For Sep 2025 ,-0.00262456
Fee Summary,Data,20250929,Tdcc Custody Fee For 2025-09-28 For Sep 2025 ,-0.00262456
Fee Summary,Data,20250930,Scb-tw Custody Fee For 2025-09-29 For Sep 2025 ,-0.0124754
Fee Summary,Data,20250930,Tdcc Custody Fee For 2025-09-29 For Sep 2025 ,-0.0026264
Fee Summary,Data,20251001,Scb-tw Custody Fee For 2025-09-30 For Oct 2025 ,-0.01281891
Fee Summary,Data,20251001,Tdcc Custody Fee For 2025-09-30 For Oct 2025 ,-0.00262952
Fee Summary,Data,20251002,Scb-tw Custody Fee For 2025-10-01 For Oct 2025 ,-0.01279902
Fee Summary,Data,20251002,Tdcc Custody Fee For 2025-10-01 For Oct 2025 ,-0.00262544
Fee Summary,Data,20251003,Scb-tw Custody Fee For 2025-10-02 For Oct 2025 ,-0.01282866
Fee Summary,Data,20251003,Tdcc Custody Fee For 2025-10-02 For Oct 2025 ,-0.00263152
Fee Summary,Data,20251006,Scb-tw Custody Fee For 2025-10-03 For Oct 2025 ,-0.01245868
Fee Summary,Data,20251006,Scb-tw Custody Fee For 2025-10-04 For Oct 2025 ,-0.01245868
Fee Summary,Data,20251006,Scb-tw Custody Fee For 2025-10-05 For Oct 2025 ,-0.01245868
Fee Summary,Data,20251006,Tdcc Custody Fee For 2025-10-03 For Oct 2025 ,-0.00262288
Fee Summary,Data,20251006,Tdcc Custody Fee For 2025-10-04 For Oct 2025 ,-0.00262288
Fee Summary,Data,20251006,Tdcc Custody Fee For 2025-10-05 For Oct 2025 ,-0.00262288
Fee Summary,Data,20251007,Scb-tw Custody Fee For 2025-10-06 For Oct 2025 ,-0.01243816
Fee Summary,Data,20251007,Tdcc Custody Fee For 2025-10-06 For Oct 2025 ,-0.00261856
Fee Summary,Data,20251008,Scb-tw Custody Fee For 2025-10-07 For Oct 2025 ,-0.01276353
Fee Summary,Data,20251008,Tdcc Custody Fee For 2025-10-07 For Oct 2025 ,-0.00261816
Fee Summary,Data,20251009,Scb-tw Custody Fee For 2025-10-08 For Oct 2025 ,-0.0117666
Fee Summary,Data,20251009,Tdcc Custody Fee For 2025-10-08 For Oct 2025 ,-0.0026148
Fee Summary,Data,20251010,Scb-tw Custody Fee For 2025-10-09 For Oct 2025 ,-0.0113932
Fee Summary,Data,20251010,Tdcc Custody Fee For 2025-10-09 For Oct 2025 ,-0.00260416
Fee Summary,Data,20251013,Scb-tw Custody Fee For 2025-10-10 For Oct 2025 ,-0.01140055
Fee Summary,Data,20251013,Scb-tw Custody Fee For 2025-10-11 For Oct 2025 ,-0.01140055
Fee Summary,Data,20251013,Scb-tw Custody Fee For 2025-10-12 For Oct 2025 ,-0.01140055
Fee Summary,Data,20251013,Tdcc Custody Fee For 2025-10-10 For Oct 2025 ,-0.00260584
Fee Summary,Data,20251013,Tdcc Custody Fee For 2025-10-11 For Oct 2025 ,-0.00260584
Fee Summary,Data,20251013,Tdcc Custody Fee For 2025-10-12 For Oct 2025 ,-0.00260584
Fee Summary,Data,20251014,Scb-tw Custody Fee For 2025-10-13 For Oct 2025 ,-0.011403
Fee Summary,Data,20251014,Tdcc Custody Fee For 2025-10-13 For Oct 2025 ,-0.0026064
Fee Summary,Data,20251015,Scb-tw Custody Fee For 2025-10-14 For Oct 2025 ,-0.01077384
Fee Summary,Data,20251015,Tdcc Custody Fee For 2025-10-14 For Oct 2025 ,-0.00261184
Fee Summary,Data,20251016,Scb-tw Custody Fee For 2025-10-15 For Oct 2025 ,-0.01077384
Fee Summary,Data,20251016,Tdcc Custody Fee For 2025-10-15 For Oct 2025 ,-0.00261184
Fee Summary,Data,20251017,Scb-tw Custody Fee For 2025-10-16 For Oct 2025 ,-0.01077021
Fee Summary,Data,20251017,Tdcc Custody Fee For 2025-10-16 For Oct 2025 ,-0.00261096
Fee Summary,Data,20251020,Scb-tw Custody Fee For 2025-10-17 For Oct 2025 ,-0.01045952
Fee Summary,Data,20251020,Scb-tw Custody Fee For 2025-10-18 For Oct 2025 ,-0.01045952
Fee Summary,Data,20251020,Scb-tw Custody Fee For 2025-10-19 For Oct 2025 ,-0.01045952
Fee Summary,Data,20251020,Tdcc Custody Fee For 2025-10-17 For Oct 2025 ,-0.00261488
Fee Summary,Data,20251020,Tdcc Custody Fee For 2025-10-18 For Oct 2025 ,-0.00261488
Fee Summary,Data,20251020,Tdcc Custody Fee For 2025-10-19 For Oct 2025 ,-0.00261488
Fee Summary,Data,20251021,Scb-tw Custody Fee For 2025-10-20 For Oct 2025 ,-0.0104256
Fee Summary,Data,20251021,Tdcc Custody Fee For 2025-10-20 For Oct 2025 ,-0.0026064
Fee Summary,Data,20251022,Scb-tw Custody Fee For 2025-10-21 For Oct 2025 ,-0.01072764
Fee Summary,Data,20251022,Tdcc Custody Fee For 2025-10-21 For Oct 2025 ,-0.00260064
Fee Summary,Data,20251023,Scb-tw Custody Fee For 2025-10-22 For Oct 2025 ,-0.01072566
Fee Summary,Data,20251023,Tdcc Custody Fee For 2025-10-22 For Oct 2025 ,-0.00260016
Fee Summary,Data,20251024,Scb-tw Custody Fee For 2025-10-23 For Oct 2025 ,-0.01037376
Fee Summary,Data,20251024,Tdcc Custody Fee For 2025-10-23 For Oct 2025 ,-0.00259344
Fee Summary,Data,20251027,Scb-tw Custody Fee For 2025-10-24 For Oct 2025 ,-0.01045024
Fee Summary,Data,20251027,Scb-tw Custody Fee For 2025-10-25 For Oct 2025 ,-0.01045024
Fee Summary,Data,20251027,Scb-tw Custody Fee For 2025-10-26 For Oct 2025 ,-0.01045024
Fee Summary,Data,20251027,Tdcc Custody Fee For 2025-10-24 For Oct 2025 ,-0.00261256
Fee Summary,Data,20251027,Tdcc Custody Fee For 2025-10-25 For Oct 2025 ,-0.00261256
Fee Summary,Data,20251027,Tdcc Custody Fee For 2025-10-26 For Oct 2025 ,-0.00261256
Fee Summary,Data,20251028,Scb-tw Custody Fee For 2025-10-27 For Oct 2025 ,-0.01080024
Fee Summary,Data,20251028,Tdcc Custody Fee For 2025-10-27 For Oct 2025 ,-0.00261824
Fee Summary,Data,20251029,Scb-tw Custody Fee For 2025-10-28 For Oct 2025 ,-0.01044416
Fee Summary,Data,20251029,Tdcc Custody Fee For 2025-10-28 For Oct 2025 ,-0.00261104
Fee Summary,Data,20251030,Scb-tw Custody Fee For 2025-10-29 For Oct 2025 ,-0.01042176
Fee Summary,Data,20251030,Tdcc Custody Fee For 2025-10-29 For Oct 2025 ,-0.00260544
Fee Summary,Data,20251031,Scb-tw Custody Fee For 2025-10-30 For Oct 2025 ,-0.01006911
Fee Summary,Data,20251031,Tdcc Custody Fee For 2025-10-30 For Oct 2025 ,-0.00259848
Fee Summary,Data,20251103,Scb-tw Custody Fee For 2025-10-31 For Nov 2025 ,-0.01002478
Fee Summary,Data,20251103,Scb-tw Custody Fee For 2025-11-01 For Nov 2025 ,-0.01002478
Fee Summary,Data,20251103,Scb-tw Custody Fee For 2025-11-02 For Nov 2025 ,-0.01002478
Fee Summary,Data,20251103,Tdcc Custody Fee For 2025-10-31 For Nov 2025 ,-0.00258704
Fee Summary,Data,20251103,Tdcc Custody Fee For 2025-11-01 For Nov 2025 ,-0.00258704
Fee Summary,Data,20251103,Tdcc Custody Fee For 2025-11-02 For Nov 2025 ,-0.00258704
Fee Summary,Data,20251104,Scb-tw Custody Fee For 2025-11-03 For Nov 2025 ,-0.01002199
Fee Summary,Data,20251104,Tdcc Custody Fee For 2025-11-03 For Nov 2025 ,-0.00258632
Fee Summary,Data,20251105,Scb-tw Custody Fee For 2025-11-04 For Nov 2025 ,-0.0097071
Fee Summary,Data,20251105,Tdcc Custody Fee For 2025-11-04 For Nov 2025 ,-0.00258856
Fee Summary,Data,20251106,Scb-tw Custody Fee For 2025-11-05 For Nov 2025 ,-0.0096774
Fee Summary,Data,20251106,Tdcc Custody Fee For 2025-11-05 For Nov 2025 ,-0.00258064
Fee Summary,Data,20251107,Scb-tw Custody Fee For 2025-11-06 For Nov 2025 ,-0.0096828
Fee Summary,Data,20251107,Tdcc Custody Fee For 2025-11-06 For Nov 2025 ,-0.00258208
Fee Summary,Data,20251110,Scb-tw Custody Fee For 2025-11-07 For Nov 2025 ,-0.0096816
Fee Summary,Data,20251110,Scb-tw Custody Fee For 2025-11-08 For Nov 2025 ,-0.0096816
Fee Summary,Data,20251110,Scb-tw Custody Fee For 2025-11-09 For Nov 2025 ,-0.0096816
Fee Summary,Data,20251110,Tdcc Custody Fee For 2025-11-07 For Nov 2025 ,-0.00258176
Fee Summary,Data,20251110,Tdcc Custody Fee For 2025-11-08 For Nov 2025 ,-0.00258176
Fee Summary,Data,20251110,Tdcc Custody Fee For 2025-11-09 For Nov 2025 ,-0.00258176
Fee Summary,Data,20251111,Scb-tw Custody Fee For 2025-11-10 For Nov 2025 ,-0.00935047
Fee Summary,Data,20251111,Tdcc Custody Fee For 2025-11-10 For Nov 2025 ,-0.00257944
Fee Summary,Data,20251112,Scb-tw Custody Fee For 2025-11-11 For Nov 2025 ,-0.00900928
Fee Summary,Data,20251112,Tdcc Custody Fee For 2025-11-11 For Nov 2025 ,-0.00257408
Fee Summary,Data,20251113,Scb-tw Custody Fee For 2025-11-12 For Nov 2025 ,-0.00931393
Fee Summary,Data,20251113,Tdcc Custody Fee For 2025-11-12 For Nov 2025 ,-0.00256936
Fee Summary,Data,20251114,Scb-tw Custody Fee For 2025-11-13 For Nov 2025 ,-0.00943428
Fee Summary,Data,20251114,Tdcc Custody Fee For 2025-11-13 For Nov 2025 ,-0.00260256
Fee Summary,Data,20251117,Scb-tw Custody Fee For 2025-11-14 For Nov 2025 ,-0.0089782
Fee Summary,Data,20251117,Scb-tw Custody Fee For 2025-11-15 For Nov 2025 ,-0.0089782
Fee Summary,Data,20251117,Scb-tw Custody Fee For 2025-11-16 For Nov 2025 ,-0.0089782
Fee Summary,Data,20251117,Tdcc Custody Fee For 2025-11-14 For Nov 2025 ,-0.0025652
Fee Summary,Data,20251117,Tdcc Custody Fee For 2025-11-15 For Nov 2025 ,-0.0025652
Fee Summary,Data,20251117,Tdcc Custody Fee For 2025-11-16 For Nov 2025 ,-0.0025652
Fee Summary,Data,20251118,Scb-tw Custody Fee For 2025-11-17 For Nov 2025 ,-0.00867699
Fee Summary,Data,20251118,Tdcc Custody Fee For 2025-11-17 For Nov 2025 ,-0.00257096
Fee Summary,Data,20251119,Scb-tw Custody Fee For 2025-11-18 For Nov 2025 ,-0.00833196
Fee Summary,Data,20251119,Tdcc Custody Fee For 2025-11-18 For Nov 2025 ,-0.00256368
Fee Summary,Data,20251120,Scb-tw Custody Fee For 2025-11-19 For Nov 2025 ,-0.00829036
Fee Summary,Data,20251120,Tdcc Custody Fee For 2025-11-19 For Nov 2025 ,-0.00255088
Fee Summary,Data,20251121,Scb-tw Custody Fee For 2025-11-20 For Nov 2025 ,-0.00829244
Fee Summary,Data,20251121,Tdcc Custody Fee For 2025-11-20 For Nov 2025 ,-0.00255152
Fee Summary,Data,20251124,Scb-tw Custody Fee For 2025-11-21 For Nov 2025 ,-0.00826852
Fee Summary,Data,20251124,Scb-tw Custody Fee For 2025-11-22 For Nov 2025 ,-0.00826852
Fee Summary,Data,20251124,Scb-tw Custody Fee For 2025-11-23 For Nov 2025 ,-0.00826852
Fee Summary,Data,20251124,Tdcc Custody Fee For 2025-11-21 For Nov 2025 ,-0.00254416
Fee Summary,Data,20251124,Tdcc Custody Fee For 2025-11-22 For Nov 2025 ,-0.00254416
Fee Summary,Data,20251124,Tdcc Custody Fee For 2025-11-23 For Nov 2025 ,-0.00254416
Fee Summary,Data,20251125,Scb-tw Custody Fee For 2025-11-24 For Nov 2025 ,-0.0082784
Fee Summary,Data,20251125,Tdcc Custody Fee For 2025-11-24 For Nov 2025 ,-0.0025472
Fee Summary,Data,20251126,Scb-tw Custody Fee For 2025-11-25 For Nov 2025 ,-0.0083161
Fee Summary,Data,20251126,Tdcc Custody Fee For 2025-11-25 For Nov 2025 ,-0.0025588
Fee Summary,Data,20251128,Scb-tw Custody Fee For 2025-11-26 For Nov 2025 ,-0.00828126
Fee Summary,Data,20251128,Scb-tw Custody Fee For 2025-11-27 For Nov 2025 ,-0.00859977
Fee Summary,Data,20251128,Tdcc Custody Fee For 2025-11-26 For Nov 2025 ,-0.00254808
Fee Summary,Data,20251128,Tdcc Custody Fee For 2025-11-27 For Nov 2025 ,-0.00254808
Fee Summary,Data,20251201,Scb-tw Custody Fee For 2025-11-28 For Dec 2025 ,-0.00859599
Fee Summary,Data,20251201,Scb-tw Custody Fee For 2025-11-29 For Dec 2025 ,-0.00859599
Fee Summary,Data,20251201,Scb-tw Custody Fee For 2025-11-30 For Dec 2025 ,-0.00859599
Fee Summary,Data,20251201,Tdcc Custody Fee For 2025-11-28 For Dec 2025 ,-0.00254696
Fee Summary,Data,20251201,Tdcc Custody Fee For 2025-11-29 For Dec 2025 ,-0.00254696
Fee Summary,Data,20251201,Tdcc Custody Fee For 2025-11-30 For Dec 2025 ,-0.00254696
Fee Summary,Data,20251202,Scb-tw Custody Fee For 2025-12-01 For Dec 2025 ,-0.008281
Fee Summary,Data,20251202,Tdcc Custody Fee For 2025-12-01 For Dec 2025 ,-0.002548
Fee Summary,Data,20251203,Scb-tw Custody Fee For 2025-12-02 For Dec 2025 ,-0.0082992
Fee Summary,Data,20251203,Tdcc Custody Fee For 2025-12-02 For Dec 2025 ,-0.0025536
Fee Summary,Data,20251204,Scb-tw Custody Fee For 2025-12-03 For Dec 2025 ,-0.00860409
Fee Summary,Data,20251204,Tdcc Custody Fee For 2025-12-03 For Dec 2025 ,-0.00254936
Fee Summary,Data,20251205,Scb-tw Custody Fee For 2025-12-04 For Dec 2025 ,-0.0083096
Fee Summary,Data,20251205,Tdcc Custody Fee For 2025-12-04 For Dec 2025 ,-0.0025568
Fee Summary,Data,20251208,Scb-tw Custody Fee For 2025-12-05 For Dec 2025 ,-0.0083395
Fee Summary,Data,20251208,Scb-tw Custody Fee For 2025-12-06 For Dec 2025 ,-0.0083395
Fee Summary,Data,20251208,Scb-tw Custody Fee For 2025-12-07 For Dec 2025 ,-0.0083395
Fee Summary,Data,20251208,Tdcc Custody Fee For 2025-12-05 For Dec 2025 ,-0.002566
Fee Summary,Data,20251208,Tdcc Custody Fee For 2025-12-06 For Dec 2025 ,-0.002566
Fee Summary,Data,20251208,Tdcc Custody Fee For 2025-12-07 For Dec 2025 ,-0.002566
Fee Summary,Data,20251209,Scb-tw Custody Fee For 2025-12-08 For Dec 2025 ,-0.00866943
Fee Summary,Data,20251209,Tdcc Custody Fee For 2025-12-08 For Dec 2025 ,-0.00256872
Fee Summary,Data,20251210,Scb-tw Custody Fee For 2025-12-09 For Dec 2025 ,-0.00867996
Fee Summary,Data,20251210,Tdcc Custody Fee For 2025-12-09 For Dec 2025 ,-0.00257184
Fee Summary,Data,20251211,Scb-tw Custody Fee For 2025-12-10 For Dec 2025 ,-0.009612
Fee Summary,Data,20251211,Tdcc Custody Fee For 2025-12-10 For Dec 2025 ,-0.0025632
Fee Summary,Data,20251212,Scb-tw Custody Fee For 2025-12-11 For Dec 2025 ,-0.00893004
Fee Summary,Data,20251212,Tdcc Custody Fee For 2025-12-11 For Dec 2025 ,-0.00255144
Fee Summary,Data,20251215,Scb-tw Custody Fee For 2025-12-12 For Dec 2025 ,-0.00893256
Fee Summary,Data,20251215,Scb-tw Custody Fee For 2025-12-13 For Dec 2025 ,-0.00893256
Fee Summary,Data,20251215,Scb-tw Custody Fee For 2025-12-14 For Dec 2025 ,-0.00893256
Fee Summary,Data,20251215,Tdcc Custody Fee For 2025-12-12 For Dec 2025 ,-0.00255216
Fee Summary,Data,20251215,Tdcc Custody Fee For 2025-12-13 For Dec 2025 ,-0.00255216
Fee Summary,Data,20251215,Tdcc Custody Fee For 2025-12-14 For Dec 2025 ,-0.00255216
Fee Summary,Data,20251216,Scb-tw Custody Fee For 2025-12-15 For Dec 2025 ,-0.00889336
Fee Summary,Data,20251216,Tdcc Custody Fee For 2025-12-15 For Dec 2025 ,-0.00254096
Fee Summary,Data,20251217,Scb-tw Custody Fee For 2025-12-16 For Dec 2025 ,-0.00854091
Fee Summary,Data,20251217,Tdcc Custody Fee For 2025-12-16 For Dec 2025 ,-0.00253064
Fee Summary,Data,20251218,Scb-tw Custody Fee For 2025-12-17 For Dec 2025 ,-0.00856332
Fee Summary,Data,20251218,Tdcc Custody Fee For 2025-12-17 For Dec 2025 ,-0.00253728
Fee Summary,Data,20251219,Scb-tw Custody Fee For 2025-12-18 For Dec 2025 ,-0.00856521
Fee Summary,Data,20251219,Tdcc Custody Fee For 2025-12-18 For Dec 2025 ,-0.00253784
Fee Summary,Data,20251222,Scb-tw Custody Fee For 2025-12-19 For Dec 2025 ,-0.00856791
Fee Summary,Data,20251222,Scb-tw Custody Fee For 2025-12-20 For Dec 2025 ,-0.00856791
Fee Summary,Data,20251222,Scb-tw Custody Fee For 2025-12-21 For Dec 2025 ,-0.00856791
Fee Summary,Data,20251222,Tdcc Custody Fee For 2025-12-19 For Dec 2025 ,-0.00253864
Fee Summary,Data,20251222,Tdcc Custody Fee For 2025-12-20 For Dec 2025 ,-0.00253864
Fee Summary,Data,20251222,Tdcc Custody Fee For 2025-12-21 For Dec 2025 ,-0.00253864
Fee Summary,Data,20251223,Scb-tw Custody Fee For 2025-12-22 For Dec 2025 ,-0.008897
Fee Summary,Data,20251223,Tdcc Custody Fee For 2025-12-22 For Dec 2025 ,-0.002542
Fee Summary,Data,20251224,Scb-tw Custody Fee For 2025-12-23 For Dec 2025 ,-0.00858384
Fee Summary,Data,20251224,Tdcc Custody Fee For 2025-12-23 For Dec 2025 ,-0.00254336
Fee Summary,Data,20251226,Scb-tw Custody Fee For 2025-12-24 For Dec 2025 ,-0.00860139
Fee Summary,Data,20251226,Scb-tw Custody Fee For 2025-12-25 For Dec 2025 ,-0.00860139
Fee Summary,Data,20251226,Tdcc Custody Fee For 2025-12-24 For Dec 2025 ,-0.00254856
Fee Summary,Data,20251226,Tdcc Custody Fee For 2025-12-25 For Dec 2025 ,-0.00254856
Fee Summary,Data,20251229,Scb-tw Custody Fee For 2025-12-26 For Dec 2025 ,-0.00861759
Fee Summary,Data,20251229,Scb-tw Custody Fee For 2025-12-27 For Dec 2025 ,-0.00861759
Fee Summary,Data,20251229,Scb-tw Custody Fee For 2025-12-28 For Dec 2025 ,-0.00861759
Fee Summary,Data,20251229,Tdcc Custody Fee For 2025-12-26 For Dec 2025 ,-0.00255336
Fee Summary,Data,20251229,Tdcc Custody Fee For 2025-12-27 For Dec 2025 ,-0.00255336
Fee Summary,Data,20251229,Tdcc Custody Fee For 2025-12-28 For Dec 2025 ,-0.00255336
Fee Summary,Data,20251230,Scb-tw Custody Fee For 2025-12-29 For Dec 2025 ,-0.00863622
Fee Summary,Data,20251230,Tdcc Custody Fee For 2025-12-29 For Dec 2025 ,-0.00255888
Fee Summary,Data,20251231,Scb-tw Custody Fee For 2025-12-30 For Dec 2025 ,-0.00861678
Fee Summary,Data,20251231,Tdcc Custody Fee For 2025-12-30 For Dec 2025 ,-0.00255312
Fee Summary,Data,20260102,Scb-tw Custody Fee For 2025-12-31 For Jan 2026 ,-0.00860517
Fee Summary,Data,20260102,Scb-tw Custody Fee For 2026-01-01 For Jan 2026 ,-0.00860517
Fee Summary,Data,20260102,Tdcc Custody Fee For 2025-12-31 For Jan 2026 ,-0.00254968
Fee Summary,Data,20260102,Tdcc Custody Fee For 2026-01-01 For Jan 2026 ,-0.00254968
Fee Summary,Data,20260105,Scb-tw Custody Fee For 2026-01-02 For Jan 2026 ,-0.00857952
Fee Summary,Data,20260105,Scb-tw Custody Fee For 2026-01-03 For Jan 2026 ,-0.00857952
Fee Summary,Data,20260105,Scb-tw Custody Fee For 2026-01-04 For Jan 2026 ,-0.00857952
Fee Summary,Data,20260105,Tdcc Custody Fee For 2026-01-02 For Jan 2026 ,-0.00254208
Fee Summary,Data,20260105,Tdcc Custody Fee For 2026-01-03 For Jan 2026 ,-0.00254208
Fee Summary,Data,20260105,Tdcc Custody Fee For 2026-01-04 For Jan 2026 ,-0.00254208
Fee Summary,Data,20260106,Scb-tw Custody Fee For 2026-01-05 For Jan 2026 ,-0.00825786
Fee Summary,Data,20260106,Tdcc Custody Fee For 2026-01-05 For Jan 2026 ,-0.00254088
Fee Summary,Data,20260107,Scb-tw Custody Fee For 2026-01-06 For Jan 2026 ,-0.00857628
Fee Summary,Data,20260107,Tdcc Custody Fee For 2026-01-06 For Jan 2026 ,-0.00254112
Fee Summary,Data,20260108,Scb-tw Custody Fee For 2026-01-07 For Jan 2026 ,-0.00855549
Fee Summary,Data,20260108,Tdcc Custody Fee For 2026-01-07 For Jan 2026 ,-0.00253496
Fee Summary,Data,20260109,Scb-tw Custody Fee For 2026-01-08 For Jan 2026 ,-0.00822562
Fee Summary,Data,20260109,Tdcc Custody Fee For 2026-01-08 For Jan 2026 ,-0.00253096
Fee Summary,Data,20260112,Scb-tw Custody Fee For 2026-01-09 For Jan 2026 ,-0.00823264
Fee Summary,Data,20260112,Scb-tw Custody Fee For 2026-01-10 For Jan 2026 ,-0.00823264
Fee Summary,Data,20260112,Scb-tw Custody Fee For 2026-01-11 For Jan 2026 ,-0.00823264
Fee Summary,Data,20260112,Tdcc Custody Fee For 2026-01-09 For Jan 2026 ,-0.00253312
Fee Summary,Data,20260112,Tdcc Custody Fee For 2026-01-10 For Jan 2026 ,-0.00253312
Fee Summary,Data,20260112,Tdcc Custody Fee For 2026-01-11 For Jan 2026 ,-0.00253312
Fee Summary,Data,20260113,Scb-tw Custody Fee For 2026-01-12 For Jan 2026 ,-0.00853632
Fee Summary,Data,20260113,Tdcc Custody Fee For 2026-01-12 For Jan 2026 ,-0.00252928
Fee Summary,Data,20260114,Scb-tw Custody Fee For 2026-01-13 For Jan 2026 ,-0.00856143
Fee Summary,Data,20260114,Tdcc Custody Fee For 2026-01-13 For Jan 2026 ,-0.00253672
Fee Summary,Data,20260115,Scb-tw Custody Fee For 2026-01-14 For Jan 2026 ,-0.00854928
Fee Summary,Data,20260115,Tdcc Custody Fee For 2026-01-14 For Jan 2026 ,-0.00253312
Fee Summary,Data,20260116,Scb-tw Custody Fee For 2026-01-15 For Jan 2026 ,-0.00853767
Fee Summary,Data,20260116,Tdcc Custody Fee For 2026-01-15 For Jan 2026 ,-0.00252968
Fee Summary,Data,20260120,Scb-tw Custody Fee For 2026-01-16 For Jan 2026 ,-0.0085212
Fee Summary,Data,20260120,Scb-tw Custody Fee For 2026-01-17 For Jan 2026 ,-0.0085212
Fee Summary,Data,20260120,Scb-tw Custody Fee For 2026-01-18 For Jan 2026 ,-0.0085212
Fee Summary,Data,20260120,Scb-tw Custody Fee For 2026-01-19 For Jan 2026 ,-0.0085212
Fee Summary,Data,20260120,Tdcc Custody Fee For 2026-01-16 For Jan 2026 ,-0.0025248
Fee Summary,Data,20260120,Tdcc Custody Fee For 2026-01-17 For Jan 2026 ,-0.0025248
Fee Summary,Data,20260120,Tdcc Custody Fee For 2026-01-18 For Jan 2026 ,-0.0025248
Fee Summary,Data,20260120,Tdcc Custody Fee For 2026-01-19 For Jan 2026 ,-0.0025248
Fee Summary,Data,20260121,Scb-tw Custody Fee For 2026-01-20 For Jan 2026 ,-0.00853821
Fee Summary,Data,20260121,Tdcc Custody Fee For 2026-01-20 For Jan 2026 ,-0.00252984
Fee Summary,Data,20260122,Scb-tw Custody Fee For 2026-01-21 For Jan 2026 ,-0.0082264
Fee Summary,Data,20260122,Tdcc Custody Fee For 2026-01-21 For Jan 2026 ,-0.0025312
Fee Summary,Data,20260123,Scb-tw Custody Fee For 2026-01-22 For Jan 2026 ,-0.00860571
Fee Summary,Data,20260123,Tdcc Custody Fee For 2026-01-22 For Jan 2026 ,-0.00254984
Fee Summary,Data,20260126,Scb-tw Custody Fee For 2026-01-23 For Jan 2026 ,-0.00826774
Fee Summary,Data,20260126,Scb-tw Custody Fee For 2026-01-24 For Jan 2026 ,-0.00826774
Fee Summary,Data,20260126,Scb-tw Custody Fee For 2026-01-25 For Jan 2026 ,-0.00826774
Fee Summary,Data,20260126,Tdcc Custody Fee For 2026-01-23 For Jan 2026 ,-0.00254392
Fee Summary,Data,20260126,Tdcc Custody Fee For 2026-01-24 For Jan 2026 ,-0.00254392
Fee Summary,Data,20260126,Tdcc Custody Fee For 2026-01-25 For Jan 2026 ,-0.00254392
Fee Summary,Data,20260127,Scb-tw Custody Fee For 2026-01-26 For Jan 2026 ,-0.00866349
Fee Summary,Data,20260127,Tdcc Custody Fee For 2026-01-26 For Jan 2026 ,-0.00256696
Notes and Disclosure,Header,Type,Note
Notes and Disclosure,Data,General,"1. The Net Asset Value (NAV) consists of all positions by financial instrument (stock, securities options, warrants, bonds, cash, etc.). All non-base currency amounts are converted to the base currency at the close of period rate."
Notes and Disclosure,Data,General,2. The gain or loss from future contracts settle into cash each night. The notional value is used when computing the contribution to return.
Notes and Disclosure,Data,General,"3. Dividend accruals, interest accruals, and insured deposits are included in cash amounts throughout the report."
Notes and Disclosure,Data,General,4. Price valuations are obtained from outside parties. Clearing Broker shall have no responsibility for the accuracy or timeliness of any such price valuation.
Notes and Disclosure,Data,General,5. Data from Thomson Reuters Business Classifications and Lipper Global is used to derive our sector classifications. Funds with assorted sector allocations are classified as Broad.
Notes and Disclosure,Data,General,"6. Amounts are formatted to two decimal places. If amounts are greater than two decimal places, Clearing Broker uses "half-even" rounding. This means that Clearing Broker rounds such amounts up to the nearest even number."
Notes and Disclosure,Data,General,"7. For accounts opened and funded before 2009, reports with a time period of Since Inception will only include data going back to January 1, 2009. This includes some default reports and both Historical Performance reports."
Notes and Disclosure,Data,General,"8. If you have elected to trade cryptocurrency/digital asset products at Crypto Provider through the Clearing Broker platform, for your convenience your positions in your linked account at Crypto Provider are reflected in PortfolioAnalyst in connection with your Clearing Broker account."
Notes and Disclosure,Data,Section,1. Account Overview: The deposit/withdrawal amount displayed includes internal transfers along with cash and position transfers.
Notes and Disclosure,Data,Section,2. Projected Income: The Estimated Annual Income and Estimated Remaining Income in the Projected Income report assume dividend and bond payments remain constant throughout the year. These positions and interest rates are based on the previous business day.
Notes and Disclosure,Data,Section,"3. Risk Measures: Historical US 3 Month Treasury Bill rates are used as the risk free rates when calculating Alpha, the Sharpe ratio, the Sortino ratio, and the downside deviation."
Notes and Disclosure,Data,Disclosure,"This portfolio report was generated using Clearing Broker's PortfolioAnalyst tool, which allows Clearing Broker clients to generate analyses of their accounts using market data provided by third parties along with trade and account data contained in Clearing Broker's systems. This report is for information purposes only and is provided AS IS. Clearing Broker makes no warranty of any kind, express or implied, as to this report and its contents. The data provided for use in the PortfolioAnalyst tool is believed to be accurate, but completeness and accuracy of the information is not guaranteed, and Clearing Broker has no liability with respect thereto. The data regarding accounts held outside of Clearing Broker is obtained either directly from your input or from the financial institutions holding those accounts through a third-party service provider and Clearing Broker has NOT reviewed its accuracy.

The material in this report is intended only as a reference and should not be relied upon for the maintenance of your books and records for tax, accounting, financial, or regulatory reporting or for any other purposes. This report is not an offer or a solicitation of an offer to buy or sell any security. This material does not, and is not intended to, take into account the particular financial conditions, investment objectives, or requirements of individual customers. Before acting on any material within this report, you should consider whether it is suitable for your particular circumstances and as necessary, seek professional advice."
