Introduction,Header,Name,Account,Alias,BaseCurrency,AccountType,AnalysisPeriod,PerformanceMeasure
Introduction,Data,Santos R Marin Choque,U22213444,,USD,Individual (Broker Client),"November 12, 2025 to January 27, 2026 (Daily)",TWR
Key Statistics,MetaInfo,Analysis Period,"November 12, 2025 - January 27, 2026"
Key Statistics,Header,BeginningNAV,EndingNAV,CumulativeReturn,5DayReturn,5DayReturnDateRange,10DayReturn,10DayReturnDateRange,BestReturn,BestReturnDate,WorstReturn,WorstReturnDate,MTM,Deposits & Withdrawals,Dividends,Interest,Fees & Commissions,Other,ChangeInNAV
Key Statistics,Data,0,21743.221927,1.21129231,4.474839005,20260121 - 20260127,-0.566537018,20260114 - 20260127,2.976859603,20251125,-4.249705866,20260120,408.5745,21483,0,-9.02,-119.332572,-20.000001,21743.221927
Historical Performance,MetaInfo,Analysis Period,"November 12, 2025 - January 27, 2026"
Historical Performance,Header,Account,MTD,QTD,YTD,Since Inception
Historical Performance,Data,U22213444,3.858256186,3.858256186,3.858256186,1.211292322
Historical Performance,Header,Month,Account,AccountReturn
Historical Performance,Data,202501,U22213444,-
Historical Performance,Data,202502,U22213444,-
Historical Performance,Data,202503,U22213444,-
Historical Performance,Data,202504,U22213444,-
Historical Performance,Data,202505,U22213444,-
Historical Performance,Data,202506,U22213444,-
Historical Performance,Data,202507,U22213444,-
Historical Performance,Data,202508,U22213444,-
Historical Performance,Data,202509,U22213444,-
Historical Performance,Data,202510,U22213444,-
Historical Performance,Data,202511,U22213444,-
Historical Performance,Data,202512,U22213444,-2.037265019
Historical Performance,Header,Quarter,Account,AccountReturn
Historical Performance,Data,2025 Q1,U22213444,-
Historical Performance,Data,2025 Q2,U22213444,-
Historical Performance,Data,2025 Q3,U22213444,-
Historical Performance,Data,2025 Q4,U22213444,-
Historical Performance,Header,Year,Account,AccountReturn
Historical Performance,Data,YTD,U22213444,3.858256186
Open Position Summary,MetaInfo,As Of,"January 27, 2026"
Open Position Summary,Header,Date,FinancialInstrument,Currency,Symbol,Description,Sector,Quantity,ClosePrice,Value,Cost Basis,UnrealizedP&L,FXRateToBase
Open Position Summary,Data,01/27/2026,Stocks,USD,AMZN,AMAZON.COM INC,Consumer Cyclicals,35,244.68,8563.8,8035.061027,528.738973,1
Open Position Summary,Data,01/27/2026,Stocks,USD,NIO,NIO INC - ADR,Consumer Cyclicals,1000,4.64,4640,6218.024572,-1578.024572,1
Open Position Summary,Data,01/27/2026,Stocks,USD,VST,VISTRA CORP,Utilities,50,164.26,8213,8369.685257,-156.685257,1
Open Position Summary,Data,Total,Stocks,USD,,,,,,21416.8,22622.770856,-1205.970856
Open Position Summary,Data,01/27/2026,Cash,USD,USD,United States Dollar,Cash,326.421927,1,326.421927, , ,1
Performance by Symbol,MetaInfo,Analysis Period,"November 12, 2025 - January 27, 2026"
Performance by Symbol,Header,Symbol,Description,FinancialInstrument,Sector,AvgWeight,Return,Contribution,Unrealized_P&L,Realized_P&L,Open
Performance by Symbol,Data,AMZN,AMAZON.COM INC,Stocks,Consumer Cyclicals,38.780438773,6.580397721,2.551656174,528.74,0.00,Yes
Performance by Symbol,Data,KO,COCA-COLA CO/THE,Stocks,Consumer Non-Cyc,100,0.155390906,0.155390906,0.00,33.38,No
Performance by Symbol,Data,NIO,NIO INC - ADR,Stocks,Consumer Cyclicals,24.355749479,-25.699875481,-7.326395309,"-1,578.02",0.00,Yes
Performance by Symbol,Data,NVO,NOVO-NORDISK A/S-SPONS ADR,Stocks,Healthcare,35.62434582,18.473946339,6.540310534,0.00,"1,339.80",No
Performance by Symbol,Data,REAL,REALREAL INC/THE,Stocks,Consumer Cyclicals,30.295100155,1.107675167,0.680440175,0.00,122.03,No
Performance by Symbol,Data,VST,VISTRA CORP,Stocks,Utilities,37.926823128,-1.872056743,-0.697631883,-156.69,0.00,Yes
Performance by Symbol,Data,Total Stocks,,,,97.602018023,1.237252039,1.255913234,"-1,205.97","1,495.21",
Performance by Symbol,Data,USD,United States Dollar,Cash,Cash,2.397981977,-0.508689539,-0.043538244,,,Yes
Performance by Symbol,Data,Total Cash,,,,2.397981977,-0.508689539,-0.043538244,,,
Performance by Symbol,Data,Total,,,,100,1.211292311,1.211292311,"-1,205.97","1,495.21",
Projected Income,MetaInfo,As Of,"January 27, 2026"
Projected Income,Header,Financial Instrument,Symbol,Description,Frequency,Quantity,Price,Value,Current Yield %,Principal,Estimated Annual Income,Estimated 2026 Remaining Income
Projected Income,Data,Stocks,VST,Ordinary Dividend,4,50,164.26,8213,0.552782175,-,45.4,45.4
Projected Income,Data,,Total,,,,,8213,0.552782175,,45.4,45.4
Trade Summary,MetaInfo,Analysis Period,"November 12, 2025 - January 27, 2026"
Trade Summary,Header,Financial Instrument,Currency,Symbol,Description,Sector,Quantity Bought,Average Price Bought,Proceeds Bought,Proceeds Bought in Base,Quantity Sold,Average Price Sold,Proceeds Sold,Proceeds Sold in Base
Trade Summary,Data,Stocks,United States Dollar,AMZN,AMAZON.COM INC,Consumer Cyclicals,35,229.2893,-8025.1255,-8025.1255,0,0,0,0
Trade Summary,Data,Stocks,United States Dollar,KO,COCA-COLA CO/THE,Consumer Non-Cyc,0,0,0,0,-300,71.725,21517.5,21517.5
Trade Summary,Data,Stocks,United States Dollar,NIO,NIO INC - ADR,Consumer Cyclicals,1000,6.19,-6190,-6190,0,0,0,0
Trade Summary,Data,Stocks,United States Dollar,NVO,NOVO-NORDISK A/S-SPONS ADR,Healthcare,150,48.27,-7240.5,-7240.5,-150,57.36,8604,8604
Trade Summary,Data,Stocks,United States Dollar,REAL,REALREAL INC/THE,Consumer Cyclicals,500,13.9,-6950,-6950,-500,14.2368,7118.4,7118.4
Trade Summary,Data,Stocks,United States Dollar,VST,VISTRA CORP,Utilities,50,167.19,-8359.5,-8359.5,0,0,0,0
Deposits And Withdrawals,MetaInfo,Analysis Period,"November 12, 2025 - January 27, 2026"
Deposits And Withdrawals,Header,Date,Type,Description,Amount
Deposits And Withdrawals,Data,11/12/25,ACATIN,Coca-cola Co/the (KO) Quantity: 300,21483
Interest Details,MetaInfo,Analysis Period,"November 12, 2025 - January 27, 2026"
Interest Details,Header,Date,Description,Amount
Interest Details,Data,20251203,USD Debit Interest Paid for November 2025,-2.46
Interest Details,Data,20260106,USD Debit Interest Paid for December 2025,-6.56
Notes and Disclosure,Header,Type,Note
Notes and Disclosure,Data,General,"1. The Net Asset Value (NAV) consists of all positions by financial instrument (stock, securities options, warrants, bonds, cash, etc.). All non-base currency amounts are converted to the base currency at the close of period rate."
Notes and Disclosure,Data,General,2. The gain or loss from future contracts settle into cash each night. The notional value is used when computing the contribution to return.
Notes and Disclosure,Data,General,"3. Dividend accruals, interest accruals, and insured deposits are included in cash amounts throughout the report."
Notes and Disclosure,Data,General,4. Price valuations are obtained from outside parties. Clearing Broker shall have no responsibility for the accuracy or timeliness of any such price valuation.
Notes and Disclosure,Data,General,5. Data from Thomson Reuters Business Classifications and Lipper Global is used to derive our sector classifications. Funds with assorted sector allocations are classified as Broad.
Notes and Disclosure,Data,General,"6. Amounts are formatted to two decimal places. If amounts are greater than two decimal places, Clearing Broker uses "half-even" rounding. This means that Clearing Broker rounds such amounts up to the nearest even number."
Notes and Disclosure,Data,General,"7. For accounts opened and funded before 2009, reports with a time period of Since Inception will only include data going back to January 1, 2009. This includes some default reports and both Historical Performance reports."
Notes and Disclosure,Data,General,"8. If you have elected to trade cryptocurrency/digital asset products at Crypto Provider through the Clearing Broker platform, for your convenience your positions in your linked account at Crypto Provider are reflected in PortfolioAnalyst in connection with your Clearing Broker account."
Notes and Disclosure,Data,Section,1. Account Overview: The deposit/withdrawal amount displayed includes internal transfers along with cash and position transfers.
Notes and Disclosure,Data,Section,2. Projected Income: The Estimated Annual Income and Estimated Remaining Income in the Projected Income report assume dividend and bond payments remain constant throughout the year. These positions and interest rates are based on the previous business day.
Notes and Disclosure,Data,Section,"3. Risk Measures: Historical US 3 Month Treasury Bill rates are used as the risk free rates when calculating Alpha, the Sharpe ratio, the Sortino ratio, and the downside deviation."
Notes and Disclosure,Data,Disclosure,"This portfolio report was generated using Clearing Broker's PortfolioAnalyst tool, which allows Clearing Broker clients to generate analyses of their accounts using market data provided by third parties along with trade and account data contained in Clearing Broker's systems. This report is for information purposes only and is provided AS IS. Clearing Broker makes no warranty of any kind, express or implied, as to this report and its contents. The data provided for use in the PortfolioAnalyst tool is believed to be accurate, but completeness and accuracy of the information is not guaranteed, and Clearing Broker has no liability with respect thereto. The data regarding accounts held outside of Clearing Broker is obtained either directly from your input or from the financial institutions holding those accounts through a third-party service provider and Clearing Broker has NOT reviewed its accuracy.

The material in this report is intended only as a reference and should not be relied upon for the maintenance of your books and records for tax, accounting, financial, or regulatory reporting or for any other purposes. This report is not an offer or a solicitation of an offer to buy or sell any security. This material does not, and is not intended to, take into account the particular financial conditions, investment objectives, or requirements of individual customers. Before acting on any material within this report, you should consider whether it is suitable for your particular circumstances and as necessary, seek professional advice."
