Introduction,Header,Name,Account,Alias,BaseCurrency,AccountType,AnalysisPeriod,PerformanceMeasure
Introduction,Data,URSULA I RIVAS VARGAS,U19752907,,USD,Individual (Broker Client),"June 20, 2024 to January 27, 2026 (Daily)",TWR
Key Statistics,MetaInfo,Analysis Period,"June 20, 2024 - January 27, 2026"
Key Statistics,Header,BeginningNAV,EndingNAV,CumulativeReturn,5DayReturn,5DayReturnDateRange,10DayReturn,10DayReturnDateRange,BestReturn,BestReturnDate,WorstReturn,WorstReturnDate,MTM,Deposits & Withdrawals,Dividends,Interest,Fees & Commissions,Other,ChangeInNAV
Key Statistics,Data,0,684.918203,1037.047793706,1000.655603055,20260121 - 20260127,1000.655603055,20260114 - 20260127,399.400056303,20260126,-3.483008143,20250404,3088.1999,-6334.06,10488.39,-3.83,-4773.862695,-1779.919002,684.918203
Historical Performance,MetaInfo,Analysis Period,"June 20, 2024 - January 27, 2026"
Historical Performance,Header,Account,MTD,QTD,YTD,1 Year,Since Inception
Historical Performance,Data,U19752907,1000.65560306,1000.65560306,1000.65560306,1014.685306477,1037.047793246
Historical Performance,Header,Month,Account,AccountReturn
Historical Performance,Data,202501,U19752907,2.480152305
Historical Performance,Data,202502,U19752907,1.255251209
Historical Performance,Data,202503,U19752907,-1.167829977
Historical Performance,Data,202504,U19752907,0.975810771
Historical Performance,Data,202505,U19752907,-0.426820678
Historical Performance,Data,202506,U19752907,0
Historical Performance,Data,202507,U19752907,0
Historical Performance,Data,202508,U19752907,0
Historical Performance,Data,202509,U19752907,0
Historical Performance,Data,202510,U19752907,0
Historical Performance,Data,202511,U19752907,0
Historical Performance,Data,202512,U19752907,0
Historical Performance,Data,202401,U19752907,-
Historical Performance,Data,202402,U19752907,-
Historical Performance,Data,202403,U19752907,-
Historical Performance,Data,202404,U19752907,-
Historical Performance,Data,202405,U19752907,-
Historical Performance,Data,202406,U19752907,-
Historical Performance,Data,202407,U19752907,2.453964561
Historical Performance,Data,202408,U19752907,0.956837287
Historical Performance,Data,202409,U19752907,2.015503289
Historical Performance,Data,202410,U19752907,-0.809538145
Historical Performance,Data,202411,U19752907,1.332854706
Historical Performance,Data,202412,U19752907,-3.245446427
Historical Performance,Header,Quarter,Account,AccountReturn
Historical Performance,Data,2025 Q1,U19752907,2.554718947
Historical Performance,Data,2025 Q2,U19752907,0.544825131
Historical Performance,Data,2025 Q3,U19752907,0
Historical Performance,Data,2025 Q4,U19752907,0
Historical Performance,Data,2024 Q1,U19752907,-
Historical Performance,Data,2024 Q2,U19752907,-
Historical Performance,Data,2024 Q3,U19752907,5.519003658
Historical Performance,Data,2024 Q4,U19752907,-2.749553609
Historical Performance,Header,Year,Account,AccountReturn
Historical Performance,Data,YTD,U19752907,1000.65560306
Historical Performance,Data,2025,U19752907,3.113462828
Open Position Summary,MetaInfo,As Of,"January 27, 2026"
Open Position Summary,Header,Date,FinancialInstrument,Currency,Symbol,Description,Sector,Quantity,ClosePrice,Value,Cost Basis,UnrealizedP&L,FXRateToBase
Open Position Summary,Data,01/27/2026,Cash,USD,USD,United States Dollar,Cash,684.918203,1,684.918203, , ,1
Performance by Symbol,MetaInfo,Analysis Period,"June 20, 2024 - January 27, 2026"
Performance by Symbol,Header,Symbol,Description,FinancialInstrument,Sector,AvgWeight,Return,Contribution,Unrealized_P&L,Realized_P&L,Open
Performance by Symbol,Data,EWZ,ISHARES MSCI BRAZIL ETF,ETFs,Broad,2.532305985,-0.597462507,-0.010260257,0.00,-28.69,No
Performance by Symbol,Data,JAAA,JANUS HENDERSON AAA CLO ETF,ETFs,Broad,51.142020239,0.472781003,0.242369333,0.00,86.08,No
Performance by Symbol,Data,KWEB,KRANESH CSI CHINA INTERNET,ETFs,Technology,2.585805782,16.522375693,0.401934162,0.00,780.60,No
Performance by Symbol,Data,LQDW,ISHARES INGR CORP BD B/W ETF,ETFs,Broad,3.893667269,-3.386564669,-0.082801815,0.00,-369.91,No
Performance by Symbol,Data,NUSI.OLD,NEOS NDQ-100 HG EQ INC ETF,ETFs,Broad,4.02209062,2.147441744,0.085849234,0.00,0.00,No
Performance by Symbol,Data,QQQH,NEOS NDQ-100 HG EQ INC ETF,ETFs,Broad,3.730906734,-8.100993291,-0.306995951,0.00,-637.53,No
Performance by Symbol,Data,QYLD,GLOBAL X NASD 100 COV CALL,ETFs,Broad,8.286888486,4.343136194,0.354655972,0.00,687.65,No
Performance by Symbol,Data,RYLD,GLOBAL X RUSSELL 2000 COV CL,ETFs,Broad,4.341778854,-8.2343718,-0.322562675,0.00,-992.69,No
Performance by Symbol,Data,SDIV,GLOBAL X SUPERDIVIDEND ETF,ETFs,Broad,4.137890808,-5.53203003,-0.226216085,0.00,-797.03,No
Performance by Symbol,Data,SHV,ISHARES SHORT TREASURY BOND,ETFs,Government,28.32236994,0.625105827,0.064312297,0.00,-297.21,No
Performance by Symbol,Data,SHY,ISHARES 1-3 YEAR TREASURY BO,ETFs,Government,99.983483971,-0.391309848,-0.39085027,0.00,0.00,No
Performance by Symbol,Data,TLH,ISHARES 10-20 YEAR TREASURY,ETFs,Government,48.804974623,-0.519128244,-0.253546238,0.00,-490.44,No
Performance by Symbol,Data,TLT,ISHARES 20+ YEAR TREASURY BD,ETFs,Government,32.511311734,-0.708676733,-0.230824074,0.00,-446.44,No
Performance by Symbol,Data,TLTW,ISHARES 20+ BOND BUYWRITE,ETFs,Broad,6.022121164,-3.447887965,-0.231952227,0.00,-750.33,No
Performance by Symbol,Data,TMF,DRX DLY 20+ YR TREAS BULL 3X,ETFs,Broad,7.95295841,-2.986268734,-0.257051592,0.00,-582.24,No
Performance by Symbol,Data,Total ETFs,,,,42.681761598,11.050964666,-1.176991009,0.00,"-3,838.18",
Performance by Symbol,Data,AMZN  250117C00205000,AMZN 17JAN25 205 C,Options,Consumer Cyclicals,-1.631554553,-74.048453705,1.643307043,0.00,"3,148.20",No
Performance by Symbol,Data,AMZN  250117P00190000,AMZN 17JAN25 190 P,Options,Consumer Cyclicals,2.798543476,150.573784709,3.178111708,0.00,"6,043.04",No
Performance by Symbol,Data,BABA  241220C00085000,BABA 20DEC24 85 C,Options,Technology,-2.810901897,48.900353837,-1.336274109,0.00,"-2,538.69",No
Performance by Symbol,Data,BABA  241220P00070000,BABA 20DEC24 70 P,Options,Technology,2.966923468,-34.474835764,-1.03036508,0.00,"-1,950.69",No
Performance by Symbol,Data,BABA  250117C00085000,BABA 17JAN25 85 C,Options,Technology,-3.779428562,50.218524981,-1.681327726,0.00,"-3,210.46",No
Performance by Symbol,Data,BABA  250117P00075000,BABA 17JAN25 75 P,Options,Technology,3.071236659,-54.662659755,-2.049180783,0.00,"-3,938.34",No
Performance by Symbol,Data,CVS   250221C00065000,CVS 21FEB25 65 C,Options,Healthcare,-2.009338732,87.503985879,-1.747334975,0.00,"-3,474.54",No
Performance by Symbol,Data,CVS   250221P00057500,CVS 21FEB25 57.5 P,Options,Healthcare,3.911491894,-37.917055002,-1.450370111,0.00,"-2,874.56",No
Performance by Symbol,Data,DIS   250117C00105000,DIS 17JAN25 105 C,Options,Telecomm,-0.884245846,31.144017091,-0.305703637,0.00,-596.56,No
Performance by Symbol,Data,DIS   250117P00090000,DIS 17JAN25 90 P,Options,Telecomm,2.692733401,-30.988097502,-0.786464937,0.00,"-1,529.10",No
Performance by Symbol,Data,INTC  250117C00034000,INTC 17JAN25 34 C,Options,Technology,-1.48927848,-82.529395592,1.495978289,0.00,"2,877.56",No
Performance by Symbol,Data,INTC  250117P00030000,INTC 17JAN25 30 P,Options,Technology,3.533836703,257.952536874,6.341328964,0.00,"12,013.24",No
Performance by Symbol,Data,NKE   241220C00085000,NKE 20DEC24 85 C,Options,Consumer Cyclicals,-1.17966158,88.15094963,-1.066433279,0.00,"-2,049.34",No
Performance by Symbol,Data,NKE   241220P00075000,NKE 20DEC24 75 P,Options,Consumer Cyclicals,2.093843382,-53.030640681,-0.997342281,0.00,"-1,891.80",No
Performance by Symbol,Data,NKE   250321C00100000,NKE 21MAR25 100 C,Options,Consumer Cyclicals,-0.64024012,-32.910560797,0.259592982,0.00,519.98,No
Performance by Symbol,Data,NKE   250321P00082500,NKE 21MAR25 82.5 P,Options,Consumer Cyclicals,3.672350997,40.771698177,1.320786267,0.00,"2,620.80",No
Performance by Symbol,Data,TLT   270115C00090000,TLT 15JAN27 90 C,Options,Government,2.623606022,15.647596862,0.37811752,0.00,747.52,No
Performance by Symbol,Data,Total Options,,,,2.322506083,-2646.908130755,1.474010166,0.00,"3,916.26",
Performance by Symbol,Data,AAPL,APPLE INC,Stocks,Technology,4.735302817,10.26095815,0.493393944,0.00,919.35,No
Performance by Symbol,Data,AMZN,AMAZON.COM INC,Stocks,Consumer Cyclicals,24.650727257,-9.228539159,-4.763024423,0.00,"-9,285.65",No
Performance by Symbol,Data,AVK,ADVENT CONVERT & INCOME,Stocks,Broad,7.468067707,4.388773421,0.592788021,0.00,664.53,No
Performance by Symbol,Data,BABA,ALIBABA GROUP HOLDING-SP ADR,Stocks,Technology,54.181215383,15.243083917,8.041056898,0.00,"14,968.49",No
Performance by Symbol,Data,BBN,BLACKROCK TAXABLE MUNI BND,Stocks,Broad,8.222192169,-4.904648808,-0.424563056,0.00,"-1,078.71",No
Performance by Symbol,Data,BMY,BRISTOL-MYERS SQUIBB CO,Stocks,Healthcare,1.465675144,3.378055681,0.073039888,0.00,142.54,No
Performance by Symbol,Data,CVS,CVS HEALTH CORP,Stocks,Healthcare,47.429852363,8.606453645,4.064009012,0.00,"8,018.24",No
Performance by Symbol,Data,DIS,WALT DISNEY CO/THE,Stocks,Telecomm,18.887093746,-7.950848267,1.278327785,0.00,"2,514.95",No
Performance by Symbol,Data,DMO,WESTERN ASSET MORT DEF OPP,Stocks,Broad,2.89269967,-2.575432817,-0.076585464,0.00,-327.58,No
Performance by Symbol,Data,DSL,DOUBLELINE INCOME SOLUTIONS,Stocks,Broad,4.451467988,-3.58260638,-0.061588834,0.00,-396.28,No
Performance by Symbol,Data,EAD,ALLSPRING INCOME OPPORT,Stocks,Broad,4.245517532,-1.836943329,-0.058883198,0.00,-380.91,No
Performance by Symbol,Data,ECAT,BLACKROCK ESG CAP ALL TRM TR,Stocks,Broad,1.669263114,-7.931908801,-0.130442567,0.00,-361.45,No
Performance by Symbol,Data,ETY,EATON VANCE TAX-MGD DIV EQTY,Stocks,Broad,4.433426186,4.428116337,0.192336722,0.00,339.63,No
Performance by Symbol,Data,FAX,ABRDN ASIA-PACIFIC INCOME,Stocks,Broad,5.595395658,-8.379754802,-0.683499713,0.00,"-1,347.03",No
Performance by Symbol,Data,GBAB,GUGGENHEIM TAXABLE MUNICIPAL,Stocks,Broad,7.112295406,-5.932410468,-0.34458274,0.00,"-1,030.69",No
Performance by Symbol,Data,GDO,WESTERN AST GLB CORP OPPRNTY,Stocks,Broad,4.090573054,-2.642654296,-0.106070978,0.00,-532.94,No
Performance by Symbol,Data,GHY,PGIM GLOBAL HIGH YIELD FUND,Stocks,Broad,4.45599379,-4.701419727,-0.200716493,0.00,-634.66,No
Performance by Symbol,Data,GOLD.OLD,BARRICK MINING CORP,Stocks,Basic Materials,7.22610529,3.793137475,0.114297344,0.00,223.98,No
Performance by Symbol,Data,GOOGL,ALPHABET INC-CL A,Stocks,Telecomm,3.891713601,7.118741753,0.281080663,0.00,521.91,No
Performance by Symbol,Data,INTC,INTEL CORP,Stocks,Technology,6.488917427,-35.144613273,-8.701627571,0.00,"-17,067.25",No
Performance by Symbol,Data,NKE,NIKE INC -CL B,Stocks,Consumer Cyclicals,28.960788742,19.287670315,1.011509713,0.00,"1,879.78",No
Performance by Symbol,Data,PYPL,PAYPAL HOLDINGS INC,Stocks,Financials,3.067290294,7.363316203,0.225790948,0.00,434.53,No
Performance by Symbol,Data,SBUX,STARBUCKS CORP,Stocks,Consumer Cyclicals,3.859678671,30.233199278,1.095753366,0.00,"2,088.89",No
Performance by Symbol,Data,SOFI,SOFI TECHNOLOGIES INC,Stocks,Financials,1.083740696,-0.545716677,-0.007036347,0.00,-12.18,No
Performance by Symbol,Data,VLT,INVESCO HIGH INCOME TRUST II,Stocks,Broad,4.166050234,-8.252135015,-0.343653515,0.00,-928.74,No
Performance by Symbol,Data,XP,XP INC - CLASS A,Stocks,Financials,5.690554008,15.072890131,0.669079977,0.00,623.00,No
Performance by Symbol,Data,Total Stocks,,,,57.82450071,0.467688771,0.772805049,0.00,-44.26,
Performance by Symbol,Data,USD,United States Dollar,Cash,Cash,50.293946242,8820.916248316,1010.330483583,,,Yes
Performance by Symbol,Data,Total Cash,,,,50.173912958,8820.916248316,1010.330483583,,,
Performance by Symbol,Data,Total,,,,99.761336516,1037.047793706,1037.047793706,0.00,33.82,
Trade Summary,MetaInfo,Analysis Period,"June 20, 2024 - January 27, 2026"
Trade Summary,Header,Financial Instrument,Currency,Symbol,Description,Sector,Quantity Bought,Average Price Bought,Proceeds Bought,Proceeds Bought in Base,Quantity Sold,Average Price Sold,Proceeds Sold,Proceeds Sold in Base
Trade Summary,Data,ETFs,United States Dollar,EWZ,ISHARES MSCI BRAZIL ETF,Broad,200,23.915,-4783,-4783,-200,23.96,4792,4792
Trade Summary,Data,ETFs,United States Dollar,JAAA,JANUS HENDERSON AAA CLO ETF,Broad,2000,50.675,-101350,-101350,-2000,50.775,101550,101550
Trade Summary,Data,ETFs,United States Dollar,KWEB,KRANESH CSI CHINA INTERNET,Technology,380,27.298763158,-10373.53,-10373.53,-380,29.550763158,11229.29,11229.29
Trade Summary,Data,ETFs,United States Dollar,LQDW,ISHARES INGR CORP BD B/W ETF,Broad,300,27.055,-8116.5,-8116.5,-300,25.6658,7699.74,7699.74
Trade Summary,Data,ETFs,United States Dollar,NUSI.OLD,NEOS NDQ-100 HG EQ INC ETF,Broad,300,26.47,-7941,-7941,0,0,0,0
Trade Summary,Data,ETFs,United States Dollar,QQQH,NEOS NDQ-100 HG EQ INC ETF,Broad,0,0,0,0,-150,48.58,7287,7287
Trade Summary,Data,ETFs,United States Dollar,QYLD,GLOBAL X NASD 100 COV CALL,Broad,1000,15.8,-15800,-15800,-1000,16.555,16555,16555
Trade Summary,Data,ETFs,United States Dollar,RYLD,GLOBAL X RUSSELL 2000 COV CL,Broad,535,16.195,-8664.325,-8664.325,-535,14.435,7722.725,7722.725
Trade Summary,Data,ETFs,United States Dollar,SDIV,GLOBAL X SUPERDIVIDEND ETF,Broad,390,22.175,-8648.25,-8648.25,-390,20.25,7897.5,7897.5
Trade Summary,Data,ETFs,United States Dollar,SHV,ISHARES SHORT TREASURY BOND,Government,2200,110.246311818,-242541.886,-242541.886,-2200,110.202060318,242444.5327,242444.5327
Trade Summary,Data,ETFs,United States Dollar,SHY,ISHARES 1-3 YEAR TREASURY BO,Government,2419,83.063869698,-200931.5008,-200931.5008,0,0,0,0
Trade Summary,Data,ETFs,United States Dollar,TLH,ISHARES 10-20 YEAR TREASURY,Government,0,0,0,0,-900,104.464844444,94018.36,94018.36
Trade Summary,Data,ETFs,United States Dollar,TLT,ISHARES 20+ YEAR TREASURY BD,Government,0,0,0,0,-666,93.965,62580.69,62580.69
Trade Summary,Data,ETFs,United States Dollar,TLTW,ISHARES 20+ BOND BUYWRITE,Broad,500,25.18918,-12594.59,-12594.59,-500,23.37,11685,11685
Trade Summary,Data,ETFs,United States Dollar,TMF,DRX DLY 20+ YR TREAS BULL 3X,Broad,0,0,0,0,-300,51.880833333,15564.25,15564.25
Trade Summary,Data,Options,United States Dollar,AMZN  250117C00205000,AMZN 17JAN25 205 C,Consumer Cyclicals,3,3.61,-1083,-1083,-3,14.24,4272,4272
Trade Summary,Data,Options,United States Dollar,AMZN  250117P00190000,AMZN 17JAN25 190 P,Consumer Cyclicals,3,13.31,-3993,-3993,-3,33.59,10077,10077
Trade Summary,Data,Options,United States Dollar,BABA  241220C00085000,BABA 20DEC24 85 C,Technology,14,5.48,-7672,-7672,-14,3.75,5250,5250
Trade Summary,Data,Options,United States Dollar,BABA  241220P00070000,BABA 20DEC24 70 P,Technology,14,4,-5600,-5600,-14,2.69,3766,3766
Trade Summary,Data,Options,United States Dollar,BABA  250117C00085000,BABA 17JAN25 85 C,Technology,13,7.35,-9555,-9555,-13,4.96,6448,6448
Trade Summary,Data,Options,United States Dollar,BABA  250117P00075000,BABA 17JAN25 75 P,Technology,13,5.5,-7150,-7150,-13,2.55,3315,3315
Trade Summary,Data,Options,United States Dollar,CVS   250221C00065000,CVS 21FEB25 65 C,Healthcare,16,4.6125,-7380,-7380,-16,2.52,4032,4032
Trade Summary,Data,Options,United States Dollar,CVS   250221P00057500,CVS 21FEB25 57.5 P,Healthcare,16,4.7,-7520,-7520,-16,2.98,4768,4768
Trade Summary,Data,Options,United States Dollar,DIS   250117C00105000,DIS 17JAN25 105 C,Telecomm,10,2.47,-2470,-2470,-10,1.96,1960,1960
Trade Summary,Data,Options,United States Dollar,DIS   250117P00090000,DIS 17JAN25 90 P,Telecomm,10,4.89,-4890,-4890,-10,3.45,3450,3450
Trade Summary,Data,Options,United States Dollar,INTC  250117C00034000,INTC 17JAN25 34 C,Technology,16,0.34,-544,-544,-16,2.22,3552,3552
Trade Summary,Data,Options,United States Dollar,INTC  250117P00030000,INTC 17JAN25 30 P,Technology,16,2.87,-4592,-4592,-16,10.46,16736,16736
Trade Summary,Data,Options,United States Dollar,NKE   241220C00085000,NKE 20DEC24 85 C,Consumer Cyclicals,7,6.2,-4340,-4340,-7,3.37,2359,2359
Trade Summary,Data,Options,United States Dollar,NKE   241220P00075000,NKE 20DEC24 75 P,Consumer Cyclicals,7,5.05,-3535,-3535,-7,2.44,1708,1708
Trade Summary,Data,Options,United States Dollar,NKE   250321C00100000,NKE 21MAR25 100 C,Consumer Cyclicals,11,0.92,-1012,-1012,-11,1.48,1628,1628
Trade Summary,Data,Options,United States Dollar,NKE   250321P00082500,NKE 21MAR25 82.5 P,Consumer Cyclicals,11,5.8,-6380,-6380,-11,8.27,9097,9097
Trade Summary,Data,Options,United States Dollar,TLT   270115C00090000,TLT 15JAN27 90 C,Government,5,9.5,-4750,-4750,-5,11.1,5550,5550
Trade Summary,Data,Stocks,United States Dollar,AAPL,APPLE INC,Technology,50,178.87,-8943.5,-8943.5,-50,197.91,9895.5,9895.5
Trade Summary,Data,Stocks,United States Dollar,AMZN,AMAZON.COM INC,Consumer Cyclicals,350,190.044817143,-66515.686,-66515.686,-350,163.73,57305.5,57305.5
Trade Summary,Data,Stocks,United States Dollar,AVK,ADVENT CONVERT & INCOME,Broad,3235,11.037550232,-35706.475,-35706.475,-3235,11.309783617,36587.15,36587.15
Trade Summary,Data,Stocks,United States Dollar,BABA,ALIBABA GROUP HOLDING-SP ADR,Technology,2700,75.543233333,-203966.73,-203966.73,-2700,81.156155556,219121.62,219121.62
Trade Summary,Data,Stocks,United States Dollar,BBN,BLACKROCK TAXABLE MUNI BND,Broad,1000,17.1195,-17119.5,-17119.5,-1000,16.09,16090,16090
Trade Summary,Data,Stocks,United States Dollar,BMY,BRISTOL-MYERS SQUIBB CO,Healthcare,100,42.025,-4202.5,-4202.5,-100,43.792,4379.2,4379.2
Trade Summary,Data,Stocks,United States Dollar,CVS,CVS HEALTH CORP,Healthcare,1600,58.2,-93120,-93120,-1600,63.278175,101245.08,101245.08
Trade Summary,Data,Stocks,United States Dollar,DIS,WALT DISNEY CO/THE,Telecomm,1200,91.434616667,-109721.54,-109721.54,-1200,93.64625,112375.5,112375.5
Trade Summary,Data,Stocks,United States Dollar,DMO,WESTERN ASSET MORT DEF OPP,Broad,500,12.08,-6040,-6040,-500,11.51,5755,5755
Trade Summary,Data,Stocks,United States Dollar,DSL,DOUBLELINE INCOME SOLUTIONS,Broad,1000,12.192,-12192,-12192,-1000,11.88,11880,11880
Trade Summary,Data,Stocks,United States Dollar,EAD,ALLSPRING INCOME OPPORT,Broad,1255,6.849203187,-8595.75,-8595.75,-1255,6.611290837,8297.17,8297.17
Trade Summary,Data,Stocks,United States Dollar,ECAT,BLACKROCK ESG CAP ALL TRM TR,Broad,210,16.58,-3481.8,-3481.8,-210,15.04,3158.4,3158.4
Trade Summary,Data,Stocks,United States Dollar,ETY,EATON VANCE TAX-MGD DIV EQTY,Broad,590,14.521355932,-8567.6,-8567.6,-590,15.19,8962.1,8962.1
Trade Summary,Data,Stocks,United States Dollar,FAX,ABRDN ASIA-PACIFIC INCOME,Broad,1000,16.04,-16040,-16040,-1000,14.762,14762,14762
Trade Summary,Data,Stocks,United States Dollar,GBAB,GUGGENHEIM TAXABLE MUNICIPAL,Broad,1030,16.202,-16688.06,-16688.06,-1030,15.225601942,15682.37,15682.37
Trade Summary,Data,Stocks,United States Dollar,GDO,WESTERN AST GLB CORP OPPRNTY,Broad,720,11.9,-8568,-8568,-720,11.24,8092.8,8092.8
Trade Summary,Data,Stocks,United States Dollar,GHY,PGIM GLOBAL HIGH YIELD FUND,Broad,680,12.638196324,-8593.9735,-8593.9735,-680,11.79,8017.2,8017.2
Trade Summary,Data,Stocks,United States Dollar,GOLD.OLD,BARRICK MINING CORP,Basic Materials,1110,16.755900901,-18599.05,-18599.05,-2320,16.727607759,38808.05,38808.05
Trade Summary,Data,Stocks,United States Dollar,GOOGL,ALPHABET INC-CL A,Telecomm,50,146.305,-7315.25,-7315.25,-50,157.395,7869.75,7869.75
Trade Summary,Data,Stocks,United States Dollar,INTC,INTEL CORP,Technology,1700,30.623235294,-52059.5,-52059.5,-1700,20.676411765,35149.9,35149.9
Trade Summary,Data,Stocks,United States Dollar,NKE,NIKE INC -CL B,Consumer Cyclicals,2150,75.775230233,-162916.745,-162916.745,-2150,76.746809302,165005.64,165005.64
Trade Summary,Data,Stocks,United States Dollar,PYPL,PAYPAL HOLDINGS INC,Financials,100,58.84,-5884,-5884,-100,63.5305,6353.05,6353.05
Trade Summary,Data,Stocks,United States Dollar,SBUX,STARBUCKS CORP,Consumer Cyclicals,170,75.145382353,-12774.715,-12774.715,-170,87.831764706,14931.4,14931.4
Trade Summary,Data,Stocks,United States Dollar,SOFI,SOFI TECHNOLOGIES INC,Financials,300,7.37,-2211,-2211,-300,7.47,2241,2241
Trade Summary,Data,Stocks,United States Dollar,VLT,INVESCO HIGH INCOME TRUST II,Broad,760,11.35,-8626,-8626,-760,10.194104605,7747.5195,7747.5195
Trade Summary,Data,Stocks,United States Dollar,XP,XP INC - CLASS A,Financials,1000,13.715,-13715,-13715,-1000,14.422,14422,14422
Deposits And Withdrawals,MetaInfo,Analysis Period,"June 20, 2024 - January 27, 2026"
Deposits And Withdrawals,Header,Date,Type,Description,Amount
Deposits And Withdrawals,Data,06/20/24,ACATIN,"Barrick Gold Corp (GOLD) Quantity: 1,210",19856.1
Deposits And Withdrawals,Data,06/20/24,ACATIN,Ishares 20+ Year Treasury Bd (TLT) Quantity: 666,62996.94
Deposits And Withdrawals,Data,06/20/24,ACATIN,Ishares 10-20 Year Treasury (TLH) Quantity: 900,94473
Deposits And Withdrawals,Data,06/20/24,ACATIN,Drx Dly 20+ Yr Treas Bull 3x (TMF) Quantity: 300,16125
Deposits And Withdrawals,Data,12/19/24,NA,Adjustment: Commission (consolidated Audit Trail Fee Refund) ,0.11
Deposits And Withdrawals,Data,05/07/25,ACATOUT,"Ishares 1-3 Year Treasury Bo (SHY) Quantity: -2,419",-199785.21
Corporate Actions,MetaInfo,Analysis Period,"June 20, 2024 - January 27, 2026"
Corporate Actions,Header,Date,Type,Description,Quantity
Corporate Actions,Data,20250220,Split,NUSI(US78433H6678) SPLIT 1 FOR 2,-300
Corporate Actions,Data,20250220,Split,NUSI(US78433H6678) SPLIT 1 FOR 2,150
Dividends,MetaInfo,Analysis Period,"June 20, 2024 - January 27, 2026"
Dividends,Header,PayDate,Ex-Date,Symbol,Note,Quantity,DividendPerShare,Amount
Dividends,Data,20240702,20240625,TMF,Dividend Payment,300,0.43,130.49
Dividends,Data,20240725,20240708,DIS,Dividend Payment,100,0.45,45
Dividends,Data,20240801,20240705,BMY,Dividend Payment,100,0.60,60
Dividends,Data,20241106,20241101,SHV,Dividend Payment,900,0.47,420.16
Dividends,Data,20241113,20241105,SDIV,Dividend Payment,390,0.19,74.88
Dividends,Data,20241125,20241118,RYLD,Dividend Payment,535,0.17,88.7
Dividends,Data,20241129,20241114,GHY,Dividend Payment,680,0.11,71.4
Dividends,Data,20241129,20241113,DSL,Dividend Payment,675,0.11,74.25
Dividends,Data,20241129,20241115,VLT,Dividend Payment,760,0.10,73.26
Dividends,Data,20241129,20241115,GBAB,Dividend Payment,515,0.13,64.75
Dividends,Data,20241129,20241115,AVK,Dividend Payment,765,0.12,89.66
Dividends,Data,20241129,20241121,ETY,Dividend Payment,590,0.10,58.53
Dividends,Data,20241202,20241112,EAD,Dividend Payment,1255,0.05,66.14
Dividends,Data,20241202,20241121,GDO,Dividend Payment,720,0.12,87.84
Dividends,Data,20241206,20241202,JAAA,Dividend Payment,2000,0.28,561.97
Dividends,Data,20241211,20241204,SDIV,Dividend Payment,390,0.20,76.44
Dividends,Data,20241218,20241210,XP,Dividend Payment,1000,0.65,650
Dividends,Data,20241223,20241218,SHV,Dividend Payment,400,0.43,170.71
Dividends,Data,20241223,20241216,BBN,Dividend Payment,1000,0.09,92.9
Dividends,Data,20241226,20241220,LQDW,Dividend Payment,300,0.53,158.96
Dividends,Data,20241226,20241220,TLTW,Dividend Payment,500,0.59,296.52
Dividends,Data,20241227,20241224,NUSI.OLD,Dividend Payment,300,0.19,56.88
Dividends,Data,20241231,20241212,GHY,Dividend Payment,680,0.11,71.4
Dividends,Data,20241231,20241218,DSL,Dividend Payment,675,0.07,50.38
Dividends,Data,20241231,20241218,DSL,Payment In Lieu,675,0.04,23.87
Dividends,Data,20241231,20241213,GBAB,Dividend Payment,1030,0.13,129.5
Dividends,Data,20241231,20241217,VLT,Dividend Payment,760,0.10,73.26
Dividends,Data,20241231,20241223,DMO,Dividend Payment,500,0.13,65
Dividends,Data,20241231,20241223,GDO,Dividend Payment,720,0.12,87.84
Dividends,Data,20250102,20241212,EAD,Dividend Payment,1255,0.05,66.59
Dividends,Data,20250107,20241230,RYLD,Dividend Payment,535,0.17,89.02
Dividends,Data,20250107,20241230,SDIV,Dividend Payment,390,0.20,76.44
Dividends,Data,20250109,20241226,GHY,Dividend Payment,680,0.11,71.4
Dividends,Data,20250110,20241230,FAX,Dividend Payment,1000,0.17,165
Dividends,Data,20250124,20250122,NUSI.OLD,Dividend Payment,300,0.19,57.93
Dividends,Data,20250128,20250121,RYLD,Dividend Payment,535,0.17,89.99
Dividends,Data,20250131,20250115,DSL,Dividend Payment,675,0.11,74.25
Dividends,Data,20250131,20250115,BBN,Dividend Payment,1000,0.09,92.9
Dividends,Data,20250131,20250117,VLT,Dividend Payment,760,0.10,73.26
Dividends,Data,20250131,20250115,GBAB,Dividend Payment,1030,0.13,129.5
Dividends,Data,20250131,20250115,AVK,Dividend Payment,1235,0.12,144.74
Dividends,Data,20250203,20250113,EAD,Dividend Payment,1255,0.05,66.9
Dividends,Data,20250203,20250124,DMO,Dividend Payment,500,0.13,65
Dividends,Data,20250203,20250124,GDO,Dividend Payment,720,0.12,87.84
Dividends,Data,20250206,20250203,SHV,Dividend Payment,382,0.40,154.06
Dividends,Data,20250207,20250204,LQDW,Dividend Payment,300,0.43,130.02
Dividends,Data,20250207,20250204,TLTW,Dividend Payment,500,0.39,194.14
Dividends,Data,20250212,20250205,SDIV,Dividend Payment,390,0.19,75.27
Dividends,Data,20250228,20250214,BBN,Dividend Payment,1000,0.09,92.9
Dividends,Data,20250228,20250213,GHY,Dividend Payment,680,0.11,71.4
Dividends,Data,20250228,20250214,GBAB,Dividend Payment,1030,0.13,129.5
Dividends,Data,20250228,20250214,AVK,Dividend Payment,1235,0.12,144.74
Dividends,Data,20250228,20250226,QQQH,Dividend Payment,150,0.39,58.5
Dividends,Data,20250228,20250219,DSL,Dividend Payment,675,0.11,74.25
Dividends,Data,20250228,20250218,VLT,Dividend Payment,760,0.10,73.26
Dividends,Data,20250228,20250214,ECAT,Dividend Payment,210,0.31,64.47
Dividends,Data,20250303,20250213,EAD,Dividend Payment,1255,0.05,67.02
Dividends,Data,20250303,20250221,GDO,Dividend Payment,720,0.12,87.84
Dividends,Data,20250303,20250221,DMO,Dividend Payment,500,0.13,65
Dividends,Data,20250303,20250224,RYLD,Dividend Payment,535,0.16,87.04
Dividends,Data,20250306,20250303,SHV,Dividend Payment,382,0.36,136.7
Dividends,Data,20250307,20250304,TLTW,Dividend Payment,500,0.26,129.41
Dividends,Data,20250307,20250304,LQDW,Dividend Payment,300,0.26,77.98
Dividends,Data,20250312,20250305,SDIV,Dividend Payment,390,0.20,78
Dividends,Data,20250328,20250326,QQQH,Dividend Payment,150,0.38,56.27
Dividends,Data,20250331,20250317,VLT,Dividend Payment,760,0.10,73.26
Dividends,Data,20250331,20250313,GHY,Dividend Payment,680,0.11,71.4
Dividends,Data,20250331,20250314,GBAB,Dividend Payment,1030,0.13,129.5
Dividends,Data,20250331,20250314,AVK,Dividend Payment,1235,0.12,144.74
Dividends,Data,20250331,20250314,ECAT,Dividend Payment,210,0.31,64.32
Dividends,Data,20250331,20250314,BBN,Dividend Payment,1000,0.09,92.9
Dividends,Data,20250331,20250324,RYLD,Dividend Payment,535,0.15,82.23
Dividends,Data,20250331,20250319,DSL,Dividend Payment,675,0.11,74.25
Dividends,Data,20250401,20250313,EAD,Dividend Payment,1255,0.05,67.09
Dividends,Data,20250401,20250324,GDO,Dividend Payment,720,0.12,87.84
Dividends,Data,20250401,20250324,DMO,Dividend Payment,500,0.13,65
Dividends,Data,20250404,20250401,SHV,Dividend Payment,382,0.38,146.54
Dividends,Data,20250407,20250402,LQDW,Dividend Payment,300,0.27,82.47
Dividends,Data,20250407,20250402,TLTW,Dividend Payment,500,0.26,128.97
Dividends,Data,20250410,20250403,SDIV,Dividend Payment,390,0.19,76.05
Dividends,Data,20250425,20250423,QQQH,Dividend Payment,150,0.34,51.66
Dividends,Data,20250428,20250421,RYLD,Dividend Payment,535,0.14,76.56
Dividends,Data,20250430,20250415,ECAT,Dividend Payment,210,0.30,63.75
Dividends,Data,20250430,20250415,BBN,Dividend Payment,1000,0.09,92.9
Dividends,Data,20250430,20250416,DSL,Dividend Payment,1000,0.11,110
Dividends,Data,20250430,20250416,VLT,Dividend Payment,760,0.10,73.26
Dividends,Data,20250430,20250415,AVK,Dividend Payment,2470,0.12,289.48
Dividends,Data,20250430,20250415,GBAB,Dividend Payment,1030,0.13,129.5
Dividends,Data,20250501,20250411,EAD,Dividend Payment,1255,0.05,67.22
Dividends,Data,20250501,20250423,GDO,Dividend Payment,720,0.12,87.84
Dividends,Data,20250501,20250423,DMO,Dividend Payment,500,0.13,65
Dividends,Data,20250506,20250501,SHY,Dividend Payment,2413,0.26,625.44
Interest Details,MetaInfo,Analysis Period,"June 20, 2024 - January 27, 2026"
Interest Details,Header,Date,Description,Amount
Interest Details,Data,20240703,USD Debit Interest Paid for June 2024,-0.05
Interest Details,Data,20250106,USD Debit Interest Paid for December 2024,-3.78
Notes and Disclosure,Header,Type,Note
Notes and Disclosure,Data,General,"1. The Net Asset Value (NAV) consists of all positions by financial instrument (stock, securities options, warrants, bonds, cash, etc.). All non-base currency amounts are converted to the base currency at the close of period rate."
Notes and Disclosure,Data,General,2. The gain or loss from future contracts settle into cash each night. The notional value is used when computing the contribution to return.
Notes and Disclosure,Data,General,"3. Dividend accruals, interest accruals, and insured deposits are included in cash amounts throughout the report."
Notes and Disclosure,Data,General,4. Price valuations are obtained from outside parties. Clearing Broker shall have no responsibility for the accuracy or timeliness of any such price valuation.
Notes and Disclosure,Data,General,5. Data from Thomson Reuters Business Classifications and Lipper Global is used to derive our sector classifications. Funds with assorted sector allocations are classified as Broad.
Notes and Disclosure,Data,General,"6. Amounts are formatted to two decimal places. If amounts are greater than two decimal places, Clearing Broker uses "half-even" rounding. This means that Clearing Broker rounds such amounts up to the nearest even number."
Notes and Disclosure,Data,General,"7. For accounts opened and funded before 2009, reports with a time period of Since Inception will only include data going back to January 1, 2009. This includes some default reports and both Historical Performance reports."
Notes and Disclosure,Data,General,"8. If you have elected to trade cryptocurrency/digital asset products at Crypto Provider through the Clearing Broker platform, for your convenience your positions in your linked account at Crypto Provider are reflected in PortfolioAnalyst in connection with your Clearing Broker account."
Notes and Disclosure,Data,Section,1. Account Overview: The deposit/withdrawal amount displayed includes internal transfers along with cash and position transfers.
Notes and Disclosure,Data,Section,"2. Risk Measures: Historical US 3 Month Treasury Bill rates are used as the risk free rates when calculating Alpha, the Sharpe ratio, the Sortino ratio, and the downside deviation."
Notes and Disclosure,Data,Disclosure,"This portfolio report was generated using Clearing Broker's PortfolioAnalyst tool, which allows Clearing Broker clients to generate analyses of their accounts using market data provided by third parties along with trade and account data contained in Clearing Broker's systems. This report is for information purposes only and is provided AS IS. Clearing Broker makes no warranty of any kind, express or implied, as to this report and its contents. The data provided for use in the PortfolioAnalyst tool is believed to be accurate, but completeness and accuracy of the information is not guaranteed, and Clearing Broker has no liability with respect thereto. The data regarding accounts held outside of Clearing Broker is obtained either directly from your input or from the financial institutions holding those accounts through a third-party service provider and Clearing Broker has NOT reviewed its accuracy.

The material in this report is intended only as a reference and should not be relied upon for the maintenance of your books and records for tax, accounting, financial, or regulatory reporting or for any other purposes. This report is not an offer or a solicitation of an offer to buy or sell any security. This material does not, and is not intended to, take into account the particular financial conditions, investment objectives, or requirements of individual customers. Before acting on any material within this report, you should consider whether it is suitable for your particular circumstances and as necessary, seek professional advice."
